{
"type": "FeatureCollection",
"name": "SLR_Coastal_Erosion_(Line)_-_2.0_Ft._Scenario",
"crs": { "type": "name", "properties": { "name": "urn:ogc:def:crs:OGC:1.3:CRS84" } },
"features": [
{ "type": "Feature", "properties": { "objectid": 1, "island": "Oahu", "st_lengthshape": 12313.82681829146 }, "geometry": { "type": "LineString", "coordinates": [ [ -158.23446349731347, 21.579301479117333 ], [ -158.234268163162966, 21.57935681688204 ], [ -158.234074382401872, 21.579370011403665 ], [ -158.233880238932642, 21.579393029880954 ], [ -158.233686245188153, 21.579411995972158 ], [ -158.233494279388765, 21.579375961407347 ], [ -158.233306077096046, 21.579237825942016 ], [ -158.233117638518905, 21.579106112664633 ], [ -158.232927262255259, 21.579026951684114 ], [ -158.232735893377281, 21.578974730209833 ], [ -158.232543625325604, 21.578946909087904 ], [ -158.232351043022192, 21.578927599442789 ], [ -158.232158169830797, 21.578916210528423 ], [ -158.231965269890964, 21.578905505174514 ], [ -158.231773367192801, 21.578867795765102 ], [ -158.231580030016005, 21.578868954675595 ], [ -158.231387073645948, 21.578859814964357 ], [ -158.231194749814989, 21.578833498076879 ], [ -158.231002020191823, 21.578818197486431 ], [ -158.230809518289391, 21.578796729016798 ], [ -158.230617042287207, 21.578774574732392 ], [ -158.230424762648255, 21.578747075462363 ], [ -158.23023265560667, 21.578714894225119 ], [ -158.230040686115927, 21.578679000253828 ], [ -158.229849467655413, 21.578622742320352 ], [ -158.229658583113689, 21.578557432314359 ], [ -158.229467566860819, 21.578495691890012 ], [ -158.229275684605994, 21.578457461148322 ], [ -158.229083821856847, 21.578418667433326 ], [ -158.22889179669852, 21.578384300520579 ], [ -158.228698619144495, 21.578381168197428 ], [ -158.228503173751733, 21.57843949628873 ], [ -158.228306559849074, 21.578529485300006 ], [ -158.228109434758522, 21.578633328705454 ], [ -158.22791271534129, 21.578726184274586 ], [ -158.227716485348225, 21.578805745006512 ], [ -158.227521185713243, 21.578860088412529 ], [ -158.227326861518122, 21.578888018550376 ], [ -158.227133184825817, 21.578898389447151 ], [ -158.226940194001259, 21.578890173167558 ], [ -158.226747366790221, 21.57887752332935 ], [ -158.226554927594805, 21.578854379781088 ], [ -158.226362482966977, 21.578831362468595 ], [ -158.22616882891441, 21.578841115297951 ], [ -158.225976668580671, 21.578810418699891 ], [ -158.225784676522437, 21.578775154860377 ], [ -158.225592050456157, 21.578757063193166 ], [ -158.22539911286961, 21.578747433301597 ], [ -158.22520429558773, 21.578788678110104 ], [ -158.225009835779161, 21.578820262037937 ], [ -158.224815375864949, 21.578851851156589 ], [ -158.224620731978774, 21.578888410830835 ], [ -158.224425095846328, 21.578951858411845 ], [ -158.224231140298372, 21.578969757525979 ], [ -158.224038391103875, 21.578955014352758 ], [ -158.223846954709359, 21.578904714891927 ], [ -158.223655555767493, 21.578853394499323 ], [ -158.223464191994083, 21.578801120019179 ], [ -158.223273312477346, 21.578735763032693 ], [ -158.223083897428523, 21.578630738015729 ], [ -158.222893880835784, 21.578542024333991 ], [ -158.222701490391671, 21.578517568401679 ], [ -158.222509382175559, 21.578485488517906 ], [ -158.222317373509298, 21.578450699457679 ], [ -158.222125242936471, 21.578419223432924 ], [ -158.221933228650414, 21.578384618209835 ], [ -158.221741327567912, 21.578346920815754 ], [ -158.221549090050956, 21.578318339163058 ], [ -158.22135451266675, 21.578353120066875 ], [ -158.221162765418853, 21.578311257864414 ], [ -158.220969586111664, 21.578308189751478 ], [ -158.220776144849481, 21.578312204977134 ], [ -158.220584000314574, 21.578281097532223 ], [ -158.220392361648123, 21.578236335814864 ], [ -158.220200404604697, 21.578200191220006 ], [ -158.220007951949498, 21.578177437603443 ], [ -158.219815316294785, 21.578159650029203 ], [ -158.219622338416031, 21.578151125420462 ], [ -158.219428659038812, 21.578161585829889 ], [ -158.219234654304699, 21.578180846716169 ], [ -158.219041002128819, 21.578190547006365 ], [ -158.218846946498985, 21.578211179527067 ], [ -158.218652708918171, 21.578236733817448 ], [ -158.218095967342151, 21.578311882921305 ], [ -158.217918599395887, 21.578389546520143 ], [ -158.217747294525168, 21.578487485417501 ], [ -158.217573593538759, 21.578577413808887 ], [ -158.217393108959527, 21.578644654549372 ], [ -158.217209631512816, 21.57870188987016 ], [ -158.217026909233027, 21.578761647327951 ], [ -158.216839125637165, 21.578804481920983 ], [ -158.216650622725609, 21.578844908860017 ], [ -158.216458978111916, 21.578874828241656 ], [ -158.216259799662197, 21.578879553834796 ], [ -158.216059052781361, 21.578879035464595 ], [ -158.215866013249212, 21.57890428945354 ], [ -158.215679952242056, 21.578952883945099 ], [ -158.215497645605154, 21.579014032954706 ], [ -158.215316771524556, 21.579079974937773 ], [ -158.215138139320175, 21.579153416806406 ], [ -158.214957237410772, 21.579219264300281 ], [ -158.214778826884441, 21.579293448542728 ], [ -158.21463338329869, 21.579477884911984 ], [ -158.214482516934055, 21.579644187909004 ], [ -158.214323590183454, 21.579783533824699 ], [ -158.214167432669285, 21.579932141163372 ], [ -158.214000554415037, 21.580044896218801 ], [ -158.213812177299047, 21.580085747798137 ], [ -158.213619564704089, 21.58011243490304 ], [ -158.213440681842826, 21.580185043442224 ], [ -158.2132649497145, 21.580268187227947 ], [ -158.213085668971047, 21.580339463631589 ], [ -158.212907152756912, 21.580413299282185 ], [ -158.212721115508998, 21.58046197722653 ], [ -158.212524319157438, 21.580474673375495 ], [ -158.212327013308709, 21.5804856629935 ], [ -158.212124453223765, 21.580479081813806 ], [ -158.211928595134168, 21.580494915728302 ], [ -158.211733867933305, 21.580514528432154 ], [ -158.211542615901493, 21.580545769271282 ], [ -158.211353362800196, 21.580583693063925 ], [ -158.211167205323903, 21.580631971169225 ], [ -158.210981352287348, 21.580681265068094 ], [ -158.210803589845966, 21.580757624396796 ], [ -158.21063039249691, 21.580849249808416 ], [ -158.21045405182025, 21.580930363066411 ], [ -158.210274532748514, 21.581000846548541 ], [ -158.21007857137019, 21.581016335369156 ], [ -158.209880570236834, 21.58102500144345 ], [ -158.209684783373206, 21.581041071538138 ], [ -158.209502174847444, 21.581101223137466 ], [ -158.209319405853478, 21.581160837127328 ], [ -158.209133435842546, 21.581209741699407 ], [ -158.208945195476133, 21.581251057227025 ], [ -158.208759089563472, 21.581299509912505 ], [ -158.208580935378308, 21.581374560385566 ], [ -158.208402459413094, 21.58144853494387 ], [ -158.208221006331428, 21.581512551899504 ], [ -158.208033789911724, 21.58155729347413 ], [ -158.207847024971329, 21.5816035412087 ], [ -158.207662467435995, 21.581657176716288 ], [ -158.207474423466266, 21.581699147384249 ], [ -158.207274595198101, 21.581701701615312 ], [ -158.207144877644197, 21.581689296909005 ], [ -158.207079802163236, 21.58168386818523 ], [ -158.206884425496355, 21.581657745407089 ], [ -158.206688587111302, 21.58162489771312 ], [ -158.206492945696112, 21.581594919147886 ], [ -158.206297032314808, 21.581560978382676 ], [ -158.206101423338168, 21.581531461173263 ], [ -158.205906089222623, 21.581505936439129 ], [ -158.20571196950462, 21.581498098469382 ], [ -158.205518999884816, 21.58150697214937 ], [ -158.205329610650153, 21.581567954964537 ], [ -158.205138751891297, 21.581607554283956 ], [ -158.204944785214309, 21.581601926862092 ], [ -158.20475027713249, 21.581588430389502 ], [ -158.204553676109555, 21.581544476007455 ], [ -158.20435693298873, 21.581498441905122 ], [ -158.204159370276443, 21.581440498143962 ], [ -158.203961521478448, 21.581378373478124 ], [ -158.203765235948651, 21.581339003732225 ], [ -158.203570820591807, 21.581326836197885 ], [ -158.203377945962643, 21.581337093727694 ], [ -158.203186280913116, 21.581364962124042 ], [ -158.202993006242139, 21.581369409086786 ], [ -158.202798599893015, 21.581357369886124 ], [ -158.202605943472776, 21.581370807666318 ], [ -158.20241563813812, 21.581418460654049 ], [ -158.202229540051434, 21.581527353257346 ], [ -158.202043607199158, 21.581638653194918 ], [ -158.201859061564534, 21.581770148695799 ], [ -158.201676035470285, 21.581923766525989 ], [ -158.201490256499994, 21.582037310693917 ], [ -158.201304580031177, 21.582152367492274 ], [ -158.201198154465885, 21.582220915818297 ], [ -158.201039681418536, 21.582314033614136 ], [ -158.200846304598969, 21.582377547037961 ], [ -158.200653034133524, 21.582405981155279 ], [ -158.200459813149479, 21.582418171472096 ], [ -158.200266655128075, 21.582410090529493 ], [ -158.200073543475895, 21.582386709867951 ], [ -158.199880447540323, 21.582358193919497 ], [ -158.199687370452409, 21.582323624807042 ], [ -158.199494302230733, 21.582286229562531 ], [ -158.199301298293733, 21.582228019202571 ], [ -158.199108262822733, 21.582180141990214 ], [ -158.198915291391245, 21.582111157852886 ], [ -158.198722363118009, 21.582028566127217 ], [ -158.19852938888431, 21.581960865322596 ], [ -158.198336394399206, 21.581899862286715 ], [ -158.198143382267006, 21.581844377142072 ], [ -158.19795031854494, 21.581805834594807 ], [ -158.197757220656541, 21.581778427431331 ], [ -158.197564103993045, 21.581757424422989 ], [ -158.197370966467787, 21.581742849048396 ], [ -158.197177829790547, 21.581727952734571 ], [ -158.196984697896767, 21.581711846518186 ], [ -158.196791572580935, 21.581693505006729 ], [ -158.196598459141057, 21.581671093344948 ], [ -158.196405372625719, 21.581640310341232 ], [ -158.196212438606864, 21.581560020396502 ], [ -158.196019592078244, 21.581451664475846 ], [ -158.195826753586942, 21.58134068027805 ], [ -158.195633856384603, 21.581248955956038 ], [ -158.195440875861323, 21.581184257334808 ], [ -158.195247716615228, 21.581177125545086 ], [ -158.195054489794472, 21.581191494103606 ], [ -158.194861285032005, 21.581199243963887 ], [ -158.194668049443749, 21.581216761411035 ], [ -158.194474705079443, 21.581268968278668 ], [ -158.19428132679613, 21.581332523728229 ], [ -158.194087958641205, 21.581392298113943 ], [ -158.193894586427348, 21.581453825821736 ], [ -158.19370124524832, 21.581505005485326 ], [ -158.193507912648357, 21.581553390632173 ], [ -158.19331455278342, 21.581610515265659 ], [ -158.193121193029157, 21.581667593595494 ], [ -158.192927722928999, 21.581760255724319 ], [ -158.192734235559726, 21.581857908120959 ], [ -158.192540784093097, 21.581944506009041 ], [ -158.192347351228278, 21.582024571909557 ], [ -158.192153922621969, 21.582103658274491 ], [ -158.191960539967084, 21.582167457583267 ], [ -158.191767294118392, 21.58218794026088 ], [ -158.191574037990847, 21.582211310948921 ], [ -158.191380735912787, 21.582249562591251 ], [ -158.191187388478056, 21.582302055555925 ], [ -158.190994002830905, 21.582366971258544 ], [ -158.190800650897074, 21.582421092639212 ], [ -158.190607436184678, 21.582431194529569 ], [ -158.190414390543083, 21.582387406146061 ], [ -158.19022131228877, 21.582354198427087 ], [ -158.190028122451878, 21.582356190524877 ], [ -158.189834931310088, 21.582358938567996 ], [ -158.189641792284959, 21.582345024569307 ], [ -158.189448661618968, 21.582328574443313 ], [ -158.189255502624377, 21.582320868313381 ], [ -158.189062303185693, 21.582326158592579 ], [ -158.188869101105468, 21.582332442413843 ], [ -158.188675886185393, 21.582342590846626 ], [ -158.188482710088692, 21.582340564542022 ], [ -158.188289599002729, 21.582317685224488 ], [ -158.188096514928759, 21.582286505048064 ], [ -158.187903407734836, 21.582262607132762 ], [ -158.187710323934169, 21.582231234985279 ], [ -158.187512786718571, 21.582173300656674 ], [ -158.187300862997773, 21.582082512916983 ], [ -158.187121579524245, 21.582012913516831 ], [ -158.186945795914539, 21.581932554834864 ], [ -158.186776052665266, 21.581833632763875 ], [ -158.186607208896248, 21.581731946791447 ], [ -158.186437938849508, 21.581631569455332 ], [ -158.186267828741336, 21.581533777093654 ], [ -158.186091161680594, 21.581456137977359 ], [ -158.185912019161321, 21.581386106151996 ], [ -158.185718075845273, 21.581361570151678 ], [ -158.185528156216009, 21.581324663891941 ], [ -158.185348586616698, 21.581255947494267 ], [ -158.18517058576694, 21.581182407913321 ], [ -158.184966571020425, 21.581188824961469 ], [ -158.184740891029037, 21.581261829103902 ], [ -158.184523670959436, 21.58130883193423 ], [ -158.18431184060168, 21.581339266577384 ], [ -158.184101208225997, 21.581366020802093 ], [ -158.183892289842476, 21.581387507999661 ], [ -158.18369518615404, 21.581372680547098 ], [ -158.18350552165063, 21.581334991772462 ], [ -158.183315815986646, 21.581297427256381 ], [ -158.183131605542371, 21.581242975369811 ], [ -158.18295044111818, 21.58117916057121 ], [ -158.182764185645624, 21.581130994290397 ], [ -158.182571751054184, 21.581101818395048 ], [ -158.182391386131457, 21.581035548675988 ], [ -158.182241511910263, 21.580875568824279 ], [ -158.182150780098254, 21.580533826306201 ], [ -158.182004504918609, 21.580362788717302 ], [ -158.181874635144339, 21.580141334098837 ], [ -158.181681131719671, 21.580115446786976 ], [ -158.181507475582009, 21.580028563814928 ], [ -158.181318514266081, 21.57998871865793 ], [ -158.181128827705976, 21.579951100303816 ], [ -158.180935262784828, 21.5799254006503 ], [ -158.180723780813764, 21.579954766427068 ], [ -158.180380060935619, 21.579902502709452 ], [ -158.180189494436405, 21.579864609740127 ], [ -158.179998027107473, 21.579837312119352 ], [ -158.179806368481906, 21.579812267407696 ], [ -158.179614000375835, 21.579795559491018 ], [ -158.179420260583129, 21.579794999812847 ], [ -158.179226319160705, 21.579796798686733 ], [ -158.179033106958428, 21.579790033659236 ], [ -158.178839368282752, 21.57978945253188 ], [ -158.178643382671879, 21.579815301818662 ], [ -158.178147385984516, 21.579855922518899 ], [ -158.177957073880663, 21.579893931210002 ], [ -158.177770666828991, 21.57994255263165 ], [ -158.177573744861803, 21.579962590556462 ], [ -158.177398030263589, 21.580040279052195 ], [ -158.177223497953804, 21.580121181292736 ], [ -158.177040598775079, 21.580179340504738 ], [ -158.176851649226705, 21.580221050594059 ], [ -158.176666137543464, 21.580272107226225 ], [ -158.176482525461665, 21.580328328036227 ], [ -158.176299785574912, 21.580386919950666 ], [ -158.176122962537676, 21.580461595857493 ], [ -158.175942015510401, 21.580525063038277 ], [ -158.175764702222608, 21.580598407176769 ], [ -158.175589329377885, 21.580677024132797 ], [ -158.175417695781334, 21.58076581039575 ], [ -158.175244650309452, 21.580850756213245 ], [ -158.175060470043633, 21.580905434055111 ], [ -158.174877423547429, 21.580963195305412 ], [ -158.174688274580149, 21.581004365264004 ], [ -158.174498596605559, 21.58104409863309 ], [ -158.174393065144812, 21.581064014766444 ], [ -158.174396506116153, 21.581064456439215 ], [ -158.174202018676425, 21.581110502305869 ], [ -158.174006961465437, 21.581177632159147 ], [ -158.173811615913877, 21.581255379305908 ], [ -158.173616454684066, 21.581326308919135 ], [ -158.173422664425971, 21.581346584167498 ], [ -158.173230741799188, 21.581297827173941 ], [ -158.173062226887964, 21.581213905316091 ], [ -158.172899658824406, 21.581115944562711 ], [ -158.172740045692535, 21.581013222785185 ], [ -158.172602541868827, 21.580874890758249 ], [ -158.17245619076192, 21.58075081058875 ], [ -158.172287609927167, 21.580662533094191 ], [ -158.172112250327672, 21.580585174960692 ], [ -158.171936127631881, 21.580509045135532 ], [ -158.171771461356599, 21.580414463466354 ], [ -158.171615002417184, 21.580306663676996 ], [ -158.171468709281271, 21.580182490807438 ], [ -158.171323137778131, 21.580057155072641 ], [ -158.171164825421442, 21.579952341437352 ], [ -158.170989690539074, 21.57987462280273 ], [ -158.170815724683763, 21.579795020729801 ], [ -158.170642107044614, 21.579714857374714 ], [ -158.170468397960718, 21.579634842453967 ], [ -158.170290469961628, 21.579561621837541 ], [ -158.170112678624747, 21.579488181278485 ], [ -158.169935120462412, 21.57941436496435 ], [ -158.169756192823371, 21.579342755049076 ], [ -158.169563176868166, 21.57929383579005 ], [ -158.169385584138013, 21.579220076549458 ], [ -158.169217958471876, 21.57913026314975 ], [ -158.169052033145533, 21.579037713440066 ], [ -158.168886440461392, 21.578944627687097 ], [ -158.168477405502813, 21.578786222525903 ], [ -158.168284952521645, 21.578723833536422 ], [ -158.168092124918303, 21.578693253231748 ], [ -158.167899052005879, 21.578683486572601 ], [ -158.167705684861431, 21.578698687295507 ], [ -158.167512196075819, 21.578724183607825 ], [ -158.167134001732876, 21.578798402461608 ], [ -158.166950422654907, 21.578856025853721 ], [ -158.166767798926799, 21.578915806698603 ], [ -158.166596085117078, 21.57900019542334 ], [ -158.166439777342617, 21.579119333006709 ], [ -158.166262702990082, 21.579191630106614 ], [ -158.166078282031464, 21.579247356509498 ], [ -158.1658903508023, 21.5792951637033 ], [ -158.165696337500549, 21.579329254115951 ], [ -158.165499724671349, 21.579357478839714 ], [ -158.165316867094361, 21.579416733797274 ], [ -158.165147534893805, 21.579506493887521 ], [ -158.164983769427749, 21.579608814121805 ], [ -158.1648233498195, 21.579718681073821 ], [ -158.164660721506834, 21.579823566101052 ], [ -158.164498679417136, 21.579929772010214 ], [ -158.1643394329285, 21.580042287799873 ], [ -158.164178904618012, 21.580151910530461 ], [ -158.164008717443977, 21.580239745328399 ], [ -158.163836699233968, 21.580323450199284 ], [ -158.163664843874983, 21.580407525207693 ], [ -158.163482135921555, 21.580467117625005 ], [ -158.163354923660279, 21.580489083354912 ], [ -158.163296934245352, 21.580490145358915 ], [ -158.16310376672115, 21.580493999071887 ], [ -158.162910543746364, 21.580479260558828 ], [ -158.162717281068126, 21.58045143812409 ], [ -158.162523971556993, 21.58040741218322 ], [ -158.162330632694307, 21.580353897129978 ], [ -158.162137275969627, 21.580293940297963 ], [ -158.161943871245086, 21.580218176563459 ], [ -158.161750441720329, 21.580133664555763 ], [ -158.16155701274775, 21.580049264356905 ], [ -158.161363611038382, 21.579974095339885 ], [ -158.161170204833155, 21.579897561898676 ], [ -158.16097672152307, 21.579794534719309 ], [ -158.160783337888859, 21.579725396443248 ], [ -158.160590044586087, 21.579686548653278 ], [ -158.160396786056225, 21.579659117480166 ], [ -158.160203544826317, 21.579637915331563 ], [ -158.160010284789735, 21.579610101554316 ], [ -158.159817014067528, 21.579578794835122 ], [ -158.159623744438846, 21.579547481575226 ], [ -158.159430527366908, 21.579534196330123 ], [ -158.159237318657972, 21.579523653721303 ], [ -158.159044084487789, 21.579504642899419 ], [ -158.158850862392939, 21.579489740720753 ], [ -158.15865764358648, 21.579475615286338 ], [ -158.158464452078562, 21.579470985731415 ], [ -158.158271310300478, 21.579482997405147 ], [ -158.158078238671948, 21.579518970007641 ], [ -158.157885242932792, 21.579580567685198 ], [ -158.157692293121016, 21.579658085627475 ], [ -158.157499285075119, 21.579715740212162 ], [ -158.157306340877909, 21.579795061875302 ], [ -158.157113345371442, 21.579857004652283 ], [ -158.156920363915674, 21.579923669504733 ], [ -158.156727486286286, 21.580025935247775 ], [ -158.156534701959515, 21.580160255857628 ], [ -158.156341758906478, 21.580240359648382 ], [ -158.156148854613377, 21.580333747449814 ], [ -158.155955985483274, 21.580439196900308 ], [ -158.155763022495904, 21.580512623545822 ], [ -158.15556999624576, 21.580564769334583 ], [ -158.155376897866773, 21.580592346640504 ], [ -158.155183737347215, 21.580598480482969 ], [ -158.154990531398681, 21.580589297110745 ], [ -158.154797307135851, 21.58057378579543 ], [ -158.154604131000156, 21.58057479101539 ], [ -158.154410980526166, 21.580584189912706 ], [ -158.154217811827465, 21.580587906819492 ], [ -158.15402460963287, 21.580579925716535 ], [ -158.153831402628811, 21.580570282957311 ], [ -158.153638123438668, 21.580535827800368 ], [ -158.153444761320827, 21.580472773917382 ], [ -158.153251336215391, 21.580388346142975 ], [ -158.153057950214333, 21.580316837399032 ], [ -158.152864678681738, 21.580285145892535 ], [ -158.152671467391087, 21.580273670525202 ], [ -158.152478302332355, 21.580278164199164 ], [ -158.152285142770864, 21.580284700331905 ], [ -158.151933860581067, 21.580327505154688 ], [ -158.151740831016411, 21.580352346612177 ], [ -158.151549766640329, 21.580383885043872 ], [ -158.15136814850564, 21.5804476298784 ], [ -158.151185439162958, 21.580507655851694 ], [ -158.150998136316161, 21.580552018929659 ], [ -158.150808841619806, 21.580589595913857 ], [ -158.150622807660113, 21.580638284330607 ], [ -158.150434845316767, 21.580680401992204 ], [ -158.150249252460839, 21.5807305955415 ], [ -158.150065112267299, 21.580785745281155 ], [ -158.149879888512515, 21.580837198771921 ], [ -158.149688495481598, 21.580867619430705 ], [ -158.149498409309615, 21.580902496834923 ], [ -158.149312621725073, 21.580952029727413 ], [ -158.149132520107088, 21.581020947434894 ], [ -158.148948207745917, 21.581075512323814 ], [ -158.148765614165313, 21.581135931881224 ], [ -158.148582612234605, 21.581194965092312 ], [ -158.148399092155699, 21.581252228340464 ], [ -158.148220771122254, 21.581327219766006 ], [ -158.14804588950247, 21.581413939742749 ], [ -158.147862803633927, 21.581472685326435 ], [ -158.147683748133517, 21.581545173516506 ], [ -158.147510765671541, 21.581638368474525 ], [ -158.147329767474389, 21.581704235033474 ], [ -158.147150195327328, 21.581774961914295 ], [ -158.14696859736128, 21.581838783249243 ], [ -158.146776789632327, 21.581867792643948 ], [ -158.14658241642411, 21.58188805431773 ], [ -158.146389276140383, 21.581912522123524 ], [ -158.146195720095392, 21.581935568285097 ], [ -158.146002613794252, 21.58196015145171 ], [ -158.145809085106436, 21.581983290353605 ], [ -158.145611969195613, 21.581994202592298 ], [ -158.145420103296516, 21.582023011357403 ], [ -158.14524499862307, 21.582108976421331 ], [ -158.145065132415766, 21.582178705726839 ], [ -158.144878001940071, 21.582223660753645 ], [ -158.144692593845406, 21.58227449308465 ], [ -158.144512823783288, 21.582344550217361 ], [ -158.144329890742796, 21.582403822934609 ], [ -158.144154770822411, 21.582489734340061 ], [ -158.143982723497629, 21.58258612847013 ], [ -158.143804359889032, 21.58266098202175 ], [ -158.143616762545889, 21.582704349489926 ], [ -158.143429685898525, 21.582749494658238 ], [ -158.143245606181239, 21.582804856543113 ], [ -158.143059040632579, 21.582851746630041 ], [ -158.142863591002993, 21.58286833858168 ], [ -158.142669062681648, 21.58288807265161 ], [ -158.142461395015204, 21.582862998362355 ], [ -158.142260836758908, 21.582862172306744 ], [ -158.142058721825833, 21.582856034867135 ], [ -158.141862534483408, 21.582870111213058 ], [ -158.141678772222178, 21.582926558899956 ], [ -158.141480395576451, 21.582933166613504 ], [ -158.141292167597271, 21.582974386152816 ], [ -158.141108966517635, 21.58303274594039 ], [ -158.140925150763991, 21.58308901181892 ], [ -158.140740053775488, 21.583140905516103 ], [ -158.140557040702816, 21.583199908893722 ], [ -158.140376908796782, 21.583268738163216 ], [ -158.140196061849565, 21.583335128803061 ], [ -158.140011986907268, 21.583390511470526 ], [ -158.139824665080425, 21.583434820108405 ], [ -158.139641146624257, 21.583492102429993 ], [ -158.139467093671527, 21.583581661428649 ], [ -158.139282797555751, 21.583636290477056 ], [ -158.139095448692188, 21.583680510505793 ], [ -158.138901094114487, 21.583700835479476 ], [ -158.138703746535612, 21.583710957697328 ], [ -158.138579440203074, 21.583715830105316 ], [ -158.138543162918097, 21.583708666166167 ], [ -158.138348287257344, 21.583724152652799 ], [ -158.138152934550845, 21.5837458167865 ], [ -158.137957432166985, 21.583769424089617 ], [ -158.13776230943796, 21.583788118483628 ], [ -158.137569279401845, 21.583779638461522 ], [ -158.137376861416158, 21.583763229297258 ], [ -158.137184781466459, 21.583742431911428 ], [ -158.136991490902034, 21.583737349467743 ], [ -158.136798632571839, 21.583726649724955 ], [ -158.136607340725732, 21.58369562625867 ], [ -158.136415843876108, 21.5836672630072 ], [ -158.136222568098248, 21.583661993644935 ], [ -158.136029214983552, 21.583657715620063 ], [ -158.135836300334944, 21.583647752574691 ], [ -158.135646513654422, 21.583597209157613 ], [ -158.135459362221383, 21.583512475472702 ], [ -158.135371731822744, 21.583425927525987 ], [ -158.135371421793963, 21.5833906091577 ], [ -158.135214461751644, 21.583276882003229 ], [ -158.135045154215447, 21.583188600629938 ], [ -158.134861762388709, 21.583129345289894 ], [ -158.134684277168816, 21.583057916957827 ], [ -158.134507405265254, 21.582985225024423 ], [ -158.134340728072033, 21.582891523416773 ], [ -158.13416383895202, 21.582818867175003 ], [ -158.133988321999084, 21.582743383836558 ], [ -158.13380987154585, 21.582673945243823 ], [ -158.133627030499667, 21.582613554926777 ], [ -158.13344350312417, 21.582554579220826 ], [ -158.133260787563586, 21.582493930782231 ], [ -158.133077749452781, 21.582433947196471 ], [ -158.132894158978928, 21.582375102468074 ], [ -158.132708082822063, 21.582321378767308 ], [ -158.132297457340457, 21.582219022558331 ], [ -158.13210571997098, 21.582195854194179 ], [ -158.131912847204518, 21.582184605822334 ], [ -158.131718840153923, 21.58218524492003 ], [ -158.131522467419842, 21.582210702123049 ], [ -158.131327685503265, 21.582219471171896 ], [ -158.131134878803209, 21.582207520282068 ], [ -158.130940242166048, 21.582214765555243 ], [ -158.130743501448222, 21.582244078446593 ], [ -158.130550204340011, 21.5822372666211 ], [ -158.130357681010224, 21.582222354881377 ], [ -158.13016563490126, 21.582202425978195 ], [ -158.129973713510253, 21.582181193862887 ], [ -158.129779041844728, 21.582188808902785 ], [ -158.129486714614103, 21.582246216900717 ], [ -158.12929294194663, 21.582254022174201 ], [ -158.129106114215688, 21.582310613300393 ], [ -158.128920560015786, 21.582376150271802 ], [ -158.128736305288726, 21.582450812105538 ], [ -158.128557046676747, 21.58256057356876 ], [ -158.128379853036137, 21.582684844715949 ], [ -158.128199756856958, 21.582788723704887 ], [ -158.128015688479906, 21.582864703785514 ], [ -158.127828196779603, 21.582916634608775 ], [ -158.127633007749267, 21.582914502761014 ], [ -158.127439341715416, 21.582923058056757 ], [ -158.127240826980653, 21.582897561100499 ], [ -158.127037090221876, 21.582835375533225 ], [ -158.126831428492096, 21.582759667998328 ], [ -158.126625883767673, 21.582684781138578 ], [ -158.126423140253365, 21.582629570872964 ], [ -158.126221552712593, 21.582582476478361 ], [ -158.126022541949624, 21.582553482842972 ], [ -158.125827088444566, 21.582549485544874 ], [ -158.125634097577176, 21.582562783470973 ], [ -158.1254415126335, 21.582578932706934 ], [ -158.125250494888661, 21.582606093668581 ], [ -158.125061585537225, 21.582648071719465 ], [ -158.124872755818359, 21.582690604674077 ], [ -158.124680262395827, 21.582707399451682 ], [ -158.124488789318264, 21.582731363529536 ], [ -158.12429876844439, 21.582765529268364 ], [ -158.124105452848227, 21.582776547071507 ], [ -158.123915074093389, 21.582808202578256 ], [ -158.123432774844446, 21.582859279998232 ], [ -158.123249741980828, 21.582927950576948 ], [ -158.123080532231228, 21.583016184227127 ], [ -158.122919649949381, 21.583116204273541 ], [ -158.122757215891937, 21.583214027887735 ], [ -158.122611167815165, 21.583335040950271 ], [ -158.122492823451893, 21.583495260331279 ], [ -158.122374119202874, 21.583640779908766 ] ] } },
{ "type": "Feature", "properties": { "objectid": 2, "island": "Oahu", "st_lengthshape": 341.15272042830048 }, "geometry": { "type": "LineString", "coordinates": [ [ -158.118612495782259, 21.581862402562319 ], [ -158.118448329167023, 21.581958684180229 ], [ -158.118295768040667, 21.582069594787072 ], [ -158.11814976920715, 21.582188779222911 ], [ -158.11799991564007, 21.582303103464159 ], [ -158.117842772696861, 21.582408239974463 ], [ -158.117682750885336, 21.58250974647671 ], [ -158.11753438723261, 21.582625950062745 ], [ -158.117385176908698, 21.582741086594343 ], [ -158.117239282114411, 21.58286040263275 ], [ -158.117094268026392, 21.58298082899481 ], [ -158.11694952210425, 21.583101593621013 ], [ -158.11680522264362, 21.583222921506675 ], [ -158.116663034714719, 21.583346911104254 ], [ -158.116521265447517, 21.583471428585288 ], [ -158.116378187460754, 21.583594297471766 ], [ -158.116237149113743, 21.583719736450075 ], [ -158.116124678562755, 21.583867618009766 ] ] } },
{ "type": "Feature", "properties": { "objectid": 3, "island": "Oahu", "st_lengthshape": 1031.9760663290826 }, "geometry": { "type": "LineString", "coordinates": [ [ -158.11708365751872, 21.588803079055662 ], [ -158.116890245982376, 21.588798761147359 ], [ -158.116697211249743, 21.58880621751732 ], [ -158.116504638895975, 21.588828212190133 ], [ -158.116312739342249, 21.588871287967063 ], [ -158.116121906104638, 21.588947783174742 ], [ -158.115929484480233, 21.588974502874891 ], [ -158.115737504309976, 21.589015049772566 ], [ -158.115543566073342, 21.588994202087651 ], [ -158.115351416194642, 21.589029432799201 ], [ -158.115158369561271, 21.589036568401621 ], [ -158.114964926376018, 21.589031229923226 ], [ -158.114773137250666, 21.58907779983177 ], [ -158.114579247083043, 21.589058434700149 ], [ -158.114383821987531, 21.588990956644054 ], [ -158.114188639019034, 21.588931026842335 ], [ -158.113993625552865, 21.588876446881972 ], [ -158.113799964360339, 21.588864283250928 ], [ -158.113605823207166, 21.588837030590657 ], [ -158.113410339828192, 21.588767671982609 ], [ -158.113216781081661, 21.588758707242182 ], [ -158.113025429810932, 21.588819007675578 ], [ -158.112834331457634, 21.588887237664792 ], [ -158.112642687829009, 21.588938397071441 ], [ -158.112263141828265, 21.589179123156864 ], [ -158.112099645308888, 21.589291471715743 ], [ -158.111989332681219, 21.589439841365184 ], [ -158.111853324312222, 21.589570806746973 ], [ -158.111711601520142, 21.589697901974723 ], [ -158.111527034655609, 21.58979597998302 ], [ -158.111342558947001, 21.589894117890751 ], [ -158.111165489287686, 21.589997272981435 ], [ -158.111013157705997, 21.590117183842608 ], [ -158.110875295055251, 21.590246893553886 ], [ -158.110736906912706, 21.590376248000382 ], [ -158.110681866660229, 21.590562053414029 ], [ -158.110608585110128, 21.590735504625712 ], [ -158.11049635454097, 21.590882575562212 ], [ -158.110418678250653, 21.591053049905121 ], [ -158.110333066342378, 21.591218150702353 ], [ -158.109998603164343, 21.591883958760814 ], [ -158.109905705119786, 21.592044124698347 ], [ -158.109810278760051, 21.592202577719029 ], [ -158.109703093781206, 21.592353066464817 ], [ -158.109591862441704, 21.592500815093878 ], [ -158.109477928640985, 21.592646733305365 ], [ -158.109370254056472, 21.59278824370114 ] ] } },
{ "type": "Feature", "properties": { "objectid": 4, "island": "Oahu", "st_lengthshape": 103.33727744115822 }, "geometry": { "type": "LineString", "coordinates": [ [ -158.108653232399661, 21.593629874996171 ], [ -158.108451063279205, 21.593675080849263 ], [ -158.108255138468479, 21.593728594337321 ], [ -158.108072337625856, 21.593799568765231 ], [ -158.10790013303415, 21.593884642549821 ], [ -158.107748792421773, 21.593997478085388 ] ] } },
{ "type": "Feature", "properties": { "objectid": 5, "island": "Oahu", "st_lengthshape": 43.196441467191789 }, "geometry": { "type": "LineString", "coordinates": [ [ -158.107039067827316, 21.594309959687777 ], [ -158.106837322766779, 21.594355727737113 ], [ -158.10674422866731, 21.594531428593463 ] ] } },
{ "type": "Feature", "properties": { "objectid": 6, "island": "Oahu", "st_lengthshape": 489.72950954771852 }, "geometry": { "type": "LineString", "coordinates": [ [ -158.102790109596924, 21.596167378367753 ], [ -158.102802478276061, 21.596356394346724 ], [ -158.102805978232823, 21.596543355115422 ], [ -158.10280172647299, 21.596728518748996 ], [ -158.102795905246097, 21.596913318873625 ], [ -158.102788401689054, 21.597097728681408 ], [ -158.102784343756184, 21.597282936710439 ], [ -158.102797684803818, 21.597472179247397 ], [ -158.102824901117202, 21.59766463776818 ], [ -158.102909008218916, 21.598190874934158 ], [ -158.102997661741853, 21.598358490796194 ], [ -158.103106952213125, 21.59852222110467 ], [ -158.103140649560174, 21.598700182994751 ], [ -158.103150190773448, 21.598882691702219 ], [ -158.103138517791706, 21.599069194832115 ], [ -158.103117487686859, 21.59925745888383 ], [ -158.103172141214486, 21.599431475536761 ], [ -158.103242510941413, 21.599602533241828 ], [ -158.103297890094467, 21.599776412831297 ], [ -158.103297844205144, 21.599960727286057 ], [ -158.103316613182045, 21.60014149872454 ], [ -158.103319861408522, 21.600325192204455 ], [ -158.103354166022541, 21.600499075657503 ] ] } },
{ "type": "Feature", "properties": { "objectid": 7, "island": "Oahu", "st_lengthshape": 81.564462972398175 }, "geometry": { "type": "LineString", "coordinates": [ [ -158.104425735129979, 21.601058195775703 ], [ -158.104414225975461, 21.601243569694255 ], [ -158.104449218636603, 21.601421268176473 ], [ -158.104495195728958, 21.601597152071459 ], [ -158.104589000354508, 21.601765035162625 ] ] } },
{ "type": "Feature", "properties": { "objectid": 8, "island": "Oahu", "st_lengthshape": 1235.6557816127458 }, "geometry": { "type": "LineString", "coordinates": [ [ -158.09480780699073, 21.612544264854883 ], [ -158.094694341105708, 21.612716351645727 ], [ -158.094587697981751, 21.612898775336067 ], [ -158.09447689894148, 21.613074902095168 ], [ -158.094318919299383, 21.61317955918701 ], [ -158.094145703665106, 21.613261136685544 ], [ -158.093944728736687, 21.613300661441201 ], [ -158.093742219506964, 21.613337863038783 ], [ -158.093533662424363, 21.613365903311042 ], [ -158.093325335928228, 21.613394292391366 ], [ -158.093130447592131, 21.613443038875918 ], [ -158.092934811668982, 21.613490651781088 ], [ -158.092737408874342, 21.613535588834061 ], [ -158.092557174779614, 21.613606533801388 ], [ -158.092377251565466, 21.61367794913679 ], [ -158.092202038839986, 21.613756501670114 ], [ -158.092021126628339, 21.613826419671042 ], [ -158.09183909257905, 21.613894637439646 ], [ -158.091662115458774, 21.613970517385972 ], [ -158.091487831331278, 21.614050475411041 ], [ -158.091341319854678, 21.614172507071927 ], [ -158.09120220617487, 21.614305747039431 ], [ -158.091064475201136, 21.614441079520208 ], [ -158.090895540126382, 21.614529142659762 ], [ -158.090722539288009, 21.614611046492449 ], [ -158.090543936629956, 21.614684464443133 ], [ -158.090362209032094, 21.61475314747031 ], [ -158.090180415225234, 21.614821731458814 ], [ -158.090000432951541, 21.614893058889045 ], [ -158.089852117281396, 21.615012359108992 ], [ -158.089702234685802, 21.615129285470715 ], [ -158.089548456673498, 21.615240310938859 ], [ -158.089399497151277, 21.615358636032923 ], [ -158.089263126337698, 21.615496034159023 ], [ -158.089130641831133, 21.615639318418086 ], [ -158.088999934294407, 21.615785294533989 ], [ -158.088865806976116, 21.615926090592421 ], [ -158.088723040176433, 21.616053798400671 ], [ -158.088572523957083, 21.616169767096586 ], [ -158.088417893179496, 21.616279503021559 ], [ -158.088264227826585, 21.616390701295018 ], [ -158.088101463671677, 21.616488115817727 ], [ -158.087917648313095, 21.616553638016697 ], [ -158.08773593826848, 21.616622350671562 ], [ -158.087562771498625, 21.616704007141163 ], [ -158.087397242634751, 21.616797232906254 ], [ -158.08724102452689, 21.616904564923647 ], [ -158.087090044028855, 21.617019831317151 ], [ -158.086919352288675, 21.617105236292918 ], [ -158.086760812699708, 21.61720905345485 ], [ -158.086598107921645, 21.617306557106879 ], [ -158.08644764233307, 21.617422606262068 ], [ -158.0862997767629, 21.617542592182186 ], [ -158.086146734388819, 21.617654736788413 ], [ -158.085998965943133, 21.617774872020366 ], [ -158.085865479891424, 21.61791664469655 ], [ -158.085726694546651, 21.61805038748604 ], [ -158.085590420164323, 21.618187936489008 ], [ -158.085456321795363, 21.618328782150666 ], [ -158.085344895040038, 21.618503974617898 ], [ -158.085230241131569, 21.618665492337563 ] ] } },
{ "type": "Feature", "properties": { "objectid": 9, "island": "Oahu", "st_lengthshape": 1056.8931346491775 }, "geometry": { "type": "LineString", "coordinates": [ [ -158.081891432802877, 21.621497434755319 ], [ -158.081835268541766, 21.621672489763355 ], [ -158.08174686360752, 21.621833257198368 ], [ -158.081658161725471, 21.621993892846032 ], [ -158.081561530293726, 21.622151013725819 ], [ -158.08148526833196, 21.622317161942046 ], [ -158.081398003350301, 21.622478434137232 ], [ -158.081302708592148, 21.622636148539243 ], [ -158.081199956354709, 21.622790556734799 ], [ -158.081091459664918, 21.622942419816322 ], [ -158.080980516485141, 21.623093198751146 ], [ -158.080871847376272, 21.62324383568971 ], [ -158.080841483053661, 21.623297835557889 ], [ -158.08073719494277, 21.623459062929228 ], [ -158.080587805340627, 21.623566693414439 ], [ -158.080532019871441, 21.623604333678863 ], [ -158.080352387266061, 21.623677359509536 ], [ -158.08016845878663, 21.623734364648517 ], [ -158.079980949045762, 21.623778009973954 ], [ -158.079793812980796, 21.623823049310982 ], [ -158.079607767948232, 21.623872157118775 ], [ -158.079421439607955, 21.623920212477088 ], [ -158.079235522697957, 21.623969800281518 ], [ -158.079051056407991, 21.624024798314451 ], [ -158.078869533903429, 21.62409077896848 ], [ -158.078687748841759, 21.624155781375308 ], [ -158.07850786174933, 21.62422786058718 ], [ -158.078328751265644, 21.624302839339361 ], [ -158.078160387718356, 21.624386457183252 ], [ -158.077401319391583, 21.624696072254043 ], [ -158.077246539400619, 21.624804349062266 ], [ -158.077057666097375, 21.624872349369401 ], [ -158.076905529600992, 21.624983750062501 ], [ -158.076764844164188, 21.625108679548308 ], [ -158.076612158658037, 21.62521943187102 ], [ -158.0764531129104, 21.625322670272642 ], [ -158.076306741883911, 21.625440882514855 ], [ -158.07616801470644, 21.625568126039411 ], [ -158.076025447502673, 21.625690832846836 ], [ -158.075886354475216, 21.625817643157479 ], [ -158.075659092596226, 21.62606900976165 ], [ -158.075538511752995, 21.626213495838389 ], [ -158.075446241186341, 21.626372246931467 ], [ -158.075362361966768, 21.626535226526087 ], [ -158.075278455581241, 21.626698193270773 ], [ -158.075199977918487, 21.626860271393941 ], [ -158.07510584960778, 21.626989704364107 ], [ -158.074936780882382, 21.62708057194617 ], [ -158.074766589203392, 21.627168862894393 ], [ -158.074591707367517, 21.627246383284945 ], [ -158.074417560821274, 21.627309004909716 ] ] } },
{ "type": "Feature", "properties": { "objectid": 10, "island": "Oahu", "st_lengthshape": 351.36102749892956 }, "geometry": { "type": "LineString", "coordinates": [ [ -158.07340358820224, 21.628796181382906 ], [ -158.073295231369542, 21.628945785659475 ], [ -158.073196608715193, 21.629101628876704 ], [ -158.073100764908304, 21.629259252785168 ], [ -158.072973896046278, 21.629396992098918 ], [ -158.072862051011128, 21.62954436053683 ], [ -158.072726304868411, 21.629671377238122 ], [ -158.072428441509913, 21.629989046616789 ], [ -158.072263993088598, 21.630095779278701 ], [ -158.072138206564887, 21.630232948463327 ], [ -158.072025950355567, 21.630380769302818 ], [ -158.07191495910385, 21.630529585450507 ], [ -158.071800399908511, 21.630675593667217 ], [ -158.071756520752956, 21.630877244561752 ], [ -158.071663284713821, 21.631040039657439 ], [ -158.071568232394242, 21.631201405289179 ], [ -158.071428325732796, 21.631325420849659 ] ] } },
{ "type": "Feature", "properties": { "objectid": 11, "island": "Oahu", "st_lengthshape": 576.88252968811128 }, "geometry": { "type": "LineString", "coordinates": [ [ -158.065140583915166, 21.638040385274731 ], [ -158.06483530492909, 21.638080724871074 ], [ -158.064690590229247, 21.638210445674652 ], [ -158.064580674452998, 21.638359538874315 ], [ -158.064448910141579, 21.63849646836621 ], [ -158.064357525306633, 21.638655876946348 ], [ -158.064199258858764, 21.638778054312475 ], [ -158.063859345497377, 21.638799112519653 ], [ -158.063635607720727, 21.63888484289032 ], [ -158.063508891071422, 21.639024583429002 ], [ -158.063404447107104, 21.639176721289651 ], [ -158.063249252629987, 21.639300608905724 ], [ -158.063114566939788, 21.639435912725659 ], [ -158.063124576745849, 21.639651765247976 ], [ -158.06304195717334, 21.639816053860013 ], [ -158.062970645777625, 21.639986636992539 ], [ -158.062897525056883, 21.640156213423619 ], [ -158.0627963599444, 21.640310177950823 ], [ -158.062692586318178, 21.640462690371557 ], [ -158.062579208281562, 21.640609855470046 ], [ -158.062568396143888, 21.640814118132646 ], [ -158.062559528874488, 21.64101946410586 ], [ -158.062553674273289, 21.641226485725934 ], [ -158.06254778594095, 21.641433489081852 ], [ -158.062532680380173, 21.641635361471916 ], [ -158.062515710719225, 21.641836196162835 ], [ -158.062415567123281, 21.641988986293704 ] ] } },
{ "type": "Feature", "properties": { "objectid": 12, "island": "Oahu", "st_lengthshape": 79.543016273411638 }, "geometry": { "type": "LineString", "coordinates": [ [ -158.063653298794208, 21.64534858561073 ], [ -158.063539775914506, 21.645495857883578 ], [ -158.063446821123421, 21.645654333536385 ], [ -158.063344383122768, 21.645807643280957 ], [ -158.063230892885684, 21.64594750304385 ] ] } },
{ "type": "Feature", "properties": { "objectid": 13, "island": "Oahu", "st_lengthshape": 6135.6784849435853 }, "geometry": { "type": "LineString", "coordinates": [ [ -158.060597796018101, 21.654836592964728 ], [ -158.060410687107321, 21.654921432086059 ], [ -158.060227673045489, 21.655009774982091 ], [ -158.060046640467391, 21.655099812831313 ], [ -158.059905617398385, 21.655224082045688 ], [ -158.05979537288701, 21.655374684390086 ], [ -158.059687994010631, 21.655527739361361 ], [ -158.059581430845355, 21.655681491784613 ], [ -158.059474193749963, 21.655834667554089 ], [ -158.059362820027673, 21.655984304664493 ], [ -158.05924249573431, 21.656126284314968 ], [ -158.059124421044856, 21.656270188219459 ], [ -158.059025541349797, 21.656430514485169 ], [ -158.058928201045177, 21.656592158439818 ], [ -158.058850574734379, 21.656770670412758 ], [ -158.058779708331144, 21.656954965406673 ], [ -158.058666944273909, 21.657103413351976 ], [ -158.058554125205035, 21.65725181392212 ], [ -158.058436203619465, 21.657395850034522 ], [ -158.058312636526267, 21.65753505515249 ], [ -158.058188635750838, 21.657673890023538 ], [ -158.05805395253438, 21.657803584979483 ], [ -158.057962208373283, 21.657970018257188 ], [ -158.057910827692581, 21.658170985462938 ], [ -158.05781808361246, 21.658336563768387 ], [ -158.057716046781792, 21.658494191716578 ], [ -158.057618213432619, 21.658655414606535 ], [ -158.057506456901166, 21.658804726513075 ], [ -158.057381466271835, 21.658942714919295 ], [ -158.057266573311523, 21.659089343797135 ], [ -158.057136136801915, 21.659222673843104 ], [ -158.057002386306124, 21.659353167238432 ], [ -158.056878155883595, 21.659491806382551 ], [ -158.056738993137202, 21.659617670477761 ], [ -158.05660077776335, 21.659744344762839 ], [ -158.056461912466688, 21.659870463250449 ], [ -158.0563238955462, 21.659997308254166 ], [ -158.056176238903731, 21.660115904464 ], [ -158.056020559041741, 21.660227636929182 ], [ -158.055861160586176, 21.660336187084162 ], [ -158.055698011819771, 21.660441528539288 ], [ -158.055529835481735, 21.660542569933607 ], [ -158.055364714144275, 21.660646224009334 ], [ -158.0551924153485, 21.660743737287458 ], [ -158.054983245136754, 21.660809703253332 ], [ -158.054695331112811, 21.660808295597771 ], [ -158.054690744679561, 21.661049303945042 ], [ -158.054660729417606, 21.661268555377177 ], [ -158.054531581187348, 21.661402989083101 ], [ -158.054363923846296, 21.661504473945495 ], [ -158.054203665502882, 21.661612289370808 ], [ -158.05405863401441, 21.661733132642137 ], [ -158.053913385083092, 21.661853790244269 ], [ -158.053772075304522, 21.661977819076672 ], [ -158.053645802084276, 21.662114713032441 ], [ -158.053527230593261, 21.662258195945451 ], [ -158.053420612577668, 21.662411906589647 ], [ -158.053345429785821, 21.662592514550372 ], [ -158.053223808138171, 21.662733387961843 ], [ -158.053088190255778, 21.662862287241328 ], [ -158.052958628769431, 21.662996367636048 ], [ -158.052815069130673, 21.663118471142965 ], [ -158.052654906849739, 21.663226370430429 ], [ -158.05250451836082, 21.663342632125961 ], [ -158.052366675378778, 21.663469626344764 ], [ -158.05222353667898, 21.663592091260636 ], [ -158.05205811450378, 21.663695489870882 ], [ -158.051891954969477, 21.663798256231768 ], [ -158.051764234859917, 21.663933913539651 ], [ -158.051712790451546, 21.663988157232463 ], [ -158.051577283116018, 21.664119422728128 ], [ -158.051453360786866, 21.664264501376348 ], [ -158.051315676100131, 21.664393172273378 ], [ -158.051178073630098, 21.664521942890921 ], [ -158.051034199288836, 21.664643236205933 ], [ -158.050885008208922, 21.664758191433524 ], [ -158.050753972005481, 21.664894789252305 ], [ -158.05062487841235, 21.665033703550506 ], [ -158.05048277238825, 21.665157105970422 ], [ -158.05033054426795, 21.665268441426441 ], [ -158.050182689750756, 21.665384989997946 ], [ -158.050042116388767, 21.66551022023485 ], [ -158.049895335424367, 21.665628050279718 ], [ -158.049750432828972, 21.665748119631431 ], [ -158.049608483600053, 21.665871709149719 ], [ -158.049463722454277, 21.665991947075469 ], [ -158.049316947254994, 21.666109783832898 ], [ -158.049165746213532, 21.666222345431386 ], [ -158.049022436223169, 21.666344313141554 ], [ -158.048878532393786, 21.666465573566143 ], [ -158.048729194868628, 21.666580356042239 ], [ -158.048577816440883, 21.666692706463909 ], [ -158.04843618462553, 21.666816676154593 ], [ -158.048311622973301, 21.666960995141427 ], [ -158.048195246731069, 21.667115072528684 ], [ -158.048075604020738, 21.667265257305079 ], [ -158.047949253163353, 21.667407443638169 ], [ -158.047822490656273, 21.667549140570216 ], [ -158.047533013112798, 21.667959880014514 ], [ -158.047446755963875, 21.668121923274672 ], [ -158.047361950322767, 21.668284543954286 ], [ -158.047293288690895, 21.668453589182565 ], [ -158.047225126222202, 21.668622832374059 ], [ -158.047162317368333, 21.668794205766201 ], [ -158.047086575021524, 21.66896043318182 ], [ -158.046999786561031, 21.669122266227799 ], [ -158.046902598782054, 21.669279960649067 ], [ -158.046797581557968, 21.669434539380731 ], [ -158.046689194116453, 21.66958777790709 ], [ -158.046584936995259, 21.669742658972748 ], [ -158.046495263331479, 21.669903343173651 ], [ -158.046485058580203, 21.669936520684299 ], [ -158.046365612914173, 21.670065364136104 ], [ -158.046197276635894, 21.670154688224525 ], [ -158.046022342496002, 21.670234386417025 ], [ -158.045839189826097, 21.670302094210353 ], [ -158.045663194651695, 21.670380243806054 ], [ -158.045487059524589, 21.670458190041831 ], [ -158.045314113894847, 21.670540789780148 ], [ -158.045144696624561, 21.670628538236848 ], [ -158.044977609192586, 21.670719684962254 ], [ -158.044820119290932, 21.670824833447629 ], [ -158.044673544107923, 21.670945906510269 ], [ -158.044529053636552, 21.671070022344828 ], [ -158.044381919864833, 21.671190281565057 ], [ -158.044236065740563, 21.671312407213108 ], [ -158.044095920593719, 21.671442862435615 ], [ -158.043943212801423, 21.67155499014893 ], [ -158.043779453942136, 21.671650995195506 ], [ -158.043590820967779, 21.671710708971709 ], [ -158.043386142944456, 21.671747013282733 ], [ -158.043223298678555, 21.671844351933643 ], [ -158.043057978693213, 21.671938077898631 ], [ -158.042893048100922, 21.672032373272192 ], [ -158.042717824710053, 21.672111652411367 ], [ -158.042558242940942, 21.672213751144465 ], [ -158.042412302033313, 21.672335753538899 ], [ -158.042248009083721, 21.672430979710857 ], [ -158.04208523223565, 21.672528417855922 ], [ -158.041928189200348, 21.672634221895851 ], [ -158.041599895163642, 21.672490171003815 ], [ -158.041391436840712, 21.672925412288755 ], [ -158.041270186171289, 21.673066148196437 ], [ -158.041104915835774, 21.673172723269992 ], [ -158.040929370950408, 21.673271325915707 ], [ -158.040762997229393, 21.673377044155483 ], [ -158.040605860993793, 21.673489932603868 ], [ -158.040461915239604, 21.673613056792384 ], [ -158.040315641304716, 21.673734373231785 ], [ -158.040163005419458, 21.673850753601663 ], [ -158.040027563955505, 21.673980478024784 ], [ -158.039898986859129, 21.674115527830963 ], [ -158.039808656667674, 21.674280259584759 ], [ -158.039721747510924, 21.674447646291675 ], [ -158.039772156461424, 21.674721595745751 ], [ -158.039728387696954, 21.67492245998605 ], [ -158.039670108724323, 21.675112065187694 ], [ -158.03951371467889, 21.675410711960335 ], [ -158.039419761117699, 21.675572753825438 ], [ -158.039327401960151, 21.675735252943866 ], [ -158.039243311850953, 21.675900123418828 ], [ -158.039160285584188, 21.676065299930354 ], [ -158.039096878862892, 21.676236105252318 ], [ -158.039032386715974, 21.676406598907406 ], [ -158.038949249929374, 21.676571743028049 ], [ -158.038889473802413, 21.676743589210268 ], [ -158.038852012683805, 21.676921837819982 ], [ -158.038823126592462, 21.67710254544992 ], [ -158.038780946981149, 21.677279440509338 ], [ -158.03877500782491, 21.677466731310584 ], [ -158.038767968892358, 21.677653706773771 ], [ -158.038764594799346, 21.677841734240253 ], [ -158.038787205722485, 21.678037215307182 ], [ -158.038814726033422, 21.678234105200556 ], [ -158.03882396055667, 21.678425749728458 ], [ -158.038816432484907, 21.678612585023156 ], [ -158.038798892730171, 21.678796547325717 ], [ -158.038743613426419, 21.678924119457523 ], [ -158.038670068057485, 21.679091968568724 ], [ -158.038590902686536, 21.679257104691008 ], [ -158.038497621569348, 21.679415425034637 ], [ -158.038422119835445, 21.679582329461887 ], [ -158.038294905421935, 21.679724265916811 ], [ -158.038165601986094, 21.679865193705442 ], [ -158.038045574453236, 21.68001060000848 ], [ -158.037933469183429, 21.680159831067428 ], [ -158.037813594357289, 21.680305311243465 ], [ -158.037675865456606, 21.680442170529247 ], [ -158.037599637827611, 21.680475798256751 ], [ -158.037580831964419, 21.680486972619377 ], [ -158.0374267296977, 21.680605733783249 ], [ -158.037251374360125, 21.680681768108798 ], [ -158.037090351960586, 21.680752392764063 ], [ -158.036919400856505, 21.680833224939857 ], [ -158.03672751929696, 21.680906878068424 ], [ -158.036535278852142, 21.680962371483947 ], [ -158.036342755942627, 21.681003631799971 ], [ -158.036149859026267, 21.681025974366488 ], [ -158.035956819418402, 21.681041134766311 ], [ -158.03576364903617, 21.681049650591014 ], [ -158.035570375832549, 21.681052990025194 ], [ -158.035377011312335, 21.681051751185457 ], [ -158.03518336224235, 21.681036051581899 ], [ -158.034989136683578, 21.680991243630654 ], [ -158.034795453608808, 21.680973849509126 ], [ -158.034602509583209, 21.680993812252691 ], [ -158.034274776636693, 21.681084670362086 ], [ -158.034102676326427, 21.681167104542546 ], [ -158.033916705758742, 21.681225911617215 ], [ -158.033726708705245, 21.681277858114878 ], [ -158.033534997000856, 21.681326884558601 ], [ -158.033351747836605, 21.681390327716056 ], [ -158.033177100711214, 21.681468423309852 ], [ -158.033001842713674, 21.681545478955833 ], [ -158.032837739341659, 21.681641536451981 ], [ -158.03269376064506, 21.68177187579391 ], [ -158.03256126426129, 21.681921778173916 ], [ -158.032304151896625, 21.682229844945468 ], [ -158.032197172863562, 21.682382918603722 ], [ -158.032072469587007, 21.682528499891273 ], [ -158.031965231771807, 21.682681464365956 ], [ -158.031874489835502, 21.682841401682577 ], [ -158.031813912996739, 21.683014090270511 ], [ -158.031725441481626, 21.683174987497715 ], [ -158.031626345339021, 21.683331393296427 ], [ -158.031506363473767, 21.683478971063426 ], [ -158.031337358399043, 21.6836058249507 ], [ -158.031223323889748, 21.683755916138956 ], [ -158.031103161983253, 21.683903417549757 ], [ -158.030905954945894, 21.684018350349039 ], [ -158.030838839617616, 21.684188275665342 ], [ -158.030992470986376, 21.684451513209201 ], [ -158.030942733716785, 21.684628784401937 ], [ -158.030905674791114, 21.684811414507227 ], [ -158.030871271172089, 21.684995166770687 ], [ -158.030833513248695, 21.685177501868967 ], [ -158.030774311432793, 21.685350772554099 ], [ -158.030699731194147, 21.685517541946822 ], [ -158.030619212471407, 21.685681801288329 ], [ -158.030525882969783, 21.685840644832481 ], [ -158.030472482894197, 21.686016368579239 ], [ -158.030349372733866, 21.686162623471414 ], [ -158.030248210307462, 21.686318156169673 ], [ -158.03014456571816, 21.686472640798669 ], [ -158.030040240425564, 21.686626836803011 ], [ -158.030035751206015, 21.686630794530629 ], [ -158.029908412872828, 21.686771032103131 ], [ -158.029746488513609, 21.686871185939989 ], [ -158.029638482799527, 21.686912930668424 ], [ -158.029574879020714, 21.686935213953429 ], [ -158.029395315154005, 21.687002153862903 ], [ -158.029215417231427, 21.687068291208178 ], [ -158.029032605369338, 21.687127432561017 ], [ -158.028850811227784, 21.687189018834893 ], [ -158.028672037257905, 21.68725785517795 ], [ -158.028495236100554, 21.687331424024091 ], [ -158.028315327873287, 21.687397538622672 ], [ -158.028147379908404, 21.687492357131138 ], [ -158.027984783607877, 21.687600019685242 ], [ -158.02782287199318, 21.687709324843826 ], [ -158.027658936774486, 21.68781377486836 ], [ -158.027487589035644, 21.687900434053887 ], [ -158.027310636218232, 21.687973642953956 ], [ -158.027130627768486, 21.688039518039339 ], [ -158.026950338553661, 21.688104717343474 ], [ -158.026769711468404, 21.688169108634732 ], [ -158.026588488759955, 21.68823206795998 ], [ -158.026408487306298, 21.688297959444512 ], [ -158.026229658592626, 21.688366665365713 ], [ -158.026050270360855, 21.68843403168102 ], [ -158.025870612781659, 21.688500749383564 ], [ -158.02569069155328, 21.688566833863721 ], [ -158.025510294543466, 21.688631777069702 ], [ -158.025329382765108, 21.688695483914476 ], [ -158.025147108656313, 21.6887559221964 ], [ -158.024962604713096, 21.688811008099695 ], [ -158.024795772616812, 21.688908510913141 ], [ -158.024573317117671, 21.689004026910304 ], [ -158.024417770963908, 21.689112525872432 ], [ -158.024256527808063, 21.689215083866277 ], [ -158.02409670982027, 21.689319128034278 ], [ -158.023937538543009, 21.689423847971227 ], [ -158.023789011873561, 21.689539668979133 ], [ -158.023638177457684, 21.689653084974157 ], [ -158.023487435919321, 21.689766597129683 ], [ -158.023333988313738, 21.689877286357262 ], [ -158.023188277866609, 21.689996047662806 ], [ -158.02305276182156, 21.690125441306023 ], [ -158.022926199062283, 21.69026417537281 ], [ -158.022805812735555, 21.690409351694065 ], [ -158.022690467328403, 21.690559786468956 ], [ -158.02257292648514, 21.690707931661112 ], [ -158.022442533888864, 21.690842670523011 ], [ -158.022297564673721, 21.690962205039494 ], [ -158.022131247074071, 21.691059471356152 ], [ -158.021952614326324, 21.691143890879349 ], [ -158.021780122520084, 21.691234716255842 ], [ -158.021624203328486, 21.69134282899455 ], [ -158.021518366692931, 21.69149337497938 ] ] } },
{ "type": "Feature", "properties": { "objectid": 14, "island": "Oahu", "st_lengthshape": 142.79615296498827 }, "geometry": { "type": "LineString", "coordinates": [ [ -158.020829920156757, 21.692420057863909 ], [ -158.02063412740975, 21.692456727759961 ], [ -158.020437970078319, 21.692492694234435 ], [ -158.020248010928071, 21.692540623695447 ], [ -158.02005922338563, 21.692590812921377 ], [ -158.019880840852665, 21.692661087142554 ], [ -158.019713760187585, 21.692753176269971 ], [ -158.019565401982646, 21.692878667768916 ] ] } },
{ "type": "Feature", "properties": { "objectid": 15, "island": "Oahu", "st_lengthshape": 340.03151357055947 }, "geometry": { "type": "LineString", "coordinates": [ [ -158.015733713143476, 21.696040032707593 ], [ -158.015628740406441, 21.696191763118662 ], [ -158.015523400696594, 21.696343266330132 ], [ -158.015420056259273, 21.696495999988652 ], [ -158.015317061023779, 21.696648949750738 ], [ -158.015209968683109, 21.696799372709673 ], [ -158.015129231089361, 21.696897743278544 ], [ -158.015079357821804, 21.696957421455281 ], [ -158.014938389460752, 21.697082572053652 ], [ -158.014786609784352, 21.697194511218846 ], [ -158.01462721601078, 21.697297147025491 ], [ -158.014485892222865, 21.697421863277466 ], [ -158.014339931041292, 21.697540913762793 ], [ -158.01418941301074, 21.697654395611384 ], [ -158.014034623823079, 21.697762658316055 ], [ -158.013884932672397, 21.697877150262425 ], [ -158.013777505538798, 21.697952178536948 ], [ -158.013556902411835, 21.698033663935007 ], [ -158.013371406074185, 21.698031450899919 ] ] } },
{ "type": "Feature", "properties": { "objectid": 16, "island": "Oahu", "st_lengthshape": 809.18212410228716 }, "geometry": { "type": "LineString", "coordinates": [ [ -158.013457460303187, 21.69647033703697 ], [ -158.013372691858166, 21.696302786466077 ], [ -158.013257277936191, 21.696165612538874 ], [ -158.0129345976531, 21.695914336007299 ], [ -158.012765528260076, 21.695825200932088 ], [ -158.012590314223246, 21.695748813000641 ], [ -158.012397123704488, 21.695709711024271 ], [ -158.012205821525157, 21.695688270544697 ], [ -158.011800363007978, 21.695662961923546 ], [ -158.011607327269928, 21.695674179782621 ], [ -158.011415057060873, 21.695693191022997 ], [ -158.011223285752919, 21.695717276654324 ], [ -158.01103206295474, 21.695746954616947 ], [ -158.010846469528701, 21.695806962979599 ], [ -158.010403219347353, 21.695950971305145 ], [ -158.010202795431894, 21.696015749764822 ], [ -158.010000261904906, 21.696078439387541 ], [ -158.009825525396934, 21.696168649434522 ], [ -158.009660710835732, 21.696268680593551 ], [ -158.009514230969899, 21.69638686633974 ], [ -158.009370454642948, 21.696507727682363 ], [ -158.009227197514406, 21.696629103312549 ], [ -158.00909421562443, 21.696760650967086 ], [ -158.00896197663522, 21.696892935595464 ], [ -158.008824717773365, 21.697020249456312 ], [ -158.008684877793058, 21.697145009234074 ], [ -158.008558592904564, 21.697283187598266 ], [ -158.008438553505613, 21.697427550779697 ], [ -158.008319370313615, 21.697572761848551 ], [ -158.008199705336494, 21.697711360732349 ], [ -158.007936955990687, 21.698285231639435 ], [ -158.007928012352693, 21.698465718956466 ], [ -158.00793287891554, 21.698646696329135 ], [ -158.007950893730509, 21.698828139922679 ], [ -158.007982928110607, 21.699003656231401 ] ] } },
{ "type": "Feature", "properties": { "objectid": 17, "island": "Oahu", "st_lengthshape": 336.24913322903188 }, "geometry": { "type": "LineString", "coordinates": [ [ -158.008730744370013, 21.69982249493204 ], [ -158.008539784655909, 21.699763902890499 ], [ -158.00834480882736, 21.699798438837362 ], [ -158.008158317117847, 21.699853051668935 ], [ -158.006908592825283, 21.700110807133782 ], [ -158.006701630036787, 21.700141880701384 ], [ -158.006504731946904, 21.700134098073104 ], [ -158.006314850278926, 21.700099226649058 ], [ -158.006128065806081, 21.700052400946326 ], [ -158.005947256285566, 21.699982505753646 ], [ -158.005766499542659, 21.69991241193938 ], [ -158.005583187750801, 21.699863198021408 ] ] } },
{ "type": "Feature", "properties": { "objectid": 18, "island": "Oahu", "st_lengthshape": 160.87955412572285 }, "geometry": { "type": "LineString", "coordinates": [ [ -158.003547552468262, 21.699077671944494 ], [ -158.003352108244172, 21.699075339992458 ], [ -158.003155824202196, 21.699067221970331 ], [ -158.002962696636985, 21.699080823020473 ], [ -158.002772839954304, 21.699116923464427 ], [ -158.002584310352688, 21.699162155002259 ], [ -158.002395036767638, 21.699202268660439 ], [ -158.00220682538253, 21.699249686974877 ], [ -158.002023496767919, 21.699303378689141 ] ] } },
{ "type": "Feature", "properties": { "objectid": 19, "island": "Oahu", "st_lengthshape": 173.26337722622699 }, "geometry": { "type": "LineString", "coordinates": [ [ -157.997927961197973, 21.705057505304058 ], [ -157.997738434797299, 21.704999927552631 ], [ -157.997551853471037, 21.70492512895003 ], [ -157.996867894086876, 21.704944254541921 ], [ -157.996703963526272, 21.705041379385005 ], [ -157.996551836929541, 21.705152900531623 ], [ -157.996444236433717, 21.70531141611886 ] ] } },
{ "type": "Feature", "properties": { "objectid": 20, "island": "Oahu", "st_lengthshape": 367.85435179652131 }, "geometry": { "type": "LineString", "coordinates": [ [ -157.993667965619466, 21.704893554299236 ], [ -157.993452549375803, 21.704897963953886 ], [ -157.993247085167013, 21.7048823767702 ], [ -157.99307153308726, 21.704806684401557 ], [ -157.992903377369032, 21.704716129095093 ], [ -157.992734566950077, 21.704626890397442 ], [ -157.992557909568973, 21.704553419440639 ], [ -157.992375962085646, 21.704490578821122 ], [ -157.992195155972382, 21.704425444019069 ], [ -157.992017275915117, 21.704359241849076 ], [ -157.99164601258019, 21.704226957654043 ], [ -157.991456898651563, 21.704147911770534 ], [ -157.991265249890091, 21.704113454070558 ], [ -157.991071103590514, 21.704122924391449 ], [ -157.990876904277172, 21.704133340910523 ], [ -157.990681731013552, 21.704160879481726 ], [ -157.990485921828167, 21.704199614134861 ], [ -157.990294074873987, 21.704228252950834 ] ] } },
{ "type": "Feature", "properties": { "objectid": 21, "island": "Oahu", "st_lengthshape": 345.91328233871496 }, "geometry": { "type": "LineString", "coordinates": [ [ -157.980310552100377, 21.709242384534651 ], [ -157.980130258427636, 21.709162159550299 ], [ -157.979946876747761, 21.709096818495045 ], [ -157.979762870820309, 21.709034482570832 ], [ -157.979576769552665, 21.708982243315397 ], [ -157.979388103571722, 21.708942361710175 ], [ -157.979194551146207, 21.708926022694325 ], [ -157.978996126183148, 21.708933160386444 ], [ -157.978797042750017, 21.708943466466714 ], [ -157.978606487662631, 21.708912686578184 ], [ -157.978417299678767, 21.708875322909087 ], [ -157.978228724283269, 21.708835006028984 ], [ -157.978039075192612, 21.708799860511721 ], [ -157.977847490691346, 21.708774042023283 ], [ -157.977653289246888, 21.708760829247563 ], [ -157.977457485575798, 21.708755337516013 ], [ -157.977254647385536, 21.708783732323216 ], [ -157.977050597630466, 21.708827747030366 ] ] } },
{ "type": "Feature", "properties": { "objectid": 22, "island": "Oahu", "st_lengthshape": 20.020431976660419 }, "geometry": { "type": "LineString", "coordinates": [ [ -157.96619214789817, 21.708018208184253 ], [ -157.966095826465278, 21.707861341399571 ] ] } },
{ "type": "Feature", "properties": { "objectid": 23, "island": "Oahu", "st_lengthshape": 39.886023682662781 }, "geometry": { "type": "LineString", "coordinates": [ [ -157.965379791637844, 21.706933654921261 ], [ -157.96521323125296, 21.706841916619869 ], [ -157.965044813127491, 21.706755308602713 ] ] } },
{ "type": "Feature", "properties": { "objectid": 24, "island": "Oahu", "st_lengthshape": 80.753518614372879 }, "geometry": { "type": "LineString", "coordinates": [ [ -157.963993256147603, 21.704480298285823 ], [ -157.963909957147052, 21.704311357619996 ], [ -157.963823043983723, 21.704145104467862 ], [ -157.963704052874078, 21.70400269694408 ], [ -157.963577589362501, 21.703869897056027 ] ] } },
{ "type": "Feature", "properties": { "objectid": 25, "island": "Oahu", "st_lengthshape": 40.448407114097456 }, "geometry": { "type": "LineString", "coordinates": [ [ -157.958201368323273, 21.700424158422475 ], [ -157.958136085276806, 21.700249978466552 ], [ -157.957995145567594, 21.70012606588163 ] ] } },
{ "type": "Feature", "properties": { "objectid": 26, "island": "Oahu", "st_lengthshape": 202.6890864796257 }, "geometry": { "type": "LineString", "coordinates": [ [ -157.949385309602718, 21.690784631951114 ], [ -157.949316214566068, 21.690612156461388 ], [ -157.949243759268086, 21.690441620893118 ], [ -157.949163783473665, 21.690275428071036 ], [ -157.949068962617446, 21.690117808172207 ], [ -157.948960696443407, 21.689967949774424 ], [ -157.948841620283673, 21.689824334712842 ], [ -157.948705211370964, 21.689690726654788 ], [ -157.948561992583677, 21.689561051997188 ], [ -157.948417310311271, 21.689432221637372 ], [ -157.948284331894286, 21.689302035322704 ] ] } },
{ "type": "Feature", "properties": { "objectid": 27, "island": "Oahu", "st_lengthshape": 1212.416372498102 }, "geometry": { "type": "LineString", "coordinates": [ [ -157.945437973566442, 21.684954551652982 ], [ -157.945439453298206, 21.684733286437947 ], [ -157.945401556277204, 21.684537698783814 ], [ -157.945320111506334, 21.684370509328705 ], [ -157.94521123940828, 21.68422120399967 ], [ -157.945093153151277, 21.684077908913711 ], [ -157.944988543914093, 21.683925824660086 ], [ -157.944865678073938, 21.68378564549684 ], [ -157.944754781023619, 21.683637662204163 ], [ -157.944668779834842, 21.683473443593893 ], [ -157.944532336918115, 21.683342119478151 ], [ -157.944378622227163, 21.683222057093165 ], [ -157.944234937903616, 21.683095453800295 ], [ -157.944101249940076, 21.682962332896452 ], [ -157.943982162589521, 21.682819690165886 ], [ -157.943873280371776, 21.682670392987557 ], [ -157.943790839999821, 21.682503854162938 ], [ -157.943721651212172, 21.682328673029193 ], [ -157.94364763983333, 21.682156637443267 ], [ -157.94352169237834, 21.682018468525758 ], [ -157.943403891180907, 21.681874988037443 ], [ -157.943291064453632, 21.681728263502261 ], [ -157.943191062968395, 21.681573175803035 ], [ -157.943095562966505, 21.68141515364081 ], [ -157.942973865449034, 21.681274213643754 ], [ -157.942868945729288, 21.681122333947432 ], [ -157.942713807172538, 21.68100320055747 ], [ -157.942563927635234, 21.680880638799174 ], [ -157.942420641480481, 21.68075377730106 ], [ -157.942309627782805, 21.680605872142603 ], [ -157.942227873033687, 21.680438886187094 ], [ -157.942142622335609, 21.680274180617968 ], [ -157.94206026583467, 21.680107588236481 ], [ -157.941994348083114, 21.679930275451916 ], [ -157.94193046114367, 21.679751638592592 ], [ -157.941864313532705, 21.679574476061816 ], [ -157.941787115454559, 21.679404519747415 ], [ -157.941670145447858, 21.679260498678779 ], [ -157.941581917541072, 21.679097735090135 ], [ -157.941494405557933, 21.678934504461612 ], [ -157.941401257272702, 21.678774949815534 ], [ -157.941291789215597, 21.678626036685429 ], [ -157.941101809186392, 21.67852962540244 ], [ -157.940891260707872, 21.67844662608 ], [ -157.940804445207789, 21.67828294245097 ], [ -157.940703690206817, 21.678128347217132 ], [ -157.940589144295302, 21.677982746448389 ], [ -157.940523112679728, 21.677805509190115 ], [ -157.94045028909261, 21.677632702070323 ], [ -157.940216727370938, 21.677564710073742 ], [ -157.940023321369637, 21.677470532374905 ], [ -157.939823623635192, 21.677380458058057 ], [ -157.939612987286154, 21.677297516245559 ], [ -157.939424030820931, 21.677200438454257 ], [ -157.93917612373707, 21.677141799971302 ], [ -157.938992273062837, 21.677041391065618 ], [ -157.938969285493243, 21.676836087674474 ], [ -157.938881131964024, 21.676673276257503 ], [ -157.938755983772921, 21.676538614171566 ] ] } },
{ "type": "Feature", "properties": { "objectid": 28, "island": "Oahu", "st_lengthshape": 3592.0222364515116 }, "geometry": { "type": "LineString", "coordinates": [ [ -157.936525890588371, 21.672354447522704 ], [ -157.936683277427392, 21.672178092004334 ], [ -157.936804623954856, 21.672000728539896 ], [ -157.936907509609455, 21.671822850140433 ], [ -157.936979101464686, 21.671644097311212 ], [ -157.937052966753953, 21.671465408687325 ], [ -157.93711194944413, 21.671286303108925 ], [ -157.937182432447969, 21.671107519574029 ], [ -157.937269631620126, 21.670929202579686 ], [ -157.937325802935163, 21.670750019273047 ], [ -157.937362687543128, 21.670570296904327 ], [ -157.937376224321213, 21.670389922763967 ], [ -157.937350747410079, 21.670208459602016 ], [ -157.937335874260668, 21.670027291976311 ], [ -157.93734309554543, 21.66984674098202 ], [ -157.93735097577877, 21.669666209559225 ], [ -157.937340584141396, 21.669485166374184 ], [ -157.937312635708935, 21.669303634071632 ], [ -157.937285579187318, 21.669122126444393 ], [ -157.937234559730513, 21.66893994955371 ], [ -157.937191208544505, 21.668757986163108 ], [ -157.937164857604955, 21.668576498388656 ], [ -157.937125051747756, 21.668394634468065 ], [ -157.937045084982742, 21.668211648827498 ], [ -157.936805675125527, 21.667664501592586 ], [ -157.936732422330095, 21.667491754354625 ], [ -157.936653241974597, 21.667322907849009 ], [ -157.936586993237484, 21.66714555211265 ], [ -157.936511709359564, 21.666974141421793 ], [ -157.936423858397518, 21.666811001018189 ], [ -157.936345688713374, 21.666641488738914 ], [ -157.93627419367894, 21.666467586315083 ], [ -157.936211121313391, 21.666288139597118 ], [ -157.936134859401051, 21.666117372914336 ], [ -157.936051221071693, 21.665951460658206 ], [ -157.93596436368324, 21.665787666932182 ], [ -157.935878155193734, 21.665623445508647 ], [ -157.935794202778368, 21.665457740704014 ], [ -157.935710266089558, 21.665292025120582 ], [ -157.935625026358849, 21.665127166580849 ], [ -157.935513511485652, 21.664979599131438 ], [ -157.935390121135299, 21.664839846473647 ], [ -157.935258768898166, 21.664705332853789 ], [ -157.935121497025108, 21.66457471447788 ], [ -157.934979552418326, 21.664447171835583 ], [ -157.934828512666144, 21.664325613425753 ], [ -157.934697086638749, 21.664191148599603 ], [ -157.93457465816806, 21.66405076285611 ], [ -157.934451528790902, 21.663910838673111 ], [ -157.934321061000929, 21.663775742835693 ], [ -157.934168173507942, 21.663655401496548 ], [ -157.933992896442305, 21.663549793107045 ], [ -157.933824134790143, 21.663439897389956 ], [ -157.933657601119023, 21.663328535180806 ], [ -157.933489537248477, 21.663218179283287 ], [ -157.93307690684793, 21.662941983089187 ], [ -157.932912542719663, 21.662835513257203 ], [ -157.932747327673866, 21.662731243850669 ], [ -157.932579722822311, 21.662633165134448 ], [ -157.932411635460113, 21.662536337042766 ], [ -157.932242403579693, 21.662442469026058 ], [ -157.932067078580076, 21.662364378909196 ], [ -157.931889134201896, 21.662293067879627 ], [ -157.931706902476037, 21.66223285870349 ], [ -157.93152294389705, 21.662177118073533 ], [ -157.93134605418706, 21.66210307783415 ], [ -157.931167460288691, 21.662033449382392 ], [ -157.930986947403284, 21.661968790520774 ], [ -157.930795999511901, 21.661931143942894 ], [ -157.930599471548447, 21.661907945074372 ], [ -157.930400084611762, 21.661892146100833 ], [ -157.930197335221322, 21.661885051858736 ], [ -157.929998337553627, 21.661868243129533 ], [ -157.92980667877012, 21.661832438253491 ], [ -157.929624675198738, 21.661771638402112 ], [ -157.92945526481617, 21.66167824075082 ], [ -157.929307148210853, 21.661529716992295 ], [ -157.929141406311572, 21.661426821988787 ], [ -157.9289649345817, 21.661351705147592 ], [ -157.928780885689861, 21.661296201263458 ], [ -157.928581597428092, 21.661280147830631 ], [ -157.92837674266562, 21.661278503247637 ], [ -157.928173487947163, 21.661272715912286 ], [ -157.927971667739314, 21.661263218383592 ], [ -157.927776339349037, 21.661236913631996 ], [ -157.927598693246921, 21.661164834878559 ], [ -157.927571802877083, 21.661142280906525 ], [ -157.927509652350778, 21.661083037933732 ], [ -157.927460368662253, 21.661031998520915 ], [ -157.927449683381155, 21.660845174177179 ], [ -157.927527350190815, 21.660672356487687 ], [ -157.927552321050769, 21.660493199960644 ], [ -157.927571517017213, 21.660313347561658 ], [ -157.927586069700595, 21.660132936688736 ], [ -157.927597517200979, 21.659952152533204 ], [ -157.927581111185816, 21.659768016714324 ], [ -157.927560136335131, 21.65958333193953 ], [ -157.927542758101964, 21.659399079620535 ], [ -157.927547891043588, 21.659217535578819 ], [ -157.927569567192137, 21.659037981924097 ], [ -157.927596432944398, 21.658859052587243 ], [ -157.927622784966218, 21.658680061202627 ], [ -157.927638011257073, 21.658499731420513 ], [ -157.927657840114847, 21.658319955314575 ], [ -157.927682205865977, 21.658140725231533 ], [ -157.92770259106149, 21.658045975052808 ], [ -157.927729209553689, 21.657959825533684 ], [ -157.927815386995405, 21.65779735292536 ], [ -157.927941902369838, 21.657649672437561 ], [ -157.928050709382859, 21.657495498773077 ], [ -157.928130426111096, 21.657330656257646 ], [ -157.928188504388686, 21.65715787877765 ], [ -157.928245373010384, 21.656984657129964 ], [ -157.928315401550122, 21.656816262218641 ], [ -157.928395904960865, 21.656651708277121 ], [ -157.928470669028968, 21.656485050323017 ], [ -157.928546265606656, 21.656318696715871 ], [ -157.928620858731477, 21.656151976143033 ], [ -157.928638514300019, 21.655964374280661 ], [ -157.928634089362134, 21.655768675710526 ], [ -157.92873383346415, 21.655314724527145 ], [ -157.928760565673031, 21.655098453729142 ], [ -157.928760684282224, 21.654895037069121 ], [ -157.928630824332345, 21.654754396965711 ], [ -157.928570187573882, 21.654580323964936 ], [ -157.928509003990115, 21.654406513912225 ], [ -157.928457900688585, 21.654227837333487 ], [ -157.928403698023089, 21.654050655707525 ], [ -157.928344901514407, 21.653875693835225 ], [ -157.928273761489351, 21.653706694087063 ], [ -157.928195817496459, 21.653540980255499 ], [ -157.928109474234475, 21.653379322554855 ], [ -157.928036978927906, 21.653210977046506 ], [ -157.928009511536715, 21.653020884224368 ], [ -157.928000243429466, 21.652822000646779 ], [ -157.927884469384651, 21.652674559055825 ], [ -157.927715529419231, 21.652552794167747 ], [ -157.927541417812392, 21.652433527892136 ], [ -157.927362819258462, 21.652316427674666 ], [ -157.927186020929838, 21.652198459010837 ], [ -157.927022336827264, 21.65207528380013 ], [ -157.926699892410596, 21.65186258849263 ], [ -157.926535676772801, 21.651763963222745 ], [ -157.926370687279103, 21.651666912804025 ], [ -157.926195419009645, 21.651590783970079 ], [ -157.926018928482847, 21.651517142185138 ], [ -157.925843318199639, 21.651441708187566 ], [ -157.92566887660405, 21.651363895746616 ], [ -157.925497085173646, 21.651280689938957 ], [ -157.92531856156296, 21.651211187110512 ], [ -157.925137439178229, 21.651146971915963 ], [ -157.924962155557893, 21.651070875145422 ], [ -157.924789835106509, 21.65098874654911 ], [ -157.924567855958514, 21.650867679542198 ], [ -157.924352613641815, 21.650731586624136 ], [ -157.92419709083444, 21.650623735921069 ], [ -157.924043712749466, 21.650513508633303 ], [ -157.923888513899726, 21.650405297498416 ], [ -157.923731301346976, 21.650299318975282 ], [ -157.923583233055552, 21.650183209463954 ], [ -157.923445043043557, 21.650039561131479 ], [ -157.923297290540233, 21.649878987344643 ], [ -157.923166255558499, 21.649740308586082 ], [ -157.923050464075004, 21.64959373457123 ], [ -157.922947831434328, 21.649440345804248 ], [ -157.922848522364802, 21.649285235914839 ], [ -157.922751051734707, 21.649129173085658 ], [ -157.922655703747949, 21.648972011912463 ], [ -157.922558335378113, 21.648815896342985 ], [ -157.922438208179557, 21.648671568515564 ], [ -157.922308054911895, 21.648532433220421 ], [ -157.922175609206647, 21.648431515722788 ] ] } },
{ "type": "Feature", "properties": { "objectid": 29, "island": "Oahu", "st_lengthshape": 125.64874315095324 }, "geometry": { "type": "LineString", "coordinates": [ [ -157.923799812039761, 21.662269092711622 ], [ -157.923629791733248, 21.662386534360312 ], [ -157.923471821009599, 21.662510384821122 ], [ -157.923339399422332, 21.662647823182233 ], [ -157.923230788533772, 21.662797925819856 ], [ -157.92316399968891, 21.662970269768611 ], [ -157.923143074157451, 21.663164511813736 ] ] } },
{ "type": "Feature", "properties": { "objectid": 30, "island": "Oahu", "st_lengthshape": 2060.1941957500258 }, "geometry": { "type": "LineString", "coordinates": [ [ -157.917820080493101, 21.647393551261398 ], [ -157.917961137253286, 21.647220556450154 ], [ -157.918045446756565, 21.647044339947321 ], [ -157.918108610851704, 21.646866921499235 ], [ -157.918209532232652, 21.646691647800331 ], [ -157.918313632089763, 21.646516554622195 ], [ -157.918410956978619, 21.64634107668288 ], [ -157.918491011645727, 21.646164617192703 ], [ -157.918569867445882, 21.645988090226272 ], [ -157.918634310168414, 21.645810745787916 ], [ -157.918679682405639, 21.645632317799659 ], [ -157.918711596940142, 21.645453125569084 ], [ -157.91874597823761, 21.645274073143593 ], [ -157.918784392934413, 21.645095250214666 ], [ -157.918833586688123, 21.644917039445822 ], [ -157.918893551737142, 21.644739439872318 ], [ -157.918974020172186, 21.644563004438627 ], [ -157.919029377682563, 21.644385142648531 ], [ -157.919096475196284, 21.644207948023318 ], [ -157.919153045530834, 21.644030155495141 ], [ -157.919188593595322, 21.643851170131178 ], [ -157.919184341090897, 21.643669924853224 ], [ -157.919174052893368, 21.643488336771618 ], [ -157.919164267926163, 21.643306777254796 ], [ -157.919133941001803, 21.643124050632267 ], [ -157.91909331708294, 21.642940740280263 ], [ -157.919060225031444, 21.64275785833944 ], [ -157.919025867787525, 21.642574903116277 ], [ -157.918998107424784, 21.642392323249698 ], [ -157.918983278984001, 21.642210477045975 ], [ -157.918961436523148, 21.642028232884826 ], [ -157.91893635945965, 21.641845805064783 ], [ -157.918904761001102, 21.641663007783855 ], [ -157.918865475403351, 21.641479772927472 ], [ -157.918810773944131, 21.641295663553485 ], [ -157.918683073715187, 21.641107408685169 ], [ -157.918644057981567, 21.640924189989981 ], [ -157.918604489873104, 21.64074093968545 ], [ -157.918564534552843, 21.64055766697663 ], [ -157.918534866535538, 21.640374977946454 ], [ -157.918494815762017, 21.64019170008153 ], [ -157.918471152519942, 21.640009352753157 ], [ -157.918458523098622, 21.639827631009201 ], [ -157.918460501048628, 21.639646739689695 ], [ -157.918439082513913, 21.639464519882505 ], [ -157.918430260477038, 21.639283014426152 ], [ -157.918450548747444, 21.639103161914925 ], [ -157.918480873909459, 21.638923879710436 ], [ -157.91853201753446, 21.638745779098809 ], [ -157.91860361058994, 21.638568840492496 ], [ -157.918691184117762, 21.638392808034279 ], [ -157.918912376195522, 21.638224362392265 ], [ -157.918970749211184, 21.638046671794655 ], [ -157.919029719917376, 21.63786901577074 ], [ -157.91910882506977, 21.637692502466983 ], [ -157.919149519120737, 21.63751380876543 ], [ -157.919197089731682, 21.637335505765208 ], [ -157.919251044311949, 21.637157564961399 ], [ -157.919371533300762, 21.636983401109788 ], [ -157.91954460614744, 21.636812222334559 ], [ -157.919525597183224, 21.636630139293437 ], [ -157.919516489839992, 21.636448617484469 ], [ -157.919410992917165, 21.636261624121417 ], [ -157.91933376184258, 21.636076235520139 ], [ -157.919247884976926, 21.635890356135295 ], [ -157.919213935313365, 21.635707424282252 ], [ -157.918954853827046, 21.635511711486 ], [ -157.919083107792545, 21.635337988544556 ], [ -157.919143765341914, 21.635160428269884 ], [ -157.919045904486239, 21.634973868294693 ], [ -157.919004488575069, 21.634790512931605 ], [ -157.918921801916952, 21.634604814040262 ], [ -157.918958153857972, 21.63442587343685 ], [ -157.919141058409593, 21.634252703705407 ], [ -157.919302156200473, 21.634145247380786 ], [ -157.919439983559755, 21.634018170875081 ], [ -157.919577706011125, 21.633891006838287 ], [ -157.919691460936264, 21.633743634582864 ], [ -157.919806719286981, 21.633597529513896 ], [ -157.919928602704346, 21.633457010542458 ], [ -157.920055413569628, 21.633320646511212 ], [ -157.920186908000602, 21.63318823075738 ], [ -157.920399019505624, 21.632879086509053 ], [ -157.920522531116319, 21.632735526912782 ], [ -157.920645922147372, 21.632591907711035 ], [ -157.920750511042911, 21.632439132524063 ], [ -157.920778435675032, 21.632249019670073 ], [ -157.920811187276144, 21.632061258024365 ], [ -157.920880289822236, 21.631785575178707 ], [ -157.920942985432532, 21.631609528693684 ], [ -157.921051625965333, 21.631437430982196 ], [ -157.921127924240437, 21.631262554051187 ], [ -157.921174569492251, 21.631085129504431 ], [ -157.921212366095318, 21.630906944678127 ], [ -157.921233624260736, 21.630727338084405 ], [ -157.921253615529878, 21.630547622985237 ], [ -157.921288899619924, 21.630373103992341 ] ] } },
{ "type": "Feature", "properties": { "objectid": 31, "island": "Oahu", "st_lengthshape": 4632.6986936633657 }, "geometry": { "type": "LineString", "coordinates": [ [ -157.921196969283784, 21.628774567527145 ], [ -157.921240434109649, 21.628597625422248 ], [ -157.92128193247467, 21.628420447403027 ], [ -157.921372819137446, 21.628249182660745 ], [ -157.92136064783125, 21.62807402321333 ], [ -157.921272535871395, 21.627764747530133 ], [ -157.921223228500082, 21.627589792452703 ], [ -157.921157295079666, 21.627419830851181 ], [ -157.921106725242652, 21.62724525600159 ], [ -157.921055821456008, 21.627070780148479 ], [ -157.92099608957281, 21.626898957121824 ], [ -157.920952885148466, 21.626722168872757 ], [ -157.920897574873351, 21.62654901673212 ], [ -157.920824369200801, 21.626381240055608 ], [ -157.920690417163598, 21.626231710229721 ], [ -157.920581957352113, 21.626074522550454 ], [ -157.920326853561164, 21.625710911429326 ], [ -157.920179452677871, 21.62558922819672 ], [ -157.920042426919139, 21.625451248410901 ], [ -157.919895278768252, 21.625329166384514 ], [ -157.919735272950533, 21.625227282473841 ], [ -157.919573603551072, 21.625128011020113 ], [ -157.919408000650037, 21.625034918262791 ], [ -157.919237867926398, 21.62494893982846 ], [ -157.91906781751652, 21.62486283348137 ], [ -157.918897602114384, 21.624776985163599 ], [ -157.918725604803711, 21.624693936406732 ], [ -157.918559277611905, 21.624601981803604 ], [ -157.918399081974371, 21.624500396249463 ], [ -157.918258728353948, 21.624367647477758 ], [ -157.918117964694687, 21.62423732240423 ], [ -157.918088867695388, 21.624178596763773 ], [ -157.917979967740052, 21.624021412767501 ], [ -157.917874589003873, 21.623860545959865 ], [ -157.91776196110942, 21.623707262752781 ], [ -157.917630890144949, 21.623573269428146 ], [ -157.9174856020623, 21.623454147926306 ], [ -157.917326174755061, 21.62334981650994 ], [ -157.91715319439831, 21.623259661044195 ], [ -157.916982334065779, 21.623167287866817 ], [ -157.916817199470927, 21.623068925377211 ], [ -157.916654136214788, 21.622968397275034 ], [ -157.916502236974281, 21.622856191514025 ], [ -157.916332224692695, 21.622762931585974 ], [ -157.916165691762473, 21.622666032774156 ], [ -157.916015370666315, 21.622552176464353 ], [ -157.915910578417879, 21.622390698023402 ], [ -157.915801501986664, 21.622233702159402 ], [ -157.915653870089784, 21.622117032790282 ], [ -157.915509141102063, 21.621997328808277 ], [ -157.915361305195233, 21.621880873769822 ], [ -157.915235283953734, 21.621741601539576 ], [ -157.915071861084328, 21.621641450840343 ], [ -157.914919107600099, 21.621530138802211 ], [ -157.914693237985745, 21.62149530557782 ], [ -157.914558078298484, 21.621365592396486 ], [ -157.914414642148074, 21.621244536362848 ], [ -157.914286831683341, 21.621107136222214 ], [ -157.914157174287254, 21.620971668904151 ], [ -157.914013243234791, 21.620851130561977 ], [ -157.913860228490847, 21.620740094132781 ], [ -157.913698066760929, 21.620638625124627 ], [ -157.913558371173679, 21.620513657709555 ], [ -157.913404624902114, 21.620403385780723 ], [ -157.913301088306042, 21.620240597792819 ], [ -157.913182178686412, 21.620093889692512 ], [ -157.913014783391446, 21.619997894651679 ], [ -157.91288661505925, 21.619860870579618 ], [ -157.912796004662596, 21.619710020946762 ], [ -157.912721774782511, 21.619541874776843 ], [ -157.912631750850153, 21.619377891958372 ], [ -157.912644245123829, 21.619206785132885 ], [ -157.91270412953611, 21.619034955608743 ], [ -157.912783094742025, 21.61886941636898 ], [ -157.912917466649645, 21.618722141560081 ], [ -157.912968829199428, 21.618547503607182 ], [ -157.913034293433583, 21.618119750536252 ], [ -157.913027354854165, 21.617938953443399 ], [ -157.912994721537757, 21.617760266718477 ], [ -157.912911293352778, 21.617585755813689 ], [ -157.912744128254758, 21.61742397348954 ], [ -157.913054954392862, 21.616720721707843 ], [ -157.913093914949911, 21.616541333018901 ], [ -157.913084055653059, 21.616360165392294 ], [ -157.91307080535455, 21.616178873517946 ], [ -157.913093166060577, 21.615998879462566 ], [ -157.913091654391479, 21.615818016617524 ], [ -157.913090905724772, 21.615637180436426 ], [ -157.913110001809173, 21.615457067463236 ], [ -157.913110278802264, 21.615276268691726 ], [ -157.913106110104792, 21.61509530896971 ], [ -157.913164425940352, 21.614924655005414 ], [ -157.913103946169372, 21.614647143552414 ], [ -157.913081302023983, 21.614464780279793 ], [ -157.913011945783751, 21.614295646154346 ], [ -157.912901970976804, 21.614138016651435 ], [ -157.912614014949895, 21.613853804658106 ], [ -157.912485592430841, 21.613717922400784 ], [ -157.912355979911752, 21.613583207565657 ], [ -157.912226880517181, 21.613447989195777 ], [ -157.912087508041054, 21.613322860234 ], [ -157.911952889990289, 21.613193061980059 ], [ -157.911809274756394, 21.613072099434923 ], [ -157.911664394579191, 21.612952378772828 ], [ -157.911517211020936, 21.612834921240584 ], [ -157.911378960789875, 21.612712706137547 ], [ -157.911325613721829, 21.612665580888354 ], [ -157.911220077228165, 21.612513876662181 ], [ -157.911147618646737, 21.612339379839927 ], [ -157.911102912534119, 21.612145758550007 ], [ -157.911051282783177, 21.611956908740058 ], [ -157.910982648739804, 21.611779775533826 ], [ -157.910911904711838, 21.611604097381434 ], [ -157.910717607764525, 21.611513557665155 ], [ -157.910600323723429, 21.611369949923848 ], [ -157.910552254802411, 21.611178646229231 ], [ -157.910365614559538, 21.611082830851306 ], [ -157.91021808727686, 21.610960063545377 ], [ -157.91007201296523, 21.610836294754542 ], [ -157.909926593403412, 21.610712074829898 ], [ -157.909779313371388, 21.610592508545761 ], [ -157.90946214872497, 21.610089052201758 ], [ -157.909487774718116, 21.609903029201032 ], [ -157.909470175439878, 21.60972285767183 ], [ -157.909427348402147, 21.609546099937791 ], [ -157.909264989062223, 21.609230433578823 ], [ -157.909126532527324, 21.609098555552034 ], [ -157.90901977554941, 21.608947922477704 ], [ -157.909047008046002, 21.608718014865147 ], [ -157.908956986955957, 21.608557479356048 ], [ -157.908854821227465, 21.608404130025022 ], [ -157.90866640961616, 21.608301808668838 ], [ -157.90843986453325, 21.608011441502708 ], [ -157.908291007877295, 21.607891888049398 ], [ -157.90814345661849, 21.60777026978203 ], [ -157.907986715799581, 21.607663186064688 ], [ -157.907809269768819, 21.60758885018134 ], [ -157.907648946338242, 21.607487433927478 ], [ -157.907474154025834, 21.607408901762891 ], [ -157.907293359174247, 21.607339863354586 ], [ -157.906975982389611, 21.607226587839175 ], [ -157.906784329655437, 21.607178659083051 ], [ -157.906591767160421, 21.607157194942435 ], [ -157.906398828850627, 21.607146667126191 ], [ -157.906205770962885, 21.607139585594791 ], [ -157.906012602807721, 21.607135738114547 ], [ -157.905819475559667, 21.607130692798986 ], [ -157.905625376917669, 21.607153846162074 ], [ -157.905433018661654, 21.607126455865671 ], [ -157.905408964882042, 21.607096751699999 ], [ -157.905271187163947, 21.606950375864262 ], [ -157.905087210624345, 21.606890495212248 ], [ -157.904910380187744, 21.606817234483518 ], [ -157.904736574686012, 21.606738311235436 ], [ -157.904557600724701, 21.606669066003303 ], [ -157.904388470429865, 21.606581388733751 ], [ -157.904221479319659, 21.60648970896726 ], [ -157.90405089045754, 21.606404763514128 ], [ -157.903877545489252, 21.606324979705867 ], [ -157.90370399593624, 21.606245578310638 ], [ -157.903528889589609, 21.606169093426239 ], [ -157.903353196522914, 21.606093704810792 ], [ -157.903178102319458, 21.606017197064318 ], [ -157.903006364316013, 21.605934403881562 ], [ -157.902834260043448, 21.605852297389834 ], [ -157.902661599403729, 21.605771234071916 ], [ -157.90248942694609, 21.60568925506556 ], [ -157.902317876884808, 21.605606112828806 ], [ -157.902146043846102, 21.605523500643759 ], [ -157.901973382053455, 21.605442439338304 ], [ -157.901798436333934, 21.605366814670962 ], [ -157.901765974729756, 21.605349100154495 ], [ -157.901611621411206, 21.605239870957565 ], [ -157.901460403724116, 21.605127224974567 ], [ -157.901314417740736, 21.605008883282174 ], [ -157.901169886222448, 21.604888956612211 ], [ -157.901021271836782, 21.604773476382849 ], [ -157.900871919368171, 21.60465880148169 ], [ -157.900723654159464, 21.604542941177936 ], [ -157.900576442102448, 21.604425934997771 ], [ -157.900431928344176, 21.604305988867193 ], [ -157.900282181377975, 21.604191743574859 ], [ -157.900132919711609, 21.604076970176408 ], [ -157.899984549523538, 21.603961225089936 ], [ -157.899831934764478, 21.603850103304445 ], [ -157.899686937123931, 21.603730686354282 ], [ -157.899549187461901, 21.603603374724308 ], [ -157.899421577653357, 21.603465020318417 ], [ -157.899334360937615, 21.60328267474565 ], [ -157.89921564445271, 21.603134636094214 ], [ -157.899065625954449, 21.603020687893252 ], [ -157.898856842742788, 21.602970738924288 ], [ -157.898728105248864, 21.602833613280794 ], [ -157.898592973503156, 21.602703452718895 ], [ -157.898460921881281, 21.602569936522482 ], [ -157.898307017225846, 21.602460221370478 ], [ -157.898334080051995, 21.60232248278793 ], [ -157.898245324927558, 21.602159612364147 ], [ -157.898107688669484, 21.602011816278036 ], [ -157.898015321416295, 21.60185006098078 ], [ -157.897924395132236, 21.601687859878044 ], [ -157.897885461213804, 21.601509625769285 ], [ -157.897864043986033, 21.601325989842252 ], [ -157.897843298763519, 21.601142146971188 ], [ -157.897806736297611, 21.600963181455469 ], [ -157.89776868958711, 21.600784674049414 ], [ -157.897691733060128, 21.60061816591681 ], [ -157.897624230640901, 21.600448741946117 ], [ -157.89755787767686, 21.600278963311105 ], [ -157.897505815137322, 21.600104778703081 ], [ -157.897402181295377, 21.599946496920161 ], [ -157.897314451989217, 21.599783310335319 ], [ -157.897250843642553, 21.599612686146227 ], [ -157.897223217100873, 21.599430965704101 ], [ -157.897191406872054, 21.599250534655589 ], [ -157.89715022708927, 21.59907299374499 ], [ -157.897104005799434, 21.598897007550136 ], [ -157.897054388051231, 21.598722068431528 ], [ -157.897001086292988, 21.598548264818501 ] ] } },
{ "type": "Feature", "properties": { "objectid": 32, "island": "Oahu", "st_lengthshape": 2368.5624913707288 }, "geometry": { "type": "LineString", "coordinates": [ [ -157.896283261223402, 21.597247709643185 ], [ -157.896236634817683, 21.597071847918198 ], [ -157.896200556325425, 21.596892734418478 ], [ -157.896192505996567, 21.59670497628802 ], [ -157.896170757288701, 21.596521443639709 ], [ -157.896128063147529, 21.596344369432106 ], [ -157.896063084586075, 21.596174168454713 ], [ -157.895996275279657, 21.5960045307617 ], [ -157.895934963644009, 21.595833198642197 ], [ -157.895872133985677, 21.595662334318167 ], [ -157.895787531222425, 21.595507359573002 ], [ -157.895588865711346, 21.59512930395838 ], [ -157.895501506490888, 21.594961883924327 ], [ -157.895404730181099, 21.594801885836038 ], [ -157.895274484873681, 21.594668267319154 ], [ -157.895163473761414, 21.5945194885226 ], [ -157.895069799943428, 21.594357045531499 ], [ -157.894955365772773, 21.594210965759988 ], [ -157.894844238716729, 21.594062278141582 ], [ -157.894754974369476, 21.593896360966923 ], [ -157.894600865191791, 21.593781549910322 ], [ -157.894452191260768, 21.593662456674142 ], [ -157.894318109417924, 21.593531861779642 ], [ -157.894186521332699, 21.593399301340689 ], [ -157.894060734837893, 21.593262169415816 ], [ -157.893770239073859, 21.593002943516748 ], [ -157.893615230475604, 21.592892318195201 ], [ -157.893440046820189, 21.59281497726171 ], [ -157.893257201102074, 21.592750281272654 ], [ -157.893080603329622, 21.592675275737939 ], [ -157.892901513291775, 21.592604381880374 ], [ -157.892719927059261, 21.592537606892499 ], [ -157.892525495212823, 21.592492026204138 ], [ -157.892332522981064, 21.592444037567866 ], [ -157.892158192610822, 21.592365290830728 ], [ -157.892007533097967, 21.592261965204411 ], [ -157.891884152006099, 21.592170002147373 ], [ -157.891738959517994, 21.592050374202937 ], [ -157.891582777036263, 21.591941143100296 ], [ -157.89141883468568, 21.591839253417962 ], [ -157.891268309301694, 21.591724671064465 ], [ -157.891110436577861, 21.591617039002969 ], [ -157.890967740860475, 21.591495049364546 ], [ -157.890841365347796, 21.591357620332296 ], [ -157.890694010737235, 21.591240038624854 ], [ -157.890537804628764, 21.591130830824447 ], [ -157.890387000481439, 21.591016512353992 ], [ -157.890213988409187, 21.590923203692167 ], [ -157.890071416719877, 21.590801097618137 ], [ -157.889946529306343, 21.590662260471074 ], [ -157.889818020860588, 21.590526850891028 ], [ -157.889697513079682, 21.590383871886523 ], [ -157.889581688251354, 21.59023646316307 ], [ -157.889473087681182, 21.590082218826431 ], [ -157.889380147623257, 21.589913160539083 ], [ -157.889270217492054, 21.589760175551678 ], [ -157.889157876670851, 21.589609470795246 ], [ -157.889051449535174, 21.589453172878539 ], [ -157.888963482320577, 21.58928126940539 ], [ -157.888950799194845, 21.589257444915408 ], [ -157.888855665981993, 21.589098096575572 ], [ -157.888786306448623, 21.588929473613412 ], [ -157.8887173809903, 21.588760693624749 ], [ -157.888646020712514, 21.588592790795683 ], [ -157.888590415210018, 21.588419216926177 ], [ -157.888554234281969, 21.588238654111979 ], [ -157.888495616789641, 21.58806616403076 ], [ -157.888443283415512, 21.587891414083561 ], [ -157.888381208423084, 21.58772016922142 ], [ -157.888286981402047, 21.587560495098405 ], [ -157.888183963978861, 21.587403984568432 ], [ -157.888102767320618, 21.587239621214746 ], [ -157.888017242371404, 21.587076816149192 ], [ -157.887934796637609, 21.586912902390193 ], [ -157.887851392217414, 21.586749333603564 ], [ -157.887812607136311, 21.586569707211879 ], [ -157.887765306655297, 21.586393145995153 ], [ -157.887713538368416, 21.586218192739896 ], [ -157.887666752061222, 21.586049584649036 ], [ -157.887615410803477, 21.585896397473132 ], [ -157.88754765078798, 21.585723713206097 ], [ -157.887473462201285, 21.585552016711389 ], [ -157.88741663749741, 21.585377652913611 ], [ -157.887371176287644, 21.585201544730452 ], [ -157.887332740526006, 21.585024356973346 ], [ -157.887298346953116, 21.584846548499286 ], [ -157.887263254306049, 21.584668847364334 ], [ -157.887223444664869, 21.584491870823296 ], [ -157.88718188965936, 21.584315162654484 ], [ -157.887151422439558, 21.584136751639164 ], [ -157.887117766106201, 21.583958829710173 ], [ -157.887090684495547, 21.583779899284039 ], [ -157.887073269109095, 21.583599483265679 ], [ -157.887040701799748, 21.583421395148509 ], [ -157.886999227526246, 21.583244673920319 ], [ -157.886965709810255, 21.58306673120196 ], [ -157.88693596538991, 21.58288820933975 ], [ -157.886896884678379, 21.582711121053165 ], [ -157.886882575579278, 21.582530228913093 ], [ -157.886783887028088, 21.582369184491824 ], [ -157.886707441227799, 21.582193256532275 ], [ -157.886650517154095, 21.582017123009148 ], [ -157.886631807084171, 21.581822190041205 ], [ -157.886584723651083, 21.581641216050137 ], [ -157.886527204642192, 21.581465374816617 ], [ -157.886469131203455, 21.58128980719404 ], [ -157.886405304901615, 21.581117069304266 ], [ -157.886322569686143, 21.580953633482672 ], [ -157.886234928041063, 21.580792610250349 ], [ -157.886139231040033, 21.580635551317286 ], [ -157.886036704160944, 21.580481851475074 ], [ -157.885933166305875, 21.580328649799306 ], [ -157.885848093625299, 21.58016636348157 ], [ -157.885721693635986, 21.58002440753911 ], [ -157.885575668474587, 21.579892106461696 ], [ -157.885414504011209, 21.579767252557478 ], [ -157.885270864958812, 21.579642785023779 ] ] } },
{ "type": "Feature", "properties": { "objectid": 33, "island": "Oahu", "st_lengthshape": 1980.8636683357361 }, "geometry": { "type": "LineString", "coordinates": [ [ -157.883697740819457, 21.578053294702897 ], [ -157.883560064133889, 21.577908275077412 ], [ -157.883403027616993, 21.577798678849305 ], [ -157.883248471606237, 21.577684543383604 ], [ -157.883098960605395, 21.577561177485574 ], [ -157.882957660582548, 21.577422789173596 ], [ -157.882790464983856, 21.57733178079663 ], [ -157.882636792563034, 21.577216028254828 ], [ -157.882485939571467, 21.577095119954439 ], [ -157.882322304416874, 21.576997598184168 ], [ -157.882149324382368, 21.576917172275952 ], [ -157.881970500397955, 21.576847439982657 ], [ -157.88178050942804, 21.576798139177466 ], [ -157.88158203741753, 21.576764354517142 ], [ -157.881439468152621, 21.576628289882862 ], [ -157.881281138680521, 21.576521062555504 ], [ -157.881115061941955, 21.576428009412734 ], [ -157.880946067250306, 21.576340294431496 ], [ -157.880776448775805, 21.576253720574815 ], [ -157.880610279635249, 21.576160835258911 ], [ -157.88043026619718, 21.576093281349113 ], [ -157.880255487861831, 21.576016148714565 ], [ -157.880087855820676, 21.57592594241294 ], [ -157.879938723580835, 21.575801887988806 ], [ -157.87976698652227, 21.575719192447579 ], [ -157.879591173585936, 21.575643952886526 ], [ -157.879419649495645, 21.57556086817355 ], [ -157.879256475687271, 21.57546250647405 ], [ -157.879098713411508, 21.575354242998721 ], [ -157.878933917840527, 21.575258849417551 ], [ -157.878754418712276, 21.575190354094609 ], [ -157.878575646615189, 21.575120530095635 ], [ -157.878406994000642, 21.57503219251182 ], [ -157.878227943087921, 21.574962879391439 ], [ -157.877858562166068, 21.575241774769719 ], [ -157.877684551401899, 21.575163239937147 ], [ -157.8775246296494, 21.575058929000019 ], [ -157.877376435091264, 21.574933164995457 ], [ -157.877270111665183, 21.574816397071832 ], [ -157.877125299231636, 21.57469447061068 ], [ -157.876994853870059, 21.574561078590509 ], [ -157.876872646549174, 21.574421111245229 ], [ -157.876747286018258, 21.574283661941784 ], [ -157.876604489057257, 21.574160127087591 ], [ -157.876458059821857, 21.574039490941075 ], [ -157.876317252575234, 21.573914369397535 ], [ -157.876191367277414, 21.57377733803893 ], [ -157.876063456045841, 21.573641924417977 ], [ -157.875937919116666, 21.573504615184973 ], [ -157.875825706487092, 21.573356673623593 ], [ -157.875714850688524, 21.573207648969262 ], [ -157.875582168962495, 21.573076042151946 ], [ -157.875432526044762, 21.572957971637052 ], [ -157.875307898900786, 21.572819937272783 ], [ -157.875189830516376, 21.572676669590269 ], [ -157.875106045402077, 21.572506832003729 ], [ -157.875057387667567, 21.572371222919919 ], [ -157.875043260805825, 21.57219020216754 ], [ -157.875051331835351, 21.572009657439061 ], [ -157.875082639688173, 21.571829611101521 ], [ -157.875182591879337, 21.571651037347152 ], [ -157.875164623634589, 21.571469933735969 ], [ -157.87519453587521, 21.571289857155481 ], [ -157.875215785424786, 21.571109595600134 ], [ -157.875243603073301, 21.57092947414089 ], [ -157.875252586217698, 21.570748949073735 ], [ -157.875253596214804, 21.570568252730919 ], [ -157.875227599797711, 21.570386977463443 ], [ -157.875195994172913, 21.570205581207119 ], [ -157.875216219946083, 21.570025297353503 ], [ -157.875240011678557, 21.569845089060099 ], [ -157.875246433890538, 21.569664508736444 ], [ -157.875232204529169, 21.569483486349192 ], [ -157.875192380729118, 21.569301913542983 ], [ -157.875150563024221, 21.569120299259765 ], [ -157.875096473508478, 21.568938420526351 ], [ -157.875067962072649, 21.568757091197508 ], [ -157.875067747774693, 21.568576368487896 ], [ -157.875052184211711, 21.568395317191502 ], [ -157.875047532963094, 21.568214499472436 ], [ -157.875048115279327, 21.568033793875287 ], [ -157.875058760108232, 21.567853304371841 ], [ -157.875078580030305, 21.567673011416328 ], [ -157.875102545210126, 21.567492806967039 ], [ -157.875115525679035, 21.567312367542709 ], [ -157.87513554820174, 21.567132078641883 ], [ -157.875164203079436, 21.566951975388857 ], [ -157.875198742202485, 21.5667719985735 ], [ -157.875220721770518, 21.566591751764719 ], [ -157.875220579573607, 21.566411030393471 ], [ -157.87521023493241, 21.566230091086776 ], [ -157.875230190497177, 21.566049800786928 ], [ -157.875244644078265, 21.565869392937433 ], [ -157.87524191210349, 21.565688616126003 ], [ -157.875231791462824, 21.565507681028695 ], [ -157.87523149372376, 21.565326956777689 ], [ -157.875239573375268, 21.565146411932879 ], [ -157.875228470266705, 21.564971276193528 ] ] } },
{ "type": "Feature", "properties": { "objectid": 34, "island": "Oahu", "st_lengthshape": 793.33504910061765 }, "geometry": { "type": "LineString", "coordinates": [ [ -157.876454759866675, 21.558134370248752 ], [ -157.876397846120085, 21.557947774292817 ], [ -157.87631991846871, 21.55777616369755 ], [ -157.876222445148386, 21.557618493191161 ], [ -157.876112684640589, 21.557469585649049 ], [ -157.875980918920447, 21.557336371264377 ], [ -157.875843403017939, 21.557207257273635 ], [ -157.875692946472896, 21.557087372414195 ], [ -157.875536866117471, 21.556979247592302 ], [ -157.875276414896661, 21.556815082892097 ], [ -157.875108345038853, 21.556725257797307 ], [ -157.874934275304724, 21.556646986886157 ], [ -157.874761449692841, 21.556566321215257 ], [ -157.874586070716674, 21.556490574183222 ], [ -157.874409446045064, 21.556417224253405 ], [ -157.87423445662381, 21.556340725174106 ], [ -157.874058657689005, 21.556265786904362 ], [ -157.873879192791719, 21.556197907065712 ], [ -157.873698084179381, 21.556133192205511 ], [ -157.873517045328498, 21.55606834392551 ], [ -157.873334506854462, 21.556006382447151 ], [ -157.873149146342513, 21.555949858091459 ], [ -157.872963622301228, 21.555893645900451 ], [ -157.872700037322176, 21.555822727983099 ], [ -157.872494164633281, 21.555766415598068 ], [ -157.872289836040721, 21.555718746981846 ], [ -157.872087068175603, 21.555679814395795 ], [ -157.871886458065575, 21.555652953537955 ], [ -157.871686573727231, 21.555630152611467 ], [ -157.871488740594998, 21.55561883098953 ], [ -157.871291983040379, 21.555613529290927 ], [ -157.871097333992537, 21.555620028896392 ], [ -157.870904432464897, 21.555636304706589 ], [ -157.870712907202858, 21.555660287285786 ], [ -157.870521879874047, 21.555687052705338 ], [ -157.870331725281773, 21.55571870385646 ], [ -157.87014175476591, 21.55575139040085 ], [ -157.869952245141519, 21.555786650858543 ], [ -157.869763761837021, 21.555827659011491 ] ] } },
{ "type": "Feature", "properties": { "objectid": 35, "island": "Oahu", "st_lengthshape": 885.40154021633703 }, "geometry": { "type": "LineString", "coordinates": [ [ -157.864181388232794, 21.560169519478716 ], [ -157.863993373709945, 21.560123406202482 ], [ -157.86381141637861, 21.560062646955441 ], [ -157.863632481839431, 21.559994579051331 ], [ -157.863452386074044, 21.559929317051946 ], [ -157.863269977481224, 21.559869647234652 ], [ -157.86308634264563, 21.559812944571725 ], [ -157.862905535740907, 21.559749404396992 ], [ -157.862726821561296, 21.559680802253517 ], [ -157.86254296573037, 21.559624635909771 ], [ -157.862366143640941, 21.559551460777772 ], [ -157.862199022729584, 21.559454825128256 ], [ -157.862015781607795, 21.559397171849021 ], [ -157.861839837084091, 21.55932187381983 ], [ -157.861660377885414, 21.559255075840071 ], [ -157.861479793833325, 21.559190997273731 ], [ -157.861313022374958, 21.559093520307965 ], [ -157.86115148260987, 21.558983393758119 ], [ -157.860985706730048, 21.558883510371142 ], [ -157.860825006072588, 21.558771354856987 ], [ -157.860652647725004, 21.558687390580182 ], [ -157.86047772158031, 21.558609633722625 ], [ -157.860303349797618, 21.55853053535521 ], [ -157.860124855970895, 21.55846140535143 ], [ -157.859937331371839, 21.558414112968922 ], [ -157.8597514310203, 21.558362890976763 ], [ -157.859566678495952, 21.558308895149032 ], [ -157.859384880995918, 21.558247755593374 ], [ -157.859200581558298, 21.558192663968114 ], [ -157.859010757333579, 21.558150930444761 ], [ -157.858818605305885, 21.558114827756757 ], [ -157.858622797640237, 21.558087562810808 ], [ -157.858427814919338, 21.558058303219436 ], [ -157.858237451708817, 21.558017875028288 ], [ -157.858051786804879, 21.557966086375984 ], [ -157.857870885221672, 21.557902778731307 ], [ -157.857689814473957, 21.557839883480987 ], [ -157.857507188662083, 21.557780746251741 ], [ -157.857324521664907, 21.557721708819432 ], [ -157.857141365609209, 21.557663853967121 ], [ -157.85696444056029, 21.557590936352714 ], [ -157.856790205920277, 21.557511511947823 ], [ -157.856616209685853, 21.557431511747279 ], [ -157.856432468629805, 21.55737507132319 ], [ -157.85624674671331, 21.557324098774192 ] ] } },
{ "type": "Feature", "properties": { "objectid": 36, "island": "Oahu", "st_lengthshape": 3171.1961719113428 }, "geometry": { "type": "LineString", "coordinates": [ [ -157.854777374051366, 21.557620499661219 ], [ -157.854607276349014, 21.557534849201954 ], [ -157.854445340193593, 21.557434280371456 ], [ -157.854267532246979, 21.557362724298937 ], [ -157.85408714283588, 21.557295885771758 ], [ -157.85390957725329, 21.557223886536047 ], [ -157.853733208134855, 21.557149701054442 ], [ -157.853556850968516, 21.557075492890082 ], [ -157.8533843140915, 21.556994300658644 ], [ -157.853217784314211, 21.556902132059932 ], [ -157.853057750606354, 21.556798088008577 ], [ -157.852903843870621, 21.556695581962778 ], [ -157.852811030310193, 21.556632839948428 ], [ -157.852655834911701, 21.556524788047547 ], [ -157.852506361366267, 21.556410356943864 ], [ -157.852361848793748, 21.556290396907041 ], [ -157.852226546771561, 21.556160169216106 ], [ -157.852109611037662, 21.556009469221991 ], [ -157.851978105075233, 21.555875009894045 ], [ -157.851839023793957, 21.555748995403903 ], [ -157.851697685468281, 21.555625498310356 ], [ -157.851555211151236, 21.555507474034471 ], [ -157.85147354798778, 21.55544873329405 ], [ -157.851352936088375, 21.555307258907781 ], [ -157.85123427463455, 21.555164491607286 ], [ -157.851113087540938, 21.555023399739245 ], [ -157.850990536787464, 21.554883212601734 ], [ -157.850938643565598, 21.554696152307187 ], [ -157.850783649171035, 21.55457748824405 ], [ -157.850653398227507, 21.554442408751747 ], [ -157.850539150149984, 21.554296714689116 ], [ -157.850429651161249, 21.554147868920829 ], [ -157.850310053795681, 21.55400572330457 ], [ -157.850187868675505, 21.553865294232697 ], [ -157.850073703054647, 21.553719544435335 ], [ -157.84996381956995, 21.553570955000346 ], [ -157.849855278832109, 21.553421475005116 ], [ -157.849746265569905, 21.553272307864493 ], [ -157.849637882537394, 21.553122722229588 ], [ -157.849528729917665, 21.552973648850553 ], [ -157.849417713714701, 21.552825811002645 ], [ -157.849302692486532, 21.552680630261197 ], [ -157.849185969794121, 21.552536577755451 ], [ -157.849074465011455, 21.552389064247937 ], [ -157.848966213374723, 21.552239392394956 ], [ -157.848859623846664, 21.552088618097663 ], [ -157.848744120318798, 21.551943757077616 ], [ -157.84862603001838, 21.551800612591116 ], [ -157.84850523355388, 21.551659263304913 ], [ -157.848394459119191, 21.551511266602652 ], [ -157.84828440912716, 21.551368286743156 ], [ -157.848168106905348, 21.551245720467485 ], [ -157.84802490412045, 21.551124360327062 ], [ -157.847902756088246, 21.55098262278387 ], [ -157.847783440920068, 21.550838144033822 ], [ -157.84764795147683, 21.550709319043683 ], [ -157.847507917997831, 21.5505848917675 ], [ -157.847368135806249, 21.550460222207935 ], [ -157.847231399594591, 21.550332604218443 ], [ -157.84709960274887, 21.550206710489899 ], [ -157.847054012633151, 21.550163509455295 ], [ -157.846925755847764, 21.550026285605039 ], [ -157.846867348939128, 21.549845752077776 ], [ -157.846798645423689, 21.5496816148666 ], [ -157.846795003635862, 21.549670911825707 ], [ -157.846751284220687, 21.549494783517659 ], [ -157.846707428547262, 21.549318680453734 ], [ -157.846671205428549, 21.549141218209492 ], [ -157.846640429451469, 21.548962784574044 ], [ -157.846610936727075, 21.548784123126367 ], [ -157.846573780691415, 21.548606826046147 ], [ -157.846536043569699, 21.548429633341833 ], [ -157.846538932909851, 21.54824942620164 ], [ -157.846528369231407, 21.548208838713208 ], [ -157.846509430471855, 21.548020594120324 ], [ -157.846509928715022, 21.547836139038228 ], [ -157.846535625548768, 21.54765659737 ], [ -157.846569160699772, 21.547478585122747 ], [ -157.846605795451069, 21.547301176075408 ], [ -157.846647468641919, 21.547124750406176 ], [ -157.846684759572469, 21.546949936736297 ], [ -157.846708649270369, 21.546707720131103 ], [ -157.846693919981334, 21.546527475993589 ], [ -157.846668751680653, 21.546348307830939 ], [ -157.846643645610129, 21.546169946804557 ], [ -157.846439201131318, 21.545807705966876 ], [ -157.846357632867523, 21.545633699683034 ], [ -157.846246069406504, 21.545484709763375 ], [ -157.846119154201773, 21.545348520915226 ], [ -157.845985740346094, 21.545217752399783 ], [ -157.845872495646347, 21.545080831403091 ], [ -157.845810381167041, 21.544974502818643 ], [ -157.845740915623196, 21.544804323606595 ], [ -157.845681039108115, 21.544629323508328 ], [ -157.845621493314184, 21.544454156749477 ], [ -157.845502240042549, 21.544309006670627 ], [ -157.845384680634425, 21.544163005521689 ], [ -157.845241061632635, 21.544030105204882 ], [ -157.845137013465063, 21.543881154903893 ], [ -157.845018026995035, 21.543736695625139 ], [ -157.844894164581319, 21.54359808434489 ], [ -157.844766927950303, 21.54346211997008 ], [ -157.844627711421651, 21.543335554290355 ], [ -157.844474615425412, 21.543226348174002 ], [ -157.844227326467802, 21.543070920343297 ], [ -157.844061337603591, 21.542978289903935 ], [ -157.843892637226276, 21.542890337135937 ], [ -157.843722763246376, 21.542804413168984 ], [ -157.843549202688479, 21.542724848498718 ], [ -157.843380872963536, 21.542636259119739 ], [ -157.843218623871309, 21.542537174834617 ], [ -157.843057645705301, 21.542435898603582 ], [ -157.842882456945034, 21.542359145908488 ], [ -157.842707878274126, 21.542281341228463 ], [ -157.842532024483972, 21.542206309001457 ], [ -157.842406517419846, 21.542071115574966 ], [ -157.842303379476931, 21.541917264646379 ], [ -157.842162711136496, 21.54176773137873 ], [ -157.842074064743457, 21.541605034848487 ], [ -157.842011844963395, 21.541433999373343 ], [ -157.84196274171282, 21.541258825374729 ], [ -157.841915463244561, 21.541083075939632 ], [ -157.84185799283793, 21.540910542178487 ], [ -157.841803509798893, 21.540737065248909 ], [ -157.841749140124961, 21.54056355385881 ], [ -157.841693826782858, 21.540390339431006 ], [ -157.841635604745875, 21.540218042482884 ], [ -157.841584477246812, 21.540043507458634 ], [ -157.841537408646985, 21.539867691628817 ], [ -157.841492066082537, 21.539691330396128 ], [ -157.841461029515898, 21.539510455915877 ], [ -157.841433638453452, 21.539328431467116 ], [ -157.84139456676229, 21.539150092024361 ], [ -157.841356296768339, 21.538980122456262 ], [ -157.841271650743522, 21.538756171340044 ], [ -157.841214681597137, 21.538579557618878 ], [ -157.841139325805472, 21.538412268100803 ], [ -157.841070486878493, 21.538241674134206 ], [ -157.840952030250548, 21.538096244742881 ], [ -157.840859762958416, 21.537944079267845 ], [ -157.840825173621653, 21.537865797539681 ], [ -157.840764528006787, 21.537693622589906 ], [ -157.84074777670449, 21.537511570806711 ], [ -157.840690888219655, 21.537338550191858 ], [ -157.840578153127154, 21.537178096613889 ], [ -157.840511285554754, 21.537007322820873 ], [ -157.840438307848331, 21.536844732624939 ], [ -157.840334395091929, 21.536592679665581 ], [ -157.840264344927988, 21.536414333279048 ], [ -157.840187169038813, 21.536241236494451 ], [ -157.840090094865474, 21.536082797626705 ], [ -157.83998340480494, 21.53593144201793 ], [ -157.839885741509391, 21.53577343798321 ], [ -157.839770471111564, 21.535628403987545 ], [ -157.83960583851669, 21.535519732310775 ], [ -157.839470380752658, 21.535389569004181 ], [ -157.83934581063275, 21.535251386243509 ], [ -157.839207938884641, 21.535123001843036 ], [ -157.839040396533107, 21.535016473867632 ], [ -157.8388889830523, 21.534904802188823 ] ] } },
{ "type": "Feature", "properties": { "objectid": 37, "island": "Oahu", "st_lengthshape": 154.88434250075633 }, "geometry": { "type": "LineString", "coordinates": [ [ -157.837465868945515, 21.532350564102998 ], [ -157.837315482745794, 21.532237206256656 ], [ -157.837171199058787, 21.53211654460593 ], [ -157.837031414327811, 21.531990499395157 ], [ -157.8368873068178, 21.531876872387844 ], [ -157.836782436003631, 21.531798765671908 ], [ -157.836633143976115, 21.531667697963808 ], [ -157.836521121194551, 21.53151853897706 ], [ -157.836435092291964, 21.531357356678356 ] ] } },
{ "type": "Feature", "properties": { "objectid": 38, "island": "Oahu", "st_lengthshape": 538.5273374485472 }, "geometry": { "type": "LineString", "coordinates": [ [ -157.836428199746166, 21.530837550537907 ], [ -157.836335855450841, 21.530678853586892 ], [ -157.836230998756321, 21.53052677864482 ], [ -157.836127869118911, 21.530373789735478 ], [ -157.836027041493253, 21.530219583727092 ], [ -157.835926630037619, 21.530065156530842 ], [ -157.835833064092242, 21.529907106650203 ], [ -157.835743591956543, 21.52974688919506 ], [ -157.835624540760762, 21.529602328460832 ], [ -157.835543434626629, 21.529437684057552 ], [ -157.835466591943657, 21.52927078294514 ], [ -157.835405147420488, 21.529095732473078 ], [ -157.835341849191906, 21.528921662748711 ], [ -157.835270034276647, 21.528752100992168 ], [ -157.835203151789841, 21.528579928572267 ], [ -157.835141970592389, 21.528404738924902 ], [ -157.835063536808661, 21.528238680222412 ], [ -157.834966487624826, 21.528084606612442 ], [ -157.834879357585777, 21.527967630485417 ], [ -157.834791759170372, 21.527800456146931 ], [ -157.834715877562502, 21.527630924494847 ], [ -157.834652817074783, 21.527458813800198 ], [ -157.834607559838304, 21.527283119996813 ], [ -157.834583583224969, 21.527103145591159 ], [ -157.834548027421448, 21.526925500497246 ], [ -157.83452928255727, 21.526744473158086 ], [ -157.834490095694662, 21.526567557906422 ], [ -157.834429991134527, 21.526401383957289 ] ] } },
{ "type": "Feature", "properties": { "objectid": 39, "island": "Oahu", "st_lengthshape": 380.96556122045041 }, "geometry": { "type": "LineString", "coordinates": [ [ -157.83477146516887, 21.526120017353151 ], [ -157.834762633697409, 21.525939214622777 ], [ -157.834769508828487, 21.5257586173276 ], [ -157.834803524320904, 21.525578378476951 ], [ -157.834826257464016, 21.525397990369182 ], [ -157.834838234421426, 21.525217460297906 ], [ -157.834813609476299, 21.525036449707926 ], [ -157.834788787651178, 21.524855435931375 ], [ -157.834775479765796, 21.524674573915568 ], [ -157.834801881122871, 21.524494233986701 ], [ -157.834779870496078, 21.52431325789825 ], [ -157.834760899836738, 21.524132321099881 ], [ -157.834774391333667, 21.5239518115187 ], [ -157.834807880174651, 21.523771564419285 ], [ -157.834829083788208, 21.523591156549443 ], [ -157.834847953109318, 21.523410717919198 ], [ -157.834845891571376, 21.52323000305859 ], [ -157.834834714190094, 21.523049169442281 ], [ -157.834821884147942, 21.522868313443183 ], [ -157.834811361298591, 21.522696448544355 ] ] } },
{ "type": "Feature", "properties": { "objectid": 40, "island": "Oahu", "st_lengthshape": 483.58753561208908 }, "geometry": { "type": "LineString", "coordinates": [ [ -157.835369821639148, 21.522467101686775 ], [ -157.835396759177968, 21.522287890014251 ], [ -157.835425395748786, 21.522108809432421 ], [ -157.835451213894146, 21.521929512237342 ], [ -157.835475131193675, 21.521750069876166 ], [ -157.835497425535664, 21.521570503259763 ], [ -157.835525608324048, 21.521391386948235 ], [ -157.835552551191824, 21.521212176154105 ], [ -157.835591731209746, 21.521033901703742 ], [ -157.835626447720756, 21.520855285336658 ], [ -157.835637506960126, 21.520674859774097 ], [ -157.835631894535396, 21.520493157966825 ], [ -157.835595183132284, 21.520309076518096 ], [ -157.835588295222038, 21.520127277275197 ], [ -157.835536999332362, 21.519942080476635 ], [ -157.835597608146998, 21.519765445152579 ], [ -157.835596791013188, 21.519584111030344 ], [ -157.835616344587805, 21.519404334602719 ], [ -157.835615748365456, 21.519223016467343 ], [ -157.835615224492869, 21.519041704253219 ], [ -157.835622593958107, 21.518860995447668 ], [ -157.835614438188657, 21.518679099705096 ], [ -157.835593018833407, 21.518496188183224 ], [ -157.835576046439087, 21.518313617536883 ], [ -157.835577283246948, 21.518138636676216 ] ] } },
{ "type": "Feature", "properties": { "objectid": 41, "island": "Oahu", "st_lengthshape": 2288.2158639079616 }, "geometry": { "type": "LineString", "coordinates": [ [ -157.836736567939624, 21.517574739071051 ], [ -157.836769855149413, 21.517393330865755 ], [ -157.836780523643625, 21.517212393770166 ], [ -157.836785845707823, 21.517031568467861 ], [ -157.836785097183594, 21.516850869787884 ], [ -157.836792646785142, 21.516669997667332 ], [ -157.836789379052135, 21.516489351887429 ], [ -157.836797496358571, 21.516308468356971 ], [ -157.836802238010478, 21.516127654346111 ], [ -157.836798543463203, 21.515947017324805 ], [ -157.83679152350453, 21.515766449271382 ], [ -157.836783031059554, 21.515585912508907 ], [ -157.836777337800953, 21.515405316655404 ], [ -157.836765479423008, 21.5152248494785 ], [ -157.836735993762176, 21.515044749994527 ], [ -157.836694342094546, 21.514864904488181 ], [ -157.83669923172468, 21.514687330075613 ], [ -157.836775738423484, 21.51426700624738 ], [ -157.83686152907805, 21.514063944049774 ], [ -157.836894018281583, 21.513872027537861 ], [ -157.836899857803843, 21.513685681633021 ], [ -157.836886814676802, 21.513503284700334 ], [ -157.836850337317316, 21.513325786992059 ], [ -157.836823431381475, 21.513146288144195 ], [ -157.836803606821348, 21.512965308317231 ], [ -157.836773368719463, 21.512786506229798 ], [ -157.836754954124046, 21.512605231781293 ], [ -157.836701351640528, 21.512431314928374 ], [ -157.836640353723311, 21.51225894368908 ], [ -157.836592947963396, 21.512083731186419 ], [ -157.83654541273026, 21.511908545773348 ], [ -157.836517257026316, 21.511729308270265 ], [ -157.836491165900782, 21.511549638883341 ], [ -157.836459131724581, 21.51137121266914 ], [ -157.836422327482921, 21.511193783048959 ], [ -157.836399729281027, 21.511013383671695 ], [ -157.836373694465436, 21.510833702910613 ], [ -157.836330054834008, 21.510657702643485 ], [ -157.83629295402244, 21.510480335065527 ], [ -157.836283847984134, 21.510372473900457 ], [ -157.836602031497193, 21.510063814449762 ], [ -157.836767383607082, 21.509933999114093 ], [ -157.836946045485973, 21.509856298871071 ], [ -157.837118909236636, 21.509755895120218 ], [ -157.837279046758596, 21.509605666434425 ], [ -157.837445753401255, 21.509481158998071 ], [ -157.837630908015825, 21.509428885274005 ], [ -157.83782551934047, 21.509413638689338 ], [ -157.838020118438806, 21.509398347525728 ], [ -157.838206654679226, 21.509351481326259 ], [ -157.838380109628304, 21.509253400184505 ], [ -157.838543749711164, 21.50911688971884 ], [ -157.838696092739127, 21.508936147211131 ], [ -157.838850504504819, 21.508763505031581 ], [ -157.839030714364299, 21.5086918730462 ], [ -157.839197121728802, 21.508566201737644 ], [ -157.839362218045181, 21.508435398103614 ], [ -157.839536358389068, 21.50834000527054 ], [ -157.839718967060435, 21.508277769813603 ], [ -157.839898482163335, 21.50820341918795 ], [ -157.840068684848461, 21.508092612146498 ], [ -157.840233867874133, 21.507962153284268 ], [ -157.840399868950556, 21.507834894257879 ], [ -157.840577023723455, 21.507751307538122 ], [ -157.840755699757011, 21.507673679903341 ], [ -157.840944356547851, 21.507635127249973 ], [ -157.841144041025842, 21.507639748198894 ], [ -157.841354118530148, 21.507685060357144 ], [ -157.841574999331272, 21.50777267183469 ], [ -157.841793549944526, 21.507851154526652 ], [ -157.842009574572103, 21.507919750054935 ], [ -157.842224275459415, 21.507983159795312 ], [ -157.842430840712808, 21.508014717688912 ], [ -157.842627419042742, 21.508007176703842 ], [ -157.842814370802159, 21.507961945921284 ], [ -157.842991514179744, 21.507878316765577 ], [ -157.843177771844978, 21.50783036882375 ], [ -157.843373117700395, 21.507818000711961 ], [ -157.843567608617548, 21.507802287575142 ], [ -157.843757309974876, 21.50776782401682 ], [ -157.843940659862369, 21.507708491517587 ], [ -157.844115976393397, 21.507617714528109 ], [ -157.844291520256206, 21.507527827839901 ], [ -157.844466993710796, 21.507437662231109 ], [ -157.844635364426921, 21.507319693787547 ], [ -157.844795964679577, 21.507171308055778 ], [ -157.844964553952224, 21.507054196263319 ], [ -157.84513452694955, 21.506942503271006 ], [ -157.8453045090736, 21.506830844485691 ], [ -157.845472424278768, 21.506711096854513 ], [ -157.845627140491075, 21.506539682276838 ], [ -157.845808801681812, 21.506473744926815 ], [ -157.845955842378885, 21.50627228488888 ], [ -157.846108910428285, 21.506094417357261 ], [ -157.846270243883055, 21.505948910589982 ], [ -157.846436121503501, 21.505821192703063 ], [ -157.846580672592609, 21.505609989098556 ], [ -157.846759382416138, 21.505532509507528 ], [ -157.846957932409083, 21.505532691732093 ], [ -157.847156654694032, 21.505533551538576 ], [ -157.847355964166582, 21.505536707026788 ], [ -157.847554825089361, 21.505538107535369 ], [ -157.847745746740401, 21.505508428376135 ], [ -157.847923747936647, 21.505428173771559 ], [ -157.848103329690559, 21.505354108062196 ], [ -157.848301869233524, 21.50535424705145 ], [ -157.848522741849678, 21.505441813189748 ] ] } },
{ "type": "Feature", "properties": { "objectid": 42, "island": "Oahu", "st_lengthshape": 620.31431845764041 }, "geometry": { "type": "LineString", "coordinates": [ [ -157.764011811056463, 21.46144843023729 ], [ -157.7640280897389, 21.461260224251227 ], [ -157.764008041253874, 21.461079414840214 ], [ -157.763990938289055, 21.460898006582184 ], [ -157.763955801532916, 21.460725344189662 ], [ -157.763682483598728, 21.46010189622611 ], [ -157.763545808258073, 21.459969706300708 ], [ -157.763395170527076, 21.459856136102115 ], [ -157.763210448200823, 21.459788019287789 ], [ -157.763053765568458, 21.459682511762562 ], [ -157.762914965474778, 21.459553154840961 ], [ -157.762771211436728, 21.45943040538695 ], [ -157.76261641321662, 21.459322382907942 ], [ -157.762443599176009, 21.459238388284767 ], [ -157.762267574300353, 21.459158674244232 ], [ -157.762090253489845, 21.459080688500222 ], [ -157.761915460727693, 21.45899933187852 ], [ -157.761744565352927, 21.458912778895691 ], [ -157.761576968126775, 21.458821826408055 ], [ -157.761406400147479, 21.458734835581762 ], [ -157.76122965813795, 21.458656079066724 ], [ -157.761045566981949, 21.458587121792608 ], [ -157.760867665853624, 21.458509911909751 ], [ -157.760710609621071, 21.458404902701506 ], [ -157.760568455368485, 21.458280021443652 ], [ -157.760381842998527, 21.458214427870427 ], [ -157.760203649900973, 21.458137607204986 ], [ -157.760038347233206, 21.45804359611407 ], [ -157.759877556763939, 21.457945067190554 ] ] } },
{ "type": "Feature", "properties": { "objectid": 43, "island": "Oahu", "st_lengthshape": 1479.2504098183128 }, "geometry": { "type": "LineString", "coordinates": [ [ -157.756303380832065, 21.456584954540229 ], [ -157.756130309830326, 21.456492953393123 ], [ -157.755950984601469, 21.456422142633176 ], [ -157.755768047933373, 21.456363570635727 ], [ -157.755583013985103, 21.456312106731524 ], [ -157.755395507183636, 21.456269020951268 ], [ -157.755203904974366, 21.45623981260475 ], [ -157.755009945077262, 21.456218593868293 ], [ -157.754819271047751, 21.456186240175427 ], [ -157.754639224537129, 21.456117878007763 ], [ -157.75446274720332, 21.456037420959039 ], [ -157.754289926505976, 21.455944574294726 ], [ -157.754096302026056, 21.455922220591486 ], [ -157.753903074071104, 21.455898522712292 ], [ -157.753716146687111, 21.455853473696124 ], [ -157.75353603954963, 21.455785319503239 ], [ -157.753363406586573, 21.455691838252527 ], [ -157.753187496882674, 21.455609461786647 ], [ -157.753015861943652, 21.455512601843619 ], [ -157.752836367666021, 21.455442371962079 ], [ -157.752652254190906, 21.455387793367837 ], [ -157.752465838639978, 21.455341012361927 ], [ -157.752277160690483, 21.455301899148004 ], [ -157.752091146782817, 21.455253762078073 ], [ -157.751900729204436, 21.455220542530249 ], [ -157.751717125138697, 21.455164241316986 ], [ -157.751533824309433, 21.455106910535545 ], [ -157.751349078856265, 21.455054474913954 ], [ -157.751161765955231, 21.455010735525818 ], [ -157.750975653476644, 21.454962934363493 ], [ -157.750791584154001, 21.454908205949426 ], [ -157.750609053136316, 21.454848271031135 ], [ -157.750427878655898, 21.454783738926476 ], [ -157.750253540854175, 21.454696043214106 ], [ -157.750087183508583, 21.454581310734604 ], [ -157.749920859247965, 21.454466463619546 ], [ -157.7497469832158, 21.454377205335316 ], [ -157.749568975634929, 21.454301946046282 ], [ -157.749391145116135, 21.454226088068726 ], [ -157.749214881863566, 21.454144919043248 ], [ -157.749040485990491, 21.454057422232005 ], [ -157.748861287760832, 21.453986196743269 ], [ -157.748681048273227, 21.453918503539104 ], [ -157.748495589031677, 21.453868491360609 ], [ -157.748303543585337, 21.453840793221975 ], [ -157.74811057605325, 21.453816219002508 ], [ -157.747914611520116, 21.453801799357073 ], [ -157.747717705006153, 21.453790568510691 ], [ -157.747524219917722, 21.453767750390359 ], [ -157.747336434984931, 21.45372561939714 ], [ -157.747151759598268, 21.453672952141524 ], [ -157.746968358330975, 21.453615968955926 ], [ -157.746782762984026, 21.453566423642005 ], [ -157.746594367432039, 21.453526359560854 ], [ -157.746404964298421, 21.453489712348063 ], [ -157.746216616638151, 21.453449490120658 ], [ -157.746031312011837, 21.45339895699372 ], [ -157.745841050626609, 21.453365215143958 ], [ -157.745644129082024, 21.453354036877851 ], [ -157.745443897278619, 21.453354076736698 ], [ -157.745249080632618, 21.453335767336224 ], [ -157.745058662533694, 21.453302557315197 ], [ -157.744869002778699, 21.453266780010296 ], [ -157.744675183113372, 21.453245095261117 ], [ -157.744476178894701, 21.453240972381032 ], [ -157.744275501153282, 21.453242517009173 ], [ -157.74407671163965, 21.45323766625711 ], [ -157.743877659779088, 21.453233704912254 ], [ -157.743678359487035, 21.453230585200156 ], [ -157.743480944480751, 21.453221080034265 ], [ -157.743279578082706, 21.453224958891649 ], [ -157.743082574601743, 21.453214057049291 ], [ -157.742887907654222, 21.453195241065821 ], [ -157.74270594993277, 21.453145640945731 ] ] } },
{ "type": "Feature", "properties": { "objectid": 44, "island": "Oahu", "st_lengthshape": 111.33015395901076 }, "geometry": { "type": "LineString", "coordinates": [ [ -157.740462539358276, 21.453763131804848 ], [ -157.740248620554581, 21.453824670306464 ], [ -157.740008468229291, 21.453863703513406 ], [ -157.739803045798055, 21.453932528643058 ], [ -157.739652767187891, 21.454048659375051 ], [ -157.73956609562336, 21.454210811808775 ] ] } },
{ "type": "Feature", "properties": { "objectid": 45, "island": "Oahu", "st_lengthshape": 3611.5250061769143 }, "geometry": { "type": "LineString", "coordinates": [ [ -157.744234627705396, 21.422467797756923 ], [ -157.744283283420373, 21.422292950511761 ], [ -157.744312954014731, 21.422113743142859 ], [ -157.744320852039664, 21.421929535063146 ], [ -157.74433242585755, 21.421763823719147 ], [ -157.744353173765035, 21.421562767633947 ], [ -157.74436890996401, 21.421380974252035 ], [ -157.74436719534296, 21.421200107893373 ], [ -157.744353893522117, 21.421019858394981 ], [ -157.744331059453032, 21.420840115592302 ], [ -157.74430893195418, 21.420660334720242 ], [ -157.744293333059687, 21.420480207109975 ], [ -157.744273192971065, 21.420300320077082 ], [ -157.744256326839661, 21.420120259745911 ], [ -157.744245601269881, 21.419939873256681 ], [ -157.744239721928722, 21.419759228596241 ], [ -157.744229212586617, 21.41957883017092 ], [ -157.744214415901638, 21.419398659771932 ], [ -157.744197962020849, 21.419218577219894 ], [ -157.744180764976107, 21.419038534261368 ], [ -157.744145106147045, 21.418817135305147 ], [ -157.744113614815234, 21.418653429041683 ], [ -157.744065178976996, 21.418478535007349 ], [ -157.744008851854005, 21.418305650493966 ], [ -157.743949306237539, 21.418133584668613 ], [ -157.743885672940507, 21.417962559561595 ], [ -157.743817731543857, 21.41779263042779 ], [ -157.743782894880127, 21.417614276337908 ], [ -157.743750451221871, 21.417435312348921 ], [ -157.743722097351281, 21.417255307635269 ], [ -157.743703991032675, 21.41707269497125 ], [ -157.743677909326749, 21.416892111971347 ], [ -157.743628505702816, 21.416717465311912 ], [ -157.74359301685098, 21.416539276121931 ], [ -157.743543814523036, 21.416364578554234 ], [ -157.743485916636359, 21.416192093131958 ], [ -157.743430436913314, 21.416018992572248 ], [ -157.743387434223877, 21.415842717217796 ], [ -157.743338799869207, 21.415667873897899 ], [ -157.743285298606281, 21.415494270508727 ], [ -157.743237919406027, 21.415319107753621 ], [ -157.743200908517821, 21.415141307258128 ], [ -157.743157957555638, 21.414965017783523 ], [ -157.743107712014194, 21.414790585089357 ], [ -157.743046999780404, 21.414618816465332 ], [ -157.742978522178902, 21.414449024836095 ], [ -157.742899899902909, 21.414281814757715 ], [ -157.742870063406514, 21.414102188128808 ], [ -157.742877595394361, 21.413913049431688 ], [ -157.742815779631002, 21.413741562432357 ], [ -157.742740870445516, 21.41357340722891 ], [ -157.742675542539729, 21.413402813452109 ], [ -157.742641556886298, 21.413224242392317 ], [ -157.742607835238744, 21.413045604651131 ], [ -157.742571577724249, 21.412867611843428 ], [ -157.742501685010382, 21.412698180704215 ], [ -157.742421251357371, 21.412531431100209 ], [ -157.742350211366045, 21.412362291210655 ], [ -157.742273086447568, 21.412194700957468 ], [ -157.742224930062662, 21.412019737174024 ], [ -157.742191853021524, 21.411840934363788 ], [ -157.742172876803693, 21.411742284125342 ], [ -157.742116294212423, 21.411568427819972 ], [ -157.742043115973644, 21.411401236573404 ], [ -157.741980244416339, 21.41122990578716 ], [ -157.741942893868526, 21.411048326442163 ], [ -157.741858991382259, 21.410885441331398 ], [ -157.741732745050342, 21.410739561989612 ], [ -157.741636205493933, 21.410581751823841 ], [ -157.741545530377266, 21.4104215872261 ], [ -157.741465967309097, 21.410256959423887 ], [ -157.741393967501239, 21.410089295285651 ], [ -157.741348435282987, 21.409911001329551 ], [ -157.741283935924173, 21.409740324767363 ], [ -157.741221013595322, 21.409569015029497 ], [ -157.741165014612221, 21.409394925241319 ], [ -157.741095341653732, 21.409226326326472 ], [ -157.741020009866105, 21.409060000187772 ], [ -157.740947509668416, 21.408892536280753 ], [ -157.740876371606191, 21.408724526109928 ], [ -157.740797048240978, 21.408559803169044 ], [ -157.740714274114652, 21.408396465314883 ], [ -157.740615529058488, 21.4082395423201 ], [ -157.740521592283045, 21.408080687888749 ], [ -157.740449560633266, 21.407913035800078 ], [ -157.740406096776866, 21.407733912522083 ], [ -157.740317244275218, 21.407629877758964 ], [ -157.740185642925411, 21.407494072051016 ], [ -157.740059938898185, 21.40735476940948 ], [ -157.739943422985846, 21.407210018939441 ], [ -157.739838145855344, 21.407058605701259 ], [ -157.739769987884642, 21.406885182004686 ], [ -157.739654556616017, 21.406739789089674 ], [ -157.739544291559497, 21.406591332815808 ], [ -157.739458246143585, 21.406428515437025 ], [ -157.739422566248464, 21.406235836848889 ], [ -157.739354590413967, 21.406062305970082 ], [ -157.739242442240908, 21.405914965459772 ], [ -157.739116148959056, 21.405776013670017 ], [ -157.739014826672872, 21.405622254785516 ], [ -157.73891897790034, 21.40546525150727 ], [ -157.738812209852398, 21.405314722606196 ], [ -157.738742028828284, 21.405218554915649 ], [ -157.738676020086075, 21.405136543529988 ], [ -157.738554984520647, 21.404995663401778 ], [ -157.73842672628507, 21.404860693717261 ], [ -157.738302208451159, 21.404722663509901 ], [ -157.738189538935785, 21.40457493631348 ], [ -157.738072222120252, 21.404431012436877 ], [ -157.737960549779785, 21.404282469646926 ], [ -157.737845486251643, 21.404136702573279 ], [ -157.737727443454816, 21.403993372841136 ], [ -157.737595805138767, 21.403861171211538 ], [ -157.737476080217533, 21.403719218016128 ], [ -157.73737339995472, 21.403563316980133 ], [ -157.737287330105602, 21.4033938198824 ], [ -157.737133880307056, 21.403279470220959 ], [ -157.737015114155099, 21.40313673350855 ], [ -157.736896046105926, 21.402994243771666 ], [ -157.736772717415164, 21.402855242242644 ], [ -157.736650470202363, 21.402715355358257 ], [ -157.736529331668464, 21.402574560741876 ], [ -157.736406820681282, 21.402434889416234 ], [ -157.736287439984096, 21.402292657094701 ], [ -157.736194754442039, 21.402128576754063 ], [ -157.736088908661117, 21.401975266366801 ], [ -157.73588045639633, 21.40191271872559 ], [ -157.735736994039826, 21.401790413226781 ], [ -157.735591724601875, 21.401670417423929 ], [ -157.735439217394372, 21.401559665184543 ], [ -157.735280634040038, 21.401456672902647 ], [ -157.735114612944358, 21.401363180094211 ], [ -157.734948556952901, 21.401269732033708 ], [ -157.734782451441703, 21.401176346677882 ], [ -157.734624778969135, 21.401072192638317 ], [ -157.734470929111922, 21.400963155751391 ], [ -157.734317614947429, 21.400853435319487 ], [ -157.734237519644068, 21.400798732927885 ], [ -157.734087168713415, 21.400676851066184 ], [ -157.733922640813688, 21.400581203963807 ], [ -157.733760363776071, 21.400481391156276 ], [ -157.733594924700583, 21.400387429760674 ], [ -157.733420591100128, 21.400309927964006 ], [ -157.733237088476187, 21.400249392254025 ], [ -157.733077878497681, 21.400143906313495 ], [ -157.732889545575318, 21.400092308603938 ], [ -157.732707385416887, 21.40002929101567 ], [ -157.732510458670305, 21.399945843248553 ], [ -157.73233307384055, 21.399873749190053 ], [ -157.732154803785306, 21.399803991568437 ], [ -157.731976592125363, 21.399734082441132 ], [ -157.731794897280253, 21.399673360136823 ], [ -157.731613688203396, 21.39961136035399 ], [ -157.731433718112925, 21.399546087854514 ], [ -157.731252907166237, 21.399483037390041 ], [ -157.731071745970894, 21.399420910931276 ], [ -157.730891523672739, 21.399356306250912 ], [ -157.730711182102795, 21.399292016655291 ], [ -157.730529428176197, 21.399231452467504 ], [ -157.730346908401771, 21.399172911231407 ], [ -157.730163355272765, 21.399117098247615 ], [ -157.72997474932356, 21.399074614687017 ], [ -157.729788880748032, 21.39902490853186 ], [ -157.729605720942544, 21.398968055457487 ], [ -157.729426879890042, 21.398899810148162 ], [ -157.729251394237963, 21.39882271007686 ], [ -157.729089363197971, 21.3987101113844 ], [ -157.728911979716088, 21.398638021063746 ], [ -157.728735301242722, 21.398564068666822 ], [ -157.728544969018373, 21.398526142346121 ], [ -157.728350320203191, 21.398499603323014 ], [ -157.728165831028633, 21.398446259927908 ], [ -157.728000911921356, 21.398341285245735 ], [ -157.727836510328927, 21.398234943942935 ], [ -157.727670356802349, 21.398133226127836 ], [ -157.727512477724673, 21.398009677179584 ], [ -157.727338729614758, 21.397927997507697 ], [ -157.72716269944101, 21.397852337477353 ], [ -157.726989091913083, 21.397770286341373 ], [ -157.726809783785853, 21.397703276911894 ], [ -157.726628609130273, 21.39764119177649 ], [ -157.726459778018523, 21.397546541127895 ] ] } },
{ "type": "Feature", "properties": { "objectid": 46, "island": "Oahu", "st_lengthshape": 444.94007598380807 }, "geometry": { "type": "LineString", "coordinates": [ [ -157.725344381277552, 21.396669474435107 ], [ -157.725150367533672, 21.396619450259795 ], [ -157.724989776589069, 21.396519191391292 ], [ -157.724837931002753, 21.396405788191728 ], [ -157.724648841588646, 21.396348363567004 ], [ -157.724460858679237, 21.396289275038363 ], [ -157.724281157843734, 21.396217738726772 ], [ -157.724104552407852, 21.396141550007712 ], [ -157.723925611326081, 21.396068872749826 ], [ -157.723745970658968, 21.395997246910404 ], [ -157.723601115560143, 21.395873336515709 ], [ -157.723453715696223, 21.395753254027461 ], [ -157.723290997296175, 21.395656194266749 ], [ -157.723116698638052, 21.395576538772033 ], [ -157.722937015998554, 21.395504976825453 ], [ -157.722761683701663, 21.395426875007139 ], [ -157.722569960581808, 21.395373409148753 ], [ -157.722002121493546, 21.39542452205669 ], [ -157.721806005725227, 21.395417920512081 ], [ -157.721610179278969, 21.395410107736819 ], [ -157.721414860325098, 21.395400176619162 ] ] } },
{ "type": "Feature", "properties": { "objectid": 47, "island": "Oahu", "st_lengthshape": 2204.0129087126238 }, "geometry": { "type": "LineString", "coordinates": [ [ -157.720240879027614, 21.395722044902826 ], [ -157.720102148613648, 21.395593470973122 ], [ -157.719937816243515, 21.395497947701312 ], [ -157.719773028503994, 21.395403013401069 ], [ -157.719611260312945, 21.395304179632674 ], [ -157.719454270568349, 21.395199177960613 ], [ -157.719298678034903, 21.395092372882797 ], [ -157.719141726788706, 21.394987322447275 ], [ -157.718971690741512, 21.394899163128684 ], [ -157.718801144688058, 21.394811662811652 ], [ -157.718634441530696, 21.394719202461271 ], [ -157.718477878481394, 21.394613650330506 ], [ -157.718306651155416, 21.394527030519075 ], [ -157.718165169615673, 21.394402009541068 ], [ -157.718021196769513, 21.394280203418599 ], [ -157.71786791932314, 21.394170411128414 ], [ -157.717737879789865, 21.394030619811733 ], [ -157.717580147471523, 21.393926578298551 ], [ -157.717396876333765, 21.393855507099559 ], [ -157.717294369082509, 21.393817490308596 ], [ -157.717129452129313, 21.393761233331347 ], [ -157.716937206118615, 21.393726869486738 ], [ -157.716747670999069, 21.393685722098223 ], [ -157.716550078602978, 21.393664730826071 ], [ -157.716343329345847, 21.393666646971543 ], [ -157.71614044677861, 21.393654561553149 ], [ -157.71591736301005, 21.393618861969507 ], [ -157.715733803987604, 21.393540916779457 ], [ -157.715573032644954, 21.393438614431446 ], [ -157.715455090741756, 21.393290535495538 ], [ -157.715193501511436, 21.39329599135915 ], [ -157.714920565026461, 21.393025791432834 ], [ -157.714852153262854, 21.392856770682052 ], [ -157.714884332149012, 21.392648556387108 ], [ -157.714816870049873, 21.392479165299228 ], [ -157.714888036030118, 21.392255760851356 ], [ -157.714957057986595, 21.392033190889553 ], [ -157.71482396011649, 21.391889373984085 ], [ -157.71475579862738, 21.39172025574841 ], [ -157.714610793312943, 21.391603756125235 ], [ -157.714516587713263, 21.391436904338462 ], [ -157.714399006093458, 21.391291712816784 ], [ -157.714350647003869, 21.39108238343541 ], [ -157.714222195059733, 21.39094726308225 ], [ -157.714090248448457, 21.390815380567503 ], [ -157.713964893190479, 21.390677390331518 ], [ -157.713839589694061, 21.390539353432139 ], [ -157.71372664208576, 21.390389868144677 ], [ -157.713579345688942, 21.390272208289613 ], [ -157.713444659955655, 21.390142864403952 ], [ -157.713269304677965, 21.390051200786367 ], [ -157.713145624376295, 21.389911660033174 ], [ -157.713026673204581, 21.389767738985004 ], [ -157.712919601433299, 21.389612809506591 ], [ -157.712788253270844, 21.389480374173701 ], [ -157.712656146855323, 21.389348641155905 ], [ -157.712584421698978, 21.389267075031373 ], [ -157.712462133829177, 21.389127282532858 ], [ -157.712343139909251, 21.388985086121625 ], [ -157.71227898262552, 21.388897817287706 ], [ -157.712164809469016, 21.38874519331441 ], [ -157.712063259231172, 21.3885880744525 ], [ -157.711988639080147, 21.388421363659944 ], [ -157.71191448447783, 21.388254487486311 ], [ -157.711819520932295, 21.388095023382121 ], [ -157.711726154049757, 21.387934989733555 ], [ -157.711657300195839, 21.387766225512383 ], [ -157.711614770546817, 21.387588085208904 ], [ -157.71156007022131, 21.387414280551219 ], [ -157.711519233972439, 21.387235537146129 ], [ -157.711484006653137, 21.387054797045547 ], [ -157.711443366982763, 21.386875983768014 ], [ -157.71139654383839, 21.386699373233022 ], [ -157.711352717260496, 21.386521696262378 ], [ -157.711315929632264, 21.386341511447217 ], [ -157.711249600244656, 21.386171847763489 ], [ -157.711082375645049, 21.385929068144449 ], [ -157.710967907746209, 21.385783503617684 ], [ -157.710885542298286, 21.385617435683578 ], [ -157.710805479667243, 21.385449897587524 ], [ -157.710712049477053, 21.385290896396064 ], [ -157.710576294144403, 21.385158927905245 ], [ -157.710429324420943, 21.384979774900597 ], [ -157.710327101364442, 21.384813302927618 ], [ -157.710275750604012, 21.384590601586652 ], [ -157.71018501026748, 21.384506676030213 ], [ -157.710162263039621, 21.384318437152011 ], [ -157.709988552078897, 21.384193047292726 ], [ -157.709891664985037, 21.384035674957886 ], [ -157.709803023844387, 21.383874869109459 ], [ -157.709728910223447, 21.383708014985881 ], [ -157.709685834893946, 21.383528239508944 ], [ -157.709594918409948, 21.383368380845106 ], [ -157.709433854473502, 21.383237726341278 ], [ -157.709307022437287, 21.383092820879199 ], [ -157.709195714033001, 21.382941452034057 ], [ -157.709126021563037, 21.382772757234001 ], [ -157.709065599101052, 21.382600204152013 ], [ -157.709018016540455, 21.382469492968106 ], [ -157.708958388265813, 21.382295820384272 ], [ -157.70892417988378, 21.38211801634646 ], [ -157.708902528844703, 21.381938169800534 ], [ -157.708873548836209, 21.381759515281555 ], [ -157.708783746334632, 21.381590747791282 ], [ -157.708691642371292, 21.381422354599675 ], [ -157.708615150800966, 21.381228675599438 ], [ -157.708541294105459, 21.381061738077854 ], [ -157.708415683935357, 21.380916052800931 ] ] } },
{ "type": "Feature", "properties": { "objectid": 48, "island": "Oahu", "st_lengthshape": 42.946456592937523 }, "geometry": { "type": "LineString", "coordinates": [ [ -157.707884728512454, 21.380751369597327 ], [ -157.707721626581701, 21.380642852666082 ], [ -157.707527623789758, 21.38055795692615 ] ] } },
{ "type": "Feature", "properties": { "objectid": 49, "island": "Oahu", "st_lengthshape": 7958.7120261453501 }, "geometry": { "type": "LineString", "coordinates": [ [ -157.706209564949148, 21.379637626938198 ], [ -157.70623107416526, 21.379457739889023 ], [ -157.706252378941116, 21.379277842221185 ], [ -157.706264074673896, 21.3790974991716 ], [ -157.706276417267048, 21.378917185494679 ], [ -157.70628503172793, 21.378736699432032 ], [ -157.706309013517682, 21.378556926262299 ], [ -157.706345671839784, 21.378377742247473 ], [ -157.706377704436932, 21.378198343688684 ], [ -157.706400992815446, 21.378018538942808 ], [ -157.706389834898374, 21.377837133458193 ], [ -157.706388085342269, 21.377656165462252 ], [ -157.706415883497272, 21.37747656981557 ], [ -157.706456428460598, 21.377297566561815 ], [ -157.706483619070212, 21.377117943622622 ], [ -157.706506218734773, 21.376938106417331 ], [ -157.706521624486982, 21.376757935514021 ], [ -157.706525186693881, 21.37657721349909 ], [ -157.706469882349865, 21.376393757625021 ], [ -157.706485095236872, 21.376213577999817 ], [ -157.70653087587587, 21.376089107193284 ], [ -157.706630847986133, 21.375930608266891 ], [ -157.706790574796997, 21.375791927785087 ], [ -157.706984819674261, 21.375664695751027 ], [ -157.707066479303677, 21.375500123083949 ], [ -157.707135170940631, 21.375331248949902 ], [ -157.707192320738102, 21.375158546871308 ], [ -157.707250139695816, 21.3749860667244 ], [ -157.707308155642096, 21.374813652204072 ], [ -157.707367671612559, 21.374641734310845 ], [ -157.707421596439701, 21.374467962997194 ], [ -157.707477539619759, 21.374294860328938 ], [ -157.707537010908879, 21.374122928453602 ], [ -157.707586371377715, 21.373947643113812 ], [ -157.707657382029083, 21.373779539034235 ], [ -157.707731588036836, 21.373612493862208 ], [ -157.707785152350141, 21.373438602164544 ], [ -157.707857516479265, 21.373270947422938 ], [ -157.707926849378595, 21.373102285547773 ], [ -157.707991236423851, 21.372931983907808 ], [ -157.708025422276222, 21.372751666391945 ], [ -157.708050148470448, 21.372568210953489 ], [ -157.708187352651578, 21.372422059988534 ], [ -157.708272449673046, 21.372258627738987 ], [ -157.70839246421275, 21.372106775988044 ], [ -157.708445015467987, 21.371932549181764 ], [ -157.708533856480528, 21.371770357882202 ], [ -157.708613379123278, 21.371605076711063 ], [ -157.708724816014694, 21.371450379948691 ], [ -157.708745592600394, 21.371265614794201 ], [ -157.708761681212536, 21.371079294118989 ], [ -157.708817838643313, 21.370906263828136 ], [ -157.708825113834166, 21.370717020725372 ], [ -157.708839003015328, 21.370529971259405 ], [ -157.70889569381967, 21.370357116659733 ], [ -157.708955859755406, 21.370185416151621 ], [ -157.709017627599195, 21.370014246460503 ], [ -157.709075697874397, 21.369841850447582 ], [ -157.709134021877844, 21.369669537658858 ], [ -157.709251861968255, 21.369516965585358 ], [ -157.709322983734239, 21.369348897532124 ], [ -157.709374552845873, 21.369174345660532 ], [ -157.709420478132472, 21.368997921072143 ], [ -157.709461613508381, 21.368819908571584 ], [ -157.709494914542063, 21.368639297387293 ], [ -157.709539907682426, 21.36846256385439 ], [ -157.709572104590137, 21.368281586422057 ], [ -157.709600444400706, 21.368099329982151 ], [ -157.709669097512148, 21.367930444163445 ], [ -157.709772191288636, 21.367772981302583 ], [ -157.709846590585528, 21.367606000473025 ], [ -157.709906884908122, 21.367434342015983 ], [ -157.709941589888615, 21.367254196759944 ], [ -157.709961281303691, 21.3670690715308 ], [ -157.710050737668411, 21.36690708622249 ], [ -157.710085543386469, 21.366731036601653 ], [ -157.710167223779507, 21.366301091172886 ], [ -157.710157517037402, 21.366120618112312 ], [ -157.710153824809623, 21.365939747715814 ], [ -157.710154983359388, 21.365758555956301 ], [ -157.71016450119734, 21.365576811431616 ], [ -157.710158238330649, 21.365396110977063 ], [ -157.710116809161292, 21.365217735649782 ], [ -157.710074696391587, 21.365040014510345 ], [ -157.709929705209987, 21.364258485179263 ], [ -157.709806862902894, 21.364089710115294 ], [ -157.709758234818196, 21.363913051765753 ], [ -157.709739608401804, 21.363733207497877 ], [ -157.709732005393391, 21.363552192284313 ], [ -157.709721726670949, 21.363371460933756 ], [ -157.709693623339462, 21.363192623328516 ], [ -157.709670073229319, 21.36301330128385 ], [ -157.70965833220211, 21.362832725805074 ], [ -157.709663222685009, 21.362650382910001 ], [ -157.709677203006805, 21.362467075529882 ], [ -157.709693580994013, 21.362283512853836 ], [ -157.709694010906532, 21.362101644251617 ], [ -157.709636364104767, 21.361925943663746 ], [ -157.709548817609203, 21.361753419800152 ], [ -157.70947518354717, 21.361579418350292 ], [ -157.709423577740893, 21.361403076679483 ], [ -157.709387648739551, 21.361225069568974 ], [ -157.709368410960053, 21.361045290098062 ], [ -157.709350455064225, 21.360865375037054 ], [ -157.709334058090576, 21.360685293091642 ], [ -157.709302551126314, 21.360506816784167 ], [ -157.709277177410058, 21.360327689325356 ], [ -157.709269712469307, 21.360152436724285 ], [ -157.709331030606933, 21.359928965935485 ], [ -157.709289277885631, 21.359751445200899 ], [ -157.709190535542348, 21.359592065679607 ], [ -157.709088985114732, 21.359433580520637 ], [ -157.709013611717694, 21.359266761663566 ], [ -157.70895492377042, 21.3590946319623 ], [ -157.708955643982392, 21.358903591978294 ], [ -157.708874516139332, 21.358738605092977 ], [ -157.708787071788436, 21.358575629253252 ], [ -157.708733638238783, 21.358401827125448 ], [ -157.708664864740541, 21.358232908897079 ], [ -157.70860071962295, 21.35806251582796 ], [ -157.7085358677366, 21.357892348560814 ], [ -157.708466451607109, 21.357723633994137 ], [ -157.708393072732775, 21.357556181624567 ], [ -157.708325046530689, 21.357387024212919 ], [ -157.70826872343244, 21.357214142832813 ], [ -157.708207495705381, 21.357042821743306 ], [ -157.70814247253341, 21.356872709033688 ], [ -157.708096690390022, 21.356696471424442 ], [ -157.708094135252139, 21.356506474008576 ], [ -157.707958308003384, 21.356358899969479 ], [ -157.707708475909158, 21.356247615330879 ], [ -157.707632358988405, 21.356081034114673 ], [ -157.707581725141665, 21.35590634172798 ], [ -157.707628292277917, 21.355700707660045 ], [ -157.707716075474963, 21.355481953316044 ], [ -157.707645676852394, 21.355313552487249 ], [ -157.707572273876025, 21.355146106846075 ], [ -157.707509603942725, 21.354975245083018 ], [ -157.707461537962985, 21.354799735915812 ], [ -157.707411528404293, 21.354624844126366 ], [ -157.707359277421943, 21.354450665886567 ], [ -157.707324239324151, 21.354271008475017 ], [ -157.707360516229699, 21.354068650296362 ], [ -157.707334531312569, 21.353886111298834 ], [ -157.707296391181359, 21.353707441759894 ], [ -157.707282941664687, 21.353520912455277 ], [ -157.707247937660014, 21.35334124444455 ], [ -157.707096596540879, 21.353198609196088 ], [ -157.706949893458955, 21.353054497311621 ], [ -157.706842819347287, 21.35289777064175 ], [ -157.706808358477616, 21.35271792968021 ], [ -157.706760565652218, 21.35254233390928 ], [ -157.706634228519221, 21.352391738928365 ], [ -157.706505851271345, 21.35224179392258 ], [ -157.706407314828311, 21.352082350420943 ], [ -157.706322560224123, 21.351918518825237 ], [ -157.706233063653741, 21.351756197210577 ], [ -157.706137681175989, 21.35159574984382 ], [ -157.706004758308097, 21.351447250979977 ], [ -157.705904493923839, 21.351288357596832 ], [ -157.705855911568619, 21.351113012076187 ], [ -157.705804569541897, 21.350946670716638 ], [ -157.705644979638322, 21.349964730516611 ], [ -157.705593079823871, 21.349782140635831 ], [ -157.705506977227657, 21.349619528665496 ], [ -157.7054174814796, 21.349458897762918 ], [ -157.705324463665562, 21.349300324618135 ], [ -157.70522969751741, 21.349142773197727 ], [ -157.705080460827929, 21.349017038100971 ], [ -157.704894060546195, 21.348913009466258 ], [ -157.704757443013193, 21.34877990334779 ], [ -157.704667918505066, 21.348619290836137 ], [ -157.704580300698808, 21.348457563790866 ], [ -157.70437854087541, 21.348362507550767 ], [ -157.704274008265969, 21.348210660892263 ], [ -157.704211995641288, 21.3480339782814 ], [ -157.70425318229249, 21.347797017602062 ], [ -157.704162660566027, 21.347636987955433 ], [ -157.704046547209515, 21.347491904701268 ], [ -157.703907922483808, 21.347359972195104 ], [ -157.703781671331598, 21.347220811551257 ], [ -157.703684623591784, 21.347064594069291 ], [ -157.703599410461067, 21.346901463243242 ], [ -157.703510116050239, 21.346740716455731 ], [ -157.70342777319334, 21.346575909394897 ], [ -157.703372126176134, 21.346395509552295 ], [ -157.703293273858748, 21.346228664302785 ], [ -157.703173234103531, 21.346085876341419 ], [ -157.703127668553947, 21.345899587584181 ], [ -157.703014344059028, 21.345752877497738 ], [ -157.702816450381164, 21.345655563910707 ], [ -157.702711797136175, 21.345503788625376 ], [ -157.70259926618894, 21.345356614665693 ], [ -157.702483283060218, 21.345211457367093 ], [ -157.702374235961088, 21.345062249622647 ], [ -157.702276247022894, 21.34490658241829 ], [ -157.70216949936642, 21.34475603095872 ], [ -157.702066897313784, 21.344603057950497 ], [ -157.702004122956851, 21.344426822231434 ], [ -157.701973559038123, 21.344231771832085 ], [ -157.701775897804993, 21.344134323411868 ], [ -157.701723806770076, 21.343951847564863 ], [ -157.701651868082962, 21.343780964663505 ], [ -157.701555249244024, 21.343624498266333 ], [ -157.701416310464538, 21.343492750272262 ], [ -157.701313018965891, 21.343340180744608 ], [ -157.701193227652652, 21.343197247985113 ], [ -157.701065684725819, 21.343058844267546 ], [ -157.70093086125766, 21.342924692273439 ], [ -157.700801663385676, 21.342787254813846 ], [ -157.700666547697836, 21.342653273809201 ], [ -157.700556405161961, 21.3425047060434 ], [ -157.700509278513692, 21.342319331460335 ], [ -157.700408905108048, 21.342165058591583 ], [ -157.700298488887086, 21.342016651162542 ], [ -157.700202327149242, 21.341859917500006 ], [ -157.699996423236769, 21.341767284213187 ], [ -157.699834977543077, 21.341648682666758 ], [ -157.699724179436771, 21.341500498680297 ], [ -157.699612243694389, 21.341352978823412 ], [ -157.699512682121934, 21.341198232072134 ], [ -157.699535389870022, 21.340972068322476 ], [ -157.699410542847346, 21.340832090808846 ], [ -157.699261487106668, 21.340706252126299 ], [ -157.699168825156363, 21.34054747543766 ], [ -157.699094239162491, 21.34037814111214 ], [ -157.69895559829456, 21.340246220122815 ], [ -157.698816001062937, 21.340114858026038 ], [ -157.698698204493269, 21.339970762026358 ], [ -157.698588934273602, 21.339821685843418 ], [ -157.698488421049717, 21.339667495776041 ], [ -157.698387631814029, 21.339513466120916 ], [ -157.69828774898491, 21.339358907743442 ], [ -157.698166773554419, 21.339216668471561 ], [ -157.698070131200467, 21.339060217258965 ], [ -157.697997653230885, 21.33888965220682 ], [ -157.697946672344131, 21.338706529934328 ], [ -157.697857370293974, 21.338545792156673 ], [ -157.697769750005364, 21.338384070968484 ], [ -157.697698745860521, 21.338212645486802 ], [ -157.697617918068602, 21.338046957840383 ], [ -157.697523719396941, 21.337889079017728 ], [ -157.697457820517229, 21.337714671292137 ], [ -157.697325494969533, 21.337579062663938 ], [ -157.697225864536932, 21.337424357532239 ], [ -157.697135193554203, 21.337264419112419 ], [ -157.697045703237052, 21.337103791509602 ], [ -157.696957377112653, 21.336942483631294 ], [ -157.696869505727136, 21.336780910038218 ], [ -157.696784062348769, 21.33661791889795 ], [ -157.696695281262066, 21.336456876569802 ], [ -157.696601453779294, 21.336298782458247 ], [ -157.696503586902736, 21.336143048151495 ], [ -157.696384861336242, 21.335999496347704 ], [ -157.696268390323809, 21.335854628605013 ], [ -157.696158755235018, 21.335705766791492 ], [ -157.696047643310379, 21.335557768806371 ], [ -157.695934488561903, 21.33541096359324 ], [ -157.695809038926967, 21.335271340332252 ], [ -157.695676636595778, 21.335135776906792 ], [ -157.695555899614078, 21.334993401389418 ], [ -157.695444043511714, 21.334845838103995 ], [ -157.695342320455012, 21.334692356036296 ], [ -157.695236351608969, 21.334541354086394 ], [ -157.695130350019326, 21.334390371696088 ], [ -157.695025123987676, 21.334238936363086 ], [ -157.694915136581784, 21.334090281563313 ], [ -157.694807909617793, 21.333940014869277 ], [ -157.69470296722875, 21.33378841353365 ], [ -157.694597173134213, 21.333637310499697 ], [ -157.694490549646247, 21.333486690582159 ], [ -157.694383040528749, 21.333336589476882 ], [ -157.694278531236819, 21.333184735618151 ], [ -157.694174350703747, 21.333032690033978 ], [ -157.694068026566072, 21.332881896047116 ], [ -157.693959521020332, 21.332732376847218 ], [ -157.693856283156776, 21.332579781040934 ], [ -157.693753061986939, 21.332427174467352 ], [ -157.693649807089884, 21.332274589255348 ], [ -157.693546695846749, 21.33212191928439 ], [ -157.69344936654727, 21.331972661912278 ], [ -157.693291692062644, 21.33175553870911 ], [ -157.69317602034323, 21.33160767520036 ], [ -157.693039626404499, 21.331479929915382 ], [ -157.69289873966423, 21.331356546220185 ], [ -157.69275435598405, 21.331236557128374 ], [ -157.69261116678851, 21.331115409173581 ], [ -157.692470618225656, 21.330991697147294 ], [ -157.692335394435389, 21.330862816787651 ], [ -157.692195781905411, 21.330738196731588 ], [ -157.692056030546894, 21.33061371099101 ], [ -157.691916315392263, 21.330489192000289 ], [ -157.69178630721197, 21.330355246960664 ], [ -157.691656783559807, 21.330220834048681 ], [ -157.691517337539409, 21.330096053066548 ], [ -157.691372353257634, 21.329976648991234 ], [ -157.691218569868255, 21.329865786165943 ], [ -157.691062255239729, 21.329757381400661 ], [ -157.690926384665829, 21.329639943173895 ], [ -157.690694233893311, 21.329439065420981 ], [ -157.690542764952028, 21.329324029380519 ], [ -157.690386507230613, 21.329216612740044 ], [ -157.69022708118888, 21.329114236386918 ], [ -157.69006413475654, 21.329017460358344 ], [ -157.689897965211372, 21.328925812699413 ], [ -157.689735981527434, 21.328827504555701 ], [ -157.689574396072402, 21.328728565213481 ], [ -157.689414039159544, 21.328627670505934 ], [ -157.689249341325365, 21.328533682279904 ], [ -157.689070047716172, 21.328462913727293 ], [ -157.688890154791494, 21.328393099678475 ], [ -157.68872007293524, 21.328307677030057 ], [ -157.688555423849834, 21.328213611750247 ], [ -157.688391591576561, 21.32811824734306 ], [ -157.688222748445298, 21.328030854630189 ], [ -157.68805327082481, 21.32794447127074 ], [ -157.687877512920466, 21.327868079512289 ], [ -157.687701348380756, 21.327792333914637 ], [ -157.687535239466655, 21.327700593264513 ], [ -157.687351779670763, 21.327636454468873 ], [ -157.687173594235418, 21.32756392476109 ], [ -157.686997558562751, 21.327487975302766 ], [ -157.686825932756165, 21.327405010339128 ], [ -157.686662078111709, 21.327309683897308 ], [ -157.686494860448676, 21.327219705984081 ], [ -157.686328393076366, 21.32713384494005 ], [ -157.686077141335545, 21.327017265597664 ], [ -157.685902709306589, 21.326935792724409 ], [ -157.685728056822512, 21.326854954818749 ], [ -157.685554618505023, 21.326770637479822 ], [ -157.685380338442684, 21.326688731665595 ], [ -157.685202592801005, 21.326616755340151 ], [ -157.685025997977647, 21.326541483367155 ], [ -157.6848432374955, 21.326483879555369 ], [ -157.684661209347723, 21.326424173756301 ], [ -157.684479200117266, 21.326364418229627 ], [ -157.684298486198287, 21.326300947218886 ], [ -157.684114945720722, 21.326245577754491 ], [ -157.683921539113783, 21.326218477189489 ], [ -157.683725071405149, 21.326200144777001 ], [ -157.683528845159117, 21.326181122058951 ], [ -157.683338449566776, 21.326145392994086 ], [ -157.683156334451979, 21.326085940574909 ], [ -157.682976730625569, 21.326019293458472 ], [ -157.682800650290631, 21.325942550786799 ], [ -157.682630363216902, 21.325849208147801 ], [ -157.682460907453873, 21.325753487007255 ], [ -157.682283730461478, 21.325679887021753 ], [ -157.682103385496987, 21.325615365111727 ], [ -157.681919170045916, 21.325561932945494 ], [ -157.681708964303937, 21.325582962523271 ], [ -157.681500595902264, 21.325598727953832 ], [ -157.681299147626817, 21.325594667317777 ], [ -157.681121224430711, 21.325523207555275 ], [ -157.68094096237445, 21.325458447495564 ], [ -157.68076070639961, 21.325393672842946 ], [ -157.680586879099536, 21.325310477602855 ], [ -157.680415435609035, 21.325220452584585 ], [ -157.680259514943771, 21.325085957056096 ], [ -157.680081655232897, 21.3250143196788 ], [ -157.679892086432801, 21.324976223803215 ], [ -157.679685896635362, 21.324985749306819 ], [ -157.67950204214614, 21.324937430369065 ], [ -157.679194262293862, 21.32487691715037 ], [ -157.679034308281246, 21.324774208541939 ], [ -157.678878133804119, 21.324664928694119 ], [ -157.678722073161424, 21.324555451770401 ], [ -157.678566660100159, 21.324444849706733 ], [ -157.67836626979522, 21.324412421454319 ], [ -157.678184048482052, 21.324348413698711 ], [ -157.678017890633612, 21.324256487493166 ], [ -157.677857078306005, 21.324155269734526 ], [ -157.677753556096349, 21.324022091032852 ], [ -157.677616044603468, 21.323893866314357 ], [ -157.677481482179303, 21.323763421666552 ], [ -157.677343102429631, 21.323635851165825 ], [ -157.677218412017226, 21.323497969903858 ], [ -157.677076845121007, 21.323372800529373 ], [ -157.676934094268887, 21.32324852327287 ], [ -157.676798475036378, 21.323118873787998 ], [ -157.676666588525421, 21.322991753156352 ] ] } },
{ "type": "Feature", "properties": { "objectid": 50, "island": "Oahu", "st_lengthshape": 79.763612773094536 }, "geometry": { "type": "LineString", "coordinates": [ [ -157.673746291509502, 21.321833509583517 ], [ -157.673583303044012, 21.321735735139224 ], [ -157.673427236537123, 21.321629529979209 ], [ -157.673267190338549, 21.321528171377334 ], [ -157.673109662789557, 21.321429682580142 ] ] } },
{ "type": "Feature", "properties": { "objectid": 51, "island": "Oahu", "st_lengthshape": 100.19403446693316 }, "geometry": { "type": "LineString", "coordinates": [ [ -157.672618520566289, 21.320981460328632 ], [ -157.672503722904736, 21.320835710749492 ], [ -157.672379505492103, 21.320695529959345 ], [ -157.672275518139514, 21.320543388565884 ], [ -157.672186986365233, 21.320382109814812 ], [ -157.67207544035648, 21.32023594120086 ] ] } },
{ "type": "Feature", "properties": { "objectid": 52, "island": "Oahu", "st_lengthshape": 233.88890385439083 }, "geometry": { "type": "LineString", "coordinates": [ [ -157.671211246105599, 21.319351871201469 ], [ -157.671065596018479, 21.319233002747648 ], [ -157.670920004642056, 21.319114064179043 ], [ -157.670776147290155, 21.31899893688637 ], [ -157.670361642812281, 21.318897704158029 ], [ -157.670192025339674, 21.318810829151403 ], [ -157.669953657173579, 21.318664712306841 ], [ -157.66986384473725, 21.318502592151482 ], [ -157.669791829949247, 21.318328394019254 ], [ -157.669688623226023, 21.31817536484084 ], [ -157.669573688342723, 21.318039195095221 ] ] } },
{ "type": "Feature", "properties": { "objectid": 53, "island": "Oahu", "st_lengthshape": 452.1547693494847 }, "geometry": { "type": "LineString", "coordinates": [ [ -157.668167003878409, 21.316590492260218 ], [ -157.668017644865785, 21.316458435591606 ], [ -157.667857730835948, 21.316349449865417 ], [ -157.667693726889553, 21.316249405476245 ], [ -157.667513213036131, 21.316185452660175 ], [ -157.667337524151179, 21.316110953337585 ], [ -157.667154611031179, 21.316052244054937 ], [ -157.666969750803247, 21.31599779379809 ], [ -157.666791253711182, 21.315929431609614 ], [ -157.666608770778367, 21.315870749551966 ], [ -157.666233329327099, 21.315802456660503 ], [ -157.666032755109796, 21.315788214442076 ], [ -157.665835684346945, 21.315789117336596 ], [ -157.665636247663514, 21.315779796087 ], [ -157.665451869208454, 21.315835567515371 ], [ -157.6652667879234, 21.315886102762981 ], [ -157.664816052549952, 21.316134446500094 ], [ -157.664649680750642, 21.31622029064452 ], [ -157.664314511597354, 21.316220325497405 ], [ -157.664128209982607, 21.316227914473153 ] ] } },
{ "type": "Feature", "properties": { "objectid": 54, "island": "Oahu", "st_lengthshape": 19.609731979013283 }, "geometry": { "type": "LineString", "coordinates": [ [ -157.662403161078089, 21.315487835634219 ], [ -157.662237447843182, 21.315402595573079 ] ] } },
{ "type": "Feature", "properties": { "objectid": 55, "island": "Oahu", "st_lengthshape": 232.47203650868138 }, "geometry": { "type": "LineString", "coordinates": [ [ -157.660896021039349, 21.311648067674298 ], [ -157.660793165920609, 21.311494564786887 ], [ -157.660590989734743, 21.311410554233998 ], [ -157.660528543681039, 21.311228778367447 ], [ -157.660504350580226, 21.311020238259541 ], [ -157.660379021347978, 21.310882460535044 ], [ -157.660230664432618, 21.310760793919254 ], [ -157.660153765490719, 21.310589131434877 ], [ -157.659997244121655, 21.310473177416835 ], [ -157.659827783866064, 21.310366277422535 ], [ -157.659662787613939, 21.310256252923171 ], [ -157.65949228499025, 21.310152306384282 ] ] } },
{ "type": "Feature", "properties": { "objectid": 56, "island": "Oahu", "st_lengthshape": 512.59156502101951 }, "geometry": { "type": "LineString", "coordinates": [ [ -157.674666605161633, 21.285491073193477 ], [ -157.674487256052174, 21.285568137628317 ], [ -157.674327837001954, 21.285730722225679 ], [ -157.674142448925977, 21.28578187205424 ], [ -157.673957428259115, 21.285834600920573 ], [ -157.673771309498392, 21.285882616255364 ], [ -157.673582643863625, 21.28591969878762 ], [ -157.673382199241786, 21.285906238639477 ], [ -157.673200944531089, 21.285975127532783 ], [ -157.673012929266321, 21.286015003195278 ], [ -157.672823462327557, 21.286048651216806 ], [ -157.672633289040391, 21.286079266311138 ], [ -157.672441179630482, 21.286101576739711 ], [ -157.672197968309916, 21.285904581285923 ], [ -157.672000267389649, 21.285902890163012 ], [ -157.671804834691216, 21.285910936794131 ], [ -157.671622794192217, 21.285976453664073 ], [ -157.671448822229848, 21.286076597233855 ], [ -157.671284190127977, 21.286216826588191 ], [ -157.671077619320272, 21.286177071998207 ], [ -157.67086109987514, 21.286094616569386 ], [ -157.670667051605335, 21.286108603313 ], [ -157.670493345252481, 21.286209887987475 ], [ -157.67030370965972, 21.286242814539282 ], [ -157.670112179912508, 21.286267606567339 ] ] } },
{ "type": "Feature", "properties": { "objectid": 57, "island": "Oahu", "st_lengthshape": 527.71129679488513 }, "geometry": { "type": "LineString", "coordinates": [ [ -157.697391115308989, 21.268153294586217 ], [ -157.69744390828626, 21.268327988573052 ], [ -157.697534603481245, 21.268645638262047 ], [ -157.69758394120538, 21.268856648696939 ], [ -157.697599989840967, 21.269055754725251 ], [ -157.697609310514025, 21.269252455479307 ], [ -157.697587493940318, 21.269438020966543 ], [ -157.69754580169635, 21.269616478701892 ], [ -157.697490312255269, 21.26979000398536 ], [ -157.697430246708336, 21.269961892198364 ], [ -157.697375162418609, 21.270135561482721 ], [ -157.697344884157673, 21.270318102058411 ], [ -157.697364901316178, 21.270518627223744 ], [ -157.69731455026016, 21.270693988927476 ], [ -157.697277504330089, 21.270874109425769 ], [ -157.69712789138066, 21.271013976379521 ], [ -157.69713166312377, 21.271208692853897 ], [ -157.697020585960701, 21.271362339494814 ], [ -157.696834856084848, 21.271489290561487 ], [ -157.696744979084713, 21.27165051849903 ], [ -157.696595439769709, 21.271790411678399 ], [ -157.69648217110165, 21.271943274903272 ], [ -157.696320774705441, 21.272078927821003 ], [ -157.696260694251464, 21.272250810840557 ], [ -157.696040255709761, 21.272365350224252 ] ] } },
{ "type": "Feature", "properties": { "objectid": 58, "island": "Oahu", "st_lengthshape": 235.51260823331671 }, "geometry": { "type": "LineString", "coordinates": [ [ -157.721219499417231, 21.284188126719286 ], [ -157.721025878711231, 21.284180262120852 ], [ -157.720829908571517, 21.284187284114289 ], [ -157.720775309128072, 21.284191509923293 ], [ -157.720581415014067, 21.284204450001425 ], [ -157.720390073423118, 21.284229170193569 ], [ -157.720314758245678, 21.28424281502123 ], [ -157.720144120128907, 21.284327471707005 ], [ -157.719987339008753, 21.284433645163297 ], [ -157.719822336579711, 21.284527051902774 ], [ -157.7196450793341, 21.284601432515078 ], [ -157.719453412209134, 21.284653438956383 ], [ -157.719267937405476, 21.284715058028247 ], [ -157.71908709488622, 21.284773212483923 ] ] } },
{ "type": "Feature", "properties": { "objectid": 59, "island": "Oahu", "st_lengthshape": 155.42511114648883 }, "geometry": { "type": "LineString", "coordinates": [ [ -157.713685695961857, 21.281814082737302 ], [ -157.713501366828268, 21.281752122009276 ], [ -157.71331868625694, 21.281687474424487 ], [ -157.713136396951143, 21.281622187344595 ], [ -157.71298934755103, 21.281588035605658 ], [ -157.71280508558965, 21.281534597004004 ], [ -157.712619164238163, 21.281486895443113 ], [ -157.712434119488307, 21.28143616417205 ], [ -157.712255993632539, 21.281402000941661 ] ] } },
{ "type": "Feature", "properties": { "objectid": 60, "island": "Oahu", "st_lengthshape": 538.09648377133544 }, "geometry": { "type": "LineString", "coordinates": [ [ -157.711372114714351, 21.280835146767558 ], [ -157.711215517647048, 21.280727229336538 ], [ -157.71106263531999, 21.280615671633338 ], [ -157.710937814887671, 21.280476595284895 ], [ -157.71080316055918, 21.280347163782348 ], [ -157.710723406140346, 21.280268927038975 ], [ -157.710551602386715, 21.280020296446658 ], [ -157.710460286376644, 21.279853360865516 ], [ -157.710395747256143, 21.279822677102224 ], [ -157.710290377907143, 21.279671345153456 ], [ -157.710185922309364, 21.279519479027755 ], [ -157.710084878866184, 21.279365620860414 ], [ -157.70998634761014, 21.279210294942409 ], [ -157.709886160952038, 21.279055936443307 ], [ -157.709776460389691, 21.27890713387449 ], [ -157.709662857911951, 21.278760610347948 ], [ -157.709534328176716, 21.278622804577221 ], [ -157.70940934237538, 21.278482928259763 ], [ -157.709292780078613, 21.278338133450212 ], [ -157.709219698278048, 21.27819016133223 ], [ -157.70914534441755, 21.277931933655754 ], [ -157.70911686359392, 21.277752109205299 ], [ -157.70907257560313, 21.277596784810463 ], [ -157.709296633182134, 21.277325661306435 ], [ -157.709226221335001, 21.277152746060654 ], [ -157.709156986895692, 21.276979669076844 ], [ -157.709055242012653, 21.276831286612811 ] ] } },
{ "type": "Feature", "properties": { "objectid": 61, "island": "Oahu", "st_lengthshape": 1165.8492121135948 }, "geometry": { "type": "LineString", "coordinates": [ [ -157.722682004770263, 21.281928662893911 ], [ -157.722708403228211, 21.28172764415736 ], [ -157.722821986956376, 21.281581509543141 ], [ -157.722880157779116, 21.28149853006208 ], [ -157.723070849977205, 21.281448549176197 ], [ -157.723261979208445, 21.281408334085373 ], [ -157.723453877665577, 21.281385299447045 ], [ -157.723645836008075, 21.281363584862731 ], [ -157.723837618854276, 21.281337963464303 ], [ -157.724030049210512, 21.281326772645688 ], [ -157.724222880327773, 21.281324543349964 ], [ -157.724414697812165, 21.28129969754356 ], [ -157.724605728745672, 21.281257300328431 ], [ -157.724798584920677, 21.281255622516948 ], [ -157.724991925392715, 21.281264740700202 ], [ -157.725185153374326, 21.281271369932455 ], [ -157.725378577827627, 21.281282382674046 ], [ -157.725571512489864, 21.281282454397857 ], [ -157.72576461623396, 21.281286284292289 ], [ -157.725957642173796, 21.281288406912459 ], [ -157.72615089878235, 21.28129564412642 ], [ -157.726344012170955, 21.281299704692874 ], [ -157.726536450385964, 21.281288708895286 ], [ -157.72672962605435, 21.281294158872434 ], [ -157.726921314759664, 21.281266431983699 ], [ -157.727114026326859, 21.28126152268554 ], [ -157.727301923896846, 21.281243349646978 ], [ -157.727449044513207, 21.281213390954036 ], [ -157.727647658574739, 21.281221031893672 ], [ -157.727843771835609, 21.281236592521154 ], [ -157.728036710597536, 21.281262203324026 ], [ -157.728224867752971, 21.281302958927363 ], [ -157.728410362702846, 21.281352147054115 ], [ -157.728598516149788, 21.28139291306093 ], [ -157.728785314269317, 21.281437974091734 ], [ -157.728970031853976, 21.281489621947841 ], [ -157.729157062094686, 21.281533946274156 ], [ -157.729336529234473, 21.281577929671549 ], [ -157.729420347184401, 21.281586072719936 ], [ -157.729610736594083, 21.281615930033702 ], [ -157.729801625232426, 21.281641648948487 ], [ -157.729993194781429, 21.281661712266775 ], [ -157.730183903070298, 21.281688920857341 ], [ -157.730373709607903, 21.281723615892869 ], [ -157.730564840389576, 21.281747323972908 ], [ -157.730756363486023, 21.281767779048348 ], [ -157.730948485393071, 21.281783267172955 ], [ -157.731140215181597, 21.281802000645708 ], [ -157.731331747797725, 21.281822378357781 ], [ -157.731521274665937, 21.281859397996229 ], [ -157.73170665632756, 21.281914721016161 ], [ -157.7318425674151, 21.281973582889293 ], [ -157.732053252131038, 21.282069958255548 ], [ -157.732259339694139, 21.282138091910785 ], [ -157.732459436286234, 21.282169432004725 ], [ -157.732653984060164, 21.282166690186113 ], [ -157.732842297967039, 21.282125658832069 ], [ -157.733027371221084, 21.282064721492382 ], [ -157.733209023290812, 21.281982778317058 ], [ -157.733380554002196, 21.281897776779964 ] ] } },
{ "type": "Feature", "properties": { "objectid": 62, "island": "Oahu", "st_lengthshape": 120.02960601747876 }, "geometry": { "type": "LineString", "coordinates": [ [ -157.736828258252729, 21.280517765731901 ], [ -157.737017238375785, 21.280477819507752 ], [ -157.737205193424046, 21.280434987236525 ], [ -157.737388784735572, 21.280379886760048 ], [ -157.737576187975748, 21.280335506063803 ], [ -157.737762833411836, 21.280288993838877 ], [ -157.737953048076179, 21.280279284441267 ] ] } },
{ "type": "Feature", "properties": { "objectid": 63, "island": "Oahu", "st_lengthshape": 613.59158530086529 }, "geometry": { "type": "LineString", "coordinates": [ [ -157.738569795699419, 21.280164174002778 ], [ -157.738759599249505, 21.280132007277739 ], [ -157.738949443819394, 21.2801001080405 ], [ -157.73913549145783, 21.28004359215862 ], [ -157.739323024974482, 21.279996716238468 ], [ -157.739514411094405, 21.279974809257439 ], [ -157.73970044192896, 21.279918188720821 ], [ -157.739879316659938, 21.279872600620568 ], [ -157.740012334057894, 21.279879073009614 ], [ -157.740206895832813, 21.279857613574446 ], [ -157.740401100651781, 21.279841509148056 ], [ -157.740593913708494, 21.279846346021571 ], [ -157.740786070375549, 21.279861039892182 ], [ -157.740977174647867, 21.279891582588053 ], [ -157.741168652750332, 21.279916488104934 ], [ -157.741360052311279, 21.279942590692688 ], [ -157.741552326333078, 21.279955527512513 ], [ -157.741744905352903, 21.279963886289448 ], [ -157.741936714196584, 21.279983818534955 ], [ -157.742129345194343, 21.279991401264841 ], [ -157.74232066672559, 21.280018670250325 ], [ -157.742514308013568, 21.280011045468367 ], [ -157.742708117182701, 21.280000904013665 ], [ -157.742898845094743, 21.27999097330839 ], [ -157.743235858397725, 21.279915638564599 ], [ -157.743425041857193, 21.279856603684554 ], [ -157.743595096079616, 21.279770204509227 ], [ -157.743731414167627, 21.279635550015669 ], [ -157.743914259770861, 21.27956744799706 ], [ -157.744035825809249, 21.279411692407422 ], [ -157.744202406428428, 21.279325074254285 ] ] } },
{ "type": "Feature", "properties": { "objectid": 64, "island": "Oahu", "st_lengthshape": 280.49165893416915 }, "geometry": { "type": "LineString", "coordinates": [ [ -157.744258145401517, 21.278952297867388 ], [ -157.744443770840661, 21.278903244624438 ], [ -157.744629359515415, 21.278854080685619 ], [ -157.744822195831347, 21.278826301930167 ], [ -157.745012466025173, 21.278790951618941 ], [ -157.745195740332207, 21.278734959255377 ], [ -157.745377850438246, 21.27867552970719 ], [ -157.745565613489447, 21.278632782219574 ], [ -157.745751864415041, 21.27858557504014 ], [ -157.745934520462924, 21.27852775694414 ], [ -157.746116460759481, 21.27846783206525 ], [ -157.746297330883266, 21.278404744432152 ], [ -157.746479600954757, 21.278345792730075 ], [ -157.746662521631208, 21.278288756303589 ], [ -157.74682987050403, 21.278199417463071 ] ] } },
{ "type": "Feature", "properties": { "objectid": 65, "island": "Oahu", "st_lengthshape": 693.03955421896035 }, "geometry": { "type": "LineString", "coordinates": [ [ -157.747058304936928, 21.277869399517225 ], [ -157.747243017306488, 21.277813072253682 ], [ -157.747430056309412, 21.277761400915519 ], [ -157.747608818290729, 21.277693172186243 ], [ -157.747786934666692, 21.277623653860147 ], [ -157.747965211053412, 21.277554456322338 ], [ -157.748145602731427, 21.277489489459686 ], [ -157.748334153741979, 21.277440840176332 ], [ -157.748519714489504, 21.277388361633431 ], [ -157.748649409915174, 21.27734287641438 ], [ -157.748830807908035, 21.277277380567245 ], [ -157.749022056967988, 21.277249956372241 ], [ -157.74922806562472, 21.277279571393336 ], [ -157.749424160477361, 21.277270877180342 ], [ -157.749614980150767, 21.277241789617243 ], [ -157.749800117550393, 21.277190745566873 ], [ -157.749980612444688, 21.277133388390208 ], [ -157.750367108386257, 21.277133471273238 ], [ -157.750567936888274, 21.277125055652053 ], [ -157.75074767416362, 21.277196321923107 ], [ -157.750936361785136, 21.277233775072187 ], [ -157.751126290997036, 21.277266536050519 ], [ -157.751316567806555, 21.277288498629527 ], [ -157.751546026226663, 21.277284372844232 ], [ -157.75173663772523, 21.277250223312318 ], [ -157.751915232456525, 21.277180284889241 ], [ -157.752090256153053, 21.277099709655353 ], [ -157.752287590907713, 21.277097221148153 ], [ -157.752519304219476, 21.276938897131547 ], [ -157.752698229707221, 21.276871598153374 ], [ -157.752877075722438, 21.276804104163272 ], [ -157.753055171958977, 21.276734753406259 ], [ -157.753234219721122, 21.276667757372724 ], [ -157.7534164103227, 21.276608541698234 ] ] } },
{ "type": "Feature", "properties": { "objectid": 66, "island": "Oahu", "st_lengthshape": 1364.0187838396771 }, "geometry": { "type": "LineString", "coordinates": [ [ -157.759810033717628, 21.276156593744584 ], [ -157.760002236622938, 21.276170498030709 ], [ -157.76019391526259, 21.276189808573893 ], [ -157.760387040140898, 21.276194222894649 ], [ -157.760582389524842, 21.276175738260889 ], [ -157.760765636839324, 21.276241197547556 ], [ -157.761079124368223, 21.276341687408603 ], [ -157.761271004271407, 21.276320887298823 ], [ -157.76145934188915, 21.27628180453782 ], [ -157.761646758272633, 21.276237968436089 ], [ -157.761819356791989, 21.276161313649677 ], [ -157.761923695421359, 21.276111787702693 ], [ -157.762102684380494, 21.276044504263169 ], [ -157.76228657610045, 21.275989781100318 ], [ -157.762467531232602, 21.275927533591378 ], [ -157.762644474991646, 21.275855008479954 ], [ -157.762822248947856, 21.275784611310367 ], [ -157.76300306775758, 21.275722014402273 ], [ -157.763182259652353, 21.275655248898691 ], [ -157.763362355343418, 21.275590802483837 ], [ -157.763542258409984, 21.275525860306811 ], [ -157.763718328383931, 21.275451096260127 ], [ -157.76388799287929, 21.275374349975451 ], [ -157.764188957165146, 21.275259839894854 ], [ -157.764362508228089, 21.275180788195968 ], [ -157.764542844066028, 21.27511342702477 ], [ -157.764714904972834, 21.27503180654848 ], [ -157.764894111709509, 21.274962500762417 ], [ -157.765050127136192, 21.274853237191628 ], [ -157.765209155257025, 21.27474916378673 ], [ -157.76538310045143, 21.27467518544826 ], [ -157.765670452078695, 21.274593526327891 ], [ -157.765825914721773, 21.274485021299363 ], [ -157.765984014007358, 21.274380689174198 ], [ -157.766142582995627, 21.274277100199022 ], [ -157.766308334684908, 21.274184877603886 ], [ -157.766476870495239, 21.27409706113518 ], [ -157.766650258482912, 21.27401692170989 ], [ -157.766825017994364, 21.273938953927438 ], [ -157.766997298345359, 21.2738570633982 ], [ -157.767161489002916, 21.273762370392621 ], [ -157.767324450419011, 21.273665733180831 ], [ -157.767482839849748, 21.273561862405966 ], [ -157.767629851966177, 21.273439986068482 ], [ -157.767823194235746, 21.273391424484377 ], [ -157.767959746402255, 21.27326415222117 ], [ -157.768035065491233, 21.273181452013635 ], [ -157.7681828618758, 21.273065297483342 ], [ -157.76834475672166, 21.272963815619928 ], [ -157.768512007037742, 21.272867907756371 ], [ -157.768666319995418, 21.272763559718321 ], [ -157.768702394421325, 21.272740784472479 ], [ -157.768891274284812, 21.272699959873012 ], [ -157.769068078607091, 21.27262634984454 ], [ -157.769248165084463, 21.272563445180893 ], [ -157.769362367415113, 21.272558739964317 ], [ -157.769551807018985, 21.272512911252573 ], [ -157.769742974139433, 21.272487196076259 ], [ -157.769935384654417, 21.272475957411668 ], [ -157.770128692545569, 21.272475144678666 ], [ -157.770316211494332, 21.272476121524445 ], [ -157.770903891432198, 21.272374853786392 ], [ -157.771092985457869, 21.272336094267239 ], [ -157.771275333719188, 21.272277378409541 ], [ -157.771462790756829, 21.272233774336463 ], [ -157.771644815180451, 21.272174099023662 ], [ -157.771822459106318, 21.272120106365268 ] ] } },
{ "type": "Feature", "properties": { "objectid": 67, "island": "Oahu", "st_lengthshape": 2548.7922583978557 }, "geometry": { "type": "LineString", "coordinates": [ [ -157.772425797583026, 21.271727734033558 ], [ -157.772610785230086, 21.271676011822272 ], [ -157.772787805976691, 21.271603496035201 ], [ -157.77297233584531, 21.271550576711679 ], [ -157.773169455923693, 21.271530517252348 ], [ -157.773356773267295, 21.271484874667266 ], [ -157.773541959402081, 21.271433669585548 ], [ -157.773735757624507, 21.27140493899655 ], [ -157.773924091648752, 21.271361949173567 ], [ -157.774096025834268, 21.271288349733808 ], [ -157.774910076171835, 21.271070019333418 ], [ -157.775095330752123, 21.271012171324674 ], [ -157.775272472774702, 21.27093979374327 ], [ -157.775443331330848, 21.270856163830373 ], [ -157.775607400182054, 21.270760376348232 ], [ -157.775771666374595, 21.270664941546507 ], [ -157.775918187622153, 21.270557219915531 ], [ -157.776188884317264, 21.270413106758664 ], [ -157.776334097595651, 21.270292276182545 ], [ -157.776483087879683, 21.270174570600851 ], [ -157.776601763446848, 21.270031768280372 ], [ -157.776735121723931, 21.269901119992788 ], [ -157.776865827266107, 21.269768277885539 ], [ -157.777060216041946, 21.269688158669602 ], [ -157.777396757751745, 21.269107902561398 ], [ -157.777397558904454, 21.268859551965399 ], [ -157.777505428073141, 21.268706430637 ], [ -157.777641245376344, 21.268578167141506 ], [ -157.777792085211843, 21.268463266043138 ], [ -157.777942487591815, 21.268347974977367 ], [ -157.778061553490659, 21.268207970285037 ], [ -157.778151024949494, 21.268074719588739 ], [ -157.778229099656272, 21.267908545479823 ], [ -157.778316535716499, 21.267747332832524 ], [ -157.778401421045061, 21.26758476914436 ], [ -157.778492290992119, 21.267425377208074 ], [ -157.778575652141114, 21.267262005576288 ], [ -157.778701289555755, 21.267121044331674 ], [ -157.778826530433889, 21.266979872328992 ], [ -157.778856844407215, 21.266788381259872 ], [ -157.778979414386953, 21.266645793131872 ], [ -157.77910769255783, 21.266506231044477 ], [ -157.779212257805483, 21.26635409990422 ], [ -157.779302808462035, 21.266194538905829 ], [ -157.779377455172863, 21.266026547890561 ], [ -157.77946269714792, 21.265864174035308 ], [ -157.779552198816219, 21.265707282000598 ], [ -157.779627966419753, 21.265624337254398 ], [ -157.779772741272097, 21.265503745885791 ], [ -157.779934578652416, 21.265397940759026 ], [ -157.780099799458696, 21.265295067955567 ], [ -157.78026343538167, 21.265201819008361 ], [ -157.780329824506879, 21.265172173480433 ], [ -157.780483554230386, 21.265062607939658 ], [ -157.780648537096653, 21.264968876902099 ], [ -157.780823506992334, 21.264889198734942 ], [ -157.781004003385789, 21.26481729513808 ], [ -157.781195693019697, 21.264761139704927 ], [ -157.78135446630742, 21.264658671560259 ], [ -157.781492251116077, 21.26452667340628 ], [ -157.781633017681429, 21.264398869422003 ], [ -157.781762842081804, 21.264255671115265 ], [ -157.781899218054974, 21.264121689413926 ], [ -157.782043166894596, 21.263998364453357 ], [ -157.782196710295523, 21.263888538421241 ], [ -157.78236391064496, 21.263797929263681 ], [ -157.782541897480542, 21.263722494332601 ], [ -157.782723615914449, 21.263652313148803 ], [ -157.782915628350594, 21.263596612397087 ], [ -157.783115384357245, 21.263551808867923 ], [ -157.783306657213274, 21.263495068844687 ], [ -157.783487924404056, 21.26342425298709 ], [ -157.783666248482604, 21.26334929353488 ], [ -157.783829988040992, 21.263253814824424 ], [ -157.783983882862231, 21.263144484659758 ], [ -157.784150822210677, 21.263053508597284 ], [ -157.784327606868516, 21.262976384534504 ], [ -157.784495869182848, 21.26288726869338 ], [ -157.784706850848238, 21.262858258582014 ], [ -157.784904647546938, 21.262810698764692 ], [ -157.78507281407343, 21.262721448835258 ], [ -157.785193052076977, 21.262564765976062 ], [ -157.785311457580121, 21.262405638797272 ], [ -157.785356380185448, 21.262309505323721 ], [ -157.785515263866301, 21.262200671249548 ], [ -157.785691316925181, 21.262127117815218 ], [ -157.785851272096352, 21.262020485449973 ], [ -157.78600850507695, 21.261908258515035 ], [ -157.786182917927619, 21.26183133574084 ], [ -157.786357100289933, 21.261753940453747 ], [ -157.786526378740945, 21.261666466719642 ], [ -157.78668889086876, 21.261565089755429 ], [ -157.786856322655609, 21.261473822606316 ], [ -157.787019417245148, 21.26137364196649 ], [ -157.787200449186315, 21.261310321949225 ], [ -157.78739141368348, 21.261267412048689 ], [ -157.787575615683551, 21.261210605259546 ], [ -157.787740635387934, 21.261114384633686 ], [ -157.787895309864354, 21.260996903200919 ], [ -157.788052441704764, 21.260884471151705 ], [ -157.78820683988522, 21.260766423709605 ], [ -157.788362013121031, 21.260649968034276 ], [ -157.788529050514114, 21.260557893182394 ], [ -157.788708854441637, 21.260492051227551 ], [ -157.788898522844761, 21.260446478796808 ], [ -157.789084333613118, 21.260392980115281 ], [ -157.789244785012869, 21.260287372337672 ], [ -157.789404362312979, 21.26017996941092 ], [ -157.78957548738083, 21.260096294521908 ], [ -157.789757740401882, 21.260035485502492 ], [ -157.789936657954684, 21.259967823624791 ], [ -157.790075098066382, 21.259833660788736 ], [ -157.790249035655904, 21.259659706347072 ], [ -157.790356330432246, 21.259505418968402 ], [ -157.790481952830277, 21.259367892597378 ], [ -157.790619910884772, 21.259241649417351 ], [ -157.790795350899998, 21.259149683966942 ], [ -157.790987340309385, 21.25907285405496 ], [ -157.791143913484746, 21.2589636336835 ], [ -157.791249110014974, 21.258807428081514 ], [ -157.791342936590439, 21.258651800342367 ] ] } },
{ "type": "Feature", "properties": { "objectid": 68, "island": "Oahu", "st_lengthshape": 1182.5375099286566 }, "geometry": { "type": "LineString", "coordinates": [ [ -157.796281640279204, 21.257452794420118 ], [ -157.796469810247942, 21.257413361805476 ], [ -157.796655214373402, 21.257363718996764 ], [ -157.796830645427463, 21.257277250385162 ], [ -157.797008772796715, 21.257200739014774 ], [ -157.797187157282394, 21.257125178745277 ], [ -157.797387316990495, 21.257130019040758 ], [ -157.797587761165971, 21.257135909060327 ], [ -157.797787730982321, 21.257140048302812 ], [ -157.797987114174504, 21.257142019506251 ], [ -157.798181433530374, 21.25712529484969 ], [ -157.798371190496454, 21.257091726258277 ], [ -157.798559445646731, 21.257052609867479 ], [ -157.798760098504999, 21.257059267858811 ], [ -157.798950634719773, 21.257028576036358 ], [ -157.799117802019055, 21.25691159822415 ], [ -157.799300974079131, 21.256853716589752 ], [ -157.79948138196832, 21.256785627530792 ], [ -157.799660026816412, 21.256711032146846 ], [ -157.799845266377758, 21.256660782011473 ], [ -157.800034272033542, 21.256624439974956 ], [ -157.800203724940957, 21.25651590502785 ], [ -157.800384194730952, 21.256448047578186 ], [ -157.800571785208007, 21.256406480479534 ], [ -157.800757870939265, 21.256359358353642 ], [ -157.800946420345582, 21.256321331715359 ], [ -157.8011364350495, 21.256288712139877 ], [ -157.80132803104658, 21.256261934978923 ], [ -157.801515429245939, 21.256219658989547 ], [ -157.80170480270715, 21.256184676352863 ], [ -157.801901956904572, 21.256178415204133 ], [ -157.802093866149363, 21.256152793920673 ], [ -157.802295742118389, 21.256163970595846 ], [ -157.802494087529368, 21.256162106793269 ], [ -157.802701863611958, 21.256195064103057 ], [ -157.802894912584946, 21.25617364715329 ], [ -157.803096039139376, 21.256182054980364 ], [ -157.803290984903896, 21.256167639677017 ], [ -157.803487186436996, 21.256157864747671 ], [ -157.803677462521762, 21.256126212565501 ], [ -157.80386409547458, 21.256081110820087 ], [ -157.804054346135075, 21.256049364975034 ], [ -157.804241677946266, 21.256006843329992 ], [ -157.804423767256623, 21.255944967066746 ], [ -157.804599104504689, 21.255858166925407 ], [ -157.804778387910858, 21.25578593375857 ], [ -157.804958579834789, 21.255717054803988 ], [ -157.805136117593321, 21.255638378523095 ], [ -157.805315708389742, 21.255567280697132 ], [ -157.805494494201753, 21.255493212035837 ], [ -157.805671570050919, 21.255412833516505 ], [ -157.80585593032805, 21.255359343471582 ], [ -157.806042146247421, 21.255312705943673 ], [ -157.806236082821215, 21.255294569794277 ], [ -157.806427319443884, 21.255266463438062 ], [ -157.806603562575106, 21.255183013703547 ], [ -157.806801932143344, 21.255181239801257 ], [ -157.806993961194991, 21.255156062681216 ], [ -157.807209385150628, 21.255217243544589 ] ] } },
{ "type": "Feature", "properties": { "objectid": 69, "island": "Oahu", "st_lengthshape": 793.68937462246379 }, "geometry": { "type": "LineString", "coordinates": [ [ -157.811318301041666, 21.256137107367621 ], [ -157.811514316673424, 21.256183275226547 ], [ -157.811708306648256, 21.256197620102682 ], [ -157.811898701196355, 21.256155483652019 ], [ -157.812090285270301, 21.256132041154451 ], [ -157.812281780317392, 21.256107195742519 ], [ -157.812473843707295, 21.256091268801683 ], [ -157.81266435006313, 21.256050893876242 ], [ -157.812856502337581, 21.256036370090911 ], [ -157.813051255892589, 21.256062701409764 ], [ -157.813243171056172, 21.256044453530727 ], [ -157.813353890145152, 21.256018716574783 ], [ -157.813550757012479, 21.256006807081548 ], [ -157.813740736696701, 21.25603745023383 ], [ -157.813929935768869, 21.256072920839717 ], [ -157.814116646952129, 21.256123764856461 ], [ -157.814305685043848, 21.256160231262363 ], [ -157.814495420755151, 21.256192387756141 ], [ -157.814661458614665, 21.256229556557809 ], [ -157.814837474609703, 21.256305400997608 ], [ -157.815018219241978, 21.256373708962229 ], [ -157.815184741660914, 21.256464680499597 ], [ -157.81535049801667, 21.256556873304984 ], [ -157.815517314678488, 21.256647375927525 ], [ -157.815685052042824, 21.256736412328213 ], [ -157.81585388583099, 21.256823700072889 ], [ -157.816025900059714, 21.256905922078033 ], [ -157.816200535420592, 21.256983966055795 ], [ -157.816358058366291, 21.257089278806152 ], [ -157.816511220189483, 21.257201539518377 ], [ -157.816663930281806, 21.257314522353546 ], [ -157.816833975732806, 21.257399881691153 ], [ -157.817292550038019, 21.257684446833711 ], [ -157.817482039791486, 21.257731337218065 ], [ -157.817670585827244, 21.257789864627423 ], [ -157.817859419493118, 21.257844854348193 ], [ -157.818048151814139, 21.257901089836547 ], [ -157.818241476142248, 21.257900704525966 ], [ -157.818259038451316, 21.257913068655441 ], [ -157.818398600499961, 21.258021500458849 ] ] } },
{ "type": "Feature", "properties": { "objectid": 70, "island": "Oahu", "st_lengthshape": 170.45013203767559 }, "geometry": { "type": "LineString", "coordinates": [ [ -157.820513877799442, 21.261286961747409 ], [ -157.820727792369269, 21.261312067121878 ], [ -157.820908498819307, 21.261383758347762 ], [ -157.821036452592466, 21.261504715598811 ], [ -157.821081135811255, 21.26158744038846 ], [ -157.821143257437825, 21.26175847567059 ], [ -157.821238079641631, 21.261918872717306 ], [ -157.821325630127063, 21.262081634536511 ], [ -157.821303582889186, 21.262280055604251 ], [ -157.821331222758829, 21.262422589647507 ] ] } },
{ "type": "Feature", "properties": { "objectid": 71, "island": "Oahu", "st_lengthshape": 174.85813771047873 }, "geometry": { "type": "LineString", "coordinates": [ [ -157.821340964048886, 21.26255132291109 ], [ -157.821418697386719, 21.262717953926892 ], [ -157.821402212637139, 21.26291168100968 ], [ -157.82145600790102, 21.263085195591223 ], [ -157.821526305688678, 21.263253964392455 ], [ -157.82160836029712, 21.263419352665643 ], [ -157.821703745322168, 21.263580906149397 ], [ -157.821803033986157, 21.263741337758415 ], [ -157.821895185371801, 21.263903822521261 ], [ -157.821947453748265, 21.263996690153075 ] ] } },
{ "type": "Feature", "properties": { "objectid": 72, "island": "Oahu", "st_lengthshape": 381.84321538717359 }, "geometry": { "type": "LineString", "coordinates": [ [ -157.821345337897043, 21.265409673206417 ], [ -157.821427130562768, 21.26557587098284 ], [ -157.821513820818268, 21.265740790343795 ], [ -157.821546610672584, 21.265919779802175 ], [ -157.821544613516181, 21.266107849904234 ], [ -157.821504830488095, 21.266305783690242 ], [ -157.821457356886583, 21.266505724311234 ], [ -157.82147306995958, 21.266689170927386 ], [ -157.821611226088038, 21.266840657176608 ], [ -157.82174586804021, 21.266993060084591 ], [ -157.821874335085425, 21.267147074737348 ], [ -157.822054366275381, 21.267287628756531 ], [ -157.822159301714805, 21.267447786199654 ], [ -157.822256628961611, 21.267609929365186 ], [ -157.822289800535145, 21.267788819277158 ], [ -157.822297200272743, 21.267974436401929 ], [ -157.822276283229399, 21.268167445916141 ], [ -157.822266494869694, 21.268357549298859 ], [ -157.822278980393236, 21.268541839643134 ] ] } },
{ "type": "Feature", "properties": { "objectid": 73, "island": "Oahu", "st_lengthshape": 326.57044230506801 }, "geometry": { "type": "LineString", "coordinates": [ [ -157.822685804997775, 21.26854859725897 ], [ -157.82271658425509, 21.268728082881506 ], [ -157.822725300377073, 21.268908572486517 ], [ -157.822697480663265, 21.269090726506445 ], [ -157.822717901351524, 21.269270683583464 ], [ -157.822719022006822, 21.269451519405017 ], [ -157.822722699539952, 21.269632239387136 ], [ -157.822710276933549, 21.269813691536605 ], [ -157.82269118918552, 21.269995447621973 ], [ -157.822779116159381, 21.270172331475738 ], [ -157.822819117786452, 21.270351396382338 ], [ -157.822812121038709, 21.270605236598328 ], [ -157.822652469436008, 21.270850127947714 ], [ -157.822737495862128, 21.271013551754148 ], [ -157.82282888496141, 21.271174857254341 ], [ -157.823012571410516, 21.27130054078544 ] ] } },
{ "type": "Feature", "properties": { "objectid": 74, "island": "Oahu", "st_lengthshape": 201.16655937729607 }, "geometry": { "type": "LineString", "coordinates": [ [ -157.822939309746971, 21.271576678143102 ], [ -157.822997568264867, 21.271749795231841 ], [ -157.823060691227823, 21.271920972369699 ], [ -157.823131814228702, 21.272088956767139 ], [ -157.823222277741849, 21.272249223031235 ], [ -157.823340893892237, 21.272398256144601 ], [ -157.823445892824537, 21.272552722851952 ], [ -157.823518623489093, 21.272720065177062 ], [ -157.823607011891937, 21.272881160532922 ], [ -157.823682179413566, 21.27304753059494 ], [ -157.823768052364869, 21.273209629145626 ] ] } },
{ "type": "Feature", "properties": { "objectid": 75, "island": "Oahu", "st_lengthshape": 231.61036300597567 }, "geometry": { "type": "LineString", "coordinates": [ [ -157.823917896561909, 21.273415399004513 ], [ -157.8239247255257, 21.273611717270573 ], [ -157.82399284112563, 21.273781288388296 ], [ -157.824062256749727, 21.273950292190865 ], [ -157.824128404445162, 21.274120723104325 ], [ -157.824202218101476, 21.274287807126811 ], [ -157.82430631892953, 21.274441674456767 ], [ -157.824635828401568, 21.27487602782319 ], [ -157.824816614932047, 21.27494066774554 ], [ -157.824998557609433, 21.275001499605395 ], [ -157.825065113430696, 21.275071550537533 ] ] } },
{ "type": "Feature", "properties": { "objectid": 76, "island": "Oahu", "st_lengthshape": 537.79561476633444 }, "geometry": { "type": "LineString", "coordinates": [ [ -157.825186478989451, 21.275065252091078 ], [ -157.8252372140538, 21.275322968616873 ], [ -157.825360795952861, 21.275476062397431 ], [ -157.825521038795983, 21.275576504411397 ], [ -157.825757017074181, 21.275568173439613 ], [ -157.825922232482299, 21.275661474085162 ], [ -157.826075112236765, 21.275772490902643 ], [ -157.826231922196712, 21.275877862560293 ], [ -157.826394706778501, 21.275974654610611 ], [ -157.826557099662494, 21.276072008403847 ], [ -157.826720229804522, 21.276168304790787 ], [ -157.826912997139488, 21.276222035300695 ], [ -157.827101823963886, 21.276281424123798 ], [ -157.827234187864121, 21.276421907657156 ], [ -157.82739634100156, 21.276519607717947 ], [ -157.827573781249754, 21.276595351324787 ], [ -157.827943419054208, 21.27662339688202 ], [ -157.828135063326812, 21.276646863510159 ], [ -157.828323503439975, 21.276722849101006 ], [ -157.82851450111346, 21.276756916667036 ], [ -157.828708390461628, 21.276743609299217 ], [ -157.828902097083812, 21.276733292481726 ], [ -157.829095477122024, 21.276728313140325 ], [ -157.829288214709578, 21.276733878059797 ], [ -157.829480404207033, 21.276748420508493 ], [ -157.829672095420818, 21.276771131393264 ] ] } },
{ "type": "Feature", "properties": { "objectid": 77, "island": "Oahu", "st_lengthshape": 223.66939898201417 }, "geometry": { "type": "LineString", "coordinates": [ [ -157.829743813114533, 21.276685261460205 ], [ -157.829925477345114, 21.276747852350319 ], [ -157.830103920258978, 21.276821701377223 ], [ -157.830282960059833, 21.27689346661904 ], [ -157.830462270681267, 21.276964281378017 ], [ -157.830644108038825, 21.277026271959823 ], [ -157.830827901253485, 21.277081422766734 ], [ -157.831009181877732, 21.277145358628609 ], [ -157.831180645815067, 21.277243600392097 ], [ -157.831345671169885, 21.277364342462974 ], [ -157.831525889830402, 21.277431990604665 ], [ -157.831715533914348, 21.277466698365426 ] ] } },
{ "type": "Feature", "properties": { "objectid": 78, "island": "Oahu", "st_lengthshape": 117.60381826399559 }, "geometry": { "type": "LineString", "coordinates": [ [ -157.832482709741782, 21.277575470398027 ], [ -157.832665055298634, 21.277635687204082 ], [ -157.832784293179969, 21.277682368150547 ], [ -157.832906626631683, 21.277732517825452 ], [ -157.833074504275629, 21.27782219307349 ], [ -157.833242997842376, 21.277910669103981 ], [ -157.833410240616928, 21.278001580899751 ], [ -157.833497312482677, 21.278043145767597 ] ] } },
{ "type": "Feature", "properties": { "objectid": 79, "island": "Oahu", "st_lengthshape": 878.62465533749901 }, "geometry": { "type": "LineString", "coordinates": [ [ -157.833605036557884, 21.278492859021775 ], [ -157.833766160908567, 21.278592063757824 ], [ -157.833932874822693, 21.278683077105175 ], [ -157.834106450796895, 21.278764035114804 ], [ -157.834284392525376, 21.278838596407066 ], [ -157.834458058597392, 21.278919422795024 ], [ -157.834634136297808, 21.27899671625255 ], [ -157.834821043708615, 21.279058140410051 ], [ -157.835004055748612, 21.279125272182096 ], [ -157.835124568178458, 21.279191138561423 ], [ -157.835166155712983, 21.279215726662812 ], [ -157.835284140697979, 21.279358653253219 ], [ -157.835402068702422, 21.27950162273649 ], [ -157.835526229704811, 21.2796398779535 ], [ -157.835647875713192, 21.279780036319536 ], [ -157.835768380697658, 21.279921057591086 ], [ -157.835883273689717, 21.280066323898822 ], [ -157.835996038574137, 21.280213198829777 ], [ -157.836120064002898, 21.280351556595967 ], [ -157.836262163572968, 21.28047624520778 ], [ -157.836572669065532, 21.280768292386885 ], [ -157.836726456657857, 21.280882880997176 ], [ -157.836877405966391, 21.28100261097806 ], [ -157.837018229493282, 21.281140687553762 ], [ -157.837158776567804, 21.281279265302818 ], [ -157.837165637032058, 21.281340131158654 ], [ -157.837343355749994, 21.281424413806953 ], [ -157.83746714206049, 21.281566013097372 ], [ -157.837592246616111, 21.281706212103696 ], [ -157.837932369055807, 21.281783816950185 ], [ -157.838133600787785, 21.281793690138567 ], [ -157.83831591134458, 21.281852468959944 ], [ -157.838495022631093, 21.281919515095108 ], [ -157.838704118407406, 21.281909062112682 ], [ -157.838817921874011, 21.281980152843293 ], [ -157.839461831411057, 21.281831207344297 ], [ -157.839653499877954, 21.281780863713482 ], [ -157.839853659190794, 21.281744256694573 ], [ -157.840058071062856, 21.281714527381357 ], [ -157.840152039778275, 21.281506150087385 ], [ -157.840319005541346, 21.281415849001661 ], [ -157.84039433039473, 21.281357511334448 ] ] } },
{ "type": "Feature", "properties": { "objectid": 80, "island": "Oahu", "st_lengthshape": 21.113633439617089 }, "geometry": { "type": "LineString", "coordinates": [ [ -157.840797191332285, 21.281623283816963 ], [ -157.84095608379684, 21.281742454266514 ] ] } },
{ "type": "Feature", "properties": { "objectid": 81, "island": "Oahu", "st_lengthshape": 363.72308251119262 }, "geometry": { "type": "LineString", "coordinates": [ [ -157.845983447984452, 21.282226046341346 ], [ -157.845900872754271, 21.282413466906089 ], [ -157.845861129082721, 21.282597685725687 ], [ -157.845830788606918, 21.282781201991153 ], [ -157.845979509486767, 21.283197814492969 ], [ -157.846082456598566, 21.283367878330132 ], [ -157.846200429084973, 21.283519885843674 ], [ -157.846323970292303, 21.283665204726105 ], [ -157.846450868615079, 21.283806488455106 ], [ -157.846594757766525, 21.283927356931887 ], [ -157.846749502957209, 21.284035180485251 ], [ -157.846923717175684, 21.284119611812805 ], [ -157.847100435917383, 21.284189433182508 ], [ -157.847651716383695, 21.284285129385779 ], [ -157.847843505731561, 21.284260211582296 ], [ -157.847927163127281, 21.284230823641501 ] ] } },
{ "type": "Feature", "properties": { "objectid": 82, "island": "Oahu", "st_lengthshape": 1290.2396265541283 }, "geometry": { "type": "LineString", "coordinates": [ [ -157.846091411438351, 21.285834377906653 ], [ -157.845990778515613, 21.285988539763455 ], [ -157.845896600234994, 21.28614621032483 ], [ -157.845843243306263, 21.286326077091712 ], [ -157.845780436009136, 21.286799915342751 ], [ -157.845840282867698, 21.286976434973433 ], [ -157.845967530120447, 21.287147524609086 ], [ -157.846016262252931, 21.287324939154143 ], [ -157.84610469881045, 21.287499155850451 ], [ -157.846229078966871, 21.287878951330551 ], [ -157.846315372139941, 21.288050350897571 ], [ -157.846416070537742, 21.288209233169031 ], [ -157.846485767689643, 21.288395053719942 ], [ -157.846690352090491, 21.288463660905123 ], [ -157.84690321985488, 21.28852506938836 ], [ -157.847094799088154, 21.288604977070207 ], [ -157.847322778752982, 21.288711749689003 ], [ -157.847486616743424, 21.288825316446733 ], [ -157.847651944860218, 21.288934474730112 ], [ -157.84782147347579, 21.28903120373926 ], [ -157.84799578466783, 21.289113783758904 ], [ -157.848173444836533, 21.28918644913178 ], [ -157.84835303308887, 21.289253413515585 ], [ -157.848534027512329, 21.289316215435594 ], [ -157.848715938711507, 21.289376303301989 ], [ -157.848898292085465, 21.289435083168598 ], [ -157.849080922866733, 21.289493041742858 ], [ -157.849263935613266, 21.289549872582828 ], [ -157.849446981083588, 21.28960660498192 ], [ -157.849629674462648, 21.289664380917031 ], [ -157.849812772520181, 21.289720958806388 ], [ -157.849997764079205, 21.289771933004086 ], [ -157.85018393676674, 21.289819412591704 ], [ -157.850369782020181, 21.289867861799127 ], [ -157.850554252057947, 21.289920380263364 ], [ -157.850737736604202, 21.289975815202318 ], [ -157.850921452151368, 21.290030568552996 ], [ -157.851105701612227, 21.290083740789285 ], [ -157.851289901898326, 21.290137057036937 ], [ -157.851473635635074, 21.290191757526163 ], [ -157.851660906511341, 21.290235988059891 ], [ -157.851851663156481, 21.290269904562869 ], [ -157.852043742933063, 21.290299904604424 ], [ -157.852233962093948, 21.290335409708483 ], [ -157.852420567455738, 21.290381612415921 ], [ -157.852605547059511, 21.290432625283685 ], [ -157.852790523838735, 21.290483646967399 ], [ -157.852972835020438, 21.290542556844251 ], [ -157.853152346444915, 21.290609753312445 ], [ -157.85333103918876, 21.290679372356983 ], [ -157.853509880095345, 21.290748553174371 ], [ -157.853623919969408, 21.290796570363693 ], [ -157.853709242708817, 21.290852505375121 ], [ -157.853862857985405, 21.290964696574711 ], [ -157.854014135175817, 21.291080719305217 ], [ -157.854168799510035, 21.291191191888117 ], [ -157.854329516342943, 21.291291750060353 ], [ -157.854491700813782, 21.29138990509184 ], [ -157.854647733669481, 21.291498137103083 ], [ -157.85479170325533, 21.291626131899182 ], [ -157.85493275290068, 21.291758910095716 ], [ -157.855078969523589, 21.291883223233185 ] ] } },
{ "type": "Feature", "properties": { "objectid": 83, "island": "Oahu", "st_lengthshape": 327.67510172424113 }, "geometry": { "type": "LineString", "coordinates": [ [ -157.876738435007326, 21.301299339781977 ], [ -157.876933413323883, 21.301195571630902 ], [ -157.877126140290443, 21.301200681846318 ], [ -157.877318505588676, 21.301223329020857 ], [ -157.877509670429049, 21.301304023435929 ], [ -157.87770247997932, 21.301305138694079 ], [ -157.877895662591015, 21.301288227882448 ], [ -157.878089007210633, 21.301263432110662 ], [ -157.878282264056196, 21.30124295380211 ], [ -157.878475326601432, 21.301231813369739 ], [ -157.878668204605475, 21.301229618803113 ], [ -157.878860994084846, 21.301231723630902 ], [ -157.879054143007579, 21.301216435576936 ], [ -157.879247708037383, 21.301180977045458 ], [ -157.879440104125536, 21.301202159397597 ], [ -157.879631976883587, 21.301248638799944 ], [ -157.879823737164799, 21.301300562962826 ] ] } },
{ "type": "Feature", "properties": { "objectid": 84, "island": "Oahu", "st_lengthshape": 192.26831846868214 }, "geometry": { "type": "LineString", "coordinates": [ [ -157.882031957474169, 21.300998067585994 ], [ -157.882221867284187, 21.300966917655838 ], [ -157.882399609870021, 21.300870044364917 ], [ -157.882577744971258, 21.300775286548053 ], [ -157.88275059870864, 21.300652006384535 ], [ -157.882948475968476, 21.300663897962377 ], [ -157.883157942784919, 21.300738392731478 ], [ -157.883362249034803, 21.300785006429646 ], [ -157.883563484983597, 21.300815040992749 ], [ -157.883759775648883, 21.300825294970299 ] ] } },
{ "type": "Feature", "properties": { "objectid": 85, "island": "Oahu", "st_lengthshape": 4918.5388965358134 }, "geometry": { "type": "LineString", "coordinates": [ [ -157.970624288121058, 21.325154856705542 ], [ -157.970652254706721, 21.324975611892473 ], [ -157.970661486460756, 21.324795080633965 ], [ -157.970675254415823, 21.324614860815732 ], [ -157.97070525329022, 21.324435755801233 ], [ -157.97074692464048, 21.324257452193915 ], [ -157.970762761513782, 21.324077374206265 ], [ -157.970732875788912, 21.323894156995536 ], [ -157.970657978868076, 21.32370784826244 ], [ -157.970642432420817, 21.323525615915763 ], [ -157.970684056321403, 21.323347308394997 ], [ -157.970728977921596, 21.323169228830405 ], [ -157.970792277366712, 21.322992409987076 ], [ -157.970870659658544, 21.322816627501854 ], [ -157.970940818457223, 21.32267457993423 ], [ -157.971084499415753, 21.322532033641956 ], [ -157.97124126851827, 21.322394075369257 ], [ -157.971424271877538, 21.322265312545333 ], [ -157.971701787977707, 21.322212448574906 ], [ -157.971798378014654, 21.322202092455829 ], [ -157.972106655980923, 21.322228384996912 ], [ -157.972238119719208, 21.322096182150045 ], [ -157.97230703474429, 21.321907910841187 ], [ -157.972388738474166, 21.321731104390501 ], [ -157.972484213993624, 21.321566642396274 ], [ -157.972598038522733, 21.32141862904561 ], [ -157.972771110252012, 21.321323724802781 ], [ -157.972904234070967, 21.321193010417769 ], [ -157.973067459038845, 21.321089278889911 ], [ -157.973178415720128, 21.320938695421297 ], [ -157.973320437497335, 21.320815957127522 ], [ -157.973517117778243, 21.320742214349213 ], [ -157.973722502030625, 21.320676274922207 ], [ -157.973836931165607, 21.320528803685058 ], [ -157.974042827623151, 21.320463323204397 ], [ -157.974154408545388, 21.320313298444454 ], [ -157.974222059248405, 21.320123896435121 ], [ -157.974358549681455, 21.319996201604592 ], [ -157.974558382743538, 21.319925284615088 ], [ -157.974713817026839, 21.319814571006781 ], [ -157.974899708996787, 21.319731159171159 ], [ -157.975041432123049, 21.319608153697423 ], [ -157.975203251090477, 21.319503162864429 ], [ -157.975371110257356, 21.319403585847141 ], [ -157.975525813261186, 21.319292216521028 ], [ -157.975693444889316, 21.319192435410727 ], [ -157.975869541893985, 21.319100243846457 ], [ -157.976049694711435, 21.319011686866254 ], [ -157.976224719089117, 21.318918531656085 ], [ -157.976360011834856, 21.318789764464277 ], [ -157.976484461460274, 21.318651277172076 ], [ -157.976620798169336, 21.31852344482396 ], [ -157.976752588023089, 21.318391537350131 ], [ -157.976955336505029, 21.318323234274679 ], [ -157.977180234387475, 21.318274785603563 ], [ -157.977347340790601, 21.318192188111357 ], [ -157.97751719914001, 21.318106598774115 ], [ -157.977684720817365, 21.318016745345197 ], [ -157.977822778420858, 21.31787309442219 ], [ -157.977950279742345, 21.317710170611054 ], [ -157.978029192868547, 21.317458534189861 ], [ -157.978108789325802, 21.317208144979343 ], [ -157.978272107988118, 21.317110617881571 ], [ -157.97843351174464, 21.317009595379876 ], [ -157.978575147585047, 21.316872480998871 ], [ -157.978722154017589, 21.316745172348469 ], [ -157.978899105064698, 21.316672536332945 ], [ -157.978986360485891, 21.316633000977625 ], [ -157.979111377914506, 21.316563494205109 ], [ -157.97930994666936, 21.316570315988493 ], [ -157.979514314456083, 21.316602984477786 ], [ -157.979714885869839, 21.31661872751361 ], [ -157.979898962640533, 21.316560963371643 ], [ -157.980078557109437, 21.316483225119445 ], [ -157.980259173743889, 21.316410040707765 ], [ -157.980440019385526, 21.316337874740285 ], [ -157.98062612246423, 21.316289143666157 ], [ -157.980818376362947, 21.316267824342155 ], [ -157.981011488913566, 21.316250326970351 ], [ -157.981197031451387, 21.316199095693346 ], [ -157.981378799608649, 21.31613104667025 ], [ -157.981562932253496, 21.316073534861243 ], [ -157.981748270472877, 21.316021396491251 ], [ -157.981936242661078, 21.315980992187836 ], [ -157.982123995852533, 21.315939615162751 ], [ -157.98231091362905, 21.315894516176453 ], [ -157.982497146576605, 21.315846366484035 ], [ -157.982683139973318, 21.315797145475976 ], [ -157.982868814244711, 21.315746507563116 ], [ -157.983052872023478, 21.315688661170299 ], [ -157.983237016626902, 21.315631207182363 ], [ -157.983421982427046, 21.315577409598159 ], [ -157.983605143621531, 21.315515573961314 ], [ -157.983786361774179, 21.315445077883105 ], [ -157.983967987609589, 21.315376399952097 ], [ -157.984150980929599, 21.315313813748666 ], [ -157.984335050797512, 21.315256027419927 ], [ -157.984519171055666, 21.315198464334895 ], [ -157.984703930071646, 21.315143752497988 ], [ -157.984889413053793, 21.315092261019686 ], [ -157.985075510493942, 21.315043512228197 ], [ -157.98526090620976, 21.314991636751476 ], [ -157.985446537565934, 21.314940808654654 ], [ -157.985630906819154, 21.314884357941828 ], [ -157.985812011043862, 21.314813361141091 ], [ -157.985996356625463, 21.314756805979773 ], [ -157.986183709714567, 21.314713653906104 ], [ -157.986370392881952, 21.314667516274906 ], [ -157.986556131076782, 21.314617167287754 ], [ -157.98674328272881, 21.314573116261926 ], [ -157.986930674691024, 21.314530138838645 ], [ -157.987117751310933, 21.314485751764835 ], [ -157.987304450787576, 21.314439687254882 ], [ -157.987492627363054, 21.314400206565384 ], [ -157.987679562397318, 21.31435519102396 ], [ -157.987867190548172, 21.314313267354514 ], [ -157.988055367784597, 21.314273788738323 ], [ -157.988243496301209, 21.314234090082138 ], [ -157.988431991451222, 21.314196027716278 ], [ -157.988623487811566, 21.314171340350732 ], [ -157.988808056193591, 21.314115780762101 ], [ -157.98899552754682, 21.314073157422808 ], [ -157.989184326384787, 21.314036451165471 ], [ -157.989373700539176, 21.314002306655457 ], [ -157.989563911049089, 21.313971887266749 ], [ -157.989756435239599, 21.313951776110649 ], [ -157.989945428379855, 21.313915935636928 ], [ -157.99013444392682, 21.313880189941926 ], [ -157.990323907529501, 21.313846444198827 ], [ -157.990516573678008, 21.313826969931529 ], [ -157.990707398494607, 21.313799287594964 ], [ -157.990895610027366, 21.313759961345227 ], [ -157.991092316118113, 21.313758485244129 ], [ -157.99129123410205, 21.313766860504494 ], [ -157.991480909763993, 21.313734056990153 ], [ -157.991666300023724, 21.313682164340609 ], [ -157.991857416395078, 21.313655785175424 ], [ -157.992049973679457, 21.313635818824999 ], [ -157.992212279645912, 21.313481090067736 ], [ -157.992393939770466, 21.313412579178941 ], [ -157.992583801887747, 21.313380612990176 ], [ -157.992766083019518, 21.313314870801008 ], [ -157.992965892307467, 21.313327216353343 ], [ -157.993147315178106, 21.31325765252398 ], [ -157.99332648471119, 21.313178051471919 ], [ -157.993510311082645, 21.31311919459792 ], [ -157.993698050443186, 21.313077772699046 ], [ -157.993886051721546, 21.313037515769036 ], [ -157.994073759084358, 21.312995950510199 ], [ -157.994260299517236, 21.312949184251295 ], [ -157.994446585288671, 21.31290128878025 ], [ -157.994633581217641, 21.312856550308226 ], [ -157.994818800974315, 21.312803904141962 ], [ -157.995006082980126, 21.312760447114968 ], [ -157.995194624414523, 21.312722599559173 ], [ -157.995380463321197, 21.312672709206481 ], [ -157.995566920630125, 21.312625576890493 ], [ -157.995755060338468, 21.312585939314321 ], [ -157.995941000891975, 21.312536505167543 ], [ -157.996127066701888, 21.312487632587509 ], [ -157.996316275721568, 21.31245275730609 ], [ -157.996506399865012, 21.312421958118357 ], [ -157.996696677388286, 21.312391845330279 ], [ -157.996902081110449, 21.31242910991411 ], [ -157.997084631673459, 21.312364573326818 ], [ -157.997275711949555, 21.312338037724793 ], [ -157.997465494214993, 21.312305716738337 ], [ -157.997641668625647, 21.312212785601179 ], [ -157.997830287445879, 21.312175281516062 ], [ -157.998025759240733, 21.312168306061253 ], [ -157.998214931932978, 21.312133270296851 ], [ -157.99840368059435, 21.312096348141615 ], [ -157.998592769819908, 21.312060942849602 ], [ -157.998787183973946, 21.312049253339989 ], [ -157.998981749706672, 21.312038240271772 ], [ -157.999168424222148, 21.31199207998624 ], [ -157.999354014908448, 21.311941090535427 ], [ -157.999536578835887, 21.311876624483844 ], [ -157.999724099059222, 21.311834227768241 ], [ -157.999910592491659, 21.311787262415631 ], [ -158.000096166773488, 21.311736203369151 ], [ -158.000280657172993, 21.311680316970865 ], [ -158.000468442760621, 21.311639103575377 ], [ -158.000656752335573, 21.311600227541966 ], [ -158.00084414463899, 21.311557265053338 ], [ -158.001031349643938, 21.311513470987713 ], [ -158.001219264904194, 21.311472841124683 ], [ -158.001415716643976, 21.311470228366815 ], [ -158.001602904562247, 21.311426356762098 ], [ -158.001789282790725, 21.311378879971681 ], [ -158.001977519695316, 21.311339679479584 ], [ -158.002166609140005, 21.311304278236822 ], [ -158.002355939055604, 21.311269946058886 ], [ -158.002550457810884, 21.311258725266768 ], [ -158.002739785718319, 21.311224385412192 ], [ -158.002919972901452, 21.311149338605954 ], [ -158.003105631588454, 21.311098659727826 ], [ -158.003290814694765, 21.311045861084981 ], [ -158.00347709370169, 21.310997944539462 ], [ -158.003664631492938, 21.310955634700822 ], [ -158.003852183250473, 21.310913383454928 ], [ -158.004039072174152, 21.310868188308753 ], [ -158.004227062709418, 21.310827892451805 ], [ -158.004414927711366, 21.310787040028313 ], [ -158.004601510285568, 21.310740476445108 ], [ -158.004789493965461, 21.310700152804795 ], [ -158.00497868312732, 21.310665200652924 ], [ -158.005165876638614, 21.31062135575846 ], [ -158.005370465243004, 21.310654977899031 ], [ -158.00556141117309, 21.31062785014899 ], [ -158.005746270931098, 21.310573613997505 ], [ -158.005930728986584, 21.310517590988045 ], [ -158.006116949487563, 21.310469418158256 ], [ -158.006304236064864, 21.310425989911103 ], [ -158.00649494101549, 21.310397788192063 ], [ -158.006687674387138, 21.310378615377605 ], [ -158.00687807315208, 21.310349046327008 ], [ -158.007066333808694, 21.310309962148654 ], [ -158.007253433669206, 21.310265703279029 ], [ -158.007442033026564, 21.310228123981336 ], [ -158.007630168937254, 21.31018848010455 ], [ -158.007819409329869, 21.310153758098089 ], [ -158.008010540608581, 21.310127450744837 ], [ -158.008203904442325, 21.310111085949583 ], [ -158.008394356892495, 21.3100817621131 ], [ -158.008584504136536, 21.310051073884836 ], [ -158.008775073473942, 21.310022269773924 ], [ -158.008966333650818, 21.309996535761229 ], [ -158.009138694080747, 21.309886652995164 ], [ -158.009327138111104, 21.309848382219833 ], [ -158.009516711044597, 21.309815138246989 ], [ -158.00971578206719, 21.309824189922857 ], [ -158.009904247439806, 21.309786012575522 ], [ -158.010093224770969, 21.309750120095057 ], [ -158.010281540169075, 21.309711277413243 ], [ -158.010463290093156, 21.30964320330121 ], [ -158.010649790958098, 21.309596282781133 ], [ -158.010835752453488, 21.309546963880244 ], [ -158.011023377462095, 21.309505048236993 ], [ -158.011211549102939, 21.309465567632888 ], [ -158.011399906955006, 21.309426916356308 ], [ -158.011587649642422, 21.309385524754816 ], [ -158.011685045636256, 21.309365410159966 ] ] } },
{ "type": "Feature", "properties": { "objectid": 86, "island": "Oahu", "st_lengthshape": 921.64480826924205 }, "geometry": { "type": "LineString", "coordinates": [ [ -158.024233907911338, 21.306518751761399 ], [ -158.024430967021857, 21.306512456495291 ], [ -158.024625024090824, 21.30649490124755 ], [ -158.024820648467113, 21.306483225380301 ], [ -158.025017440347398, 21.306475927772986 ], [ -158.025206276855954, 21.306438791259279 ], [ -158.025407706808835, 21.306448891318301 ], [ -158.025621910102302, 21.306506901108698 ], [ -158.025826233177241, 21.306527853228982 ], [ -158.02602720138691, 21.306536219798922 ], [ -158.026232808808317, 21.30656198694674 ], [ -158.026444543906109, 21.306610736564089 ], [ -158.026629076950684, 21.306557457159435 ], [ -158.026810232303916, 21.306491505395268 ], [ -158.026991083596243, 21.306424416053243 ], [ -158.027169353072793, 21.306347642110953 ], [ -158.027353738801423, 21.30629380903941 ], [ -158.027536651019858, 21.306234451769203 ], [ -158.027735813529745, 21.306236042731058 ], [ -158.027925703891896, 21.306202857235199 ], [ -158.028117485305614, 21.306176765382599 ], [ -158.028306460996475, 21.306140150145829 ], [ -158.028506856903675, 21.30614636748534 ], [ -158.028683615200066, 21.306063930374535 ], [ -158.028860249116292, 21.305981026179907 ], [ -158.029042109462864, 21.305917722185558 ], [ -158.029227230756391, 21.305866652163473 ], [ -158.029412967294775, 21.305817886534157 ], [ -158.029601693852754, 21.305780340549145 ], [ -158.029790330018443, 21.305742452328968 ], [ -158.029978195500291, 21.30570167297186 ], [ -158.030164902616349, 21.305656551133573 ], [ -158.03035241881841, 21.305614462968926 ], [ -158.030510529389431, 21.305462089812597 ], [ -158.030689867713221, 21.305389333063626 ], [ -158.030866370875486, 21.305305941697956 ], [ -158.031043890993175, 21.305226363981223 ], [ -158.031223710537915, 21.305155414480833 ], [ -158.031404911230027, 21.305089642197114 ], [ -158.031587040465951, 21.305027354191292 ], [ -158.031769497957697, 21.304966295642249 ], [ -158.031951960942337, 21.304905259507507 ], [ -158.032134019168183, 21.304842706681178 ], [ -158.032315065727914, 21.304776358820099 ], [ -158.032491602116721, 21.304693095975711 ], [ -158.032681678766693, 21.304660616178243 ] ] } },
{ "type": "Feature", "properties": { "objectid": 87, "island": "Oahu", "st_lengthshape": 3184.1615113856719 }, "geometry": { "type": "LineString", "coordinates": [ [ -158.044084540546805, 21.303896012594105 ], [ -158.044286499894639, 21.303875477232946 ], [ -158.044477771663338, 21.303833014995774 ], [ -158.044689891343182, 21.303833325884533 ], [ -158.04489581712852, 21.30382092790099 ], [ -158.04508466249689, 21.30377348588998 ], [ -158.045274000604394, 21.303727054696992 ], [ -158.045463476564493, 21.30368090594197 ], [ -158.04559464447604, 21.303515127068572 ], [ -158.045788438729261, 21.30347783897005 ], [ -158.045984134860021, 21.303444452542291 ], [ -158.04616827638398, 21.303387359177965 ], [ -158.046306804708081, 21.303236682675525 ], [ -158.046485983980148, 21.303169408873089 ], [ -158.046664747302003, 21.303101282380705 ], [ -158.046845861543062, 21.303037978922752 ], [ -158.047033900430563, 21.302988882224721 ], [ -158.047217122850725, 21.302929904221529 ], [ -158.047390439330258, 21.302850604873626 ], [ -158.047558342714808, 21.302760195817225 ], [ -158.047726201160202, 21.302669697794325 ], [ -158.047893769214312, 21.302578602586362 ], [ -158.048067889903848, 21.302500952227337 ], [ -158.048218482179067, 21.302375029698336 ], [ -158.048359119791797, 21.302228683572853 ], [ -158.048509069288286, 21.302101443525881 ], [ -158.048663437234694, 21.30198326723449 ], [ -158.048837851793849, 21.301906222100946 ], [ -158.049022449967993, 21.301850069472039 ], [ -158.049219178582007, 21.301818802681801 ], [ -158.049406386469258, 21.301768003700975 ], [ -158.049585193474712, 21.301699970008777 ], [ -158.049757517776499, 21.301618635200413 ], [ -158.049797931469527, 21.301589428399197 ], [ -158.049985164576725, 21.301536132693272 ], [ -158.050174117717319, 21.301495840670004 ], [ -158.050363877943369, 21.301461657534482 ], [ -158.050550753113697, 21.301405649747906 ], [ -158.050740413856715, 21.30137071576371 ], [ -158.050930027651475, 21.301335423535321 ], [ -158.051113401304349, 21.301252948938316 ], [ -158.051303151879182, 21.301218690588964 ], [ -158.051491534224482, 21.301174093463331 ], [ -158.051682464281328, 21.301148751966466 ], [ -158.051875088773841, 21.301136230591442 ], [ -158.052072120257321, 21.301157021105816 ], [ -158.052267365211151, 21.301164314760783 ], [ -158.052461354244656, 21.301162103241264 ], [ -158.052658323309288, 21.301182426545569 ], [ -158.052853326566293, 21.301187885079528 ], [ -158.05304173883718, 21.301143513133891 ], [ -158.053232436930386, 21.301116420403854 ], [ -158.053427324285224, 21.301121003087115 ], [ -158.053619106403772, 21.301102109322965 ], [ -158.053810546428821, 21.30108062686233 ], [ -158.054003788744836, 21.301072766466049 ], [ -158.054196969403534, 21.301064445648844 ], [ -158.054390197849102, 21.301056488964591 ], [ -158.054583390478257, 21.301048251789606 ], [ -158.05477558990674, 21.301032512054871 ], [ -158.054965105004243, 21.300996480180334 ], [ -158.055152764261123, 21.300946418964632 ], [ -158.055343152802607, 21.300916991203351 ], [ -158.055537827653154, 21.300919962116215 ], [ -158.055731856918868, 21.300918056016414 ], [ -158.055924932531013, 21.300908939393938 ], [ -158.056117273331864, 21.300894267680711 ], [ -158.056310606394277, 21.300887099878619 ], [ -158.056503847515756, 21.300879231170754 ], [ -158.056696684879597, 21.300868311763704 ], [ -158.056888530758812, 21.300849905174644 ], [ -158.05707974667817, 21.300826725564782 ], [ -158.057274575068618, 21.30083086347614 ], [ -158.057468674220019, 21.300829477046342 ], [ -158.057660064750138, 21.300807624907605 ], [ -158.057849038205831, 21.300767499546296 ], [ -158.058040168348384, 21.300743676912195 ], [ -158.058233276805652, 21.300734808969352 ], [ -158.05842526131147, 21.300717444867736 ], [ -158.058617837173983, 21.300704553183078 ], [ -158.058806006420411, 21.300658347488383 ], [ -158.058989618895652, 21.300577711202944 ], [ -158.059181257307472, 21.300557731538031 ], [ -158.059372315306263, 21.300533361291954 ], [ -158.059562466281534, 21.300502142180502 ], [ -158.059756631292544, 21.30050125758558 ], [ -158.059951079584579, 21.300502519121778 ], [ -158.060146981265518, 21.30051475905498 ], [ -158.060342663118149, 21.300525341523056 ], [ -158.060534184547748, 21.300504473378403 ], [ -158.060717794128436, 21.300423820698494 ], [ -158.060903404288126, 21.300358280022433 ], [ -158.061092068248712, 21.300315826491588 ], [ -158.061296051078216, 21.300389135931617 ], [ -158.061494762142758, 21.300422608226491 ], [ -158.061690902152179, 21.300436650963924 ], [ -158.06189148634553, 21.300484276639462 ], [ -158.062083820743339, 21.300469560087397 ], [ -158.062274598594854, 21.300443078135633 ], [ -158.062465018533089, 21.30041389086945 ], [ -158.062651654633243, 21.300356110015152 ], [ -158.062843858213313, 21.300340401683926 ], [ -158.063039175880249, 21.300348223484427 ], [ -158.06322585034323, 21.30029073310541 ], [ -158.063410717805283, 21.300219589559575 ], [ -158.063599280715664, 21.300176373733407 ], [ -158.063789945762778, 21.300149039274011 ], [ -158.063979357676345, 21.300112237669737 ], [ -158.064168857827468, 21.300076103081086 ], [ -158.064357254777661, 21.300031632392873 ], [ -158.064549351075641, 21.300015121046197 ], [ -158.064740676361879, 21.299992779789402 ], [ -158.064929632490788, 21.299952529737187 ], [ -158.065123236674907, 21.299947406788515 ], [ -158.065319240411583, 21.29996041550806 ], [ -158.065510817650079, 21.299939978324844 ], [ -158.065705926160547, 21.299946224767222 ], [ -158.065904760257268, 21.299980611352812 ], [ -158.066111193664767, 21.30007241850187 ], [ -158.066309235779045, 21.30010082484409 ], [ -158.066506287002653, 21.300121742232747 ], [ -158.066702416274353, 21.300135698664032 ], [ -158.066899487863452, 21.300156768390213 ], [ -158.067089903975102, 21.300127555047659 ], [ -158.067285517174525, 21.300137602351402 ], [ -158.067480871806595, 21.300145701073614 ], [ -158.067675285108038, 21.300146688766212 ], [ -158.067861451620189, 21.30008536879475 ], [ -158.068051772696009, 21.300055441010546 ], [ -158.068231721978265, 21.299947152259325 ], [ -158.068416290534287, 21.299873760924665 ], [ -158.068600233128763, 21.299795646323368 ], [ -158.068786547917313, 21.299735453619299 ], [ -158.068971715006995, 21.29966659212883 ], [ -158.069158570587376, 21.299610490080276 ], [ -158.069348644238744, 21.299578693818631 ], [ -158.069541392122972, 21.299567102304593 ], [ -158.069733804118471, 21.299552967322377 ], [ -158.069923427551686, 21.299517774578124 ], [ -158.07010974152999, 21.299457576760837 ], [ -158.070297214000902, 21.299406136801238 ], [ -158.070481896869723, 21.299333623729723 ], [ -158.070667314905023, 21.299266665273951 ], [ -158.070853893348016, 21.299208469202377 ], [ -158.071042184373596, 21.299163216992948 ], [ -158.071227756621767, 21.299097419681665 ], [ -158.071412741470994, 21.299027194748877 ], [ -158.071596550876365, 21.298948085871398 ], [ -158.071774986896145, 21.298828395113816 ], [ -158.071960420308017, 21.298761563565172 ], [ -158.072148958111057, 21.298718171640989 ], [ -158.072336880003462, 21.29867013781924 ], [ -158.072530050004104, 21.298661739745054 ], [ -158.072724715713662, 21.298664632817516 ], [ -158.072923581328808, 21.298699254310449 ], [ -158.073111197440795, 21.298648904207191 ], [ -158.073296433107515, 21.298580582998774 ], [ -158.073451502556338, 21.298516182699959 ] ] } },
{ "type": "Feature", "properties": { "objectid": 88, "island": "Oahu", "st_lengthshape": 524.92147348352933 }, "geometry": { "type": "LineString", "coordinates": [ [ -158.075054905055651, 21.298812548996256 ], [ -158.075247417650047, 21.298802005734121 ], [ -158.075438186642884, 21.298749329511644 ], [ -158.075628930339178, 21.298696053041354 ], [ -158.075819205618046, 21.298631483414734 ], [ -158.076012387119931, 21.298637112816429 ], [ -158.076205406206839, 21.298638808405023 ], [ -158.076398117130964, 21.298633047748186 ], [ -158.076591566693708, 21.298645156568206 ], [ -158.076784343775586, 21.298640998545093 ], [ -158.076978126767301, 21.298661164779865 ], [ -158.077173751216804, 21.298725787729829 ], [ -158.077367655128512, 21.298748850632244 ], [ -158.077561231555364, 21.298764000039679 ], [ -158.077754746818385, 21.298777680790259 ], [ -158.077947054861028, 21.298762199590595 ], [ -158.078139129180698, 21.298741062219158 ], [ -158.078328250650884, 21.298648644607155 ], [ -158.078520860229418, 21.298640431718539 ], [ -158.078713214864877, 21.298626099977344 ], [ -158.078904986421321, 21.298597659314119 ], [ -158.079096235788342, 21.29855662333512 ], [ -158.07928782185121, 21.298523734451326 ], [ -158.079479171714468, 21.298485107168862 ], [ -158.07967031601774, 21.298441545722838 ], [ -158.079861425031794, 21.298397131912825 ], [ -158.080009221263367, 21.298352498297479 ] ] } },
{ "type": "Feature", "properties": { "objectid": 89, "island": "Oahu", "st_lengthshape": 997.36132624199649 }, "geometry": { "type": "LineString", "coordinates": [ [ -158.088840260779278, 21.295946563900323 ], [ -158.089033274231411, 21.29594667715622 ], [ -158.08922638709825, 21.295948806322645 ], [ -158.089418485875797, 21.295930425109454 ], [ -158.089610722631107, 21.295914835174937 ], [ -158.089803607477222, 21.295912348531619 ], [ -158.089996428034652, 21.295908560353112 ], [ -158.09018983747174, 21.295916698854494 ], [ -158.090382673493707, 21.295913219296359 ], [ -158.090576052179557, 21.295920722063851 ], [ -158.090769424907421, 21.295928100804975 ], [ -158.090961896559349, 21.295917251891606 ], [ -158.091155483657985, 21.295928967902658 ], [ -158.091349242271264, 21.29594415386228 ], [ -158.091542340726164, 21.295945981252157 ], [ -158.091735049074146, 21.295939912880328 ], [ -158.091927797595247, 21.29593467929109 ], [ -158.092120271744875, 21.295923889594949 ], [ -158.092312623290042, 21.295910612724203 ], [ -158.092503074332058, 21.295858924273634 ], [ -158.092694312556119, 21.295823148685692 ], [ -158.092886818266095, 21.295813000629082 ], [ -158.093078643801562, 21.295789109027947 ], [ -158.093270178624749, 21.295759324246234 ], [ -158.093461451699113, 21.295724264399691 ], [ -158.093654349209231, 21.295722044435632 ], [ -158.093846890834527, 21.295712616420683 ], [ -158.094038947798936, 21.295693393085799 ], [ -158.094230429943508, 21.295662562529792 ], [ -158.094421978978829, 21.295633075542909 ], [ -158.094614529828078, 21.295623850873728 ], [ -158.094806940059129, 21.295611768519137 ], [ -158.094999158109601, 21.295595800979637 ], [ -158.095192325793107, 21.295599032115504 ], [ -158.095387309679126, 21.295638975441154 ], [ -158.095581472731936, 21.295662307820983 ], [ -158.095773606684844, 21.295644645879317 ], [ -158.095966608033564, 21.295644512594421 ], [ -158.096159454113689, 21.295641236958762 ], [ -158.096351782728874, 21.295627517151722 ], [ -158.09654483813793, 21.295628475764271 ], [ -158.096740967349604, 21.295691518575751 ], [ -158.096934280211485, 21.295697691936343 ], [ -158.097126197874076, 21.295675657297892 ], [ -158.097319746026614, 21.295686557425622 ], [ -158.097512141603971, 21.295674185501205 ], [ -158.097705317294412, 21.295677568289804 ], [ -158.097898914347297, 21.295689470844703 ], [ -158.098090069783382, 21.295652038030049 ], [ -158.098279483634172, 21.295579437893263 ], [ -158.098367235888219, 21.295531784773424 ] ] } },
{ "type": "Feature", "properties": { "objectid": 90, "island": "Oahu", "st_lengthshape": 1038.3086503313582 }, "geometry": { "type": "LineString", "coordinates": [ [ -158.130364655088698, 21.356892862014377 ], [ -158.130393688224359, 21.357074762055063 ], [ -158.130420464156742, 21.357257401167605 ], [ -158.130484874503395, 21.357427717844992 ], [ -158.130603122256787, 21.357580406855728 ], [ -158.130625103739845, 21.357764616605593 ], [ -158.130615137472631, 21.357959285524839 ], [ -158.130648307813317, 21.358139830978921 ], [ -158.130684580051934, 21.35831936164676 ], [ -158.130742558445149, 21.35849178429822 ], [ -158.13080735327469, 21.358661975457633 ], [ -158.130881515611918, 21.358829099078747 ], [ -158.130961452751734, 21.358994332724347 ], [ -158.131042637571397, 21.359159157203536 ], [ -158.131142547684533, 21.359317850153769 ], [ -158.13127019202841, 21.359467463215772 ], [ -158.131372127004994, 21.359625493442472 ], [ -158.131452703837283, 21.359790516962153 ], [ -158.131495826610063, 21.359967804394586 ], [ -158.131552024657026, 21.360140810234014 ], [ -158.131604816567915, 21.360314932268839 ], [ -158.131616156598426, 21.360502625655556 ], [ -158.131658450646881, 21.360680184309459 ], [ -158.131772958617944, 21.360834098162158 ], [ -158.131916185777584, 21.360978609150877 ], [ -158.132055271581692, 21.361124475473044 ], [ -158.132176836367933, 21.361276078379859 ], [ -158.13225673561999, 21.361441324797681 ], [ -158.132316510451403, 21.36161315993872 ], [ -158.132368151885174, 21.361787657958732 ], [ -158.132429084626949, 21.36195911417445 ], [ -158.132494822067827, 21.362128996991032 ], [ -158.13256504823093, 21.362297410474493 ], [ -158.132638877985272, 21.362464642764806 ], [ -158.132710568446072, 21.362632576795345 ], [ -158.132770634137245, 21.362804317516812 ], [ -158.132833282000263, 21.362975211470044 ], [ -158.132929962204742, 21.363134962742325 ], [ -158.133044467544124, 21.363288878473632 ], [ -158.133170272439486, 21.363439093216794 ], [ -158.133230889776144, 21.363610653230218 ], [ -158.133280863087037, 21.363785697989709 ], [ -158.133377716290653, 21.363945392994079 ], [ -158.133451376688214, 21.364112681891839 ], [ -158.133525373533132, 21.364279860467484 ], [ -158.133606452824154, 21.364444720268633 ], [ -158.133713834078179, 21.364600968553003 ], [ -158.133809269678466, 21.364761127607963 ], [ -158.133880502533373, 21.36492921148643 ], [ -158.133950052182513, 21.365097845888286 ], [ -158.134071545747105, 21.36524947333583 ], [ -158.134183902911417, 21.365402266913726 ] ] } },
{ "type": "Feature", "properties": { "objectid": 91, "island": "Oahu", "st_lengthshape": 332.9650827337818 }, "geometry": { "type": "LineString", "coordinates": [ [ -158.140673287784637, 21.375361072549513 ], [ -158.140759210013783, 21.37552664592673 ], [ -158.140899263871461, 21.375654060024353 ], [ -158.141030944992167, 21.375787374949596 ], [ -158.141098998369074, 21.375965544746478 ], [ -158.141210672872262, 21.376112964789698 ], [ -158.141316764955462, 21.376264318728008 ], [ -158.14142284562115, 21.376415682482282 ], [ -158.141527294522888, 21.376568195144422 ], [ -158.141651189960214, 21.376706999793864 ], [ -158.141773939845166, 21.376846612505677 ], [ -158.141905009723359, 21.376980359115901 ], [ -158.142036605749155, 21.377113736097225 ], [ -158.14216013020274, 21.377252802299228 ], [ -158.142297732625792, 21.37738194460406 ], [ -158.142446484167351, 21.377503226847971 ], [ -158.142617718693515, 21.377608659884658 ], [ -158.142676119212865, 21.377668781094911 ] ] } },
{ "type": "Feature", "properties": { "objectid": 92, "island": "Oahu", "st_lengthshape": 2451.0749482352462 }, "geometry": { "type": "LineString", "coordinates": [ [ -158.146734127978675, 21.382342641582827 ], [ -158.14685071152644, 21.382491147289581 ], [ -158.146976542189066, 21.382630124269383 ], [ -158.147047319705649, 21.382825833488365 ], [ -158.147152208738902, 21.382986391191452 ], [ -158.147263325996022, 21.383140530759892 ], [ -158.147383556470032, 21.383285279134594 ], [ -158.147526369268945, 21.383406754565947 ], [ -158.147651807361513, 21.383546136525624 ], [ -158.147776395630785, 21.383686393135854 ], [ -158.147910910305797, 21.38381642242766 ], [ -158.148048448982223, 21.383943333808318 ], [ -158.148190230460699, 21.384065874049554 ], [ -158.148319791015297, 21.384201007662689 ], [ -158.148464442433152, 21.384320589900963 ], [ -158.148624207994033, 21.38442459735414 ], [ -158.148760742523564, 21.384552544757032 ], [ -158.148897132705486, 21.384680640390485 ], [ -158.149045778243078, 21.38479610731963 ], [ -158.149174679384174, 21.384931921771461 ], [ -158.14931582036354, 21.385055121887703 ], [ -158.14945298877646, 21.385182416964099 ], [ -158.149600831773967, 21.385298711429709 ], [ -158.149749386304222, 21.38541427306442 ], [ -158.14991868520022, 21.385508455648779 ], [ -158.1500562252522, 21.385635368168575 ], [ -158.150176138325605, 21.385780446399153 ], [ -158.150356970085198, 21.385862744272529 ], [ -158.150494827193626, 21.3859893310042 ], [ -158.150637979988488, 21.386110458690855 ], [ -158.150781025298215, 21.386231698647389 ], [ -158.150933391473558, 21.386343333202134 ], [ -158.151081004897577, 21.386459865568664 ], [ -158.151191870734039, 21.386614267907245 ], [ -158.151357499018189, 21.386712234946472 ], [ -158.151473489978201, 21.386861356169081 ], [ -158.151617857415829, 21.386981234305171 ], [ -158.151727858606108, 21.38713652906004 ], [ -158.151843849304811, 21.387285650037754 ], [ -158.15196225747809, 21.387432281507042 ], [ -158.152121025552162, 21.387537318777397 ], [ -158.152256598533825, 21.387666260520689 ], [ -158.152391607945219, 21.387795784747176 ], [ -158.152536224506377, 21.387915405901818 ], [ -158.152688053263063, 21.388027595447401 ], [ -158.152823902786793, 21.388156252657886 ], [ -158.152937700349725, 21.388307636726449 ], [ -158.153089654033408, 21.388419697360671 ], [ -158.153205962480627, 21.388568493803238 ], [ -158.153323944121382, 21.388715565797042 ], [ -158.15345242468706, 21.388851818577464 ], [ -158.15358990396021, 21.388978796678462 ], [ -158.153733875403105, 21.389099084851999 ], [ -158.1539037818184, 21.389192645958076 ], [ -158.154044296220917, 21.3893164968108 ], [ -158.154177122435016, 21.389448270890348 ], [ -158.154320986141016, 21.38956867006409 ], [ -158.154469319711609, 21.389684463275195 ], [ -158.154605352811387, 21.389812933918765 ], [ -158.154711773630765, 21.389971921948284 ], [ -158.15482406653004, 21.390124858377884 ], [ -158.154973484020161, 21.390239534538608 ], [ -158.155131418881268, 21.390345433991019 ], [ -158.15525214522097, 21.390489678972095 ], [ -158.155387731429414, 21.390618610228167 ], [ -158.155565390234955, 21.39070418339999 ], [ -158.155704262671293, 21.390829727656921 ], [ -158.155801839294952, 21.390997831497319 ], [ -158.155956343292104, 21.391107268012121 ], [ -158.156124787223121, 21.391202336483907 ], [ -158.156224001618114, 21.39136875345871 ], [ -158.156372813034352, 21.39148405598111 ], [ -158.156522334041853, 21.391598627439652 ], [ -158.156685269987747, 21.391699373862565 ], [ -158.156807262404101, 21.39184231594432 ], [ -158.156923024166275, 21.391991679065903 ], [ -158.157013838319699, 21.392166753600957 ], [ -158.157136640734336, 21.392308862931021 ], [ -158.157384302549787, 21.39259095952519 ], [ -158.157525228755958, 21.3927143895488 ], [ -158.157751444988264, 21.392749920144173 ], [ -158.15796173915686, 21.392801860279995 ], [ -158.158112841583915, 21.39291480306855 ], [ -158.158285434520536, 21.393005597979183 ], [ -158.158391005701134, 21.393165465810807 ], [ -158.158485727154584, 21.39333651625936 ], [ -158.158616495981448, 21.393470415117342 ], [ -158.158752558528136, 21.393598859196352 ], [ -158.158955490007855, 21.393658387219649 ], [ -158.159154840914113, 21.393721606618314 ], [ -158.159325693621923, 21.393814194153041 ], [ -158.159465681369142, 21.393938593628601 ], [ -158.159601559759068, 21.394067227652855 ], [ -158.15976140796829, 21.394171158452291 ], [ -158.15987827884976, 21.394319382319111 ], [ -158.160057005476688, 21.394403856741668 ], [ -158.160210952480696, 21.394513869416329 ], [ -158.160343301783371, 21.394646141457059 ], [ -158.160453841840166, 21.394800890490121 ], [ -158.160647226136859, 21.394870258804222 ], [ -158.160811432047154, 21.394969698614215 ], [ -158.160989148880759, 21.395055214120006 ], [ -158.161139355457266, 21.395169083966483 ], [ -158.161320564184422, 21.395251000083753 ], [ -158.161452947180692, 21.395383238024063 ], [ -158.161611442530614, 21.395488564317724 ], [ -158.161796518908062, 21.395566495176734 ], [ -158.16198635231359, 21.39563952308956 ], [ -158.162120378149638, 21.395770069341332 ], [ -158.16227180322204, 21.39588268217523 ], [ -158.162427280850636, 21.395991118588114 ], [ -158.162581096440988, 21.396101268539816 ], [ -158.162847637735752, 21.39609523899038 ], [ -158.163062228737459, 21.396142751168508 ], [ -158.163233237211415, 21.396235181128425 ], [ -158.163396654617657, 21.396335435783701 ], [ -158.163556105345236, 21.396439777588256 ], [ -158.163718392718295, 21.396541196272629 ], [ -158.16387865222066, 21.396644706121343 ], [ -158.163979677721898, 21.396758586657956 ] ] } },
{ "type": "Feature", "properties": { "objectid": 93, "island": "Oahu", "st_lengthshape": 527.10717255777786 }, "geometry": { "type": "LineString", "coordinates": [ [ -158.176683539786836, 21.403830673731051 ], [ -158.176797493417837, 21.403976574507141 ], [ -158.176884690203565, 21.404141925269599 ], [ -158.176990648725621, 21.404293637424413 ], [ -158.177072530706852, 21.40446285317217 ], [ -158.177173843810635, 21.404617943008766 ], [ -158.177307896891136, 21.404749232995254 ], [ -158.17745084762231, 21.404874055354064 ], [ -158.177574481961528, 21.405012918251288 ], [ -158.177688389903921, 21.405158853460954 ], [ -158.177799311214727, 21.405278221469221 ], [ -158.177901273827587, 21.405382268084448 ], [ -158.177962707862065, 21.40555573958688 ], [ -158.177998836030184, 21.405733264542157 ], [ -158.1780097625238, 21.405914827212744 ], [ -158.178079651882143, 21.406086943395323 ], [ -158.178126443677314, 21.406262760680438 ], [ -158.178166906875646, 21.406439591315308 ], [ -158.178205158881212, 21.406616776093621 ], [ -158.178229741555725, 21.406796150673163 ], [ -158.1782192816286, 21.40698114006436 ], [ -158.178163134140959, 21.407053301815886 ], [ -158.178076295379611, 21.40721572427433 ], [ -158.177963348108761, 21.407362587668189 ], [ -158.177876638750689, 21.407525086530988 ], [ -158.177767802676044, 21.407674400227837 ], [ -158.177616176826518, 21.407798215367734 ], [ -158.177499908360573, 21.407943099820546 ] ] } },
{ "type": "Feature", "properties": { "objectid": 94, "island": "Oahu", "st_lengthshape": 2152.4329030437257 }, "geometry": { "type": "LineString", "coordinates": [ [ -158.177299336979445, 21.409907769435794 ], [ -158.177322557200114, 21.410103940684849 ], [ -158.177299086236587, 21.410286406846375 ], [ -158.177238622409192, 21.410458016209407 ], [ -158.177121463274489, 21.410612983861622 ], [ -158.176912427639706, 21.41074098571772 ], [ -158.176784306659613, 21.410892735388739 ], [ -158.176698673655181, 21.411451629246738 ], [ -158.176676554433158, 21.411639062760692 ], [ -158.176692275832465, 21.411820041795799 ], [ -158.176726121873003, 21.411997929713518 ], [ -158.176768751211654, 21.412174319479909 ], [ -158.176794666910723, 21.412353559740875 ], [ -158.176808495682451, 21.412534861929409 ], [ -158.176826996653347, 21.412715366729479 ], [ -158.17685179031767, 21.412894799319314 ], [ -158.176877714906539, 21.413074037795344 ], [ -158.176901338218102, 21.413253669708681 ], [ -158.176925255165827, 21.413433250658503 ], [ -158.17696135580357, 21.413610753874703 ], [ -158.176986381524074, 21.413790146015362 ], [ -158.177047509238236, 21.413963381347365 ], [ -158.177111466688729, 21.414136133654633 ], [ -158.17718559152928, 21.41430715154457 ], [ -158.177264890943263, 21.414477286839695 ], [ -158.177329761473118, 21.414649883638312 ], [ -158.177383008541824, 21.414824462443111 ], [ -158.177446908786294, 21.414997224282988 ], [ -158.17747097243452, 21.415176780567659 ], [ -158.177511705774975, 21.415353494195806 ], [ -158.17758835609672, 21.415524081617363 ], [ -158.177658780450088, 21.415695730724064 ], [ -158.177732458552157, 21.41586682478745 ], [ -158.177795976217652, 21.416039652378135 ], [ -158.177849106467477, 21.416214251241353 ], [ -158.177905934680268, 21.416388219552424 ], [ -158.177944835845807, 21.416565244809778 ], [ -158.177985178955822, 21.416742025067926 ], [ -158.178052298548124, 21.416914237816446 ], [ -158.178075108655037, 21.417094008295702 ], [ -158.178013272530706, 21.417288215377837 ], [ -158.177940306882448, 21.417484321086899 ], [ -158.177897159692435, 21.417675341174292 ], [ -158.17780053747083, 21.417875481186261 ], [ -158.177738489119832, 21.418069724130497 ], [ -158.177703907756751, 21.41825928283729 ], [ -158.177686822980718, 21.418445857475234 ], [ -158.177687640480826, 21.418629378670147 ], [ -158.177676967323862, 21.418814859968318 ], [ -158.177670734718589, 21.418999583377385 ], [ -158.17766993065564, 21.419183381188333 ], [ -158.177671849080014, 21.419366714432019 ], [ -158.17770999345214, 21.419543869692379 ], [ -158.177744278698412, 21.419721682688078 ], [ -158.17780021079156, 21.419895803799719 ], [ -158.177831747628318, 21.420074085730409 ], [ -158.177859128815641, 21.420253076346022 ], [ -158.177891674053683, 21.420431186134063 ], [ -158.177898323075624, 21.420613713201625 ], [ -158.17791637116548, 21.420794295056485 ], [ -158.177961312316228, 21.420970291044348 ], [ -158.178012633497957, 21.421145198947016 ], [ -158.178046973501921, 21.421323002198307 ], [ -158.178072109685758, 21.421502376559843 ], [ -158.178073396918876, 21.421685816887976 ], [ -158.178099351199762, 21.421865051605433 ], [ -158.178169355914775, 21.422036772493311 ], [ -158.17824384202811, 21.422207729333063 ], [ -158.178311759031004, 21.422379806723793 ], [ -158.17834023633759, 21.422558610181422 ], [ -158.178348315286257, 21.422740893057615 ], [ -158.17835090566382, 21.422924112088722 ], [ -158.178351644621273, 21.423107646374135 ], [ -158.178341114707536, 21.423293103037498 ], [ -158.178313590660707, 21.42348145772651 ], [ -158.178284116593716, 21.423670145247417 ], [ -158.178235741813808, 21.423862056606215 ], [ -158.178178764545663, 21.424055434502559 ], [ -158.178130388519008, 21.424247345808983 ], [ -158.17810261769975, 21.424435742585036 ], [ -158.178097631015874, 21.424620253374847 ], [ -158.178113419680926, 21.424801221576121 ], [ -158.178131415239847, 21.424981813020828 ], [ -158.178138783120346, 21.425164217039459 ], [ -158.178188297810664, 21.425339433095797 ], [ -158.178254728723658, 21.42551176338694 ], [ -158.178293350310071, 21.425688836769915 ], [ -158.178311000395865, 21.425869487925404 ], [ -158.178314018497986, 21.426052633098731 ], [ -158.178291813460049, 21.426240080536832 ], [ -158.178267852503808, 21.426427828332081 ], [ -158.178248465577099, 21.426614795391085 ], [ -158.178274883355385, 21.42679395006752 ], [ -158.178313582512288, 21.426971010257905 ], [ -158.178382588141744, 21.427142902298609 ], [ -158.178430970801429, 21.427318311474732 ], [ -158.17841777289712, 21.427504222946702 ], [ -158.178497367176874, 21.4276743084814 ], [ -158.178677890986876, 21.427827181310612 ], [ -158.178929674531219, 21.427967900448365 ], [ -158.17904791803565, 21.42813139480327 ], [ -158.179055364337245, 21.428313785582223 ], [ -158.179130840519349, 21.428484574310229 ] ] } },
{ "type": "Feature", "properties": { "objectid": 95, "island": "Oahu", "st_lengthshape": 1065.7679207013391 }, "geometry": { "type": "LineString", "coordinates": [ [ -158.190740153584017, 21.441558954541751 ], [ -158.190613563776395, 21.441703826170858 ], [ -158.190428705287445, 21.441772462779955 ], [ -158.190195364133785, 21.441777665541618 ], [ -158.189935089606308, 21.441747628638712 ], [ -158.189706725687927, 21.441759341582532 ], [ -158.18939362370935, 21.442073238522426 ], [ -158.189273451339602, 21.442220373487661 ], [ -158.189091376696467, 21.442340849422074 ], [ -158.188992968689149, 21.442497356291685 ], [ -158.188939407250274, 21.442673177531155 ], [ -158.188841889952613, 21.443109411398869 ], [ -158.188848286062353, 21.443290230098409 ], [ -158.188818699864328, 21.443473872076211 ], [ -158.188860248997287, 21.443651933937151 ], [ -158.188950454737949, 21.443826178670403 ], [ -158.188869621832623, 21.443976467191156 ], [ -158.188767810601377, 21.444584841642119 ], [ -158.188877608265557, 21.44473503664565 ], [ -158.188991441131378, 21.444883265347894 ], [ -158.189095108389324, 21.445036448036657 ], [ -158.189204449998897, 21.445186865585509 ], [ -158.189321414767051, 21.445333567958176 ], [ -158.189442494101655, 21.445478265545702 ], [ -158.189563648182229, 21.445622926369989 ], [ -158.1896921854688, 21.445763990983281 ], [ -158.189818373615736, 21.445906198740907 ], [ -158.189952482987849, 21.44604454725858 ], [ -158.190094225245815, 21.446179176964264 ], [ -158.190232507534489, 21.446315491915943 ], [ -158.19033615578968, 21.4464686837178 ], [ -158.190362856423945, 21.446570737462014 ], [ -158.190602922904105, 21.44710979045928 ], [ -158.190756270065094, 21.447220146732349 ], [ -158.19091676558287, 21.447320504607735 ], [ -158.191084864580688, 21.447410228428286 ], [ -158.191262643399284, 21.447486412768949 ], [ -158.191446205066853, 21.447554510068823 ], [ -158.191621133766944, 21.447634682554167 ], [ -158.191781421260202, 21.447735331336368 ], [ -158.191928911476168, 21.447853880588369 ], [ -158.192072754951397, 21.447977531062424 ], [ -158.192151428777919, 21.447975551924035 ], [ -158.192418021226814, 21.448003337647943 ], [ -158.192561190427739, 21.448132298558523 ], [ -158.19269727652528, 21.448265464175545 ] ] } },
{ "type": "Feature", "properties": { "objectid": 96, "island": "Oahu", "st_lengthshape": 61.656002199067999 }, "geometry": { "type": "LineString", "coordinates": [ [ -158.193315051023632, 21.448935590846837 ], [ -158.193495192470692, 21.449006325620193 ], [ -158.193678949436674, 21.449071565669687 ], [ -158.19387648863966, 21.449115858544836 ] ] } },
{ "type": "Feature", "properties": { "objectid": 97, "island": "Oahu", "st_lengthshape": 511.36197284171919 }, "geometry": { "type": "LineString", "coordinates": [ [ -158.205391537254059, 21.459214089668233 ], [ -158.205539212005931, 21.459342646608267 ], [ -158.205705164508913, 21.459436258866813 ], [ -158.205867123741143, 21.45953750334165 ], [ -158.206011134379025, 21.459673068629794 ], [ -158.206143304258973, 21.459831271413631 ], [ -158.206283115215001, 21.459974864495745 ], [ -158.206438549317937, 21.460088589380522 ], [ -158.20658248984472, 21.460224288477626 ], [ -158.206751506192063, 21.460312043633579 ], [ -158.206927162929901, 21.46038710317892 ], [ -158.207112245215967, 21.460444140892857 ], [ -158.20729354288116, 21.460508416093035 ], [ -158.207470096361988, 21.460581760963716 ], [ -158.207639640283986, 21.460668508586782 ], [ -158.207822276453697, 21.460730223761988 ], [ -158.208007553612077, 21.460786890107279 ], [ -158.208193759307136, 21.460841780845449 ], [ -158.208384418848283, 21.46088815664196 ], [ -158.208570905687026, 21.460942508936139 ], [ -158.208749241055216, 21.461012449478527 ], [ -158.208928172452431, 21.461081247979454 ], [ -158.209115275091705, 21.461134424487692 ], [ -158.209320316361385, 21.461153302001069 ], [ -158.209511528667718, 21.461198619394164 ], [ -158.209696315009978, 21.461252223392982 ] ] } },
{ "type": "Feature", "properties": { "objectid": 98, "island": "Oahu", "st_lengthshape": 338.19407510394052 }, "geometry": { "type": "LineString", "coordinates": [ [ -158.212598915709691, 21.461448320237778 ], [ -158.212555540797268, 21.461651001694406 ], [ -158.21255559792678, 21.461840683632506 ], [ -158.21251465790445, 21.462042635695735 ], [ -158.212555061579764, 21.462220242289519 ], [ -158.212593390833462, 21.46239846971724 ], [ -158.212647860981377, 21.462571866460781 ], [ -158.212701453498681, 21.462745525574089 ], [ -158.212758808498819, 21.462918058607048 ], [ -158.212816392733231, 21.463090523133289 ], [ -158.212906482161088, 21.463253258636311 ], [ -158.213126701347761, 21.463377047743919 ], [ -158.213158214427068, 21.463557314594681 ], [ -158.213245616126954, 21.463720854904288 ], [ -158.21339433171272, 21.463866044399843 ], [ -158.213522440508598, 21.464017401414946 ], [ -158.213614581629884, 21.464179523722319 ] ] } },
{ "type": "Feature", "properties": { "objectid": 99, "island": "Oahu", "st_lengthshape": 18.709167170656787 }, "geometry": { "type": "LineString", "coordinates": [ [ -158.217331713140652, 21.468355906114741 ], [ -158.217279328099437, 21.468517663544471 ] ] } },
{ "type": "Feature", "properties": { "objectid": 100, "island": "Oahu", "st_lengthshape": 823.36192006322904 }, "geometry": { "type": "LineString", "coordinates": [ [ -158.219414106546282, 21.475296724550372 ], [ -158.219501608090837, 21.475473430006819 ], [ -158.219584485031902, 21.475654744928363 ], [ -158.219702253894212, 21.475801298811984 ], [ -158.219663880058931, 21.476103401256307 ], [ -158.219708017205079, 21.476323307848535 ], [ -158.219791854556831, 21.476503665877473 ], [ -158.219892484503276, 21.476667294400261 ], [ -158.220007336521775, 21.476816757137385 ], [ -158.22012534833263, 21.476963070649497 ], [ -158.220225909086338, 21.477126769126851 ], [ -158.220362605030232, 21.477254470875991 ], [ -158.220507185537826, 21.47737431852924 ], [ -158.220632105447805, 21.477513750692143 ], [ -158.220759448624477, 21.47765077009857 ], [ -158.220873901522992, 21.477800630634359 ], [ -158.22098814020211, 21.477950704215051 ], [ -158.221111977139913, 21.478091216033764 ], [ -158.221264049445779, 21.478203601116306 ], [ -158.22143510745849, 21.47829707217651 ], [ -158.221614368303563, 21.478382371589777 ], [ -158.221803230280756, 21.478458106391212 ], [ -158.221998734688555, 21.478527224295007 ], [ -158.222230414905226, 21.478560303532248 ], [ -158.222466172750245, 21.478589320522214 ], [ -158.22271111139699, 21.478609191758963 ], [ -158.223082283711051, 21.478503306944944 ], [ -158.223460216056907, 21.478390686737004 ], [ -158.223676437563682, 21.478439164693064 ], [ -158.223891966384969, 21.478488332105076 ], [ -158.224332406081089, 21.478647278908838 ], [ -158.224531899199462, 21.478653186065301 ], [ -158.224720767010609, 21.478615684303435 ], [ -158.224904882340979, 21.478558762257258 ], [ -158.225093500537184, 21.478520237105815 ], [ -158.225284598786146, 21.478491847323884 ] ] } },
{ "type": "Feature", "properties": { "objectid": 101, "island": "Oahu", "st_lengthshape": 1021.6525980430039 }, "geometry": { "type": "LineString", "coordinates": [ [ -158.229169819355064, 21.489190548486341 ], [ -158.229181134114867, 21.489371594690173 ], [ -158.229182807657253, 21.489552394043962 ], [ -158.229160960574234, 21.489732588900424 ], [ -158.229110567038248, 21.489912052165565 ], [ -158.229160482539839, 21.490094089535674 ], [ -158.229142810734004, 21.490274392174634 ], [ -158.229157850169884, 21.49045553414128 ], [ -158.229163554292796, 21.490636436989963 ], [ -158.22916253681646, 21.490817166985344 ], [ -158.229190954876856, 21.490998651630544 ], [ -158.229253559267732, 21.491181014917256 ], [ -158.2293102027553, 21.491363224203525 ], [ -158.229348915882952, 21.491544974034042 ], [ -158.229379220281004, 21.491726507996596 ], [ -158.22941622517115, 21.49190821379181 ], [ -158.229456148916626, 21.492089994472671 ], [ -158.229440728970246, 21.492270354468268 ], [ -158.229405420940594, 21.492450204437226 ], [ -158.229399170329657, 21.492630800046335 ], [ -158.22940408327247, 21.492811682939152 ], [ -158.229420349002766, 21.4929928557954 ], [ -158.229420896329145, 21.493173626394555 ], [ -158.229416976660275, 21.493354281525487 ], [ -158.229404226250466, 21.493534710715956 ], [ -158.229403909674886, 21.493715458346252 ], [ -158.229371159005723, 21.493895374269705 ], [ -158.229377108549471, 21.494076282697343 ], [ -158.229413897722935, 21.494257982945637 ], [ -158.229521980841099, 21.494441512613623 ], [ -158.229589039532783, 21.494623989345719 ], [ -158.229607690669212, 21.494805224652538 ], [ -158.229613012146984, 21.494986116612832 ], [ -158.229610592540695, 21.495166811155975 ], [ -158.229612853294668, 21.495347624850176 ], [ -158.229591902318845, 21.495527843639987 ], [ -158.229582081305182, 21.495708347742017 ], [ -158.229575510182713, 21.495888934584947 ], [ -158.229512317776027, 21.496068069548667 ], [ -158.229344424850751, 21.496244517108696 ], [ -158.229291120784069, 21.496423905378904 ], [ -158.229257462908635, 21.496603797142768 ], [ -158.229205419186144, 21.496783217386888 ], [ -158.229159890657655, 21.496962804995096 ], [ -158.229181534657954, 21.497144116441795 ], [ -158.229198303292378, 21.497325303298005 ], [ -158.229192966093734, 21.49750592197131 ], [ -158.229182860594193, 21.49768641835529 ], [ -158.229177339946403, 21.497867033462782 ], [ -158.229210028354998, 21.498048628039363 ], [ -158.229213764389328, 21.49822948009432 ] ] } },
{ "type": "Feature", "properties": { "objectid": 102, "island": "Oahu", "st_lengthshape": 120.06037021533874 }, "geometry": { "type": "LineString", "coordinates": [ [ -158.228724973141823, 21.511023753736197 ], [ -158.228629116643333, 21.511180970150395 ], [ -158.228559437214841, 21.511350298035335 ], [ -158.228496104512772, 21.511522561608235 ], [ -158.228438152547312, 21.511697315529183 ], [ -158.228383424941399, 21.511873559657552 ], [ -158.22834840219781, 21.512043972718999 ] ] } },
{ "type": "Feature", "properties": { "objectid": 103, "island": "Oahu", "st_lengthshape": 135.61273962056953 }, "geometry": { "type": "LineString", "coordinates": [ [ -158.228703151854262, 21.516945952718107 ], [ -158.228681659053933, 21.517131455311166 ], [ -158.228642346294009, 21.51731067789245 ], [ -158.228558832986721, 21.517474324009754 ], [ -158.228470323623412, 21.5176362096534 ], [ -158.228437474048093, 21.517817709819578 ], [ -158.228432089171207, 21.51800888818704 ], [ -158.228428495515914, 21.518125950446496 ] ] } },
{ "type": "Feature", "properties": { "objectid": 104, "island": "Oahu", "st_lengthshape": 1019.4968747519724 }, "geometry": { "type": "LineString", "coordinates": [ [ -158.228607594146837, 21.527328057229877 ], [ -158.228648430207983, 21.527505002915724 ], [ -158.228673090551041, 21.527684261633276 ], [ -158.228686251989586, 21.527865166578788 ], [ -158.228662849639704, 21.528051302415022 ], [ -158.228672610674295, 21.528232693049251 ], [ -158.22870107159963, 21.528411409181807 ], [ -158.22870358251788, 21.528593836880997 ], [ -158.228676537071067, 21.52878049431574 ], [ -158.228642323494114, 21.528968176540868 ], [ -158.228663985560729, 21.529147864967214 ], [ -158.228685031167515, 21.529327641786914 ], [ -158.228657443432525, 21.529514376195028 ], [ -158.228653818195767, 21.529697681661819 ], [ -158.228672206490415, 21.529877838284964 ], [ -158.228723730659283, 21.530053255005072 ], [ -158.228775031733818, 21.530228702298249 ], [ -158.22883919360811, 21.530402310873146 ], [ -158.228876208906485, 21.530579802560101 ], [ -158.228904746783058, 21.530758507237241 ], [ -158.228941189213316, 21.530936080279712 ], [ -158.228979729601036, 21.531113354028683 ], [ -158.229016071696748, 21.531290941946864 ], [ -158.229048424891459, 21.531469101375016 ], [ -158.2290642269746, 21.531649628143146 ], [ -158.229084383348663, 21.531829531772047 ], [ -158.229124655770136, 21.532006556903298 ], [ -158.229182772468704, 21.532181030014414 ], [ -158.229228215912229, 21.53235731559651 ], [ -158.229263196044627, 21.532535098626933 ], [ -158.229259758823645, 21.532718378727679 ], [ -158.229252090028638, 21.532902262653799 ], [ -158.229278391662575, 21.533081287571882 ], [ -158.229314765454262, 21.533258871034572 ], [ -158.22937268569828, 21.533433372074896 ], [ -158.22945386771886, 21.533604544726384 ], [ -158.229539577208641, 21.53377507060118 ], [ -158.229641271098643, 21.533943308633653 ], [ -158.229737508301014, 21.534112327287616 ], [ -158.229830561627722, 21.534281801885726 ], [ -158.229902252257631, 21.534454332659099 ], [ -158.22996142021907, 21.534628654956585 ], [ -158.230022694942733, 21.534802676171015 ], [ -158.230078499329835, 21.534977479798183 ], [ -158.230157704873307, 21.53514893571344 ], [ -158.230245380629782, 21.535319179401995 ], [ -158.230347011619898, 21.5354874257654 ], [ -158.230480067536661, 21.535651176928287 ], [ -158.230556273382263, 21.535823061513373 ], [ -158.230609069544784, 21.535998295588428 ], [ -158.230666795186522, 21.536172825105645 ] ] } },
{ "type": "Feature", "properties": { "objectid": 105, "island": "Oahu", "st_lengthshape": 68.638197271558724 }, "geometry": { "type": "LineString", "coordinates": [ [ -158.231187973646314, 21.537437473320438 ], [ -158.231383102643917, 21.537529594558848 ], [ -158.231592477344634, 21.53761227693191 ], [ -158.231784773449107, 21.537706275576184 ] ] } },
{ "type": "Feature", "properties": { "objectid": 106, "island": "Oahu", "st_lengthshape": 1083.977916755641 }, "geometry": { "type": "LineString", "coordinates": [ [ -158.239924267341593, 21.546095316298697 ], [ -158.239946751924037, 21.546316834887399 ], [ -158.23997812011433, 21.546531095907898 ], [ -158.24003093986741, 21.546727830227983 ], [ -158.240119761485715, 21.546895151523046 ], [ -158.240183902285708, 21.547082637293403 ], [ -158.240263558482411, 21.547257446987185 ], [ -158.240312549014362, 21.547457310478773 ], [ -158.240420376071825, 21.547609104822236 ], [ -158.240567431819983, 21.547728849078791 ], [ -158.240683596930836, 21.547873831293423 ], [ -158.240734517200764, 21.548072119709769 ], [ -158.24083545064039, 21.548229546119074 ], [ -158.240929540217991, 21.548392564372367 ], [ -158.241008094315589, 21.548568275767618 ], [ -158.241197818130757, 21.548653161744802 ], [ -158.241237914115175, 21.548860292485248 ], [ -158.241357331639449, 21.549002618459113 ], [ -158.241499291151257, 21.549126528027159 ], [ -158.241615242002212, 21.549271686623754 ], [ -158.241773086849378, 21.549382617013791 ], [ -158.241920489770848, 21.549502079826624 ], [ -158.242088839327948, 21.549604428858167 ], [ -158.242255295053269, 21.549708323951059 ], [ -158.242481498316778, 21.549763406930847 ], [ -158.242661111209912, 21.549856552555308 ], [ -158.242806172242751, 21.549977929217899 ], [ -158.242951785356013, 21.550098853830974 ], [ -158.243089251178048, 21.550226434979642 ], [ -158.243216942330804, 21.550362002399776 ], [ -158.24328546633879, 21.550545910306237 ], [ -158.243419896332369, 21.550675971834007 ], [ -158.243610292556696, 21.550760308901857 ], [ -158.243758147425297, 21.550879402682085 ], [ -158.243880006237475, 21.551019735949428 ], [ -158.243999260316599, 21.551162197588173 ], [ -158.244127506903595, 21.551297311517811 ], [ -158.244313211350999, 21.551385482451071 ], [ -158.244485443148932, 21.551484660270471 ], [ -158.244643271267961, 21.551595606019944 ], [ -158.244788426857355, 21.551716905554773 ], [ -158.244924827059549, 21.551845358566933 ], [ -158.24508181021568, 21.55195699483891 ], [ -158.245182330068786, 21.552114763777787 ], [ -158.245322358160166, 21.552240252426849 ], [ -158.245448170701508, 21.552377356399226 ], [ -158.245568964598874, 21.55251856090619 ], [ -158.24566520936645, 21.552679822825553 ], [ -158.245774882652682, 21.552830112537222 ], [ -158.245884775338283, 21.552980224289382 ], [ -158.24598130103584, 21.553141256021654 ], [ -158.246062783837147, 21.553314578838528 ], [ -158.246152046959537, 21.55346301970236 ] ] } },
{ "type": "Feature", "properties": { "objectid": 107, "island": "Kauai", "st_lengthshape": 5501.8331404673008 }, "geometry": { "type": "LineString", "coordinates": [ [ -159.583318354986829, 22.22016494882164 ], [ -159.583136379554588, 22.220279899993372 ], [ -159.582910046430243, 22.220373087097894 ], [ -159.582851559265379, 22.22054862463655 ], [ -159.582879356334018, 22.220766494412462 ], [ -159.582857080124199, 22.220959798557057 ], [ -159.582796897074729, 22.22113450378998 ], [ -159.58270941133074, 22.221295813616173 ], [ -159.582611248200919, 22.22145188487627 ], [ -159.582506073997564, 22.221604516644064 ], [ -159.582429061646508, 22.221770965300447 ], [ -159.582373737032015, 22.221948054217762 ], [ -159.582341861939739, 22.222136647986904 ], [ -159.582204485093342, 22.222273481447385 ], [ -159.582096888948826, 22.22242492461746 ], [ -159.582005621521176, 22.2225843793697 ], [ -159.581749293755934, 22.222761614203332 ], [ -159.581574991458297, 22.222841241356239 ], [ -159.58138770559728, 22.222898038858151 ], [ -159.581194944372328, 22.222945208310673 ], [ -159.581007075697755, 22.22300098029644 ], [ -159.58078019001087, 22.223061056919487 ], [ -159.580587174842634, 22.223085770781619 ], [ -159.580393574096888, 22.223099063930334 ], [ -159.580200591507179, 22.223124416825982 ], [ -159.58000802991387, 22.223158019638031 ], [ -159.579814147236277, 22.223165791531063 ], [ -159.57961878759528, 22.223144719315147 ], [ -159.579421033188595, 22.223076844873887 ], [ -159.57922115230312, 22.222967435861449 ], [ -159.579019706169163, 22.222827418685284 ], [ -159.578823584376096, 22.222791432194239 ], [ -159.578636504825766, 22.222932136225481 ], [ -159.578463011039219, 22.223338326911641 ], [ -159.578268501419672, 22.223333850010064 ], [ -159.578075269212349, 22.22335435364425 ], [ -159.577882998804256, 22.223393639817097 ], [ -159.577690093382188, 22.223420526156659 ], [ -159.577496488627446, 22.22343374722605 ], [ -159.577301850306611, 22.223426778052563 ], [ -159.577107328992696, 22.223422079376249 ], [ -159.576913398231369, 22.223428915683797 ], [ -159.576720074969899, 22.223447646470913 ], [ -159.576526364615319, 22.223458807915517 ], [ -159.576332223965863, 22.223461555490438 ], [ -159.576138251950169, 22.223467583382718 ], [ -159.575944441327522, 22.223476785017713 ], [ -159.57579759961294, 22.223394046580626 ], [ -159.575615372460334, 22.223331472404784 ], [ -159.575424803163742, 22.223292975112791 ], [ -159.575256194081447, 22.22319109875848 ], [ -159.575066545703436, 22.223149943597495 ], [ -159.574866837206883, 22.223151804793339 ], [ -159.574499761644205, 22.223086887597997 ], [ -159.574304419213263, 22.22305698451666 ], [ -159.574109121439449, 22.22302825997799 ], [ -159.573913272706505, 22.222985249882878 ], [ -159.573720825674883, 22.222950053705123 ], [ -159.573427329995127, 22.22296919610887 ], [ -159.573240114117453, 22.223017609530284 ], [ -159.57305823567475, 22.223081312045935 ], [ -159.57287401675498, 22.223190408496652 ], [ -159.572625046420853, 22.2232605702733 ], [ -159.572428768481359, 22.223225104191368 ], [ -159.572251515576681, 22.223151501692612 ], [ -159.572127401254448, 22.2229713765763 ], [ -159.571985564511408, 22.222826780232648 ], [ -159.571834554830644, 22.222700571274501 ], [ -159.571670206637293, 22.222601100887623 ], [ -159.571493674823586, 22.22252605408033 ], [ -159.571297596434675, 22.222490190217247 ], [ -159.571094658610974, 22.222468076451268 ], [ -159.570892259822131, 22.222444880073276 ], [ -159.570705718854555, 22.222389897702449 ], [ -159.5705549648643, 22.222263178913689 ], [ -159.570439958521632, 22.222064800727704 ], [ -159.570293513173652, 22.221929446331995 ], [ -159.570088647472545, 22.221911197375036 ], [ -159.56994016599694, 22.221779923215216 ], [ -159.569766908540828, 22.221698314275027 ], [ -159.569624923407588, 22.221554020751114 ], [ -159.569443066577918, 22.221489648624654 ], [ -159.569264744179407, 22.221418193915486 ], [ -159.569063995906248, 22.221391692945975 ], [ -159.568849711170088, 22.221392323896776 ], [ -159.568624002542037, 22.221415855033872 ], [ -159.568440191484058, 22.221355400327049 ], [ -159.568348765305188, 22.221109764434551 ], [ -159.568168127165563, 22.221042950131409 ], [ -159.568115202601916, 22.220976448617773 ], [ -159.567968348747883, 22.220858331262498 ], [ -159.567852580641755, 22.220707182662672 ], [ -159.567731274881083, 22.220561918171022 ], [ -159.567594335196361, 22.220437333655422 ], [ -159.567297288621063, 22.220173234126975 ], [ -159.567164524250416, 22.220013049722496 ], [ -159.566924625979141, 22.219867724526438 ], [ -159.566709718941581, 22.2199249456134 ], [ -159.566311097428155, 22.220000718533488 ], [ -159.566117021415977, 22.219973770575063 ], [ -159.565760536497891, 22.219934957253919 ], [ -159.565526523435494, 22.219808021717732 ], [ -159.565047201857567, 22.220003505208314 ], [ -159.564904668124882, 22.220137091827656 ], [ -159.564752262725875, 22.220253984312915 ], [ -159.564595831340256, 22.220364067240663 ], [ -159.564437162661676, 22.220470368918257 ], [ -159.564277026818701, 22.22056821247217 ], [ -159.563983778416713, 22.220687442779568 ], [ -159.563818940397056, 22.220784639995003 ], [ -159.563636172017851, 22.220856467517496 ], [ -159.563392849945473, 22.220996380641928 ], [ -159.563242883701065, 22.22111282153039 ], [ -159.563106176692486, 22.22124109792632 ], [ -159.562976423922521, 22.221375581808207 ], [ -159.56283123120329, 22.221496284315368 ], [ -159.562667700668783, 22.221600618150426 ], [ -159.562515044668828, 22.221714658312056 ], [ -159.562371367323976, 22.221836713892902 ], [ -159.562235134009256, 22.2219654143396 ], [ -159.562116887460348, 22.222110169208616 ], [ -159.562005041101088, 22.2222606375793 ], [ -159.561882913694319, 22.222401928496076 ], [ -159.561757283483644, 22.222540093905323 ], [ -159.561621679920222, 22.222669357203518 ], [ -159.561481335907416, 22.222794388055327 ], [ -159.561332794652373, 22.222912102419773 ], [ -159.561198414340595, 22.223042457880716 ], [ -159.561034425080493, 22.223146383351459 ], [ -159.560775334759199, 22.223165418653259 ], [ -159.560497135628879, 22.223167397213825 ], [ -159.560416837937055, 22.223346027765608 ], [ -159.560467385116368, 22.223641455492015 ], [ -159.560397977515777, 22.223829807051775 ], [ -159.560276985462764, 22.223972113719864 ], [ -159.560145725970102, 22.224105254510974 ], [ -159.560006489295318, 22.224231275851388 ], [ -159.559860097279284, 22.224350911164649 ], [ -159.559714522953641, 22.224471274387017 ], [ -159.559581351002919, 22.224602709366476 ], [ -159.559453182895169, 22.224738611514773 ], [ -159.559322249093697, 22.224872044140149 ], [ -159.559170951059343, 22.22498729976282 ], [ -159.559064957367099, 22.225142994797046 ], [ -159.558928221237721, 22.22527124978474 ], [ -159.558826337261763, 22.225430613712859 ], [ -159.558729422102004, 22.225594413376694 ], [ -159.558603005582853, 22.225731039704169 ], [ -159.55852483036989, 22.225771577207965 ], [ -159.558520216552921, 22.225776230205007 ], [ -159.558327738639349, 22.225752929082937 ], [ -159.558137692456285, 22.225714448575957 ], [ -159.557945807432787, 22.2256874419243 ], [ -159.557752205703736, 22.225671153460336 ], [ -159.557556008466008, 22.225671068028362 ], [ -159.557356459998573, 22.225691904866391 ], [ -159.557157667104974, 22.225708016795252 ], [ -159.556963442322854, 22.225695618667221 ], [ -159.556780414435138, 22.225609125675184 ], [ -159.5566437558345, 22.225478657962064 ], [ -159.556487933133525, 22.225370844325706 ], [ -159.556333485002853, 22.225261406035607 ], [ -159.556184292994118, 22.225145754098239 ], [ -159.556038902619918, 22.22502560815456 ], [ -159.555877649214068, 22.224924215780696 ], [ -159.555712151333893, 22.224827839873274 ], [ -159.555533322706339, 22.224747223980224 ], [ -159.555352544779907, 22.224680117681579 ], [ -159.55507407303088, 22.22449531963224 ], [ -159.554905898553699, 22.224401260204285 ], [ -159.554604174658294, 22.224314389860133 ], [ -159.554410178748896, 22.224302912044234 ], [ -159.554215071225741, 22.224299910786819 ], [ -159.554023090362989, 22.224273041617845 ], [ -159.553833036066152, 22.224231463704175 ], [ -159.553641962556156, 22.224197665516311 ], [ -159.55344869412616, 22.224180630863721 ], [ -159.553255834596541, 22.224160473337232 ], [ -159.553061581760318, 22.224150952452664 ], [ -159.55286716055042, 22.22415763170838 ], [ -159.5526275110592, 22.224187879636418 ], [ -159.552439613157787, 22.224234214535358 ], [ -159.552241589018934, 22.224295890831854 ], [ -159.552062802834968, 22.224361046560453 ], [ -159.551898172317067, 22.224441613991697 ], [ -159.551718581299241, 22.224517407826941 ], [ -159.551534183156036, 22.224574824500866 ], [ -159.551294209303535, 22.224684447179762 ], [ -159.55110810202882, 22.224632849336182 ], [ -159.550941274000763, 22.224527908765392 ], [ -159.55076222540626, 22.224456783974272 ], [ -159.550573706317152, 22.224411861684182 ], [ -159.550392991605293, 22.224345347661792 ], [ -159.550216765711156, 22.224266411834275 ], [ -159.550043280626113, 22.224179890615769 ], [ -159.549853469082962, 22.224138546610931 ], [ -159.549642552292795, 22.224155599132725 ], [ -159.549434668890655, 22.224164259372827 ], [ -159.549236406104257, 22.224146298841035 ], [ -159.549051473324056, 22.224091456857931 ], [ -159.54886087403068, 22.2240522906419 ], [ -159.548666662503791, 22.22402312078388 ], [ -159.548480267099535, 22.223972324898291 ], [ -159.548293344797656, 22.223922985953326 ], [ -159.548114359676418, 22.223851686346542 ], [ -159.547941463864163, 22.223763541066045 ], [ -159.5477722843263, 22.223665110496839 ], [ -159.54758913635311, 22.223605330951777 ], [ -159.547399452959667, 22.223563634007387 ], [ -159.547206334834669, 22.223531439537947 ], [ -159.547015562043669, 22.223492754136181 ], [ -159.546829499100681, 22.223441041876235 ], [ -159.546641788919601, 22.223393883567045 ], [ -159.54645680719409, 22.223339179690765 ], [ -159.546280410911265, 22.223260719809797 ], [ -159.546117718608144, 22.223148025367252 ], [ -159.546100959249713, 22.223008812168388 ], [ -159.546063188764577, 22.222810062976613 ], [ -159.545964372611252, 22.222653374173195 ], [ -159.545839431529942, 22.222514684714145 ], [ -159.545702096324902, 22.222384535031619 ], [ -159.545565591661585, 22.222253812394811 ], [ -159.545421511088449, 22.222128309599125 ], [ -159.54524550908522, 22.222024801287471 ], [ -159.545054604671236, 22.221931560188171 ], [ -159.544910345853026, 22.221806180381535 ], [ -159.544820891336343, 22.221643042607994 ], [ -159.544719475233563, 22.221488145012202 ], [ -159.544662473077551, 22.221302647677124 ], [ -159.544685606811015, 22.221115295702784 ], [ -159.54458206872323, 22.221007508539213 ], [ -159.544566345153413, 22.220826988966195 ], [ -159.544607153051146, 22.220648078862389 ], [ -159.544670935936807, 22.220487767893946 ], [ -159.54471428342859, 22.220308766145816 ], [ -159.544704379259144, 22.220127690469845 ], [ -159.544652719617233, 22.219749091758146 ], [ -159.54456710242539, 22.219587013272704 ], [ -159.544450078955776, 22.219413376884795 ], [ -159.544340374289987, 22.219264334563213 ], [ -159.544220413862007, 22.219121748754795 ], [ -159.544085281652627, 22.218988711962346 ], [ -159.543949453772228, 22.218856113720484 ], [ -159.543828318076891, 22.218714267805719 ], [ -159.543717896411607, 22.218567686491735 ], [ -159.543629623003397, 22.218430910726518 ], [ -159.543523640474149, 22.218272938782611 ], [ -159.543389369854282, 22.218142289804952 ], [ -159.543231469470925, 22.218034462776071 ], [ -159.543060845172448, 22.21793892549216 ], [ -159.542888922875619, 22.21784464176169 ], [ -159.542737465842606, 22.217732315473732 ], [ -159.542701816419424, 22.217702455821541 ], [ -159.542602338233536, 22.217542244592924 ], [ -159.542526445604153, 22.217375089704348 ], [ -159.542479372848476, 22.217199448795689 ], [ -159.542454914397354, 22.217017150289173 ], [ -159.54244683482483, 22.216832345342052 ] ] } },
{ "type": "Feature", "properties": { "objectid": 108, "island": "Kauai", "st_lengthshape": 412.94999594074699 }, "geometry": { "type": "LineString", "coordinates": [ [ -159.542399270173007, 22.214793744596236 ], [ -159.542269358140544, 22.214639558111127 ], [ -159.542121473879376, 22.21451543523424 ], [ -159.541963980371122, 22.214407389574625 ], [ -159.541806369481691, 22.214299538379791 ], [ -159.541635987243836, 22.214213051672964 ], [ -159.541440120800161, 22.21416919718812 ], [ -159.541269899937504, 22.214082442145784 ], [ -159.541136674448268, 22.213933800888224 ], [ -159.541019602750879, 22.213758137395796 ], [ -159.54088160677864, 22.213617476183181 ], [ -159.54070824798174, 22.21353596980002 ], [ -159.540541283911125, 22.213443768268739 ], [ -159.540397376217243, 22.213312996856004 ], [ -159.540246918082545, 22.213193183665471 ], [ -159.540053918611875, 22.213144534433404 ], [ -159.539887209926263, 22.213051904957542 ], [ -159.539728413443299, 22.212946041296149 ], [ -159.539530034088017, 22.212906391823211 ], [ -159.539323291637828, 22.212880730127836 ], [ -159.539153494954121, 22.212794554100824 ] ] } },
{ "type": "Feature", "properties": { "objectid": 109, "island": "Kauai", "st_lengthshape": 1420.800882944724 }, "geometry": { "type": "LineString", "coordinates": [ [ -159.531547491188491, 22.215392417088772 ], [ -159.531364399999518, 22.215332546468407 ], [ -159.531176314506752, 22.215285649478517 ], [ -159.530988148420846, 22.215238961218468 ], [ -159.530794227937633, 22.215207221179387 ], [ -159.530601245334651, 22.215173046786671 ], [ -159.530408672135593, 22.215137806617832 ], [ -159.530214100442265, 22.215107757372646 ], [ -159.53001920022345, 22.215078564488007 ], [ -159.529825291687473, 22.215046794338555 ], [ -159.529628265214853, 22.215023122290486 ], [ -159.529428920220255, 22.215005472417349 ], [ -159.529224938090636, 22.214999868026723 ], [ -159.529018578756478, 22.215000437752074 ], [ -159.528813855810853, 22.2149967604106 ], [ -159.528622399801719, 22.214958618168222 ], [ -159.528439630311652, 22.214897910239689 ], [ -159.528262438955892, 22.214822715959212 ], [ -159.528086568054164, 22.214744092387377 ], [ -159.527909496221156, 22.214668587459069 ], [ -159.527717987071043, 22.21463058434006 ], [ -159.527508463982883, 22.214639373453004 ], [ -159.527292412454699, 22.214665117785021 ], [ -159.527068292076706, 22.214711821676371 ], [ -159.526845294852876, 22.214755607239017 ], [ -159.526631868246909, 22.214774534136669 ], [ -159.526419175713244, 22.214791551291643 ], [ -159.526209990515014, 22.214799460437977 ], [ -159.526004495257922, 22.214797784000172 ], [ -159.525804010302181, 22.214783091107982 ], [ -159.525607365297361, 22.214758426422335 ], [ -159.525422233389435, 22.214703858639254 ], [ -159.525246102769216, 22.214625909457691 ], [ -159.525093356942421, 22.214487220936771 ], [ -159.524957538495471, 22.214304568530167 ], [ -159.52477926666694, 22.214232181679705 ], [ -159.524585458353016, 22.214200150161496 ], [ -159.52441216747394, 22.214114828143682 ], [ -159.524250684078254, 22.213998837926017 ], [ -159.524068572995475, 22.21393642540972 ], [ -159.523896348448318, 22.213848334070271 ], [ -159.523724139489275, 22.213760202744112 ], [ -159.523520995271497, 22.213752420299134 ], [ -159.523130037153663, 22.214232444650314 ], [ -159.522834108365316, 22.214465646810542 ], [ -159.522656954997984, 22.214390354999171 ], [ -159.522444045267122, 22.214407932284082 ], [ -159.522426490765554, 22.21391812570663 ], [ -159.52225800355933, 22.213820327975014 ], [ -159.522064753693314, 22.213786845289498 ], [ -159.521860372676912, 22.213782272733376 ], [ -159.521322093937556, 22.213775242869762 ], [ -159.521108214088571, 22.213817611875211 ], [ -159.520785384284892, 22.213904970175527 ], [ -159.520618635510885, 22.213992466449643 ], [ -159.520041838579544, 22.214544803846042 ], [ -159.520439760074936, 22.214968946781276 ] ] } },
{ "type": "Feature", "properties": { "objectid": 110, "island": "Kauai", "st_lengthshape": 1513.9242035361954 }, "geometry": { "type": "LineString", "coordinates": [ [ -159.517860300660402, 22.213070303160187 ], [ -159.517959202187569, 22.212902130969951 ], [ -159.518034619911447, 22.212730435196278 ], [ -159.51807211294485, 22.212553045779387 ], [ -159.518053051689606, 22.212367168177177 ], [ -159.518070352954339, 22.212186748852194 ], [ -159.518169405070722, 22.212018599539284 ], [ -159.518222146705114, 22.211845189824455 ], [ -159.518243729533964, 22.211665109170987 ], [ -159.518139427857193, 22.211268001840601 ], [ -159.518059960481708, 22.211102747934465 ], [ -159.517965806580179, 22.210944717383153 ], [ -159.517873565600496, 22.21078574565869 ], [ -159.517766017351789, 22.210634301873256 ], [ -159.517645818348711, 22.210489079352534 ], [ -159.517527818966357, 22.210342775592107 ], [ -159.517418206679537, 22.210192347225366 ], [ -159.517315330251222, 22.210038606259538 ], [ -159.517218496251871, 22.20988189368844 ], [ -159.517170433915709, 22.209701196033539 ], [ -159.517169222422382, 22.209686182545706 ], [ -159.517193586339971, 22.20949747101422 ], [ -159.517208124863771, 22.209310575826986 ], [ -159.517215360774969, 22.209125030039555 ], [ -159.517210650980729, 22.208941692187349 ], [ -159.517191092731565, 22.208761099081094 ], [ -159.517180209953636, 22.208578902863234 ], [ -159.51716808329121, 22.208396935540332 ], [ -159.517163552967617, 22.208213564576326 ], [ -159.517152573328104, 22.208031385815669 ], [ -159.517128434266681, 22.207851639269087 ], [ -159.51707673248697, 22.207676987851318 ], [ -159.516933931996675, 22.207360252318956 ], [ -159.516840409544244, 22.207201929889006 ], [ -159.51672749484203, 22.207053291146032 ], [ -159.51663652071926, 22.206893695726954 ], [ -159.516511513934375, 22.206751096531306 ], [ -159.516416052641347, 22.206593742112226 ], [ -159.516170703661203, 22.206336057101097 ], [ -159.516025393316113, 22.206215569543406 ], [ -159.515900622742919, 22.206070106199782 ], [ -159.51578471248277, 22.205913869551878 ], [ -159.515667272514833, 22.205759491452277 ], [ -159.515538668159564, 22.205618690697143 ], [ -159.515413851290816, 22.205473284014726 ], [ -159.515222272745945, 22.205409061867474 ], [ -159.515035084326144, 22.205339501820934 ], [ -159.514863068239436, 22.205251491156456 ], [ -159.514698366066767, 22.205154586621546 ], [ -159.514540856125251, 22.205048936781314 ], [ -159.514387961434892, 22.204937674686171 ], [ -159.514240375512344, 22.204819957085398 ], [ -159.514090630106949, 22.20470486604728 ], [ -159.513943299670245, 22.204586838393766 ], [ -159.513796177141757, 22.204468556990882 ], [ -159.513643774333531, 22.204356697271379 ], [ -159.513473634122818, 22.204266406202414 ], [ -159.513310954687853, 22.204167043796545 ], [ -159.513162422919976, 22.204050477297628 ], [ -159.513005917943389, 22.203943606765254 ], [ -159.512846869037048, 22.203839830132925 ], [ -159.512679723256696, 22.203745897980649 ], [ -159.512507984862879, 22.203657551427675 ], [ -159.512336197423338, 22.203569265371897 ], [ -159.511993503065185, 22.203403112556792 ], [ -159.511816933668484, 22.203314640420942 ], [ -159.511635108264528, 22.2032462700849 ], [ -159.511449354955857, 22.203192921108762 ], [ -159.511256444135796, 22.203166945084419 ], [ -159.510930295177559, 22.203143972548155 ], [ -159.510735226863233, 22.203145882763987 ], [ -159.510542343538674, 22.20316555684402 ] ] } },
{ "type": "Feature", "properties": { "objectid": 111, "island": "Kauai", "st_lengthshape": 2064.6257855758245 }, "geometry": { "type": "LineString", "coordinates": [ [ -159.508408123844816, 22.20290086372562 ], [ -159.508213082956473, 22.202893883996737 ], [ -159.508018570519681, 22.202883585971264 ], [ -159.507829714258094, 22.20283772545077 ], [ -159.507638687489703, 22.202805517467127 ], [ -159.507446504294421, 22.202780573559195 ], [ -159.5072542841543, 22.202755859907633 ], [ -159.507062572613961, 22.20272795360372 ], [ -159.506870617315172, 22.202701579109792 ], [ -159.506504824956352, 22.202648945628958 ], [ -159.506305805411984, 22.202637239411306 ], [ -159.506110072751909, 22.202643388550033 ], [ -159.505916682006358, 22.202662258307061 ], [ -159.505730385251638, 22.202719666010108 ], [ -159.505533525522253, 22.202719695555203 ], [ -159.505339203571111, 22.202733509332603 ], [ -159.504957280516948, 22.20277435661767 ], [ -159.504749182516349, 22.202780111546343 ], [ -159.504558769703095, 22.202824758278851 ], [ -159.504366866539669, 22.202866127321364 ], [ -159.504176458363418, 22.202910782629655 ], [ -159.50399366835768, 22.202972192251465 ], [ -159.503811194028486, 22.203034296318378 ], [ -159.503618789697185, 22.203074563877401 ], [ -159.503435569954462, 22.203135027434811 ], [ -159.503260387761088, 22.20321316824894 ], [ -159.503097844679132, 22.203319102055602 ], [ -159.502905518939656, 22.203359541991205 ], [ -159.502728715921364, 22.203434118779725 ], [ -159.502600953075358, 22.203616540258228 ], [ -159.502434565238417, 22.203714020335891 ], [ -159.502255952570295, 22.203784619071424 ], [ -159.502098708776174, 22.203902209402383 ], [ -159.501939284206401, 22.204015004686603 ], [ -159.501525786234509, 22.20428819340723 ], [ -159.501378731995771, 22.204406631585865 ], [ -159.501185201206027, 22.204468102787708 ], [ -159.501039054640046, 22.20458765448403 ], [ -159.500845136608859, 22.20464865128481 ], [ -159.50065006763208, 22.204708236656892 ], [ -159.500483902212352, 22.204803251390889 ], [ -159.50035133300608, 22.204939445808414 ], [ -159.500196343511675, 22.205048160438867 ], [ -159.500041583730422, 22.205157155178814 ], [ -159.499860486605741, 22.205233865998625 ], [ -159.499694957275238, 22.205329658531724 ], [ -159.499634726345988, 22.205554522200462 ], [ -159.499507151371859, 22.205696839281089 ], [ -159.499371216745857, 22.205828908334247 ], [ -159.49923978944858, 22.205966503159928 ], [ -159.499103455783541, 22.206098083568826 ], [ -159.498962697111892, 22.206224240710068 ], [ -159.498684763495504, 22.206559670866671 ], [ -159.498547290529018, 22.206691746665122 ], [ -159.498429718038494, 22.206836006231946 ], [ -159.498125340203956, 22.206865901157368 ], [ -159.498071776541593, 22.207049347830448 ], [ -159.498093789550609, 22.207279062644414 ], [ -159.497984900582992, 22.207428638088007 ], [ -159.497899982181679, 22.207592889207728 ], [ -159.49781228867235, 22.207755441325581 ], [ -159.497712424811027, 22.207910542246399 ], [ -159.497610731856014, 22.208064523952967 ], [ -159.49752184375572, 22.20822634509452 ], [ -159.497438932131928, 22.208391824800621 ], [ -159.497380369445125, 22.20857221040205 ], [ -159.497301127907633, 22.208814296056744 ], [ -159.49723644065358, 22.208984672470482 ], [ -159.497167371324309, 22.209153529155614 ], [ -159.497142501900697, 22.209337716290303 ], [ -159.497067981833766, 22.209504682480393 ], [ -159.497066974419738, 22.209697146942222 ], [ -159.497019832608174, 22.21003446847579 ], [ -159.497013475611681, 22.210215140799782 ], [ -159.496963518092855, 22.21039323872327 ], [ -159.496940059466624, 22.210572901743781 ], [ -159.496881019653983, 22.210750464541249 ], [ -159.496885698003553, 22.210931787041403 ], [ -159.496882912913975, 22.211112669775172 ], [ -159.496888572380186, 22.211294050703803 ], [ -159.496862715631522, 22.211473571955498 ], [ -159.496767376872896, 22.21164899239859 ], [ -159.496805419123092, 22.211832283666126 ], [ -159.496800915322382, 22.212013065024145 ], [ -159.496755310261562, 22.212191420596437 ], [ -159.496718402994333, 22.212370289849037 ], [ -159.496717949630295, 22.212551309981453 ], [ -159.496643425619652, 22.212727958693797 ], [ -159.496637601825512, 22.212908661848772 ], [ -159.49660653912693, 22.213087875498559 ], [ -159.496536163315653, 22.213340050931034 ], [ -159.496450850266086, 22.2135179556781 ], [ -159.496383314732213, 22.21369646565055 ], [ -159.49632469264705, 22.213875278156575 ], [ -159.496296920728412, 22.214055138478333 ] ] } },
{ "type": "Feature", "properties": { "objectid": 112, "island": "Kauai", "st_lengthshape": 486.57514479702951 }, "geometry": { "type": "LineString", "coordinates": [ [ -159.498326320544408, 22.215611737450644 ], [ -159.498425290489706, 22.215770831746795 ], [ -159.49843653183575, 22.215958718901458 ], [ -159.498515059465831, 22.216124522113439 ], [ -159.498597863063281, 22.216288922739032 ], [ -159.49868337846911, 22.216452433280043 ], [ -159.498684235978715, 22.216643161814329 ], [ -159.49863549940099, 22.216731312146688 ], [ -159.498553283184663, 22.21690511237157 ], [ -159.498508195339923, 22.217082444979837 ], [ -159.498442399130909, 22.217253981496679 ], [ -159.498432643356523, 22.217317187615098 ], [ -159.498391005825795, 22.217497916370696 ], [ -159.498325042657399, 22.217668425269441 ], [ -159.498200833652504, 22.217814463880362 ], [ -159.498116627031465, 22.217973909397394 ], [ -159.498024429067442, 22.218225131264038 ], [ -159.497973236091326, 22.218402970236916 ], [ -159.498044470358082, 22.21858861851279 ], [ -159.4980198268143, 22.218768150528053 ], [ -159.497645409702471, 22.218925370572247 ], [ -159.497632291094618, 22.219105637891399 ], [ -159.497685007418909, 22.219290105270346 ], [ -159.497874824947473, 22.219479773304727 ] ] } },
{ "type": "Feature", "properties": { "objectid": 113, "island": "Kauai", "st_lengthshape": 444.83535302111284 }, "geometry": { "type": "LineString", "coordinates": [ [ -159.496208708267176, 22.223027869543294 ], [ -159.496027569407175, 22.223100618613586 ], [ -159.495845054340123, 22.22316780849334 ], [ -159.49565751929984, 22.223214713890048 ], [ -159.495465123816928, 22.223241980236374 ], [ -159.495267209488702, 22.223246944465078 ], [ -159.495085602524966, 22.22330652855867 ], [ -159.49464839427921, 22.223448134113443 ], [ -159.494467070754013, 22.223375606807334 ], [ -159.494182860103564, 22.223325257016 ], [ -159.493987894870202, 22.22334229110448 ], [ -159.493801875340552, 22.223395242606109 ], [ -159.493628734012361, 22.223479678343224 ], [ -159.493413429591385, 22.223592821081816 ], [ -159.493252141268499, 22.22369426778538 ], [ -159.493086145011489, 22.2237879999442 ], [ -159.492916766089024, 22.22387618712844 ], [ -159.49275174723428, 22.223971522248871 ], [ -159.492583841471372, 22.224062124859419 ], [ -159.492418030720074, 22.224156161135937 ], [ -159.492278331295495, 22.224283471162003 ] ] } },
{ "type": "Feature", "properties": { "objectid": 114, "island": "Kauai", "st_lengthshape": 81.613374795329293 }, "geometry": { "type": "LineString", "coordinates": [ [ -159.477992762630635, 22.228939144043789 ], [ -159.477787652117769, 22.228940123340319 ], [ -159.477605605013594, 22.229002821509969 ], [ -159.477415338242565, 22.229043522106103 ], [ -159.477247708451813, 22.229140718501622 ] ] } },
{ "type": "Feature", "properties": { "objectid": 115, "island": "Kauai", "st_lengthshape": 778.67671048543298 }, "geometry": { "type": "LineString", "coordinates": [ [ -159.471889633508994, 22.226103904435718 ], [ -159.47169354604506, 22.226077610203809 ], [ -159.471498777394345, 22.2260719457921 ], [ -159.471303895072282, 22.226064492724831 ], [ -159.471109741736797, 22.226068445572221 ], [ -159.470916665473084, 22.226089261732326 ], [ -159.47072207695922, 22.226086401860101 ], [ -159.470526936705312, 22.226074927530597 ], [ -159.47033173910404, 22.226062542495121 ], [ -159.470137012462231, 22.226057531302594 ], [ -159.469945056953947, 22.226095873742562 ], [ -159.469752500378519, 22.226124795127056 ], [ -159.469559911054404, 22.226153231248002 ], [ -159.469366735069258, 22.226172477541343 ], [ -159.469173602358865, 22.226145833866404 ], [ -159.469085315732286, 22.226116312964312 ], [ -159.46891281563282, 22.22603090138286 ], [ -159.468737115732011, 22.225953110063831 ], [ -159.468555714904909, 22.225888893349612 ], [ -159.468377148436645, 22.225817927023794 ], [ -159.468199576623249, 22.225744593411857 ], [ -159.468017033560102, 22.225683095929501 ], [ -159.467830854485186, 22.225630254330923 ], [ -159.467644257734321, 22.225578409275574 ], [ -159.467469013311529, 22.225504461072461 ], [ -159.467422114027841, 22.225479259685294 ], [ -159.46726249120016, 22.225369663876918 ], [ -159.467138626414567, 22.225230423720767 ], [ -159.467006852255992, 22.225097740535421 ], [ -159.466904108013125, 22.224940991997109 ], [ -159.466781348054411, 22.224800835935941 ], [ -159.466640939282854, 22.224675311441722 ], [ -159.466509312228311, 22.224542506351209 ], [ -159.466390577490387, 22.22439901478872 ], [ -159.466274138268318, 22.224253619392822 ], [ -159.466159152704364, 22.224107019109951 ], [ -159.466039154935231, 22.22396457433091 ], [ -159.465915942865763, 22.223824794689207 ], [ -159.465797474474101, 22.223681081468992 ], [ -159.465699966655677, 22.223519992490701 ], [ -159.46559665153535, 22.223367930684034 ] ] } },
{ "type": "Feature", "properties": { "objectid": 116, "island": "Kauai", "st_lengthshape": 1068.6111827792497 }, "geometry": { "type": "LineString", "coordinates": [ [ -159.463960330320475, 22.223043282000798 ], [ -159.463768646352491, 22.22307852488575 ], [ -159.463576414053222, 22.223107269067235 ], [ -159.463382306761275, 22.223113773676573 ], [ -159.463188612402064, 22.223125181496787 ], [ -159.462994017423085, 22.223125903395161 ], [ -159.462793520334316, 22.223056609433165 ], [ -159.462602012728098, 22.223093953586979 ], [ -159.462406482919505, 22.223083584456631 ], [ -159.462217170206969, 22.223090204140956 ], [ -159.46191613847364, 22.223130675432213 ], [ -159.461728634636472, 22.223189266263709 ], [ -159.461544412264828, 22.223253215640643 ], [ -159.461375997897676, 22.22334298283582 ], [ -159.461198335470812, 22.223417646649089 ], [ -159.461028278899931, 22.223504732302441 ], [ -159.460834086094252, 22.223552398048128 ], [ -159.460641087165499, 22.223602011551439 ], [ -159.460464556573839, 22.223678525166246 ], [ -159.460295941993337, 22.223767966594334 ], [ -159.460137529977061, 22.223874072225748 ], [ -159.460019446919887, 22.22404604611766 ], [ -159.459857351862127, 22.224146136141716 ], [ -159.45968630733887, 22.224231610612403 ], [ -159.459518211530593, 22.224321898985451 ], [ -159.459402282223039, 22.224497392366406 ], [ -159.459278074225097, 22.224654498421216 ], [ -159.459126476183286, 22.224665609141258 ], [ -159.458889344643666, 22.224587060748306 ], [ -159.458686474244985, 22.224596300156232 ], [ -159.45849158021872, 22.224625976385941 ], [ -159.458305022551315, 22.224677009932289 ], [ -159.458142931014095, 22.224790735249666 ], [ -159.457990220624197, 22.224928498162789 ], [ -159.457829034586268, 22.225044544196063 ], [ -159.457633532120354, 22.225072660928564 ], [ -159.457431011189385, 22.225082794885662 ], [ -159.457233217079306, 22.225105041795519 ], [ -159.457042043005885, 22.225144248579188 ], [ -159.456871156691761, 22.225235441883168 ], [ -159.456708470407989, 22.225347647017983 ], [ -159.456535632625247, 22.225433837843454 ], [ -159.456345413830519, 22.225475495703584 ], [ -159.456181099713518, 22.225583528413349 ], [ -159.455994312914441, 22.225633980889366 ], [ -159.455815232012952, 22.225704177297967 ], [ -159.455636098095539, 22.225774238148112 ], [ -159.455458679167606, 22.225848696324871 ], [ -159.455290390075987, 22.225927453389801 ], [ -159.455146583291793, 22.225913723716342 ], [ -159.45497212182525, 22.225829192573265 ], [ -159.454798259581821, 22.225742958440517 ], [ -159.454609535578157, 22.225712527812597 ] ] } },
{ "type": "Feature", "properties": { "objectid": 117, "island": "Kauai", "st_lengthshape": 1648.6437276407544 }, "geometry": { "type": "LineString", "coordinates": [ [ -159.454029919765986, 22.225468266748514 ], [ -159.453863145507256, 22.225248400869894 ], [ -159.453670552078478, 22.225226210915697 ], [ -159.453479877334701, 22.225189333140037 ], [ -159.453280861401538, 22.225216311633776 ], [ -159.453088466974378, 22.225192599992333 ], [ -159.452899225275758, 22.22514475283554 ], [ -159.452709280051579, 22.225102292650885 ], [ -159.452520406984831, 22.225051620862235 ], [ -159.452333123222957, 22.22498878541565 ], [ -159.452135666213223, 22.225003832236165 ], [ -159.451943951284505, 22.224974916404157 ], [ -159.45174949368095, 22.224967003249258 ], [ -159.451552744090861, 22.224976627831346 ], [ -159.451357825261681, 22.224972246924697 ], [ -159.451167156136478, 22.224935325754789 ], [ -159.450977388777176, 22.224891503407651 ], [ -159.450783821639675, 22.224876776709319 ], [ -159.450588826634487, 22.224890721702636 ], [ -159.450297570800103, 22.224924734804496 ], [ -159.450098288860374, 22.224928960427224 ], [ -159.449905353781276, 22.224956017348362 ], [ -159.449723261075547, 22.225022076885626 ], [ -159.449551211188975, 22.225114695883299 ], [ -159.449352590676568, 22.225126832657271 ], [ -159.449265586419187, 22.22492547295036 ], [ -159.449112471800873, 22.224813878030421 ], [ -159.449024439151827, 22.224613914982992 ], [ -159.448899940998444, 22.224463464618587 ], [ -159.448695877887531, 22.224422835554002 ], [ -159.448363079650846, 22.224252346848903 ], [ -159.448173753181493, 22.224212062266737 ], [ -159.447994283307253, 22.224122935349996 ], [ -159.447812328034814, 22.22404612767663 ], [ -159.447628773815865, 22.223977244410236 ], [ -159.447444963745681, 22.223909626414446 ], [ -159.447259605325229, 22.223849684241216 ], [ -159.447071862606066, 22.223801549680424 ], [ -159.446868677463101, 22.223829930262713 ], [ -159.446661721616493, 22.223876997186625 ], [ -159.446462458824158, 22.223885941324088 ], [ -159.446267166363128, 22.22387521788211 ], [ -159.446072585652729, 22.223860968042228 ], [ -159.445875168563902, 22.223860770190921 ], [ -159.445676385321917, 22.223867340594268 ], [ -159.445497237454788, 22.223776623616981 ], [ -159.445319439767616, 22.223679227428185 ], [ -159.445116027978372, 22.223708725772735 ], [ -159.444913103358687, 22.223735815841021 ], [ -159.444724553301086, 22.223691686496284 ], [ -159.44452746315892, 22.223689867197354 ], [ -159.444326785507769, 22.223705818547216 ], [ -159.444138836252961, 22.22366815079641 ], [ -159.444006660257173, 22.223579648283796 ], [ -159.443825142854763, 22.223513440975182 ], [ -159.443637461512992, 22.223467357523017 ], [ -159.443444460365811, 22.223438634777647 ], [ -159.443248308051182, 22.22342019670582 ], [ -159.44305096865952, 22.223405632752559 ], [ -159.44286359407883, 22.223358546585022 ], [ -159.442677473025668, 22.223307369749985 ], [ -159.44248612139441, 22.223273263357502 ], [ -159.442296228811841, 22.223234396304061 ], [ -159.442101432142607, 22.223211535469346 ], [ -159.441916419934898, 22.223156739285297 ], [ -159.441734586107373, 22.223091570307488 ], [ -159.441550777677463, 22.223032844202319 ], [ -159.441368250705779, 22.222969940643321 ], [ -159.441179749604942, 22.222926530657869 ], [ -159.441016011218608, 22.222802305384665 ], [ -159.440846175870121, 22.222697981482753 ], [ -159.440654516181439, 22.222664880152827 ], [ -159.440463065018434, 22.222631101374944 ], [ -159.440277079257584, 22.222579485049586 ], [ -159.440095318946675, 22.222514080935081 ], [ -159.439906720849734, 22.222470989529224 ], [ -159.439717415924918, 22.222430207130127 ], [ -159.43953056044586, 22.222381429010312 ], [ -159.439344323682519, 22.22233063439193 ], [ -159.439157744157853, 22.222294053882205 ] ] } },
{ "type": "Feature", "properties": { "objectid": 118, "island": "Kauai", "st_lengthshape": 104.7282555532811 }, "geometry": { "type": "LineString", "coordinates": [ [ -159.437822104167708, 22.22346034884249 ], [ -159.437713568704737, 22.223279569775038 ], [ -159.437564257396417, 22.223160658520804 ], [ -159.43742750986479, 22.223022684755051 ], [ -159.437260184794667, 22.222931104719173 ], [ -159.437065505942428, 22.222882644726564 ] ] } },
{ "type": "Feature", "properties": { "objectid": 119, "island": "Kauai", "st_lengthshape": 683.6766840971078 }, "geometry": { "type": "LineString", "coordinates": [ [ -159.435388852835842, 22.22197009133577 ], [ -159.43529689417295, 22.22180815387442 ], [ -159.435157659011253, 22.221679795298815 ], [ -159.435033200315075, 22.221540941887184 ], [ -159.434888612647342, 22.221416385394082 ], [ -159.434767541105202, 22.221275125958783 ], [ -159.434600501126027, 22.221166516621444 ], [ -159.434440238590554, 22.221053093692689 ], [ -159.434305633772283, 22.220921447118176 ], [ -159.434139579192788, 22.220812138130427 ], [ -159.434019210842308, 22.220670379357109 ], [ -159.433883820627102, 22.220539290111699 ], [ -159.433780775240308, 22.220385228343684 ], [ -159.433644825922329, 22.220254536977318 ], [ -159.433535320421242, 22.220105062628761 ], [ -159.433458902264704, 22.219932088094939 ], [ -159.433377210699092, 22.219762859566629 ], [ -159.433246684087322, 22.219628316603409 ], [ -159.433115909871418, 22.21949394854785 ], [ -159.433013726798265, 22.219339275056729 ], [ -159.432986533105264, 22.219131338150003 ], [ -159.432885685536093, 22.218975715138182 ], [ -159.432766019044692, 22.218833459333577 ], [ -159.4326453207334, 22.218691936137144 ], [ -159.432524595556032, 22.218550431888612 ], [ -159.43240993615521, 22.218404619306249 ], [ -159.432305116418433, 22.218251818788453 ], [ -159.432207153425907, 22.218094148652085 ], [ -159.432117380316782, 22.217930660398125 ], [ -159.432054838833892, 22.217747830869293 ], [ -159.431996986305705, 22.21756167062232 ], [ -159.43185773415621, 22.217433327173364 ], [ -159.431663332099475, 22.21734415287732 ], [ -159.431382107303193, 22.217322222890079 ] ] } },
{ "type": "Feature", "properties": { "objectid": 120, "island": "Kauai", "st_lengthshape": 450.01428657326687 }, "geometry": { "type": "LineString", "coordinates": [ [ -159.428273698547684, 22.215685668016317 ], [ -159.42808585129157, 22.21573560793491 ], [ -159.427891214526028, 22.215746983352552 ], [ -159.427696231193977, 22.215756388197409 ], [ -159.427513188538114, 22.215833619642186 ], [ -159.427333139986445, 22.215927865163735 ], [ -159.427157341546149, 22.216019438776172 ], [ -159.426533624478282, 22.21626424684521 ], [ -159.426364795946682, 22.216354392918621 ], [ -159.426196778779286, 22.216445650604417 ], [ -159.426043126270201, 22.216556581219844 ], [ -159.425890639734973, 22.216669107684883 ], [ -159.425728602039527, 22.216768554058429 ], [ -159.425576740512582, 22.216881936841844 ], [ -159.425440477022818, 22.217016680607447 ], [ -159.425335645615064, 22.217194468427664 ], [ -159.425351541554534, 22.217537582690323 ], [ -159.42529467285479, 22.217781053457781 ], [ -159.425248188233297, 22.218033369502404 ] ] } },
{ "type": "Feature", "properties": { "objectid": 121, "island": "Kauai", "st_lengthshape": 952.55196837636049 }, "geometry": { "type": "LineString", "coordinates": [ [ -159.420094742781259, 22.222182954440999 ], [ -159.419920762807379, 22.222321804879364 ], [ -159.419707329148423, 22.222214122868461 ], [ -159.419514231789293, 22.222233519382986 ], [ -159.419307221909207, 22.222165977970501 ], [ -159.419077514788114, 22.221956609834059 ], [ -159.418881329156193, 22.221956703055497 ], [ -159.418690989313063, 22.221993327744421 ], [ -159.418590148979774, 22.222589220372246 ], [ -159.418429917811949, 22.222813992881704 ], [ -159.418249236502589, 22.222910980992303 ], [ -159.417907369572191, 22.22200071670979 ], [ -159.417686770637317, 22.221848246457554 ], [ -159.417486498330192, 22.221822796295363 ], [ -159.417295916068042, 22.221857903143324 ], [ -159.41711207473071, 22.221935139510691 ], [ -159.416935084865287, 22.222055190829835 ], [ -159.416759301724824, 22.222182787803789 ], [ -159.416582163961209, 22.222301921252402 ], [ -159.416405995648205, 22.22242711394416 ], [ -159.416229687631926, 22.222551433202302 ], [ -159.416045580852796, 22.222627017613522 ], [ -159.415852933098734, 22.222649222783659 ], [ -159.41565273111334, 22.222624214677531 ], [ -159.415445350752321, 22.222554348411087 ], [ -159.41524334893532, 22.22251809145498 ], [ -159.415054860722165, 22.222566298000086 ], [ -159.414868034972187, 22.222624891170295 ], [ -159.41467264798527, 22.222629977695263 ], [ -159.414480036546763, 22.222652407003807 ], [ -159.414279805141462, 22.222627220210743 ], [ -159.414066770579979, 22.222522006903102 ], [ -159.4138612444074, 22.222463718379704 ], [ -159.413681740466131, 22.222568072137101 ], [ -159.413499003176582, 22.222652222709637 ], [ -159.41331151243142, 22.222706663695014 ], [ -159.413125445819276, 22.222770007621008 ], [ -159.412949357921889, 22.222882172770699 ] ] } },
{ "type": "Feature", "properties": { "objectid": 122, "island": "Kauai", "st_lengthshape": 966.73429735369962 }, "geometry": { "type": "LineString", "coordinates": [ [ -159.412138849090496, 22.222385725049307 ], [ -159.411973974385518, 22.222500800462683 ], [ -159.411805578329478, 22.222605288464024 ], [ -159.411624465279544, 22.222671547919862 ], [ -159.411434138784585, 22.222710108268494 ], [ -159.411259208037023, 22.222794953914473 ], [ -159.411083693670122, 22.222878047319377 ], [ -159.41090428805461, 22.222949440293089 ], [ -159.410723076234717, 22.223015403586288 ], [ -159.410540390064739, 22.223076934629525 ], [ -159.410357768339537, 22.223138660444391 ], [ -159.410185856190367, 22.223232583886226 ], [ -159.410017909167721, 22.223338426757195 ], [ -159.409849872819734, 22.223444003174059 ], [ -159.409702321700081, 22.223611166066338 ], [ -159.409537033412022, 22.223725006915593 ], [ -159.409360849267642, 22.223806089163045 ], [ -159.409179960573056, 22.223873025629302 ], [ -159.408999999658903, 22.223942755634692 ], [ -159.408826164142113, 22.224030899726895 ], [ -159.408644569161936, 22.224095716158075 ], [ -159.408453488102992, 22.224114915652038 ], [ -159.407941331826095, 22.224123643855943 ], [ -159.407765588679126, 22.224200353462901 ], [ -159.407603711184009, 22.224303280497409 ], [ -159.407434896631315, 22.224393089986108 ], [ -159.407265369645557, 22.224481553188756 ], [ -159.407088043188054, 22.22455526940465 ], [ -159.406896497622, 22.224602103724109 ], [ -159.406722127959938, 22.224681409712428 ], [ -159.406558277381919, 22.224780606833068 ], [ -159.406402075527581, 22.224894266436181 ], [ -159.406247771996249, 22.225011514937936 ], [ -159.40609041253424, 22.225122985449314 ], [ -159.405931897672616, 22.225232269716955 ], [ -159.405782914451123, 22.225359579398248 ], [ -159.405644873581593, 22.225507576980839 ], [ -159.405487657474652, 22.225619318485961 ], [ -159.405345532078456, 22.225759594566735 ], [ -159.405231879012661, 22.225953705509777 ], [ -159.405096234094742, 22.226106235422314 ], [ -159.404952659991693, 22.226243772000245 ], [ -159.404804417266291, 22.226372484665461 ], [ -159.404644156566377, 22.226478471858798 ], [ -159.404497267469253, 22.226609743870018 ], [ -159.404399366943636, 22.226828593044008 ] ] } },
{ "type": "Feature", "properties": { "objectid": 123, "island": "Kauai", "st_lengthshape": 296.26653405068117 }, "geometry": { "type": "LineString", "coordinates": [ [ -159.395855137401895, 22.224608972090593 ], [ -159.395786847706148, 22.224372170285076 ], [ -159.395697263962546, 22.224166560999137 ], [ -159.3955703604083, 22.2240156214026 ], [ -159.395371804780723, 22.2239696377037 ], [ -159.395218345666592, 22.223857597521089 ], [ -159.395069512681374, 22.223738779365679 ], [ -159.394894359597856, 22.223658515922626 ], [ -159.394733153028483, 22.223557823821377 ], [ -159.394580666041918, 22.223444359587052 ], [ -159.394358827337385, 22.223432481777571 ], [ -159.394065656397487, 22.223525093073025 ], [ -159.393822773270784, 22.223544039489813 ], [ -159.393613719020607, 22.22351469919731 ] ] } },
{ "type": "Feature", "properties": { "objectid": 124, "island": "Kauai", "st_lengthshape": 276.33488577142998 }, "geometry": { "type": "LineString", "coordinates": [ [ -159.385801351405291, 22.218896803233253 ], [ -159.385550969677524, 22.218820533859486 ], [ -159.385426073180724, 22.218678619100604 ], [ -159.385323036068797, 22.218525270319287 ], [ -159.385235720380877, 22.218363697476853 ], [ -159.385147075577095, 22.218202818842464 ], [ -159.385078765993313, 22.218031303073381 ], [ -159.38497198595806, 22.217879911577082 ], [ -159.384862848856017, 22.217729754228113 ], [ -159.384743819661367, 22.217584770574348 ], [ -159.384655272808772, 22.217423841724681 ], [ -159.384545160731079, 22.21727419326816 ], [ -159.384436000333324, 22.21712404741033 ], [ -159.384172115783201, 22.217060736566825 ] ] } },
{ "type": "Feature", "properties": { "objectid": 125, "island": "Kauai", "st_lengthshape": 306.179638914902 }, "geometry": { "type": "LineString", "coordinates": [ [ -159.383625975243859, 22.216518678446842 ], [ -159.383421304621947, 22.216507631356066 ], [ -159.383229776976179, 22.216466503558291 ], [ -159.383046270229443, 22.216407019972888 ], [ -159.382876787979939, 22.216315435445846 ], [ -159.38271384178455, 22.21620889102137 ], [ -159.38255681358325, 22.216088802020721 ], [ -159.382383885703575, 22.216005103780162 ], [ -159.38219046036167, 22.215968321032889 ], [ -159.381994762304771, 22.215936739851987 ], [ -159.381802560830067, 22.215897156784731 ], [ -159.381609381663566, 22.215859808128691 ], [ -159.381411284725118, 22.215833718328032 ], [ -159.38121327753035, 22.215807421192252 ], [ -159.381016864389608, 22.215777476595544 ], [ -159.380827139953283, 22.215747773583534 ] ] } },
{ "type": "Feature", "properties": { "objectid": 126, "island": "Kauai", "st_lengthshape": 163.01827081942687 }, "geometry": { "type": "LineString", "coordinates": [ [ -159.37558207392803, 22.216116771448092 ], [ -159.375425358499967, 22.215983953728152 ], [ -159.3753102226853, 22.2157362099952 ], [ -159.375103249322507, 22.215742305527506 ], [ -159.374888098516919, 22.215771003302695 ], [ -159.374667096251812, 22.215815871914941 ], [ -159.374467145361791, 22.215802557679467 ], [ -159.374244845658183, 22.215852907942182 ] ] } },
{ "type": "Feature", "properties": { "objectid": 127, "island": "Kauai", "st_lengthshape": 417.32477915916729 }, "geometry": { "type": "LineString", "coordinates": [ [ -159.373447605361804, 22.215365504395358 ], [ -159.37331741656547, 22.215183548191696 ], [ -159.373101257381421, 22.215199122846276 ], [ -159.372844842264442, 22.215307190257878 ], [ -159.372617086856735, 22.215349405568382 ], [ -159.372414996072479, 22.215332655286474 ], [ -159.372247228595285, 22.215237041765899 ], [ -159.372063344134574, 22.215178459031559 ], [ -159.371873313627873, 22.215133998830225 ], [ -159.371693323758024, 22.21506646834386 ], [ -159.371535932467197, 22.214951512563758 ], [ -159.371402842162951, 22.214826545491771 ], [ -159.371264834340735, 22.214696582773623 ], [ -159.371122324102998, 22.214572249469175 ], [ -159.370981408816988, 22.214445923973411 ], [ -159.370786574845368, 22.214387019624503 ], [ -159.370593951428333, 22.214335939040048 ], [ -159.369886849688669, 22.214217327730783 ] ] } },
{ "type": "Feature", "properties": { "objectid": 128, "island": "Kauai", "st_lengthshape": 276.81913122265399 }, "geometry": { "type": "LineString", "coordinates": [ [ -159.364195805170709, 22.211053220871495 ], [ -159.364006915623861, 22.211121911250927 ], [ -159.363817743589664, 22.211187227769067 ], [ -159.363628143957953, 22.211247447022998 ], [ -159.363436421902492, 22.211282278360319 ], [ -159.363241878813739, 22.211283371210378 ], [ -159.36304920186771, 22.21125897417652 ], [ -159.362929314998155, 22.2112148709389 ], [ -159.362742392215722, 22.211157482250908 ], [ -159.362556683577594, 22.211092634712898 ], [ -159.362366534580758, 22.211055068399265 ], [ -159.362174570876817, 22.211028655012086 ], [ -159.361979052093545, 22.211024085880265 ], [ -159.361783492250652, 22.211019770465864 ], [ -159.361590629338963, 22.211021396042657 ] ] } },
{ "type": "Feature", "properties": { "objectid": 129, "island": "Kauai", "st_lengthshape": 222.24426153493783 }, "geometry": { "type": "LineString", "coordinates": [ [ -159.360047930252733, 22.211473934111197 ], [ -159.359851042748232, 22.211481875122058 ], [ -159.359662384268717, 22.211432163090919 ], [ -159.359472535369662, 22.211390799268106 ], [ -159.359283084056727, 22.211346643678432 ], [ -159.359090453824024, 22.211324760585484 ], [ -159.358896089685487, 22.211315020350632 ], [ -159.358705887499582, 22.211276133587283 ], [ -159.358517093363446, 22.211227375434511 ], [ -159.358324182181661, 22.211207460603823 ], [ -159.358127655262535, 22.211212876382689 ], [ -159.357927609101466, 22.211243839367913 ] ] } },
{ "type": "Feature", "properties": { "objectid": 130, "island": "Kauai", "st_lengthshape": 598.31854735042293 }, "geometry": { "type": "LineString", "coordinates": [ [ -159.347853838372771, 22.211521193921818 ], [ -159.347670191503511, 22.211449533003172 ], [ -159.347478379390708, 22.21142201150683 ], [ -159.347288316691106, 22.211385035358884 ], [ -159.347084259211044, 22.211426834661335 ], [ -159.346857524935587, 22.211418302733193 ], [ -159.346729894281111, 22.211277713171782 ], [ -159.34662343212878, 22.211112567698287 ], [ -159.346487129585, 22.21098203883642 ], [ -159.34633702419805, 22.210872582624017 ], [ -159.346065751368656, 22.210685461995961 ], [ -159.345887085966524, 22.210613925766069 ], [ -159.345722137295155, 22.210506161001511 ], [ -159.345544936586919, 22.210430756441273 ], [ -159.345346774078479, 22.210410717188406 ], [ -159.345159749624287, 22.210361262153558 ], [ -159.344990548640169, 22.210264729763885 ], [ -159.344815671852359, 22.210183187047718 ], [ -159.344632091290833, 22.210124634778001 ], [ -159.344446313910709, 22.210071885108988 ], [ -159.344255899784315, 22.210031381881102 ], [ -159.344073797476227, 22.209968926681007 ], [ -159.343902888495819, 22.209876907538863 ], [ -159.343826131141981, 22.209794265646774 ], [ -159.343684792487039, 22.209663866071669 ], [ -159.343616085345616, 22.209490396912475 ], [ -159.343556054120768, 22.209311782488882 ], [ -159.343489304318524, 22.209137151850687 ], [ -159.343379855166944, 22.20898784202496 ], [ -159.343262630107006, 22.208847748967447 ] ] } },
{ "type": "Feature", "properties": { "objectid": 131, "island": "Kauai", "st_lengthshape": 786.4683088001176 }, "geometry": { "type": "LineString", "coordinates": [ [ -159.341780531404453, 22.208263051310027 ], [ -159.34174428956257, 22.20801871103124 ], [ -159.341618676769031, 22.207876281843781 ], [ -159.341384669321798, 22.207857455762646 ], [ -159.341246400692825, 22.207729458791071 ], [ -159.341029321577167, 22.207691330325421 ], [ -159.340877027995475, 22.207579324981303 ], [ -159.340684312814005, 22.207513413580919 ], [ -159.340541863446049, 22.20739018397347 ], [ -159.340435712543155, 22.20722556392424 ], [ -159.340326397066519, 22.20706455145724 ], [ -159.340182011450366, 22.206943529918544 ], [ -159.340050588211653, 22.206807728283248 ], [ -159.339867429888159, 22.206730918725096 ], [ -159.339687366931997, 22.206650581861926 ], [ -159.339525449458279, 22.206549552004965 ], [ -159.339356581390774, 22.206456448646708 ], [ -159.339163498832789, 22.206390957174015 ], [ -159.339022343592148, 22.20626625362949 ], [ -159.338925231199624, 22.206091328256321 ], [ -159.338796983502363, 22.205951906175709 ], [ -159.338642869738095, 22.205841978532433 ], [ -159.338481969856815, 22.205739790015787 ], [ -159.338318817762087, 22.205640169930312 ], [ -159.338159171313947, 22.205536551977989 ], [ -159.338014831683239, 22.205415480481765 ], [ -159.337868766195186, 22.205296376475943 ], [ -159.337729771786655, 22.205169209976191 ], [ -159.337589796535553, 22.205043162017631 ], [ -159.337441724128553, 22.204926346533266 ], [ -159.337315912338227, 22.204784149199803 ], [ -159.337148701363901, 22.204689158230746 ], [ -159.337014075713228, 22.20455701051425 ], [ -159.336834555080713, 22.204476055881585 ], [ -159.336662078416737, 22.204387069507245 ], [ -159.336499828010432, 22.204286422109867 ], [ -159.336361672755828, 22.204158299557545 ], [ -159.336205872521617, 22.204050297318137 ], [ -159.3360184288222, 22.203984528409688 ] ] } },
{ "type": "Feature", "properties": { "objectid": 132, "island": "Kauai", "st_lengthshape": 66.228056315786546 }, "geometry": { "type": "LineString", "coordinates": [ [ -159.334811483615795, 22.202087136516035 ], [ -159.334750978633338, 22.201861808905559 ], [ -159.334628790927923, 22.201712617568756 ], [ -159.334491143199983, 22.201588498081541 ] ] } },
{ "type": "Feature", "properties": { "objectid": 133, "island": "Kauai", "st_lengthshape": 306.85870017314096 }, "geometry": { "type": "LineString", "coordinates": [ [ -159.333131062844558, 22.196916471210905 ], [ -159.333438523569583, 22.196844728068125 ], [ -159.333681041232666, 22.196677562264675 ], [ -159.33387290837095, 22.196401807195045 ], [ -159.333938249588329, 22.196230430102432 ], [ -159.333972487606871, 22.196056633253836 ], [ -159.333969672774799, 22.195870568897622 ], [ -159.334011314590867, 22.19569264898259 ], [ -159.334007406906238, 22.195510902517547 ], [ -159.334040425849423, 22.195334492729245 ], [ -159.334057593581292, 22.195110752529022 ], [ -159.334057557109048, 22.194924697813239 ], [ -159.334058455324453, 22.194738428871421 ], [ -159.334076300596166, 22.194555911415673 ] ] } },
{ "type": "Feature", "properties": { "objectid": 134, "island": "Kauai", "st_lengthshape": 753.87525981725389 }, "geometry": { "type": "LineString", "coordinates": [ [ -159.333775348410967, 22.193925052032267 ], [ -159.333695857815599, 22.193748952306336 ], [ -159.333603242407492, 22.193583757551554 ], [ -159.333436296046045, 22.193480323950777 ], [ -159.333344682246661, 22.193314297644495 ], [ -159.333238600759586, 22.193160292034417 ], [ -159.33310994339638, 22.193028554957433 ], [ -159.332858565163832, 22.192823835214227 ], [ -159.332697193688944, 22.192720080467346 ], [ -159.332516444393917, 22.192652876116988 ], [ -159.332344412702753, 22.192569226807546 ], [ -159.332179915077489, 22.192474881663212 ], [ -159.331764256201438, 22.192345844368667 ], [ -159.331570449656255, 22.192332508756415 ], [ -159.331381021420697, 22.192341598750225 ], [ -159.330927345947458, 22.192397436683166 ], [ -159.33071313573987, 22.192399202496624 ], [ -159.330537368922506, 22.19247572972214 ], [ -159.330372912339385, 22.192574253892641 ], [ -159.330223111495968, 22.19270127743447 ], [ -159.330067269273229, 22.192816554106166 ], [ -159.329907002436016, 22.192923227244123 ], [ -159.3297479492972, 22.193022982052337 ], [ -159.329539757856423, 22.193195350417724 ], [ -159.329411381696815, 22.193332921619881 ], [ -159.329279252425636, 22.193466536984598 ], [ -159.329112624627982, 22.193563804003396 ], [ -159.328889974164923, 22.193602044001491 ], [ -159.328622019954878, 22.193591253197702 ], [ -159.328456676599302, 22.193544856168206 ], [ -159.328262700808608, 22.193515224615229 ], [ -159.328068770593234, 22.193455894456708 ], [ -159.327874844588848, 22.193393711944715 ], [ -159.327685730722521, 22.193351290066406 ] ] } },
{ "type": "Feature", "properties": { "objectid": 135, "island": "Kauai", "st_lengthshape": 40.316069091328842 }, "geometry": { "type": "LineString", "coordinates": [ [ -159.313744624726638, 22.174356122014366 ], [ -159.31366309733653, 22.174187387623775 ], [ -159.313655171216141, 22.174008347099576 ] ] } },
{ "type": "Feature", "properties": { "objectid": 136, "island": "Kauai", "st_lengthshape": 206.37742256856984 }, "geometry": { "type": "LineString", "coordinates": [ [ -159.313892746926541, 22.173858046297909 ], [ -159.313922947286926, 22.173669863744124 ], [ -159.31392709081743, 22.173471434098616 ], [ -159.313976683550635, 22.173196281828364 ], [ -159.314032628136971, 22.173023206458389 ], [ -159.314076873237042, 22.17285030086979 ], [ -159.314162385449009, 22.172567845563069 ], [ -159.314178605533698, 22.172384212443657 ], [ -159.314154284093405, 22.172204942419768 ], [ -159.314123304042738, 22.17202746497302 ] ] } },
{ "type": "Feature", "properties": { "objectid": 137, "island": "Kauai", "st_lengthshape": 625.22192648056705 }, "geometry": { "type": "LineString", "coordinates": [ [ -159.311399956538366, 22.170542446704911 ], [ -159.311268936331658, 22.170403942995392 ], [ -159.311145711523977, 22.170261320021396 ], [ -159.310986644443204, 22.170137637951012 ], [ -159.31090820390466, 22.169971348959219 ], [ -159.310845442935488, 22.169796774497208 ], [ -159.310801391957, 22.169612314254024 ], [ -159.31082302207642, 22.169393144626156 ], [ -159.310644634172149, 22.169279672543119 ], [ -159.310554455373676, 22.169119586077748 ], [ -159.310445677461217, 22.168969329950379 ], [ -159.310355724824063, 22.168809124585085 ], [ -159.310265012844667, 22.168649321732556 ], [ -159.310195706034364, 22.168478206920586 ], [ -159.310088312465467, 22.168327218833511 ], [ -159.30997848644023, 22.168177516357751 ], [ -159.309875303788402, 22.1680243030995 ], [ -159.309759633389348, 22.167877688653391 ], [ -159.30963541347981, 22.167735592144069 ], [ -159.309588741215265, 22.167552516923095 ], [ -159.309526226153423, 22.167377814025123 ], [ -159.309479947488256, 22.167194530226578 ], [ -159.309460705420605, 22.166996960666545 ], [ -159.309407257815934, 22.166817465873784 ], [ -159.309302131431167, 22.166665280389033 ], [ -159.309200671226193, 22.166511157250824 ], [ -159.30914925880549, 22.166334218815692 ], [ -159.309176436600609, 22.166249292839098 ], [ -159.309255721313747, 22.166076490868189 ], [ -159.309277270178711, 22.165896906131373 ], [ -159.309292623505712, 22.165716592329929 ], [ -159.309316763540551, 22.165549710297913 ] ] } },
{ "type": "Feature", "properties": { "objectid": 138, "island": "Kauai", "st_lengthshape": 19.760011015764448 }, "geometry": { "type": "LineString", "coordinates": [ [ -159.309243473907117, 22.164559521213565 ], [ -159.309255810627576, 22.164381374111109 ] ] } },
{ "type": "Feature", "properties": { "objectid": 139, "island": "Kauai", "st_lengthshape": 1704.4600520882871 }, "geometry": { "type": "LineString", "coordinates": [ [ -159.309659912639574, 22.163930962311436 ], [ -159.309775729765505, 22.163792233066722 ], [ -159.309917335266874, 22.163108876624392 ], [ -159.309821497844183, 22.162951783465815 ], [ -159.309744347233448, 22.16278475587394 ], [ -159.309641504087097, 22.162631386291689 ], [ -159.309566425094573, 22.162463257908147 ], [ -159.309453800734161, 22.162315088837694 ], [ -159.309354830410314, 22.162159660924864 ], [ -159.309269226372891, 22.161997128323151 ], [ -159.309177155054954, 22.161838032835082 ], [ -159.309027407571449, 22.161709600590346 ], [ -159.308944184437962, 22.16154580119964 ], [ -159.308844763597762, 22.161394085997447 ], [ -159.308743693559734, 22.161225648661507 ], [ -159.308590683942242, 22.161104554406791 ], [ -159.308561390813963, 22.160903692524943 ], [ -159.30840812988788, 22.160782761182197 ], [ -159.308329504488484, 22.160613707439008 ], [ -159.308224828004654, 22.16046145067418 ], [ -159.308133035004744, 22.160300886849985 ], [ -159.308031940551842, 22.160146320340427 ], [ -159.307912405714973, 22.160003643388315 ], [ -159.30777277174073, 22.159876736604584 ], [ -159.307553439098513, 22.159678306426887 ], [ -159.307398152612564, 22.159569993409683 ], [ -159.307241556805451, 22.159463362183743 ], [ -159.30710168859423, 22.159335256396048 ], [ -159.306975068088974, 22.159190143775749 ], [ -159.306838229595513, 22.159058149108105 ], [ -159.306710342600866, 22.158914661215491 ], [ -159.306563558142415, 22.158795435120325 ], [ -159.306411323868076, 22.158683205352652 ], [ -159.306247820236877, 22.158585442447524 ], [ -159.306208109245574, 22.158328760406206 ], [ -159.306109552320805, 22.158147622509524 ], [ -159.306017132225975, 22.158134326720532 ], [ -159.30579119197111, 22.158028685134205 ], [ -159.305635689015645, 22.157894574249962 ], [ -159.305529123672102, 22.15774068398872 ], [ -159.305633594563375, 22.15750636070587 ], [ -159.305649506941961, 22.157494623333086 ], [ -159.305774993040842, 22.15733960522504 ], [ -159.305845108649407, 22.157170230565391 ], [ -159.305913423995975, 22.157000388563432 ], [ -159.305973126876324, 22.156828314051285 ], [ -159.305992259152703, 22.156645720209841 ], [ -159.306032895406616, 22.156468701735072 ], [ -159.306025729803167, 22.156279288446989 ], [ -159.306050176805201, 22.156098073187611 ], [ -159.306101936470384, 22.155923938340614 ], [ -159.30614232440945, 22.155747506618525 ], [ -159.306201507338812, 22.155423337775858 ], [ -159.306216614669097, 22.155242710074738 ], [ -159.306209875059977, 22.155061996002736 ], [ -159.306196615159308, 22.154881256223227 ], [ -159.306185846840776, 22.154700526215855 ], [ -159.306166246137309, 22.154519761287826 ], [ -159.306133845436335, 22.154338946296864 ], [ -159.306095466685861, 22.154158107279866 ], [ -159.306083919777819, 22.153977374192053 ], [ -159.306086474435773, 22.153796696848907 ], [ -159.306134816343558, 22.153616200986271 ], [ -159.306161111689221, 22.153435617299554 ], [ -159.306164426602976, 22.153254943034401 ], [ -159.306184009593494, 22.153074333088671 ], [ -159.30617467390897, 22.152893608480817 ], [ -159.306200981689301, 22.152713024750149 ], [ -159.306171864280572, 22.152532222531864 ], [ -159.306138083986497, 22.152351401952213 ], [ -159.306124137833933, 22.152170658874461 ], [ -159.306137359617793, 22.151990023808704 ], [ -159.30613007527549, 22.15180930797121 ], [ -159.306123534812286, 22.151628594346917 ], [ -159.306106620120261, 22.151447840560049 ], [ -159.306107260308579, 22.151267155912876 ], [ -159.306135566710651, 22.151086580153017 ], [ -159.306145794547831, 22.15090593261387 ], [ -159.306290171198981, 22.150725815612919 ], [ -159.306345536267713, 22.150545347099882 ], [ -159.306382264989509, 22.150369222934234 ] ] } },
{ "type": "Feature", "properties": { "objectid": 140, "island": "Kauai", "st_lengthshape": 946.30182417585979 }, "geometry": { "type": "LineString", "coordinates": [ [ -159.306145987597404, 22.148701849832371 ], [ -159.30605292424795, 22.148541566959079 ], [ -159.305934634567052, 22.148398273380398 ], [ -159.305810276228812, 22.148259065561628 ], [ -159.305674381723321, 22.148127628891562 ], [ -159.305532076735972, 22.148000508959147 ], [ -159.305379672678527, 22.14788018986075 ], [ -159.305245635334899, 22.14774750170529 ], [ -159.305128871380191, 22.147603181072085 ], [ -159.304976719873764, 22.14748269217009 ], [ -159.304861155276569, 22.147337564136603 ], [ -159.304784596985485, 22.147166812305684 ], [ -159.304582782033435, 22.14709080860429 ], [ -159.304427969560379, 22.146981636908713 ], [ -159.304280162380223, 22.146868079389446 ], [ -159.304082346916545, 22.146716383537225 ], [ -159.303921535002473, 22.146605328034699 ], [ -159.303758831253447, 22.146511433862333 ], [ -159.303523005085339, 22.146423041960507 ], [ -159.303337493269822, 22.146348534066941 ], [ -159.303151707720758, 22.146276081775248 ], [ -159.302966132357312, 22.146202061425544 ], [ -159.302784994535671, 22.146094758339103 ], [ -159.302606611231823, 22.145982492809541 ], [ -159.302220366333103, 22.14605386612515 ], [ -159.30202649611266, 22.146033443494954 ], [ -159.30183267491654, 22.146001418674135 ], [ -159.301638858770758, 22.145968082733443 ], [ -159.301444958331075, 22.145954783928019 ], [ -159.30125101705363, 22.145950990875217 ], [ -159.301057058301268, 22.145951290169528 ], [ -159.300863074806671, 22.145957289932866 ], [ -159.300669068527156, 22.14596855290079 ], [ -159.300475108531487, 22.145969195713242 ], [ -159.300281176892952, 22.145963091414824 ], [ -159.300087183581383, 22.145971350660322 ], [ -159.299893195142118, 22.145978717075838 ], [ -159.299699207031836, 22.145985791451814 ], [ -159.299505162436816, 22.146006059418536 ], [ -159.299311086705018, 22.14603364591289 ], [ -159.299117138054555, 22.146031449411712 ], [ -159.298923232980599, 22.146019115191852 ], [ -159.29872936036594, 22.145999168365318 ], [ -159.298535473008798, 22.145982783566481 ], [ -159.298341565426313, 22.145971047634038 ], [ -159.298152435699791, 22.145959172645398 ] ] } },
{ "type": "Feature", "properties": { "objectid": 141, "island": "Kauai", "st_lengthshape": 439.15858305520067 }, "geometry": { "type": "LineString", "coordinates": [ [ -159.294034572575583, 22.143127787978099 ], [ -159.294105680895967, 22.142944945135291 ], [ -159.294115808329536, 22.14276387631098 ], [ -159.294116984762923, 22.142585096652713 ], [ -159.294095227190212, 22.142247924274518 ], [ -159.293940434400838, 22.142122194229536 ], [ -159.293865840426605, 22.141953809506639 ], [ -159.293734111606625, 22.141815811565969 ], [ -159.293562140279022, 22.14169983571524 ], [ -159.293475677325205, 22.141630716933903 ], [ -159.293464334838603, 22.141446206704 ], [ -159.293431887021455, 22.141375573259012 ], [ -159.293529102578987, 22.141203810357535 ], [ -159.293626957101651, 22.141032112197522 ], [ -159.29368800546149, 22.140856618952292 ], [ -159.293738737578337, 22.140682095566607 ], [ -159.293715299911185, 22.140410949839985 ], [ -159.293601891369661, 22.140229550390998 ], [ -159.293585421772406, 22.140048757051005 ], [ -159.293517852982689, 22.139867643657038 ], [ -159.293656713700443, 22.139775774909971 ], [ -159.293771061384803, 22.139626043746109 ] ] } },
{ "type": "Feature", "properties": { "objectid": 142, "island": "Kauai", "st_lengthshape": 99.035234186182521 }, "geometry": { "type": "LineString", "coordinates": [ [ -159.294411722012313, 22.137173527882975 ], [ -159.294619267727285, 22.136979959613427 ], [ -159.294680747705485, 22.13679519141758 ], [ -159.294683244014664, 22.136613978110308 ], [ -159.294491211203081, 22.13644448382043 ] ] } },
{ "type": "Feature", "properties": { "objectid": 143, "island": "Kauai", "st_lengthshape": 49.112182851016414 }, "geometry": { "type": "LineString", "coordinates": [ [ -159.294422928213237, 22.136086469856117 ], [ -159.294441685289769, 22.135906321257281 ], [ -159.294365684835157, 22.135653342565671 ] ] } },
{ "type": "Feature", "properties": { "objectid": 144, "island": "Kauai", "st_lengthshape": 269.07692207545824 }, "geometry": { "type": "LineString", "coordinates": [ [ -159.29531844453885, 22.133805111341488 ], [ -159.295386900050687, 22.133633281829081 ], [ -159.295397437180213, 22.133451617539819 ], [ -159.295168098052926, 22.133079289343858 ], [ -159.295165837979596, 22.132863915796872 ], [ -159.295069873956805, 22.132706403115339 ], [ -159.294860134278451, 22.132620141948681 ], [ -159.294712278817201, 22.132559164306084 ], [ -159.294693862428034, 22.132378729477654 ], [ -159.294739686936396, 22.132197335755929 ], [ -159.294763211152258, 22.132016275001675 ], [ -159.29478512358358, 22.131874779412378 ], [ -159.294907258580764, 22.131731789190656 ] ] } },
{ "type": "Feature", "properties": { "objectid": 145, "island": "Kauai", "st_lengthshape": 124.53713089601284 }, "geometry": { "type": "LineString", "coordinates": [ [ -159.294954625959065, 22.129970067503603 ], [ -159.29494498740786, 22.129760890300741 ], [ -159.294820659409453, 22.129622672679531 ], [ -159.294325598629882, 22.129326639795398 ], [ -159.2941290217355, 22.129365992621231 ] ] } },
{ "type": "Feature", "properties": { "objectid": 146, "island": "Kauai", "st_lengthshape": 317.15108829159965 }, "geometry": { "type": "LineString", "coordinates": [ [ -159.294055628851737, 22.124907304087845 ], [ -159.294229208597699, 22.124781115865154 ], [ -159.294374630975852, 22.124643367287394 ], [ -159.294455151895534, 22.124480159407668 ], [ -159.294467603536532, 22.124183574654001 ], [ -159.294451588266327, 22.124003483092856 ], [ -159.294462496503655, 22.123820918155904 ], [ -159.294481804312341, 22.123639604681127 ], [ -159.29436494879036, 22.123262532986466 ], [ -159.294296191953208, 22.123074052305 ], [ -159.294150307839715, 22.122953979487388 ], [ -159.293984163488346, 22.122852522146939 ], [ -159.293514417557333, 22.122639652503889 ] ] } },
{ "type": "Feature", "properties": { "objectid": 147, "island": "Kauai", "st_lengthshape": 377.47788647148224 }, "geometry": { "type": "LineString", "coordinates": [ [ -159.294172448588085, 22.122734998540523 ], [ -159.294360927786897, 22.122805421297212 ], [ -159.294549576661154, 22.122873883978254 ], [ -159.294740288626201, 22.122869846605902 ], [ -159.295108132289187, 22.122812563069711 ], [ -159.295280549397802, 22.122725261461937 ], [ -159.295477277540613, 22.122667676625134 ], [ -159.295632708724554, 22.122559612836522 ], [ -159.295779232421694, 22.122450474590231 ], [ -159.296077150047154, 22.122072274625928 ], [ -159.296167371756013, 22.121905934153471 ], [ -159.296237854886641, 22.121735477253889 ], [ -159.296344726014269, 22.121574035614721 ], [ -159.29652054152524, 22.121249961609113 ], [ -159.296455012157651, 22.121073778920948 ], [ -159.296341851019548, 22.120904657162654 ] ] } },
{ "type": "Feature", "properties": { "objectid": 148, "island": "Kauai", "st_lengthshape": 20.00038583063094 }, "geometry": { "type": "LineString", "coordinates": [ [ -159.295689910569706, 22.119796820307524 ], [ -159.295538959619165, 22.119910251488271 ] ] } },
{ "type": "Feature", "properties": { "objectid": 149, "island": "Kauai", "st_lengthshape": 546.25525422873307 }, "geometry": { "type": "LineString", "coordinates": [ [ -159.29631963074479, 22.116798984044475 ], [ -159.296591977404347, 22.116652711394369 ], [ -159.296658518160569, 22.116479046969509 ], [ -159.296716201116539, 22.116304203362933 ], [ -159.296770245061083, 22.116128875780507 ], [ -159.296904628143523, 22.115964240665701 ], [ -159.297113100417164, 22.115809465384139 ], [ -159.297145917647867, 22.115631313298934 ], [ -159.297176768921531, 22.115452898267666 ], [ -159.297233407285091, 22.115277916334431 ], [ -159.297290767072525, 22.115103029733582 ], [ -159.297330050393043, 22.114927843553112 ], [ -159.297327679947756, 22.114690684347323 ], [ -159.297358260023486, 22.114509366117712 ], [ -159.297374240889297, 22.114328331034933 ], [ -159.297386869097409, 22.114147360774457 ], [ -159.297405594613991, 22.113966271898683 ], [ -159.297410579036324, 22.113785450158328 ], [ -159.297352280187937, 22.113610179600492 ], [ -159.297360744142935, 22.113307608165496 ], [ -159.29736495946139, 22.113120174663766 ], [ -159.297335460639488, 22.11294072837072 ], [ -159.297280380270138, 22.112767341893733 ], [ -159.297194041609288, 22.112601360812683 ], [ -159.297129721444179, 22.112430162944619 ], [ -159.297036953796663, 22.112269144291535 ] ] } },
{ "type": "Feature", "properties": { "objectid": 150, "island": "Kauai", "st_lengthshape": 17.193838461390296 }, "geometry": { "type": "LineString", "coordinates": [ [ -159.297118138956534, 22.106382129362199 ], [ -159.297071609988933, 22.106232968101686 ] ] } },
{ "type": "Feature", "properties": { "objectid": 151, "island": "Kauai", "st_lengthshape": 1415.0197312303101 }, "geometry": { "type": "LineString", "coordinates": [ [ -159.30249273633703, 22.100412984503951 ], [ -159.302692763409624, 22.100434366168177 ], [ -159.302872206695554, 22.100335807550483 ], [ -159.303380242582961, 22.100234013664487 ], [ -159.303570736050546, 22.100177124657716 ], [ -159.303755856873494, 22.100112225609912 ], [ -159.303941725430491, 22.100048439803526 ], [ -159.304184654853515, 22.10006973442605 ], [ -159.304299148629269, 22.099899527938959 ], [ -159.304424829679277, 22.099746001459891 ], [ -159.305297268546383, 22.099074884088211 ], [ -159.305314321940926, 22.098890380413021 ], [ -159.305447916267326, 22.098740284974241 ], [ -159.305462407466024, 22.098555025373358 ], [ -159.305556353447571, 22.098393223131044 ], [ -159.305641423055704, 22.098228801205799 ], [ -159.305729844065212, 22.098065368552664 ], [ -159.305832391039331, 22.097906105880554 ], [ -159.305885131502322, 22.097732138979435 ], [ -159.305949266261962, 22.0975615359066 ], [ -159.306047618060262, 22.097401035109431 ], [ -159.306112686652995, 22.097230707575299 ], [ -159.306173213246751, 22.097059039690812 ], [ -159.306254710548075, 22.096893562587855 ], [ -159.306364282270806, 22.096736374252174 ], [ -159.306352299102031, 22.096543298842732 ], [ -159.306386739210126, 22.096363930083143 ], [ -159.306485956929663, 22.096203683964237 ], [ -159.306541918520452, 22.096030668431613 ], [ -159.306508134106792, 22.095831157166607 ], [ -159.306521497436648, 22.095645564362119 ], [ -159.306574879396265, 22.095471787532166 ], [ -159.306594535107223, 22.095170342420886 ], [ -159.30670950707227, 22.09499531889621 ], [ -159.306677803750489, 22.094812716076156 ], [ -159.306706278846832, 22.094633222895542 ], [ -159.306796680212273, 22.094456930002078 ], [ -159.306876792629197, 22.094280105277676 ], [ -159.306867828754662, 22.094098677618838 ], [ -159.307412993695834, 22.093945883939035 ], [ -159.307503327823611, 22.09376958716528 ], [ -159.307445378535903, 22.093585628098602 ], [ -159.307341841082007, 22.093399313641498 ], [ -159.307296931366437, 22.093216028349545 ], [ -159.307250279525618, 22.093032652357142 ], [ -159.307277235289718, 22.092853080594907 ], [ -159.30728211488119, 22.092672368629824 ], [ -159.307224962325279, 22.092488450417193 ], [ -159.307212429332367, 22.092306837920017 ], [ -159.307158810929508, 22.092123102753632 ], [ -159.307200821376142, 22.091944309465433 ], [ -159.307150667224931, 22.091760752981191 ], [ -159.307172451482046, 22.091580913571118 ], [ -159.307126424737817, 22.091397570656142 ], [ -159.306993597283792, 22.090900358632595 ], [ -159.306889131558563, 22.090739049983931 ], [ -159.306712782895943, 22.090595252861021 ], [ -159.30646268148476, 22.090469424061606 ] ] } },
{ "type": "Feature", "properties": { "objectid": 152, "island": "Kauai", "st_lengthshape": 770.86723336134605 }, "geometry": { "type": "LineString", "coordinates": [ [ -159.311428498314513, 22.083378016807906 ], [ -159.311572023971252, 22.083239356575266 ], [ -159.311696050806944, 22.083092733443046 ], [ -159.311796607751887, 22.082936527031563 ], [ -159.311895408376301, 22.082779602060416 ], [ -159.311964308580997, 22.082610468096998 ], [ -159.312019595498128, 22.082435775024962 ], [ -159.312065331469427, 22.082257181948094 ], [ -159.312140239772305, 22.082090501920977 ], [ -159.312183557711279, 22.081910921446614 ], [ -159.31224410168312, 22.081738374759659 ], [ -159.312321517509446, 22.08157271887174 ], [ -159.312414148015222, 22.081413274829899 ], [ -159.312473187676972, 22.081240114781558 ], [ -159.312593824852172, 22.081092107947804 ], [ -159.312705036193648, 22.080940252333864 ], [ -159.31281151461954, 22.080786463305138 ], [ -159.31293229756227, 22.080638516472227 ], [ -159.313035430244639, 22.080483361376277 ], [ -159.313051936567405, 22.080340193552296 ], [ -159.313125138526829, 22.080170383198947 ], [ -159.313258245305349, 22.080034140960421 ], [ -159.313429716873543, 22.079919395580866 ], [ -159.313614798877865, 22.079812277851246 ], [ -159.313822566740924, 22.079717872026297 ], [ -159.313973127401681, 22.079591409764625 ], [ -159.314098410354887, 22.079450783025592 ], [ -159.314290398494421, 22.079347534249539 ], [ -159.314527145234081, 22.07926936625346 ], [ -159.314665450703814, 22.07906462051621 ], [ -159.314700159199589, 22.078852346029024 ], [ -159.314762493084345, 22.078662745257052 ], [ -159.314656059920765, 22.078334626137618 ], [ -159.314759457870622, 22.078178731326279 ], [ -159.314877833585626, 22.078035128705057 ], [ -159.315008312646086, 22.077901460383877 ], [ -159.315148138137658, 22.077775463113035 ] ] } },
{ "type": "Feature", "properties": { "objectid": 153, "island": "Kauai", "st_lengthshape": 785.20801876662961 }, "geometry": { "type": "LineString", "coordinates": [ [ -159.315672016458848, 22.077225845301388 ], [ -159.315831609159005, 22.077116133522765 ], [ -159.315939591273661, 22.076963963022173 ], [ -159.316056369252976, 22.076819028256235 ], [ -159.316185976979483, 22.076684648771977 ], [ -159.316257573772447, 22.076502544302659 ], [ -159.316376761283379, 22.076359592212178 ], [ -159.316545418512874, 22.076257338159355 ], [ -159.316651221072533, 22.076103374466175 ], [ -159.316800074475793, 22.075984828841552 ], [ -159.316914478420557, 22.075837942116248 ], [ -159.317173689837176, 22.075537743843498 ], [ -159.317262605067725, 22.075375983301488 ], [ -159.317325376723176, 22.075204909291951 ], [ -159.317415711759139, 22.075043655448763 ], [ -159.317492087318954, 22.074877429022379 ], [ -159.317538649641051, 22.074700579988136 ], [ -159.317636908122211, 22.074406216070731 ], [ -159.317637244509683, 22.074225412065875 ], [ -159.317644740533552, 22.074044380038838 ], [ -159.317659298276681, 22.073863123792815 ], [ -159.317666521909246, 22.073682100417177 ], [ -159.317663683114517, 22.073501397423978 ], [ -159.317660353908479, 22.073320710737498 ], [ -159.31768448353148, 22.073139148592308 ], [ -159.317710591261374, 22.072957523874695 ], [ -159.317761871303333, 22.072775096785257 ], [ -159.31781354180643, 22.07259265627026 ], [ -159.317818493374205, 22.072411705938084 ], [ -159.31779691382161, 22.072231600365825 ], [ -159.317823270343411, 22.07204996790238 ], [ -159.317757814703924, 22.071516561129862 ], [ -159.31774442087945, 22.071323884538515 ], [ -159.317710337181978, 22.071139934689654 ], [ -159.317630478422046, 22.07097529166542 ], [ -159.31753245156608, 22.070818310694051 ] ] } },
{ "type": "Feature", "properties": { "objectid": 154, "island": "Kauai", "st_lengthshape": 1287.3704240436614 }, "geometry": { "type": "LineString", "coordinates": [ [ -159.316782157611584, 22.07048119520309 ], [ -159.316668587254014, 22.070327821408057 ], [ -159.316653246782153, 22.070241280860401 ], [ -159.316732713545804, 22.070091100126948 ], [ -159.316754949684963, 22.06990942968055 ], [ -159.316786064405562, 22.069730027736689 ], [ -159.316785302322188, 22.069542483380722 ], [ -159.316837219357325, 22.069368394919113 ], [ -159.316870830152823, 22.069189630460734 ], [ -159.316923623666639, 22.069015766128732 ], [ -159.316987554317848, 22.068844747715062 ], [ -159.317077484340075, 22.06868036975855 ], [ -159.317153859194917, 22.068512529850178 ], [ -159.31727265503298, 22.068355525708522 ], [ -159.317358766308729, 22.068190172960865 ], [ -159.317462803204904, 22.068029398345793 ], [ -159.317550733411849, 22.067864509946801 ], [ -159.317597388727592, 22.067689078084094 ], [ -159.317628826818407, 22.06750975933894 ], [ -159.31767950755733, 22.067335355877425 ], [ -159.317732415796002, 22.067161520852558 ], [ -159.317775849976385, 22.066985265826414 ], [ -159.317816999216404, 22.066808427085423 ], [ -159.31786085796108, 22.066632281426152 ], [ -159.317904576947427, 22.066456098982972 ], [ -159.317947746927302, 22.06627977665568 ], [ -159.317981942370324, 22.066101162564657 ], [ -159.318022463658679, 22.065924163262743 ], [ -159.318073035727252, 22.065749731860684 ], [ -159.318147303437513, 22.065581354391895 ], [ -159.31812858602126, 22.065389222879617 ], [ -159.318147231520669, 22.06520663583089 ], [ -159.318178827454091, 22.065027357286091 ], [ -159.318199616065641, 22.064845318058655 ], [ -159.318226499695299, 22.06466483534259 ], [ -159.318329926966385, 22.064503905936537 ], [ -159.31835056597015, 22.064321828124154 ], [ -159.318398597244794, 22.06414674745001 ], [ -159.318443049931858, 22.063970753118536 ], [ -159.318544950037733, 22.063809434449592 ], [ -159.318602843508302, 22.063636873175209 ], [ -159.318755155369416, 22.063370183805894 ], [ -159.318798751536349, 22.063191150058362 ], [ -159.318792983741929, 22.063010034279781 ], [ -159.318809877345302, 22.062829874456064 ], [ -159.318849365376963, 22.062650667097792 ], [ -159.318855063428373, 22.062470034894915 ], [ -159.318839620040421, 22.062288511531481 ], [ -159.318847046359082, 22.062107952745986 ], [ -159.318851536654876, 22.061927269581734 ], [ -159.318804276148882, 22.061744404247225 ], [ -159.318747145425931, 22.061561123564541 ], [ -159.318654652064964, 22.061376351477747 ], [ -159.31860826145973, 22.061193522320629 ], [ -159.318625956717739, 22.061013396149271 ], [ -159.318802652741141, 22.060817586466978 ], [ -159.318844055870414, 22.060634269206115 ], [ -159.318920371021079, 22.060467676139478 ], [ -159.318989664376829, 22.06029771876031 ], [ -159.319108020556683, 22.060151265350608 ], [ -159.319203095649897, 22.059993659126398 ], [ -159.319317216276033, 22.059845176568569 ], [ -159.319400681095345, 22.059682008717871 ], [ -159.31947631981231, 22.059515092369459 ] ] } },
{ "type": "Feature", "properties": { "objectid": 155, "island": "Kauai", "st_lengthshape": 1432.7334157643206 }, "geometry": { "type": "LineString", "coordinates": [ [ -159.319792479577643, 22.059209569288377 ], [ -159.319952253713097, 22.059088315294243 ], [ -159.320082590123093, 22.058950546919259 ], [ -159.320206802013985, 22.058809342896108 ], [ -159.320288633877283, 22.058644364578836 ], [ -159.320378946937495, 22.058484145201707 ], [ -159.320400605308691, 22.058285411924647 ], [ -159.320515504273544, 22.058138984136125 ], [ -159.320632704808759, 22.057993847290998 ], [ -159.320763449075059, 22.057856307950342 ], [ -159.320886458949133, 22.057714429991385 ], [ -159.321018783505565, 22.057577777237437 ], [ -159.321097763654052, 22.057411200494322 ], [ -159.321186018744157, 22.057249826491859 ], [ -159.321287499267953, 22.057095871730617 ], [ -159.321387830614071, 22.056941271395647 ], [ -159.321460979809984, 22.056771424626763 ], [ -159.321515137109259, 22.056590922915742 ], [ -159.32161463331505, 22.056435855193314 ], [ -159.321719515995539, 22.05628380967125 ], [ -159.321788332601812, 22.056111531073544 ], [ -159.321869262523819, 22.05594604869589 ], [ -159.321975855384409, 22.055794961807834 ], [ -159.322139340383131, 22.05559916275201 ], [ -159.322306972459188, 22.055504083543532 ], [ -159.322489414565723, 22.055442559476965 ], [ -159.32267788369532, 22.0553946896685 ], [ -159.322872169476881, 22.055359998399013 ], [ -159.323047330166446, 22.055281977705004 ], [ -159.323216167281743, 22.055189629907126 ], [ -159.323389115207618, 22.055106595511685 ], [ -159.32357382226752, 22.055050204536865 ], [ -159.323767401064771, 22.055013912711622 ], [ -159.323967738662446, 22.054992932338763 ], [ -159.324171878464625, 22.05498056843194 ], [ -159.324365567090041, 22.054944525936904 ], [ -159.324549096708068, 22.054885466533758 ], [ -159.324724189625073, 22.054807293315825 ], [ -159.324904210820819, 22.054740285685494 ], [ -159.325089324967792, 22.054684815516762 ], [ -159.325271706328778, 22.054623155680559 ], [ -159.325454424606562, 22.054562260186273 ], [ -159.325860320123581, 22.054371132130434 ], [ -159.326016687077754, 22.054261859555595 ], [ -159.326177663534139, 22.054157009021587 ], [ -159.326345370793689, 22.05405861444692 ], [ -159.326499620585622, 22.053947311087395 ], [ -159.326636762793214, 22.053819599109275 ], [ -159.32676597028518, 22.053684277820814 ], [ -159.326886789468517, 22.053540910881082 ], [ -159.326963372956868, 22.053355113605665 ], [ -159.327035547571683, 22.053165088869065 ], [ -159.327114839595282, 22.052981891628978 ], [ -159.327171341107885, 22.052858990334215 ], [ -159.32730033067304, 22.052711264822332 ], [ -159.327487479081242, 22.052648949757273 ], [ -159.32765373753702, 22.052555956612636 ], [ -159.327811553113236, 22.052450565130858 ], [ -159.327950946676623, 22.052318119843761 ], [ -159.32810561107803, 22.052208099744462 ], [ -159.328271500058719, 22.052114565556643 ], [ -159.328438924293351, 22.052023284915567 ], [ -159.328621549448428, 22.051954327414041 ], [ -159.3288143237707, 22.051900275965394 ], [ -159.328983532798247, 22.051811616583691 ], [ -159.329163797294797, 22.051739192207325 ], [ -159.329336223723544, 22.05165525911795 ], [ -159.329484831893154, 22.051536347408014 ], [ -159.329619935493525, 22.051397605137979 ], [ -159.329759388567254, 22.051265248546109 ] ] } },
{ "type": "Feature", "properties": { "objectid": 156, "island": "Kauai", "st_lengthshape": 265.68540195689957 }, "geometry": { "type": "LineString", "coordinates": [ [ -159.33006117323967, 22.051435400524664 ], [ -159.330181914680026, 22.051606115945837 ], [ -159.330311296976134, 22.051762109443583 ], [ -159.330483740441167, 22.051844740582716 ], [ -159.331234047435629, 22.051966166085855 ], [ -159.331431737775262, 22.051944816088454 ], [ -159.331614023232021, 22.051883394255903 ], [ -159.331797358658775, 22.051824702999795 ], [ -159.331981362825417, 22.051767753822766 ], [ -159.332143674720641, 22.051654378026093 ], [ -159.332303440478853, 22.051534381408221 ] ] } },
{ "type": "Feature", "properties": { "objectid": 157, "island": "Kauai", "st_lengthshape": 733.95087316379704 }, "geometry": { "type": "LineString", "coordinates": [ [ -159.33279839637467, 22.051017386071159 ], [ -159.333015144847963, 22.050995120901241 ], [ -159.333208225717669, 22.050939593782047 ], [ -159.333347570473478, 22.05080854889129 ], [ -159.333474903751153, 22.050660624081864 ], [ -159.333637938882021, 22.050562873951566 ], [ -159.333837374092838, 22.05051627720324 ], [ -159.334341762500884, 22.05018833627258 ], [ -159.334416765254133, 22.05002100690557 ], [ -159.334447567023631, 22.049840465552446 ], [ -159.334495561401837, 22.049665063066158 ], [ -159.334586101885492, 22.04950237626883 ], [ -159.33461556695238, 22.049321436480476 ], [ -159.334668126778922, 22.049147398737979 ], [ -159.334712713758563, 22.048970978642526 ], [ -159.334752686327477, 22.048793178476128 ], [ -159.334836532433513, 22.048628491451034 ], [ -159.334949569223852, 22.048472528814951 ], [ -159.335042400072098, 22.048310526394321 ], [ -159.335113208615098, 22.048141943165827 ], [ -159.335186301824365, 22.04797404184238 ], [ -159.33524367161823, 22.047801442266827 ], [ -159.335279320855335, 22.047622350758559 ], [ -159.33532132407089, 22.047445157906353 ], [ -159.335356816991208, 22.047266019716648 ], [ -159.335398342875322, 22.047088684169797 ], [ -159.335454662758934, 22.04691577045471 ], [ -159.335562661431794, 22.046758301733188 ], [ -159.335658680111408, 22.046597252772315 ], [ -159.335739639766018, 22.046431702976321 ], [ -159.335777874471489, 22.046253384803986 ], [ -159.335827360492516, 22.046078428735093 ], [ -159.335903948860192, 22.045911572408684 ], [ -159.335969747278938, 22.045741491219619 ], [ -159.336021648614093, 22.045567257399231 ] ] } },
{ "type": "Feature", "properties": { "objectid": 158, "island": "Kauai", "st_lengthshape": 734.44590155293145 }, "geometry": { "type": "LineString", "coordinates": [ [ -159.335282049791402, 22.042858780195292 ], [ -159.335193597012051, 22.042695269530263 ], [ -159.33508144203978, 22.042547887658149 ], [ -159.334937411268584, 22.042422196568992 ], [ -159.334799615655839, 22.042302227644392 ], [ -159.334995008875438, 22.042163125473632 ], [ -159.335305668541594, 22.041717062564157 ], [ -159.335250354537777, 22.041473261192692 ], [ -159.335153187885368, 22.041296586198783 ], [ -159.335085895343667, 22.041149771985836 ], [ -159.334959210158019, 22.041009195526389 ], [ -159.335016232659797, 22.040836228017259 ], [ -159.335081511092454, 22.040665176958136 ], [ -159.335149583728224, 22.040494774244252 ], [ -159.335203827928837, 22.040321161871596 ], [ -159.335248281101343, 22.040145275684505 ], [ -159.335302027656013, 22.039971547749371 ], [ -159.335343675593492, 22.039795010472844 ], [ -159.335419174530614, 22.039626332458155 ], [ -159.335490211267967, 22.039456618266335 ], [ -159.335557129052262, 22.039285947605958 ], [ -159.3356536586613, 22.039122151949847 ], [ -159.335705709523495, 22.038948029830927 ], [ -159.335760460538978, 22.038774534566532 ], [ -159.335813269360045, 22.038600588832864 ], [ -159.335849851217944, 22.038422876481302 ], [ -159.335855662535266, 22.038238020468452 ], [ -159.33587288475897, 22.03805581252751 ], [ -159.335898614949286, 22.037875581028 ], [ -159.335951620106385, 22.03770168090886 ], [ -159.336014930705289, 22.037530172720629 ], [ -159.336073316710099, 22.037357521819413 ], [ -159.33612958212845, 22.037184378354361 ], [ -159.336164339494985, 22.037006242326331 ], [ -159.336207566415339, 22.036830273424606 ] ] } },
{ "type": "Feature", "properties": { "objectid": 159, "island": "Kauai", "st_lengthshape": 3820.7132844714511 }, "geometry": { "type": "LineString", "coordinates": [ [ -159.336215835090684, 22.036245503035502 ], [ -159.336317103108598, 22.036076665965194 ], [ -159.336315701330818, 22.035893879126991 ], [ -159.336347454810465, 22.035715596523954 ], [ -159.336358023348424, 22.035534435685797 ], [ -159.336371041374974, 22.035353607700326 ], [ -159.33635783886632, 22.035169217077968 ], [ -159.336354511965538, 22.034986168561655 ], [ -159.336391445322704, 22.034808589918949 ], [ -159.336419429726305, 22.034629795543218 ], [ -159.336450572141587, 22.034451431035482 ], [ -159.336439061108621, 22.034267270013416 ], [ -159.33645762792645, 22.034095633056658 ], [ -159.336491200448563, 22.033883632919931 ], [ -159.336571541281586, 22.033719163427232 ], [ -159.336655952753404, 22.033556333405908 ], [ -159.336709322233474, 22.033381003886696 ], [ -159.336833126257659, 22.033234035834798 ], [ -159.336894045363493, 22.033061746168727 ], [ -159.336935336778595, 22.032881553788719 ], [ -159.336972801714865, 22.032699820767288 ], [ -159.33703534700507, 22.03252818630574 ], [ -159.337089497411483, 22.032353171247763 ], [ -159.337163066615915, 22.03218597614871 ], [ -159.337213475734615, 22.032009455480285 ], [ -159.337264552038192, 22.031833202646034 ], [ -159.337333392390889, 22.031664102806747 ], [ -159.337424053931983, 22.031503790042159 ], [ -159.337539471589622, 22.031353445392845 ], [ -159.337560770656893, 22.031165202795474 ], [ -159.33766502119488, 22.031010361144894 ], [ -159.337772536263003, 22.0308568353359 ], [ -159.33793324538064, 22.030724726955839 ], [ -159.338081154174716, 22.030587465401652 ], [ -159.338203357893235, 22.030439852742902 ], [ -159.338302064126339, 22.030282778885013 ], [ -159.33840030264426, 22.030125517113667 ], [ -159.338469285691048, 22.029962728840051 ], [ -159.338557498210946, 22.029595759023412 ], [ -159.338584938016368, 22.029416858723287 ], [ -159.338611854361744, 22.029237898063229 ], [ -159.338627387796549, 22.029057623828351 ], [ -159.338626249182511, 22.028875424481551 ], [ -159.338645311588834, 22.028695557623834 ], [ -159.338693215750283, 22.028519019952711 ], [ -159.338637412734045, 22.028330511017185 ], [ -159.338604924008308, 22.028144694016376 ], [ -159.338597777127205, 22.027961801477129 ], [ -159.338608969241278, 22.027781025744055 ], [ -159.338655615085173, 22.027604342503015 ], [ -159.33873158216997, 22.027431044360064 ], [ -159.338817009779291, 22.027258836947926 ], [ -159.338868753378591, 22.027082742983751 ], [ -159.338895893830028, 22.026903807971056 ], [ -159.33890033092419, 22.026722252948698 ], [ -159.33892480395005, 22.026543009947112 ], [ -159.339005823722005, 22.026370294774416 ], [ -159.339079040037404, 22.026196677811253 ], [ -159.339152321118547, 22.026023069713965 ], [ -159.339178851387857, 22.025844064528297 ], [ -159.3392197396943, 22.025666716338716 ], [ -159.339253640767936, 22.025488562276966 ], [ -159.339270267301885, 22.025308413937658 ], [ -159.339278859919517, 22.025127338130439 ], [ -159.339288402355606, 22.024946372379201 ], [ -159.339302895419991, 22.024768367795378 ], [ -159.339340593241019, 22.024542101132734 ], [ -159.339342917774161, 22.024360691364926 ], [ -159.339341626817571, 22.02417954565805 ], [ -159.339388199363867, 22.023994908395885 ], [ -159.339407906618391, 22.023812231221086 ], [ -159.339374363085483, 22.023633438011984 ], [ -159.339303663227156, 22.023457354362098 ], [ -159.33925066401946, 22.023279979150654 ], [ -159.339169335117134, 22.023104670907042 ], [ -159.33910577078754, 22.022928066458391 ], [ -159.339087624530009, 22.022748149943851 ], [ -159.339075084592423, 22.022567825211528 ], [ -159.339035209920866, 22.022389493105646 ], [ -159.338996478496796, 22.022211077310327 ], [ -159.338922994633634, 22.022035197066174 ], [ -159.338856152804084, 22.021858831452459 ], [ -159.338803236154348, 22.021681451361683 ], [ -159.338775357302922, 22.021502244227058 ], [ -159.338735482354281, 22.021323912018548 ], [ -159.338691192870499, 22.021145902413487 ], [ -159.338682148885056, 22.0209653219374 ], [ -159.338704874363174, 22.020782424421313 ], [ -159.338743117325805, 22.020598395335586 ], [ -159.338678940496692, 22.020421836184727 ], [ -159.338662823711843, 22.020241770814387 ], [ -159.338713714629137, 22.020056819372584 ], [ -159.338647429117117, 22.0198804136209 ], [ -159.338670365675966, 22.019697501195616 ], [ -159.338693911519869, 22.019514543235836 ], [ -159.338706112304152, 22.019332413683362 ], [ -159.338735580965931, 22.01914902427275 ], [ -159.338731272315812, 22.01896809879047 ], [ -159.33873347945044, 22.018786697274756 ], [ -159.338732677950389, 22.018606449346077 ], [ -159.338770081914504, 22.018434515438226 ], [ -159.338862402485262, 22.018258071834001 ], [ -159.338985008561281, 22.018083102299347 ], [ -159.339078195914738, 22.01790670104733 ], [ -159.339158001887256, 22.017729649848402 ], [ -159.339088639320465, 22.017545341843263 ], [ -159.339057060922102, 22.017365796296442 ], [ -159.338793338283011, 22.016695760705058 ], [ -159.338753672881836, 22.016513685886505 ], [ -159.338644654806643, 22.016361690856982 ], [ -159.338552158968923, 22.016202528937814 ], [ -159.338464908372231, 22.016041093004148 ], [ -159.338319747807702, 22.015904773936651 ], [ -159.338187377289756, 22.015762907403573 ], [ -159.338134573618987, 22.015589733133229 ], [ -159.338136527181348, 22.015404856518739 ], [ -159.338109659807543, 22.015225529578043 ], [ -159.338087966902179, 22.015045206298854 ], [ -159.33806522135751, 22.014865085747676 ], [ -159.338072337778044, 22.014679215522278 ], [ -159.338052070558859, 22.01449861825153 ], [ -159.338026039242266, 22.014319130544166 ], [ -159.337967488802093, 22.014145902984051 ], [ -159.337976265231134, 22.013959714021237 ], [ -159.337813973221614, 22.013806460377065 ], [ -159.337830323966585, 22.013618813003681 ], [ -159.337669025151001, 22.013465368337279 ], [ -159.337547021833558, 22.01330435846754 ], [ -159.337662850198257, 22.013097558303592 ], [ -159.337690804804055, 22.01290767539415 ], [ -159.337806554200796, 22.012700889742113 ], [ -159.337725777368036, 22.012531942292451 ], [ -159.337791496547396, 22.012334789233254 ], [ -159.337663721295144, 22.01217489080388 ], [ -159.337475989226817, 22.01202653614143 ], [ -159.337677562791896, 22.011803226045789 ], [ -159.337279807914172, 22.011510808555823 ], [ -159.337139930662261, 22.011353240175012 ], [ -159.337012332313236, 22.01119330741049 ], [ -159.33695808131219, 22.011019252038633 ], [ -159.336930775695521, 22.010840009705714 ], [ -159.336971202144383, 22.010647726977854 ], [ -159.33703808654306, 22.010450349531464 ], [ -159.337101847628645, 22.010253573846857 ], [ -159.337091708061592, 22.01007102575926 ], [ -159.337030276646601, 22.009898353865484 ], [ -159.336952145155664, 22.009728897294004 ], [ -159.336861115614795, 22.009561923646416 ], [ -159.33677840684993, 22.009393348209475 ], [ -159.336701987116442, 22.009223561842685 ], [ -159.336598463827897, 22.009058994265668 ], [ -159.336494558258835, 22.008894499677584 ], [ -159.336402033614462, 22.008727814303775 ], [ -159.3363704575508, 22.008549393677526 ], [ -159.336357773147739, 22.00836733676957 ], [ -159.336267042488998, 22.008200305217809 ], [ -159.336222572484502, 22.008024367458141 ], [ -159.336223952223946, 22.007841594163722 ], [ -159.336283475878247, 22.007732826548942 ], [ -159.336374912686409, 22.007542654514076 ], [ -159.336419933944057, 22.007356833795122 ], [ -159.336434423253024, 22.007173876389267 ], [ -159.33643975908879, 22.006991776157143 ], [ -159.336425750675915, 22.006811489977501 ], [ -159.33641678781899, 22.006630730876765 ], [ -159.336399700254134, 22.006450733781971 ], [ -159.336394036554509, 22.006269665248965 ], [ -159.33643482167119, 22.006084241673481 ], [ -159.336535094850319, 22.005893241004173 ], [ -159.336406932964678, 22.005723657258482 ], [ -159.33635709109268, 22.005546731286611 ], [ -159.336281265500276, 22.005372240967731 ], [ -159.336242802121063, 22.005194247233195 ], [ -159.336181157232147, 22.005018427721325 ], [ -159.336136334230986, 22.00484103061526 ], [ -159.336125008511914, 22.00466049312039 ], [ -159.336085708660988, 22.004482577836928 ], [ -159.33601015034867, 22.004308062419796 ], [ -159.335932911706095, 22.00413370489359 ], [ -159.335857892153001, 22.003968121556497 ] ] } },
{ "type": "Feature", "properties": { "objectid": 160, "island": "Kauai", "st_lengthshape": 385.79482560742883 }, "geometry": { "type": "LineString", "coordinates": [ [ -159.34171744386677, 21.994440101415421 ], [ -159.34172551238089, 21.994247507012346 ], [ -159.341731309864514, 21.994055605761261 ], [ -159.34172289659449, 21.993868045352166 ], [ -159.34171612900542, 21.993679981904563 ], [ -159.34169332502168, 21.993496816007617 ], [ -159.341672077692493, 21.993313174358462 ], [ -159.341646725009582, 21.993130787103567 ], [ -159.341615634887916, 21.992950150921054 ], [ -159.341560657809481, 21.992776811002926 ], [ -159.341473962513703, 21.992613156978205 ], [ -159.341416550191383, 21.992440561089143 ], [ -159.341351335731161, 21.992270346630796 ], [ -159.341335022093915, 21.992085198531665 ], [ -159.341310059226544, 21.991902692028098 ], [ -159.341241144407121, 21.99173360909603 ], [ -159.341194533899738, 21.991557713836929 ], [ -159.341113765993754, 21.991392249400086 ], [ -159.341028049772632, 21.991228297635079 ], [ -159.34092003623374, 21.991093774031736 ] ] } },
{ "type": "Feature", "properties": { "objectid": 161, "island": "Kauai", "st_lengthshape": 472.91781816902323 }, "geometry": { "type": "LineString", "coordinates": [ [ -159.351865888309447, 21.960389679337094 ], [ -159.351682779562481, 21.960491451119204 ], [ -159.351496918238695, 21.960569286293353 ], [ -159.351309397058856, 21.960632700345645 ], [ -159.351120779152893, 21.960686573400086 ], [ -159.350928635986577, 21.960709797946425 ], [ -159.350736937094922, 21.960736883563566 ], [ -159.350546570178267, 21.960775558266754 ], [ -159.350351693486829, 21.960775018235353 ], [ -159.350153090938875, 21.960742076495048 ], [ -159.349971842904608, 21.960860041254943 ], [ -159.349778627579525, 21.960873943152212 ], [ -159.349584250465227, 21.96087774402649 ], [ -159.349384671270968, 21.960836318243619 ], [ -159.349183799847111, 21.960783654252534 ], [ -159.348994719576865, 21.960763627349007 ], [ -159.348706994082193, 21.960743261300575 ], [ -159.348481076210277, 21.960639754724909 ], [ -159.348215955454805, 21.960457697460683 ], [ -159.347946549470521, 21.960315725835791 ], [ -159.347850289805251, 21.960155366953849 ], [ -159.347761662338826, 21.959989080582812 ] ] } },
{ "type": "Feature", "properties": { "objectid": 162, "island": "Kauai", "st_lengthshape": 84.360993137995592 }, "geometry": { "type": "LineString", "coordinates": [ [ -159.342231230852519, 21.959202746160205 ], [ -159.342035641808877, 21.959193045777333 ], [ -159.341844601055442, 21.959227548712043 ], [ -159.341642117855031, 21.959150865998723 ], [ -159.341447696445698, 21.959081772416567 ] ] } },
{ "type": "Feature", "properties": { "objectid": 163, "island": "Kauai", "st_lengthshape": 40.495927097642962 }, "geometry": { "type": "LineString", "coordinates": [ [ -159.337687024043476, 21.958312795164787 ], [ -159.337494289770319, 21.958244894983139 ], [ -159.337370557676593, 21.958115121025497 ] ] } },
{ "type": "Feature", "properties": { "objectid": 164, "island": "Kauai", "st_lengthshape": 1031.0508411642763 }, "geometry": { "type": "LineString", "coordinates": [ [ -159.390841791179554, 21.907632189455438 ], [ -159.390937515293871, 21.907855677477844 ], [ -159.390967192291157, 21.908057269116558 ], [ -159.39105545628837, 21.908278283058017 ], [ -159.390898040691013, 21.908417850956592 ], [ -159.390833063159704, 21.908588062890978 ], [ -159.390820630612097, 21.908775695036855 ], [ -159.390816490107483, 21.908966075659382 ], [ -159.390762931419346, 21.909140073906709 ], [ -159.390680270340056, 21.909304423709969 ], [ -159.390595446171233, 21.909468056747766 ], [ -159.390505875435991, 21.90963011635192 ], [ -159.390423999680451, 21.909794726160996 ], [ -159.390376546178118, 21.909970748878443 ], [ -159.390365987077928, 21.910159001711097 ], [ -159.390357586993559, 21.910347970371323 ], [ -159.390366127813792, 21.910542555345231 ], [ -159.390293171505562, 21.910710123500603 ], [ -159.390205725769817, 21.91087288709954 ], [ -159.390155848062591, 21.911048105994794 ], [ -159.390065789403195, 21.911210003882552 ], [ -159.389980714389054, 21.911373554065527 ], [ -159.389876783306079, 21.911530852733595 ], [ -159.389780839927653, 21.91169080030474 ], [ -159.389681268185171, 21.911849543981379 ], [ -159.389569115535465, 21.912001840544171 ], [ -159.389388123451795, 21.912273372132464 ], [ -159.38922969154001, 21.912384238200406 ], [ -159.389067263568791, 21.912491857528661 ], [ -159.388912504824816, 21.91260570683869 ], [ -159.38875424197866, 21.912716709378341 ], [ -159.388632503978499, 21.912857383372604 ], [ -159.388497442155909, 21.912987232869408 ], [ -159.388366830986911, 21.91312069820377 ], [ -159.388229524920376, 21.913242163331848 ], [ -159.387964260490634, 21.913442730058488 ], [ -159.3877972780802, 21.913535747368392 ], [ -159.387608081842359, 21.913585354517341 ], [ -159.387450983543602, 21.913687038489691 ], [ -159.387163519536472, 21.913704618796231 ], [ -159.386962698213893, 21.913653693013785 ], [ -159.386770133247722, 21.913650257369323 ], [ -159.386471946754597, 21.913611966043394 ], [ -159.386284465019145, 21.913565138671444 ], [ -159.386105305510739, 21.913497652206509 ], [ -159.385871429499161, 21.913386617429765 ], [ -159.385717949286885, 21.913275431795014 ], [ -159.385490607614003, 21.913241872888971 ] ] } },
{ "type": "Feature", "properties": { "objectid": 165, "island": "Kauai", "st_lengthshape": 123.11163861033282 }, "geometry": { "type": "LineString", "coordinates": [ [ -159.38547108361152, 21.913477047294904 ], [ -159.385506821920586, 21.913663891271064 ], [ -159.385582498500611, 21.9138309698859 ], [ -159.385695802539857, 21.913979425043401 ], [ -159.385753928155793, 21.914155189839576 ], [ -159.385804345698915, 21.914334768988315 ], [ -159.385828632631842, 21.914522633517727 ] ] } },
{ "type": "Feature", "properties": { "objectid": 166, "island": "Kauai", "st_lengthshape": 536.48215032149324 }, "geometry": { "type": "LineString", "coordinates": [ [ -159.383364377206277, 21.917407466930907 ], [ -159.383506526025371, 21.917537789987563 ], [ -159.38363914128837, 21.917673638071282 ], [ -159.38377075334256, 21.917810066591993 ], [ -159.383870828243431, 21.917964774043462 ], [ -159.383952602309677, 21.918130087295769 ], [ -159.384014674715246, 21.918306819138504 ], [ -159.384022986798016, 21.918513310565672 ], [ -159.384105350735837, 21.918802347247809 ], [ -159.384068613951655, 21.918982441114004 ], [ -159.383988308628318, 21.919192904999576 ], [ -159.383891378652237, 21.919351779038013 ], [ -159.38372065975085, 21.919595038542887 ], [ -159.383605744514909, 21.919748605035586 ], [ -159.383452665750411, 21.919858710474131 ], [ -159.38315290659088, 21.920019565561635 ], [ -159.382961621988727, 21.920057469916667 ], [ -159.382793223618989, 21.920154078527236 ], [ -159.382617262547853, 21.920231287592344 ], [ -159.382458066980803, 21.920351503310556 ], [ -159.382260997556955, 21.920374569381419 ], [ -159.382070996188247, 21.920415765514374 ], [ -159.381887892206777, 21.920474656667309 ], [ -159.381721967898443, 21.920577612417159 ], [ -159.381513535654193, 21.920562862923521 ] ] } },
{ "type": "Feature", "properties": { "objectid": 167, "island": "Kauai", "st_lengthshape": 628.06822364901313 }, "geometry": { "type": "LineString", "coordinates": [ [ -159.380666852456471, 21.92074480653374 ], [ -159.380569577615773, 21.92090612688898 ], [ -159.380446395671072, 21.921045759240656 ], [ -159.38030693494872, 21.921171762638473 ], [ -159.380219720576918, 21.92134150588754 ], [ -159.380119506054683, 21.921498395020407 ], [ -159.379975813404315, 21.921638283119755 ], [ -159.379827697597193, 21.921759225101162 ], [ -159.379664575483105, 21.921856760652584 ], [ -159.379501271331321, 21.921954012780169 ], [ -159.379321984561955, 21.922021137187659 ], [ -159.379081550136618, 21.922130916945207 ], [ -159.378890548115038, 21.922162940809635 ], [ -159.378707795857963, 21.922222180891374 ], [ -159.378315980336566, 21.922173486767441 ], [ -159.378125968144246, 21.922138605112526 ], [ -159.377934517506361, 21.922129879643769 ], [ -159.377700800165456, 21.922185195481827 ], [ -159.377526024884162, 21.92226759758876 ], [ -159.37736535640974, 21.922368560168323 ], [ -159.377229471877229, 21.922502128216252 ], [ -159.377084457770906, 21.922619660952339 ], [ -159.376976895209765, 21.922726366593142 ], [ -159.376838241823947, 21.922850406547781 ], [ -159.376545481085941, 21.922998409175356 ], [ -159.376353251754381, 21.923029430089425 ], [ -159.37617653329292, 21.923108515039271 ], [ -159.375981878830402, 21.92313201893456 ], [ -159.375790403789267, 21.923165377407852 ], [ -159.375600458643135, 21.92319288141568 ] ] } },
{ "type": "Feature", "properties": { "objectid": 168, "island": "Kauai", "st_lengthshape": 61.782151169268438 }, "geometry": { "type": "LineString", "coordinates": [ [ -159.418232023029788, 21.88804426899171 ], [ -159.418142608979423, 21.888218605632108 ], [ -159.418003842543243, 21.888344618109727 ], [ -159.417828942064915, 21.888429946680585 ] ] } },
{ "type": "Feature", "properties": { "objectid": 169, "island": "Kauai", "st_lengthshape": 977.00167357803559 }, "geometry": { "type": "LineString", "coordinates": [ [ -159.416785674714959, 21.888982138448988 ], [ -159.416595901288758, 21.889017932784295 ], [ -159.416400095708298, 21.889026954815044 ], [ -159.416201948283486, 21.889025580190097 ], [ -159.416004933508077, 21.889029231980604 ], [ -159.415805551446113, 21.889022377852914 ], [ -159.415609868368648, 21.889031941609801 ], [ -159.41541202590372, 21.88903191953867 ], [ -159.415234089216966, 21.889120258821027 ], [ -159.415052605395687, 21.889192855173086 ], [ -159.414877508148606, 21.889293797296137 ], [ -159.41468642370981, 21.889323779032228 ], [ -159.414503303681443, 21.889389111538776 ], [ -159.414310003829399, 21.889409253503281 ], [ -159.414125146878689, 21.889466878098215 ], [ -159.413943902278504, 21.889540537806401 ], [ -159.41374993337385, 21.889557711152595 ], [ -159.413558380575978, 21.889585611210222 ], [ -159.413366296232311, 21.889611153467559 ], [ -159.413173546004543, 21.88963373836771 ], [ -159.412979182688787, 21.889649164522382 ], [ -159.412783869156016, 21.889660369192725 ], [ -159.412590734385986, 21.8896812486594 ], [ -159.412389294313016, 21.889665256242566 ], [ -159.412200081628157, 21.889703543981906 ], [ -159.41201611177695, 21.889765110280351 ], [ -159.411835703054464, 21.889842486007858 ], [ -159.411649270747745, 21.889893117255731 ], [ -159.411459529056117, 21.889929060110774 ], [ -159.411278289323974, 21.890002749418311 ], [ -159.411094419663158, 21.890064760749912 ], [ -159.410903920641147, 21.890097341307797 ], [ -159.410710973222507, 21.890119052901799 ], [ -159.410536478526893, 21.890132685673187 ], [ -159.41048548019802, 21.890231672145621 ], [ -159.410478519977829, 21.890429522893015 ], [ -159.410603843687113, 21.890576860675495 ], [ -159.410777431514987, 21.890705735173647 ], [ -159.410840873901606, 21.890876744885986 ], [ -159.410970702572115, 21.891022359089476 ], [ -159.411022574434583, 21.891197795602992 ], [ -159.41108092907902, 21.891370752196693 ], [ -159.411181130078688, 21.891527700806733 ], [ -159.411117106298491, 21.891740018259622 ], [ -159.411137025278549, 21.892303414329724 ], [ -159.411084945520571, 21.892477782255728 ], [ -159.410917580538523, 21.892628220001455 ] ] } },
{ "type": "Feature", "properties": { "objectid": 170, "island": "Kauai", "st_lengthshape": 39.678299423922027 }, "geometry": { "type": "LineString", "coordinates": [ [ -159.410298307438751, 21.893092113032335 ], [ -159.410126667915051, 21.893177561803437 ], [ -159.409944549697144, 21.893226688819794 ] ] } },
{ "type": "Feature", "properties": { "objectid": 171, "island": "Kauai", "st_lengthshape": 119.58061071010235 }, "geometry": { "type": "LineString", "coordinates": [ [ -159.406301228605145, 21.894585852116702 ], [ -159.406389835444287, 21.894763074071744 ], [ -159.406262693155071, 21.894949167375685 ], [ -159.406183636658028, 21.895133283549672 ], [ -159.406067245848277, 21.895318934587344 ], [ -159.405883700763241, 21.895501906151082 ] ] } },
{ "type": "Feature", "properties": { "objectid": 172, "island": "Kauai", "st_lengthshape": 121.57435781174566 }, "geometry": { "type": "LineString", "coordinates": [ [ -159.404465313133329, 21.899040730905433 ], [ -159.404657589290935, 21.899342832377162 ], [ -159.404374926728394, 21.899405836254786 ], [ -159.404180786603746, 21.899513404594845 ], [ -159.403904819173135, 21.899576177113108 ] ] } },
{ "type": "Feature", "properties": { "objectid": 173, "island": "Kauai", "st_lengthshape": 441.70028360458747 }, "geometry": { "type": "LineString", "coordinates": [ [ -159.440394091040247, 21.874233737969451 ], [ -159.440275661039152, 21.874448455200731 ], [ -159.440110682128079, 21.874551121492711 ], [ -159.43993144181357, 21.874619455710171 ], [ -159.439739132777703, 21.874656330307698 ], [ -159.439545096712635, 21.874689048896666 ], [ -159.439353275031095, 21.874727096232501 ], [ -159.439136343192871, 21.874704698016679 ], [ -159.438957777948787, 21.874774656499024 ], [ -159.438771810516698, 21.874826798568659 ], [ -159.43858170753731, 21.874868984564603 ], [ -159.438367926121089, 21.874854167749739 ], [ -159.438152603123058, 21.874835640668209 ], [ -159.437938127763431, 21.874793850793186 ], [ -159.437663111665131, 21.874893372196095 ], [ -159.437468211711035, 21.874894760757414 ], [ -159.437292877298802, 21.875042553853238 ], [ -159.437101639027247, 21.875071347496814 ], [ -159.436910564072747, 21.875101352918009 ], [ -159.436720655840475, 21.875140095014778 ], [ -159.436505236418839, 21.874979183899956 ] ] } },
{ "type": "Feature", "properties": { "objectid": 174, "island": "Kauai", "st_lengthshape": 326.52517549074264 }, "geometry": { "type": "LineString", "coordinates": [ [ -159.503832237652603, 21.889073482920711 ], [ -159.503646889419372, 21.889162574752135 ], [ -159.503460685986255, 21.88924333472524 ], [ -159.503275107139416, 21.88930683590511 ], [ -159.502515065483578, 21.889412163238905 ], [ -159.502371221036697, 21.889273576624507 ], [ -159.502226186666633, 21.889137333426167 ], [ -159.502055803424213, 21.889050966105341 ], [ -159.501893128875395, 21.888949430680569 ], [ -159.501720515602841, 21.888867451503462 ], [ -159.501566174927888, 21.88874951995172 ], [ -159.501421962883626, 21.888611659960247 ], [ -159.501387889684707, 21.888259127877951 ] ] } },
{ "type": "Feature", "properties": { "objectid": 175, "island": "Kauai", "st_lengthshape": 19.992606505803206 }, "geometry": { "type": "LineString", "coordinates": [ [ -159.492084707330179, 21.885497784951312 ], [ -159.492077023906518, 21.885678263845016 ] ] } },
{ "type": "Feature", "properties": { "objectid": 176, "island": "Kauai", "st_lengthshape": 139.58724294595882 }, "geometry": { "type": "LineString", "coordinates": [ [ -159.487372175782468, 21.88557858659339 ], [ -159.487268381122789, 21.885424899617441 ], [ -159.487172538856953, 21.885269530319619 ], [ -159.487059316566842, 21.884945683604396 ], [ -159.487012419777159, 21.884764763641165 ], [ -159.487003295667336, 21.884584028298594 ], [ -159.487087134663255, 21.884408245374768 ] ] } },
{ "type": "Feature", "properties": { "objectid": 177, "island": "Kauai", "st_lengthshape": 225.00501972682702 }, "geometry": { "type": "LineString", "coordinates": [ [ -159.477915761465027, 21.881923983312156 ], [ -159.477714723059051, 21.881963773400855 ], [ -159.477526652002325, 21.88191325865445 ], [ -159.477336097684912, 21.881880039248582 ], [ -159.477141710941652, 21.881873506801711 ], [ -159.476942846465477, 21.881898161433149 ], [ -159.476747380241022, 21.88189915013281 ], [ -159.4765570998307, 21.881877815682341 ], [ -159.476349949235157, 21.881831282069975 ], [ -159.476169407371231, 21.881764336485602 ], [ -159.475996041627383, 21.881675330370108 ], [ -159.475827644240724, 21.88158268598869 ] ] } },
{ "type": "Feature", "properties": { "objectid": 178, "island": "Kauai", "st_lengthshape": 139.84463070759966 }, "geometry": { "type": "LineString", "coordinates": [ [ -159.474116396004689, 21.881166772290193 ], [ -159.473927511718301, 21.881193491449739 ], [ -159.473668506386446, 21.88120133305404 ], [ -159.473475556350763, 21.881191927299898 ], [ -159.473212373698345, 21.881051981615808 ], [ -159.47309765823826, 21.880904105105266 ], [ -159.473046833791642, 21.880712252223557 ] ] } },
{ "type": "Feature", "properties": { "objectid": 179, "island": "Kauai", "st_lengthshape": 195.01195895635396 }, "geometry": { "type": "LineString", "coordinates": [ [ -159.472727766700586, 21.880225208986275 ], [ -159.472565954528477, 21.880106194151494 ], [ -159.472492946440497, 21.879939921680904 ], [ -159.472432976567717, 21.879889378656291 ], [ -159.472256001907823, 21.879815058986438 ], [ -159.472025816297787, 21.879833278172324 ], [ -159.471844635978243, 21.879766271771725 ], [ -159.471642398225953, 21.879735886185497 ], [ -159.471476657967685, 21.87964202896713 ], [ -159.47130543479102, 21.879557707798092 ], [ -159.471155256308492, 21.879440116417264 ] ] } },
{ "type": "Feature", "properties": { "objectid": 180, "island": "Kauai", "st_lengthshape": 60.696073457256034 }, "geometry": { "type": "LineString", "coordinates": [ [ -159.464827080107995, 21.876811728962043 ], [ -159.464639721592903, 21.876766207816498 ], [ -159.464455955245057, 21.876708432791229 ], [ -159.464289024930792, 21.876605641851917 ] ] } },
{ "type": "Feature", "properties": { "objectid": 181, "island": "Kauai", "st_lengthshape": 82.612489995732801 }, "geometry": { "type": "LineString", "coordinates": [ [ -159.463747809357415, 21.876458071909518 ], [ -159.463548587922304, 21.876452801734956 ], [ -159.463354172883669, 21.87643122048679 ], [ -159.463154205468669, 21.876439227210529 ], [ -159.462970700035015, 21.876355206393619 ] ] } },
{ "type": "Feature", "properties": { "objectid": 182, "island": "Kauai", "st_lengthshape": 646.23881034847955 }, "geometry": { "type": "LineString", "coordinates": [ [ -159.462142655570716, 21.875818713431077 ], [ -159.461967893963333, 21.875738026869406 ], [ -159.461823054062705, 21.875592910792783 ], [ -159.461787184411833, 21.875582670460599 ], [ -159.461673814798814, 21.875728121873966 ], [ -159.461417434532336, 21.875932834425601 ], [ -159.461234412205187, 21.876044719618832 ], [ -159.461050713059933, 21.876149993258043 ], [ -159.460867512312774, 21.876260146636326 ], [ -159.460678317461571, 21.876311687244261 ], [ -159.460486260532349, 21.876335249492584 ], [ -159.46029739300792, 21.876343154867126 ], [ -159.459968295637225, 21.876287349180295 ], [ -159.459757535823258, 21.876284827819266 ], [ -159.459581084960206, 21.876210500101735 ], [ -159.459419379744986, 21.876105308996614 ], [ -159.459245807031778, 21.876024958624406 ], [ -159.459068626961312, 21.875952155595378 ], [ -159.458900202587813, 21.87587195854751 ], [ -159.458613802280809, 21.875642557164021 ], [ -159.458485486894062, 21.875504541998424 ], [ -159.458370986094991, 21.875358354536832 ], [ -159.458273610699024, 21.875202035051135 ], [ -159.458181032495077, 21.875045388663708 ], [ -159.458098282029624, 21.874987662490035 ], [ -159.457911587649647, 21.874940805505393 ], [ -159.457666910900826, 21.874922860765878 ], [ -159.457481255158029, 21.874851960514825 ], [ -159.45736830971893, 21.874714674209653 ], [ -159.457262526473613, 21.87455226288532 ], [ -159.457305787524831, 21.874321255414699 ] ] } },
{ "type": "Feature", "properties": { "objectid": 183, "island": "Kauai", "st_lengthshape": 399.99792712432043 }, "geometry": { "type": "LineString", "coordinates": [ [ -159.456617397765967, 21.874157995130812 ], [ -159.456422365257993, 21.874154347148306 ], [ -159.456215871418777, 21.874224649125065 ], [ -159.456029807857959, 21.874169900213314 ], [ -159.455756619629966, 21.874079427589095 ], [ -159.455604718167933, 21.873965186377252 ], [ -159.455465053182877, 21.873839895429413 ], [ -159.455354129191534, 21.873697310592839 ], [ -159.455262444743141, 21.873616068260979 ], [ -159.455115566123766, 21.873651845920261 ], [ -159.454896161178539, 21.873643935013668 ], [ -159.454639042636387, 21.873635229856667 ], [ -159.454442347829314, 21.87361869819857 ], [ -159.454245060918169, 21.873595201434345 ], [ -159.453867962951676, 21.873515727907478 ], [ -159.453740100629176, 21.873374167951045 ], [ -159.453536705641824, 21.872979992532184 ], [ -159.4535377702353, 21.872803497903934 ] ] } },
{ "type": "Feature", "properties": { "objectid": 184, "island": "Kauai", "st_lengthshape": 123.99404329577216 }, "geometry": { "type": "LineString", "coordinates": [ [ -159.451821126115192, 21.873255043610207 ], [ -159.451591315380483, 21.873340526605784 ], [ -159.451380308989542, 21.87336780447993 ], [ -159.451141226287007, 21.87348198415312 ], [ -159.450974435844415, 21.87337240413148 ], [ -159.450847287386239, 21.873153023943857 ] ] } },
{ "type": "Feature", "properties": { "objectid": 185, "island": "Kauai", "st_lengthshape": 22.855571054536387 }, "geometry": { "type": "LineString", "coordinates": [ [ -159.628661787552034, 21.91127492793435 ], [ -159.628446078662392, 21.911228906596932 ] ] } },
{ "type": "Feature", "properties": { "objectid": 186, "island": "Kauai", "st_lengthshape": 80.512688733536663 }, "geometry": { "type": "LineString", "coordinates": [ [ -159.621635536153718, 21.907756667698195 ], [ -159.621477966246772, 21.907650655628817 ], [ -159.621319532967703, 21.907545975605608 ], [ -159.621153715988413, 21.907452682100821 ], [ -159.621008114181109, 21.907328217936591 ] ] } },
{ "type": "Feature", "properties": { "objectid": 187, "island": "Kauai", "st_lengthshape": 1113.7316510270743 }, "geometry": { "type": "LineString", "coordinates": [ [ -159.609784875762358, 21.901238914386958 ], [ -159.609586105697616, 21.901219713773038 ], [ -159.609404622656569, 21.901156754497027 ], [ -159.60902853803637, 21.90097558669753 ], [ -159.608940302281269, 21.900802046139724 ], [ -159.608856377814789, 21.90062444853378 ], [ -159.608743628839278, 21.900473963737088 ], [ -159.608525398903794, 21.900422684301709 ], [ -159.607863028709005, 21.900432635694187 ], [ -159.607657171755022, 21.900355448698779 ], [ -159.607489023494281, 21.90024987921689 ], [ -159.607279953367026, 21.899954096813413 ], [ -159.607120500262397, 21.899824777082969 ], [ -159.607013443022879, 21.899672210222921 ], [ -159.60697818503246, 21.899487788267376 ], [ -159.606772621021292, 21.899132191410768 ], [ -159.606674677292801, 21.898965703163356 ], [ -159.606673632422542, 21.898781936483434 ], [ -159.606703923578664, 21.898592580416274 ], [ -159.606839727896016, 21.897977956246304 ], [ -159.606731056046613, 21.897800077332857 ], [ -159.606728417194148, 21.897619389073444 ], [ -159.606730771065173, 21.897438569479132 ], [ -159.606775835850186, 21.897256617651049 ], [ -159.606849820986582, 21.89707390059683 ], [ -159.606892070721415, 21.896892024158564 ], [ -159.607165176190279, 21.896704032108357 ], [ -159.607163020822156, 21.896523331217907 ], [ -159.607220572280369, 21.896341049532356 ], [ -159.607236530988104, 21.896159868952079 ], [ -159.607208412396147, 21.895979856469996 ], [ -159.607184126933248, 21.895799742207313 ], [ -159.606966760402202, 21.895624742352041 ], [ -159.606900231335231, 21.895442738407979 ], [ -159.606752676651723, 21.895300723532998 ], [ -159.606427637932711, 21.894836516620583 ], [ -159.606361539797604, 21.894662994056517 ], [ -159.606262541630002, 21.894507717262762 ], [ -159.60617270243398, 21.894498104001951 ], [ -159.605974874089213, 21.894446313995136 ], [ -159.605783103951637, 21.894386518733512 ], [ -159.605647446940878, 21.894252569135141 ], [ -159.605491697369047, 21.894145171996477 ], [ -159.605403275143516, 21.893948800201542 ] ] } },
{ "type": "Feature", "properties": { "objectid": 188, "island": "Kauai", "st_lengthshape": 257.02353044833973 }, "geometry": { "type": "LineString", "coordinates": [ [ -159.590567778517567, 21.90437183833431 ], [ -159.590429547483211, 21.904245125606785 ], [ -159.590270301564999, 21.904136892857174 ], [ -159.590116452918153, 21.904023914739238 ], [ -159.589975808183141, 21.903899325201802 ], [ -159.589833739917566, 21.903775987376491 ], [ -159.589554120314631, 21.903426693217376 ], [ -159.589404577207716, 21.903294416109215 ], [ -159.589237613807484, 21.903170255330132 ], [ -159.589071001446456, 21.903045931403472 ], [ -159.588906007842468, 21.90292085256289 ], [ -159.588868097835871, 21.90273656143891 ] ] } },
{ "type": "Feature", "properties": { "objectid": 189, "island": "Kauai", "st_lengthshape": 140.3525205267193 }, "geometry": { "type": "LineString", "coordinates": [ [ -159.584901984796403, 21.898397570378101 ], [ -159.584710420587697, 21.898355029772713 ], [ -159.58452531515232, 21.898298880169946 ], [ -159.584389875161037, 21.898138088185103 ], [ -159.584103254639501, 21.898295826855293 ], [ -159.583933525077214, 21.898207280894749 ], [ -159.583799485265814, 21.89804354005382 ] ] } },
{ "type": "Feature", "properties": { "objectid": 190, "island": "Kauai", "st_lengthshape": 145.00748392869144 }, "geometry": { "type": "LineString", "coordinates": [ [ -159.574979687193689, 21.897533311199798 ], [ -159.574823694090583, 21.89742521251226 ], [ -159.574647755590462, 21.897338225204052 ], [ -159.574523403551666, 21.897196637452478 ], [ -159.57438665116635, 21.897068174608279 ], [ -159.574269629699387, 21.89691882857214 ], [ -159.574164127030087, 21.896757291067633 ], [ -159.574086866193483, 21.89656586151613 ] ] } },
{ "type": "Feature", "properties": { "objectid": 191, "island": "Kauai", "st_lengthshape": 41.494622109861858 }, "geometry": { "type": "LineString", "coordinates": [ [ -159.527382948209009, 21.884187937346091 ], [ -159.527191393552243, 21.884147484683417 ], [ -159.527038491943927, 21.884019672678406 ] ] } },
{ "type": "Feature", "properties": { "objectid": 192, "island": "Kauai", "st_lengthshape": 344.21841833661108 }, "geometry": { "type": "LineString", "coordinates": [ [ -159.526175668710465, 21.885113057365409 ], [ -159.526013001583152, 21.885216956026692 ], [ -159.525848232672871, 21.885316354873627 ], [ -159.525672018210997, 21.885391242677006 ], [ -159.52548309286351, 21.885438911304842 ], [ -159.52527927322194, 21.885454680620526 ], [ -159.525078858522988, 21.885477744962262 ], [ -159.524899495060225, 21.885545888760198 ], [ -159.524730546330403, 21.885636336780092 ], [ -159.524564824785045, 21.885733697424421 ], [ -159.52438698371401, 21.885805103571251 ], [ -159.52421063224304, 21.88587969845365 ], [ -159.524042661235455, 21.885972243167959 ], [ -159.523870360170378, 21.886055512298743 ], [ -159.52369134466673, 21.886124404450854 ], [ -159.523509898712007, 21.886188091277219 ], [ -159.52331471489785, 21.886222357611306 ], [ -159.523124361256151, 21.886266966333533 ] ] } },
{ "type": "Feature", "properties": { "objectid": 193, "island": "Kauai", "st_lengthshape": 198.67644869892251 }, "geometry": { "type": "LineString", "coordinates": [ [ -159.635308208934305, 21.91701051793466 ], [ -159.635374414318591, 21.917180860590808 ], [ -159.635481071614691, 21.917340653936776 ], [ -159.635863851516604, 21.917670796006718 ], [ -159.636052976668367, 21.917760571779102 ], [ -159.636417834288352, 21.917885800011035 ], [ -159.636556682513685, 21.918019572278869 ], [ -159.636714132860561, 21.918143295892246 ] ] } },
{ "type": "Feature", "properties": { "objectid": 194, "island": "Kauai", "st_lengthshape": 104.15604119410779 }, "geometry": { "type": "LineString", "coordinates": [ [ -159.636788597240468, 21.919621629161526 ], [ -159.636773523467753, 21.9198021981747 ], [ -159.636954130932935, 21.920332584494247 ], [ -159.637137473740637, 21.920442482504164 ] ] } },
{ "type": "Feature", "properties": { "objectid": 195, "island": "Kauai", "st_lengthshape": 149.20683733714739 }, "geometry": { "type": "LineString", "coordinates": [ [ -159.63690521502059, 21.921990508038046 ], [ -159.636988240308199, 21.922155929716247 ], [ -159.637168312270092, 21.922261332198751 ], [ -159.637387070007804, 21.922342810029587 ], [ -159.63791890047105, 21.92253253155355 ], [ -159.63814972669141, 21.922547672758739 ] ] } },
{ "type": "Feature", "properties": { "objectid": 196, "island": "Kauai", "st_lengthshape": 20.344870057636008 }, "geometry": { "type": "LineString", "coordinates": [ [ -159.638893252307071, 21.922829134406015 ], [ -159.639069313279691, 21.92291156721658 ] ] } },
{ "type": "Feature", "properties": { "objectid": 197, "island": "Kauai", "st_lengthshape": 509.03465704489423 }, "geometry": { "type": "LineString", "coordinates": [ [ -159.640410528567259, 21.924592756585028 ], [ -159.64057869777443, 21.924719174530068 ], [ -159.640761301956502, 21.924785257793943 ], [ -159.640940441876097, 21.924865819978006 ], [ -159.641130621477771, 21.924900231777173 ], [ -159.641228668806718, 21.924911707839552 ], [ -159.641427573759557, 21.92494944691035 ], [ -159.641619660690253, 21.924998693050568 ], [ -159.641801702706914, 21.925064896585074 ], [ -159.641966698216095, 21.925159874559508 ], [ -159.642120286256585, 21.925274107309761 ], [ -159.642254855033826, 21.925420445984752 ], [ -159.642369461867332, 21.925600480723297 ], [ -159.642401693193676, 21.925650173213626 ], [ -159.642473739703405, 21.925819565562428 ], [ -159.642517892440964, 21.925995516404061 ], [ -159.642563743745399, 21.926171066698021 ], [ -159.64266916759675, 21.926469486469752 ], [ -159.64284808249846, 21.926732106192393 ], [ -159.643144880974376, 21.927000649170086 ], [ -159.64325679069529, 21.927158051254548 ], [ -159.643460013423606, 21.927212072263409 ], [ -159.643679090225277, 21.927248142271576 ], [ -159.643920532334391, 21.927258889984607 ] ] } },
{ "type": "Feature", "properties": { "objectid": 198, "island": "Kauai", "st_lengthshape": 147.08857471297208 }, "geometry": { "type": "LineString", "coordinates": [ [ -159.644429463996261, 21.928253460611597 ], [ -159.644472458468101, 21.928429721612591 ], [ -159.644576551912962, 21.928594839678706 ], [ -159.644690906635446, 21.928758086199611 ], [ -159.644772925692138, 21.928927230501991 ], [ -159.644827312848236, 21.929101414005807 ], [ -159.644952891011314, 21.929262613415872 ], [ -159.6450674895475, 21.929425815321419 ] ] } },
{ "type": "Feature", "properties": { "objectid": 199, "island": "Kauai", "st_lengthshape": 3704.9614442678026 }, "geometry": { "type": "LineString", "coordinates": [ [ -159.64525917633938, 21.929981164250844 ], [ -159.645283533731828, 21.930171323191839 ], [ -159.645359541862632, 21.930337795822499 ], [ -159.645450695684275, 21.930497322162164 ], [ -159.645503898882282, 21.930674241075259 ], [ -159.645771826739974, 21.930976055102086 ], [ -159.645916413877018, 21.93109943853856 ], [ -159.646068268798018, 21.931212647845534 ], [ -159.646241295346073, 21.931296221028642 ], [ -159.646425134370304, 21.931364658935291 ], [ -159.646624745975117, 21.931411018192048 ], [ -159.646958602753188, 21.931519878078923 ], [ -159.647148640412695, 21.931555340242031 ], [ -159.647337763682259, 21.931594349909872 ], [ -159.647526420758794, 21.931635165328501 ], [ -159.647714225301598, 21.931679284088823 ], [ -159.647899987861649, 21.931731322851984 ], [ -159.64808169013304, 21.931799100569521 ], [ -159.648255455425414, 21.931897644707298 ], [ -159.648420018262698, 21.932031866764721 ], [ -159.648588536626363, 21.9320577066452 ], [ -159.648668192461372, 21.932222709612354 ], [ -159.648746816028449, 21.932388083396656 ], [ -159.648821542923571, 21.932554854750482 ], [ -159.648870596733019, 21.932730835694521 ], [ -159.64890354213955, 21.932912594344025 ], [ -159.649025795646622, 21.933062317420973 ], [ -159.649178472265078, 21.933201127084974 ], [ -159.649238421764011, 21.933373200027496 ], [ -159.649365026291093, 21.933521361697409 ], [ -159.649484823387098, 21.933671965906338 ], [ -159.649595507392036, 21.933825840280132 ], [ -159.64967119408908, 21.933992266800534 ], [ -159.649739477748113, 21.934161349689244 ], [ -159.649812460856339, 21.934328747153696 ], [ -159.64989409059126, 21.934493042375912 ], [ -159.649971058932124, 21.934659010146024 ], [ -159.650047846676671, 21.9348250427302 ], [ -159.649710483561535, 21.935195650965106 ], [ -159.64977974747643, 21.935370416965306 ], [ -159.649870323150623, 21.935543040683896 ], [ -159.649913189650619, 21.935720459521431 ], [ -159.649905054102845, 21.935903006348411 ], [ -159.649869556079153, 21.936032311590704 ], [ -159.649759855756514, 21.936189767149045 ], [ -159.649630128280393, 21.936341436770842 ], [ -159.649468968287692, 21.936484025523235 ], [ -159.649378820967456, 21.936647129465531 ], [ -159.649320886273813, 21.936819539646319 ], [ -159.649319498244125, 21.937008284357791 ], [ -159.649288968991726, 21.937188611359069 ], [ -159.649254372203302, 21.937367762805419 ], [ -159.649234657709883, 21.93755121356752 ], [ -159.649224754556684, 21.937737498453174 ], [ -159.649220639908805, 21.937925456194016 ], [ -159.648901877699501, 21.938503110478848 ], [ -159.648970139172974, 21.938673611125964 ], [ -159.649034283777524, 21.938845038643024 ], [ -159.649086585277672, 21.939019132819833 ], [ -159.649197660817691, 21.93926654508601 ], [ -159.649342780358268, 21.939514089277999 ], [ -159.649433314480063, 21.939673865718451 ], [ -159.649541037288344, 21.939825622260372 ], [ -159.64965798846228, 21.93997307267917 ], [ -159.649791744494138, 21.940135435293616 ], [ -159.649932210425447, 21.94029778029071 ], [ -159.650121934560929, 21.940482919679354 ], [ -159.650235140683066, 21.940640671722093 ], [ -159.650365970397615, 21.940777624945614 ], [ -159.650503042736631, 21.94090720944034 ], [ -159.650648270582934, 21.94102716990686 ], [ -159.650801748313569, 21.94113739392623 ], [ -159.650950348729168, 21.941253372933062 ], [ -159.651110669354381, 21.941355520068043 ], [ -159.651268166166375, 21.941461000109001 ], [ -159.651410557685068, 21.941584308345035 ], [ -159.651578461143146, 21.941677507283238 ], [ -159.652157268573546, 21.941863355219056 ], [ -159.65235204906736, 21.941853667232994 ], [ -159.652543704254668, 21.941888047637082 ], [ -159.652736652341076, 21.941904189845637 ], [ -159.652931219885289, 21.94189749143727 ], [ -159.653126492523597, 21.941880858694468 ], [ -159.653322536501406, 21.941853327402413 ], [ -159.653519060762619, 21.941819026444946 ], [ -159.653714965428037, 21.941793468312159 ], [ -159.65390947546291, 21.941787583863444 ], [ -159.654102128791209, 21.941807883182125 ], [ -159.654294011715848, 21.941839058005701 ], [ -159.654486245783716, 21.941865266909893 ], [ -159.65467864278375, 21.941889188381658 ], [ -159.654871141728165, 21.941911674589026 ], [ -159.655063245062109, 21.941939744380544 ], [ -159.655255449391717, 21.941966381621992 ], [ -159.655334023812628, 21.94198244372264 ], [ -159.655513092508102, 21.942055365569047 ], [ -159.65569090673992, 21.94213237748701 ], [ -159.655878095269969, 21.942178853235063 ], [ -159.656064747721842, 21.942227078121686 ], [ -159.656252309532988, 21.942272336847619 ], [ -159.656436565530328, 21.942328368294312 ], [ -159.656614164938958, 21.942406079298468 ], [ -159.656773964045669, 21.94254176865957 ], [ -159.656969617149201, 21.942560675784755 ], [ -159.657256487286588, 21.942608729016023 ], [ -159.657445533048076, 21.942648838158672 ], [ -159.657636677652789, 21.942678060603729 ], [ -159.657832841612674, 21.942681230689821 ], [ -159.658024762793758, 21.942706418512952 ], [ -159.658215181201143, 21.942739405931974 ], [ -159.658404193340914, 21.942779693877068 ], [ -159.658594143788264, 21.942815114733531 ], [ -159.658786220368, 21.942839497897438 ], [ -159.658976684502335, 21.942872249353691 ], [ -159.65916517873643, 21.942915225261402 ], [ -159.659350685497941, 21.94297370748653 ], [ -159.659535201293835, 21.943037336643421 ], [ -159.659716639842344, 21.943116934138835 ], [ -159.65989922669101, 21.943190572379805 ], [ -159.660083385498808, 21.943256052545149 ], [ -159.66027076272033, 21.943304830701312 ], [ -159.660446969414949, 21.943386835226374 ], [ -159.660605958911873, 21.943498647528116 ], [ -159.660665960405595, 21.943586185263641 ], [ -159.660722980833725, 21.943759143324876 ], [ -159.660743601612808, 21.943940541105093 ], [ -159.660793544299821, 21.944115140190476 ], [ -159.660871292209038, 21.944283291758179 ], [ -159.660934175243398, 21.944454889986734 ], [ -159.660985699955717, 21.944629122167221 ], [ -159.6610108793233, 21.944809462617258 ], [ -159.661161424076226, 21.944960735308744 ], [ -159.661100078954547, 21.945161138245531 ], [ -159.661113505373066, 21.945344204583531 ], [ -159.661256654964205, 21.945614789857792 ], [ -159.661422937919809, 21.945853147258955 ], [ -159.661520130397236, 21.946010121678665 ], [ -159.661724461690767, 21.94632059185712 ], [ -159.661834809541887, 21.946472367216479 ], [ -159.661959257598852, 21.946611433310647 ], [ -159.662096936015388, 21.946738575070224 ], [ -159.662266066448467, 21.946837368949261 ], [ -159.662437059296195, 21.946934483815149 ], [ -159.662588692781696, 21.947049047498417 ], [ -159.66271148433475, 21.947189607597601 ], [ -159.662885148221704, 21.947284315338717 ], [ -159.663077016607332, 21.947362615619546 ], [ -159.663329748398581, 21.947600352835646 ], [ -159.663472597477295, 21.947722521774061 ], [ -159.663623541763116, 21.947837000511125 ], [ -159.663692633217721, 21.948029235422499 ], [ -159.663800067053586, 21.948185047665973 ], [ -159.663903790118866, 21.948344383702292 ], [ -159.664035072598551, 21.948477540150712 ], [ -159.664184686651481, 21.948593283980316 ], [ -159.664551501126084, 21.948760566565436 ], [ -159.664756752816885, 21.94882345618225 ], [ -159.664957235068243, 21.948890877414794 ], [ -159.665072674285057, 21.94903908482064 ], [ -159.665210297777719, 21.949164980042365 ], [ -159.665018383094548, 21.949400032235555 ], [ -159.665043120721208, 21.94958090664484 ], [ -159.665126338434078, 21.949747157381886 ], [ -159.665192448957356, 21.949917686356073 ], [ -159.665303864377563, 21.950076885475834 ], [ -159.665401196367696, 21.950239607061302 ], [ -159.665389414721972, 21.95042961377764 ], [ -159.665346289031646, 21.950627459001886 ], [ -159.665413688677177, 21.950797664631246 ] ] } },
{ "type": "Feature", "properties": { "objectid": 200, "island": "Kauai", "st_lengthshape": 2613.7212076696846 }, "geometry": { "type": "LineString", "coordinates": [ [ -159.666683980430321, 21.952440451827776 ], [ -159.66684595110749, 21.952540404463058 ], [ -159.667008496924609, 21.952639663483069 ], [ -159.667170165667386, 21.952739981089884 ], [ -159.667342219612976, 21.952827753047259 ], [ -159.667468514992407, 21.952970805654576 ], [ -159.667632557249618, 21.953068255634683 ], [ -159.667798289793183, 21.953163664981524 ], [ -159.667967238000443, 21.953255189936975 ], [ -159.668138347377834, 21.953344103178065 ], [ -159.668311234404456, 21.953438066333895 ], [ -159.668510505512444, 21.953565341149488 ], [ -159.6686674783885, 21.953672682337018 ], [ -159.668822712425964, 21.953782765091372 ], [ -159.668964161102281, 21.953914596682921 ], [ -159.669117755586996, 21.954027266884239 ], [ -159.669271835794319, 21.954139172472352 ], [ -159.669546356685117, 21.954302696160052 ], [ -159.66973173552239, 21.954355063219229 ], [ -159.669914086612607, 21.954417028571029 ], [ -159.670088674000624, 21.954503606458012 ], [ -159.670261457109859, 21.954595907434754 ], [ -159.67043128415915, 21.954697579687426 ], [ -159.670621731821882, 21.954733877640905 ], [ -159.670812838954333, 21.954768083978635 ], [ -159.671001815363439, 21.954809048222312 ], [ -159.671191226043277, 21.954848633664508 ], [ -159.671366984605328, 21.954931504076892 ], [ -159.671550849558201, 21.954988674184268 ], [ -159.671739630815779, 21.955030254495245 ], [ -159.671926592482748, 21.955077605827768 ], [ -159.672102827880394, 21.955158963875796 ], [ -159.672292986448895, 21.955196179824782 ], [ -159.67248639706915, 21.955223085999442 ], [ -159.672678309654032, 21.955254742822802 ], [ -159.6728730725209, 21.955277361710429 ], [ -159.673064458528131, 21.955310687039347 ], [ -159.673265131808222, 21.955314566066615 ], [ -159.673456110494669, 21.955349180877242 ], [ -159.673637025450006, 21.955415705650491 ], [ -159.673813044633619, 21.955497751120419 ], [ -159.67398743809315, 21.955584952540001 ], [ -159.674166387973713, 21.955657709317613 ], [ -159.674348750149392, 21.955719644318769 ], [ -159.674536750697428, 21.955763706262488 ], [ -159.674739618227306, 21.955760627192468 ], [ -159.674937548917882, 21.955773204483911 ], [ -159.675128204158256, 21.955808846743153 ], [ -159.675306375315415, 21.955884072688288 ], [ -159.675491744783926, 21.955936475646759 ], [ -159.675681374651845, 21.955975369252823 ], [ -159.675875824008926, 21.955998983207412 ], [ -159.676074129104677, 21.956010371393813 ], [ -159.676272535352837, 21.956021436404104 ], [ -159.676475766686337, 21.956017205443185 ], [ -159.67667823756716, 21.956015386773899 ], [ -159.676879428939657, 21.95601762133418 ], [ -159.677073092304482, 21.956043724208314 ], [ -159.6772701629003, 21.956059027826086 ], [ -159.677462566006994, 21.956089128532078 ], [ -159.677661016319803, 21.956100054359322 ], [ -159.677849231037357, 21.956143435838122 ], [ -159.678040569587864, 21.95617691270547 ], [ -159.678224966220938, 21.95623240172776 ], [ -159.678425970872013, 21.956235228701367 ], [ -159.678620519202241, 21.956258525494253 ], [ -159.678806763244694, 21.956308154800602 ], [ -159.678993217328923, 21.956357122627661 ], [ -159.679171479814187, 21.956432062073397 ], [ -159.679375826840698, 21.956424288738717 ], [ -159.679545223438396, 21.956527343497051 ], [ -159.679747734947028, 21.956525390769123 ], [ -159.679961661786734, 21.956487241273422 ], [ -159.680062457423645, 21.956446761137165 ], [ -159.680258788283169, 21.956441379613175 ], [ -159.680453952795773, 21.956443866917098 ], [ -159.680653259960252, 21.956418410448293 ], [ -159.680845514701673, 21.95644051345678 ], [ -159.681040681083687, 21.956442988311128 ], [ -159.681233561738395, 21.956460868415583 ], [ -159.681426266054302, 21.956479941532066 ], [ -159.6816187818213, 21.956500286308849 ], [ -159.681814333890969, 21.956500157709009 ], [ -159.682013969242092, 21.956472486670009 ], [ -159.682201097623818, 21.956529164998056 ], [ -159.682385308197979, 21.956605519866748 ], [ -159.682568931667163, 21.956685843859006 ], [ -159.682756041754658, 21.956742645386381 ], [ -159.682945710532096, 21.956782195287161 ], [ -159.683153064685399, 21.956702466713971 ], [ -159.683344474803647, 21.956730270840744 ], [ -159.683533729017171, 21.956772615142842 ], [ -159.683720599403301, 21.956831037283699 ], [ -159.683904352381035, 21.956910488327207 ], [ -159.684091436065643, 21.956967476334004 ], [ -159.684283967793277, 21.956987717617462 ], [ -159.684476471411301, 21.957008145797964 ], [ -159.684680187774177, 21.956952943724247 ], [ -159.684878254540536, 21.956935850210659 ], [ -159.68505667500321, 21.957051272664241 ], [ -159.685236673681743, 21.957156054238666 ], [ -159.685423954224945, 21.957211714576879 ], [ -159.685613926353739, 21.957249225608976 ], [ -159.685805242831833, 21.957277661427518 ], [ -159.685997456212249, 21.957300052142781 ], [ -159.686186862003581, 21.957341387217824 ], [ -159.686373524011742, 21.957401224624171 ], [ -159.6865637273348, 21.957437169769374 ], [ -159.686750980597225, 21.9574930220179 ], [ -159.686941250752398, 21.957528522864873 ], [ -159.687134378245389, 21.957544746225519 ], [ -159.687326916732388, 21.957564951362723 ], [ -159.687518278937148, 21.957593080526003 ], [ -159.687716920223522, 21.957572113657069 ], [ -159.687916157983892, 21.957547115726967 ], [ -159.688107658188841, 21.957574323044501 ], [ -159.688316222255338, 21.957486407030309 ], [ -159.688521925256765, 21.957417795158012 ], [ -159.688712818495674, 21.957449091361315 ], [ -159.688910386331628, 21.957435360290699 ], [ -159.689109148136168, 21.957413574554764 ], [ -159.689274941218457, 21.957614209244873 ], [ -159.689456008107925, 21.957711799481189 ], [ -159.689648771206123, 21.95773048410889 ], [ -159.689833819967674, 21.957801214965183 ], [ -159.690008413074651, 21.957942489241731 ], [ -159.690198942451644, 21.957976246121117 ], [ -159.690397473072437, 21.957956015465239 ] ] } },
{ "type": "Feature", "properties": { "objectid": 201, "island": "Kauai", "st_lengthshape": 12926.000273178399 }, "geometry": { "type": "LineString", "coordinates": [ [ -159.69344552856208, 21.960546180909066 ], [ -159.693630696404057, 21.960636529875242 ], [ -159.693815485008315, 21.960730505625207 ], [ -159.693996252627784, 21.960862951023969 ], [ -159.694176853980508, 21.960996986923913 ], [ -159.694359041006663, 21.961115860256061 ], [ -159.694543695590994, 21.961211130314361 ], [ -159.694730346573607, 21.961287298985759 ], [ -159.69492035427956, 21.961331354978313 ], [ -159.695118082857931, 21.961301546657214 ], [ -159.695318128561979, 21.961249569380584 ], [ -159.695520998442134, 21.961170577798409 ], [ -159.695722990809401, 21.961099974260858 ], [ -159.695922056950195, 21.961057362473994 ], [ -159.696116703478936, 21.961057035344616 ], [ -159.696319075695129, 21.960982794140151 ], [ -159.696522348022313, 21.960899934833076 ], [ -159.696719704571024, 21.960873676591689 ], [ -159.696914959671489, 21.960867523445582 ], [ -159.697108959137466, 21.960873386267661 ], [ -159.697310321944826, 21.960808784843312 ], [ -159.697508262975816, 21.960776932861407 ], [ -159.697703044141264, 21.96077530960148 ], [ -159.697896807536608, 21.960783426511881 ], [ -159.698095143479094, 21.960747798594056 ], [ -159.698293232205629, 21.960714518555342 ], [ -159.698488394481302, 21.960709256510505 ], [ -159.698679892931153, 21.960739045959599 ], [ -159.698871733768868, 21.960765558856746 ], [ -159.699054789255115, 21.960876144336609 ], [ -159.699247925604794, 21.960890271815359 ], [ -159.699438468744404, 21.960929204259397 ], [ -159.699628703911486, 21.960971084722509 ], [ -159.699815631907001, 21.961044624680468 ], [ -159.700001644215661, 21.961126926904498 ], [ -159.700192563447445, 21.961162264891232 ], [ -159.700386345935357, 21.961170204408859 ], [ -159.700578368947703, 21.961194984479881 ], [ -159.700771507634101, 21.961209083944247 ], [ -159.70096686740726, 21.961201926353532 ], [ -159.701159711017908, 21.961218845265012 ], [ -159.701360650553198, 21.961158284384982 ], [ -159.701563144874541, 21.961082842846512 ], [ -159.701761407969428, 21.961047888382669 ], [ -159.701957760866776, 21.961031218771922 ], [ -159.702143305351257, 21.961118006885798 ], [ -159.702339463140817, 21.961103209521074 ], [ -159.702538441040502, 21.961061411334995 ], [ -159.702733166869024, 21.961060315350554 ], [ -159.702924742402843, 21.961089380372247 ], [ -159.703118098445401, 21.961101395587114 ], [ -159.703316120688726, 21.961068748501987 ], [ -159.703513617472481, 21.961041125496291 ], [ -159.703711406459718, 21.961010709460616 ], [ -159.703909301677925, 21.960979267360937 ], [ -159.704105813245178, 21.96096107587406 ], [ -159.704302422772571, 21.960941942378128 ], [ -159.704498474580333, 21.960928150202527 ], [ -159.704690311006999, 21.960954711398507 ], [ -159.704883249881647, 21.960970721211304 ], [ -159.705113113820943, 21.960983165503592 ], [ -159.705288580469812, 21.961060013304184 ], [ -159.705475462254242, 21.961111644643616 ], [ -159.705675015990863, 21.961135276998508 ], [ -159.705838608389143, 21.961238360597324 ], [ -159.706012879156646, 21.961317852513371 ], [ -159.706197694097995, 21.961374048707391 ], [ -159.706400402091163, 21.961390712146059 ], [ -159.706590555328262, 21.961435113482469 ], [ -159.70676186359853, 21.961521151705899 ], [ -159.706925262736434, 21.961624666852188 ], [ -159.707088953324984, 21.9617275346355 ], [ -159.707272935718862, 21.961785570717865 ], [ -159.707462757309202, 21.961830707829161 ], [ -159.707643415705803, 21.961896088085261 ], [ -159.707817977544721, 21.961974938073134 ], [ -159.708011734033676, 21.962011380317829 ], [ -159.708192201296242, 21.962077183578298 ], [ -159.708381796484872, 21.962122820172905 ], [ -159.708550184735799, 21.962215311298944 ], [ -159.708708155071292, 21.962330821844876 ], [ -159.708869520770406, 21.962438831010559 ], [ -159.709007696737643, 21.962598078597807 ], [ -159.709108743464895, 21.962778879150999 ], [ -159.709320799805596, 21.962820940414275 ], [ -159.709468114115936, 21.962938394283462 ], [ -159.709632107467399, 21.963036426692756 ], [ -159.709827197638162, 21.963098244111332 ], [ -159.709982694589826, 21.963206169995882 ], [ -159.710100423127841, 21.963358079874315 ], [ -159.710238045866589, 21.963486821482384 ], [ -159.710367617873999, 21.963624939057102 ], [ -159.710489912370292, 21.963771530378342 ], [ -159.71061111902597, 21.963919390178795 ], [ -159.710729287916308, 21.964070787232796 ], [ -159.710847251955414, 21.964222422677015 ], [ -159.710963315445099, 21.964376272384442 ], [ -159.711068599283863, 21.964542675490712 ], [ -159.711184069150903, 21.964697215994057 ], [ -159.711312181468202, 21.964837034780828 ], [ -159.711480780039864, 21.964929705238148 ], [ -159.711629956732821, 21.965044993443598 ], [ -159.711752554195073, 21.96519123552056 ], [ -159.711919528277491, 21.965378557396413 ], [ -159.712048709630352, 21.965525064296866 ], [ -159.712191370670098, 21.965652082986004 ], [ -159.7123533019886, 21.965751239898371 ], [ -159.712550085882242, 21.965800006785717 ], [ -159.712742373582273, 21.965855274915647 ], [ -159.712901263078805, 21.965958829625862 ], [ -159.713051185177108, 21.966075350910902 ], [ -159.713166415896325, 21.966242030974232 ], [ -159.713313711484147, 21.966362348698254 ], [ -159.713424556050171, 21.966535370580992 ], [ -159.713522784091907, 21.966726633743932 ], [ -159.713656986755723, 21.96686588296652 ], [ -159.71376885332711, 21.967037427588622 ], [ -159.713872500654105, 21.967220856979218 ], [ -159.713972049060544, 21.967410211512519 ], [ -159.714133353762094, 21.967510277226761 ], [ -159.714263165313497, 21.967655877909252 ], [ -159.714407154531017, 21.967780979866323 ], [ -159.714572812021231, 21.967874753817583 ], [ -159.714762507970789, 21.967933770881103 ], [ -159.714968032418852, 21.967969902292211 ], [ -159.715529484131622, 21.96815166706924 ], [ -159.715719575914562, 21.968190566877404 ], [ -159.715908714030121, 21.968232218791758 ], [ -159.716097849393861, 21.968273880435024 ], [ -159.716284637202278, 21.96832231230907 ], [ -159.716469781124147, 21.968375488617884 ], [ -159.716658288618731, 21.968418960971345 ], [ -159.716844224233824, 21.968469851384526 ], [ -159.717026465292633, 21.968531404392753 ], [ -159.717208915576379, 21.968592352803562 ], [ -159.717391300136057, 21.968653491010642 ], [ -159.71757343661929, 21.968715343788297 ], [ -159.717755983776215, 21.968776012905789 ], [ -159.717937961146305, 21.968838328511836 ], [ -159.718118885640763, 21.968903679453504 ], [ -159.718296915716223, 21.968977384027031 ], [ -159.718476338834421, 21.969047067558474 ], [ -159.718657707755, 21.969111138528422 ], [ -159.718840358954139, 21.969171509641811 ], [ -159.719022881426582, 21.969232253316122 ], [ -159.719209036532618, 21.969282513075846 ], [ -159.719395706334723, 21.969331289679406 ], [ -159.719584571016213, 21.969373733491786 ], [ -159.71977313603341, 21.969417040249471 ], [ -159.719957155118692, 21.969473465240885 ], [ -159.720140634012552, 21.969531448964354 ], [ -159.720324532140808, 21.969588223686074 ], [ -159.720507147368721, 21.969648699671488 ], [ -159.720690838636642, 21.969706073842794 ], [ -159.720874276096197, 21.969764177066217 ], [ -159.721057067422663, 21.969824146649763 ], [ -159.721246004779488, 21.969866379515501 ], [ -159.72142941880557, 21.9699245544832 ], [ -159.72161148789715, 21.969986607160731 ], [ -159.721797169422615, 21.970038237392735 ], [ -159.721984893948303, 21.970083971820163 ], [ -159.722168277968564, 21.970142230999855 ], [ -159.72235953288498, 21.970177779799453 ], [ -159.722546277387011, 21.970226344651309 ], [ -159.722733732229187, 21.970272859038115 ], [ -159.722922971326739, 21.970314224056825 ], [ -159.723113827611996, 21.970350922857378 ], [ -159.723302506560088, 21.970393903386817 ], [ -159.723492525862923, 21.970433017528332 ], [ -159.72368843028795, 21.970455152155498 ], [ -159.723884816813296, 21.970475892270393 ], [ -159.724071390335041, 21.970524948475738 ], [ -159.724255575639205, 21.970580897161081 ], [ -159.724439721949864, 21.970636959637481 ], [ -159.724622465188503, 21.970697071748887 ], [ -159.724803020710453, 21.970763496386024 ], [ -159.724982995053324, 21.970831595593975 ], [ -159.725162448386527, 21.970901201074959 ], [ -159.725341965853801, 21.970970623583487 ], [ -159.72552118756667, 21.971040897304526 ], [ -159.725700430450843, 21.971111110203381 ], [ -159.725881264738888, 21.971176731976488 ], [ -159.726191376568266, 21.971264044423929 ], [ -159.726378199261774, 21.971316232585409 ], [ -159.726553395118458, 21.971429814243375 ], [ -159.72674224415934, 21.971471304802701 ], [ -159.726929839766427, 21.971519409115775 ], [ -159.727124417012163, 21.971530649475525 ], [ -159.727317511593156, 21.97154971877492 ], [ -159.727517810206706, 21.971530745067419 ], [ -159.727719134930112, 21.971506352449563 ], [ -159.72791589466533, 21.971506065562579 ], [ -159.728111789530061, 21.971510348094629 ], [ -159.72829655332427, 21.971573408454876 ], [ -159.728481694558667, 21.971634481239573 ], [ -159.728661160114342, 21.971725522425313 ], [ -159.728845033173343, 21.971793292857935 ], [ -159.7290281566099, 21.971865021524113 ], [ -159.72921048424439, 21.971940956164488 ], [ -159.72939036937737, 21.972029785836721 ], [ -159.729570084049811, 21.972119521276806 ], [ -159.729754114564287, 21.972186461542535 ], [ -159.72992783063151, 21.972307882228066 ], [ -159.730111456964238, 21.972376959532571 ], [ -159.730321818928246, 21.972304832679598 ], [ -159.730518998398765, 21.972302333757295 ], [ -159.730707816579979, 21.972343989674282 ], [ -159.730871944532737, 21.972516051811304 ], [ -159.731069844735515, 21.972509742057092 ], [ -159.731247334472926, 21.972611235229841 ], [ -159.731433982374028, 21.972664358769826 ], [ -159.731621250926594, 21.972714204479807 ], [ -159.731812206853647, 21.972744573258883 ], [ -159.732003464641025, 21.972773351376077 ], [ -159.732196214345549, 21.972794247621653 ], [ -159.732277585961015, 21.972843259436068 ], [ -159.732468913877483, 21.972880193547468 ], [ -159.732700377367934, 21.972809609189817 ], [ -159.732898750612748, 21.972827670817484 ], [ -159.73306272214549, 21.972937885096858 ], [ -159.733244095891564, 21.973001485221413 ], [ -159.733421340498893, 21.97307614682504 ], [ -159.733576549697943, 21.973209838589067 ], [ -159.73380346444111, 21.973151440077764 ], [ -159.733973444606818, 21.973245560387255 ], [ -159.734134403149085, 21.973363851736377 ], [ -159.734306079628368, 21.973453431714507 ], [ -159.734483378813025, 21.973527946448822 ], [ -159.734651033485306, 21.973628299999202 ], [ -159.734825714346812, 21.973709832886108 ], [ -159.735007103181118, 21.973773394811801 ], [ -159.735190484141498, 21.973831618420416 ], [ -159.735377408760826, 21.973880349219737 ], [ -159.735572740849761, 21.973906559072699 ], [ -159.735762079920647, 21.973948821968975 ], [ -159.735950136993125, 21.973994520622625 ], [ -159.736142198136207, 21.974029493035498 ], [ -159.736328038965326, 21.974081127529381 ], [ -159.736510617366747, 21.974141504247559 ], [ -159.736680104599515, 21.974236950988168 ], [ -159.736852372160087, 21.97432495184708 ], [ -159.736967320423901, 21.974566512342594 ], [ -159.737151951794402, 21.974621389111768 ], [ -159.737535395429404, 21.974501906958668 ], [ -159.737718886720842, 21.974563495993966 ], [ -159.737891601998285, 21.974668030555652 ], [ -159.73808002665848, 21.974709961488387 ], [ -159.738260161765425, 21.974784926358566 ], [ -159.738450343300372, 21.974819857505459 ], [ -159.738635107032223, 21.974876377088769 ], [ -159.738816907175703, 21.974944708269469 ], [ -159.739003407859741, 21.974994304950052 ], [ -159.739174307249186, 21.975106081668351 ], [ -159.739369251405435, 21.975122029623439 ], [ -159.73956035506788, 21.975153283874551 ], [ -159.739743260595958, 21.975217213059651 ], [ -159.739923133348981, 21.975293227003483 ], [ -159.740106567789439, 21.97535505026395 ], [ -159.740292007526676, 21.975408878172892 ], [ -159.740481767073618, 21.975445491878315 ], [ -159.740672958661776, 21.975476393899129 ], [ -159.740861616660993, 21.975517399967899 ], [ -159.741054853402943, 21.975540153535807 ], [ -159.741255729160116, 21.975532460163809 ], [ -159.74144974029781, 21.975552126447688 ], [ -159.741642205679938, 21.975577954380483 ], [ -159.741835793716405, 21.975599310579998 ], [ -159.742031002527057, 21.975614200783838 ], [ -159.742223856184012, 21.975638481452947 ], [ -159.742415355818167, 21.975668161342682 ], [ -159.742607425798809, 21.975695564557686 ], [ -159.742798267024227, 21.975727865944833 ], [ -159.74298726938423, 21.975767499330697 ], [ -159.743175134114381, 21.97581166550955 ], [ -159.743361695187275, 21.975861028335473 ], [ -159.743547174643879, 21.975914699663548 ], [ -159.743732359163914, 21.975969552864118 ], [ -159.743929329727251, 21.975977424200266 ], [ -159.744134470016547, 21.975952727581255 ], [ -159.744327602437465, 21.97597589963096 ], [ -159.744516532419851, 21.976015819750856 ], [ -159.744710065387409, 21.976037395021791 ], [ -159.744893488435309, 21.976099264400897 ], [ -159.74508059410968, 21.976146459124148 ], [ -159.745293505363662, 21.976090786904486 ], [ -159.745514286996126, 21.97600374500254 ], [ -159.745731821472191, 21.975929643465221 ], [ -159.745933572147777, 21.975918456860242 ], [ -159.746127258838612, 21.97593941544492 ], [ -159.746311975564367, 21.975996131558883 ], [ -159.746494186642565, 21.976062836048236 ], [ -159.746685794783076, 21.976092082212105 ], [ -159.746873314640027, 21.976137624281687 ], [ -159.74705454699037, 21.976208230777786 ], [ -159.747237359224499, 21.976272536766505 ], [ -159.747431557000112, 21.976291462423777 ], [ -159.747539896683179, 21.9763278396684 ], [ -159.747760217787658, 21.976276802019555 ], [ -159.747949880490893, 21.9763165738844 ], [ -159.748140639187824, 21.976353100926765 ], [ -159.748329875736317, 21.976394132730608 ], [ -159.748499206312431, 21.976494130796695 ], [ -159.748683252759349, 21.976550538291203 ], [ -159.748860186191109, 21.976628015582936 ], [ -159.749044356934775, 21.976684056218637 ], [ -159.749215124686089, 21.976779797354713 ], [ -159.749419002168764, 21.976777462736216 ], [ -159.749586685849323, 21.976882340123488 ], [ -159.74977993301377, 21.976911493839427 ], [ -159.749965083945739, 21.976964631731089 ], [ -159.750149079090903, 21.977021195880358 ], [ -159.750328637573688, 21.977090897514831 ], [ -159.750508373629117, 21.977160075065711 ], [ -159.750688405523363, 21.977228379278067 ], [ -159.750870179066453, 21.977291520502988 ], [ -159.751035346556051, 21.977403855529207 ], [ -159.751239510954974, 21.97740067353746 ], [ -159.751416915018439, 21.977476759129306 ], [ -159.751588610351178, 21.97756975797574 ], [ -159.751777372539209, 21.977612199927293 ], [ -159.751957192885044, 21.977681130646566 ], [ -159.752160159768863, 21.977681495229245 ], [ -159.752342820497347, 21.977742013566886 ], [ -159.752524834759726, 21.977804445357833 ], [ -159.752685039156262, 21.977931482624172 ], [ -159.752859477697427, 21.978016359484311 ], [ -159.753066525841405, 21.978004632947972 ], [ -159.753238434557034, 21.978097002984676 ], [ -159.753419121162324, 21.978163369655114 ], [ -159.753600028226032, 21.978229082853201 ], [ -159.753767737553147, 21.978333892480666 ], [ -159.753931191849858, 21.978451309485092 ], [ -159.754102565672298, 21.978545264707005 ], [ -159.754276265710047, 21.97863232964383 ], [ -159.754466099077518, 21.978671603420466 ], [ -159.754658416817932, 21.978703516373784 ], [ -159.754837907009659, 21.978773428281258 ], [ -159.755001755433966, 21.978802099357182 ], [ -159.755177245687918, 21.978878615991508 ], [ -159.755397988552602, 21.97886611701615 ], [ -159.75557295664089, 21.978943660984473 ], [ -159.755769729484712, 21.978978312003438 ], [ -159.7558961740244, 21.979151306668516 ], [ -159.756032190588513, 21.979305471789971 ], [ -159.756292216724432, 21.979215698825019 ], [ -159.756511884413044, 21.979205314546462 ], [ -159.756689506892087, 21.979277636949298 ], [ -159.756823951357376, 21.979434896464713 ], [ -159.756969670204995, 21.979569978644768 ], [ -159.757200185830754, 21.979538255638619 ], [ -159.757377302913966, 21.979611572446121 ], [ -159.757547591174955, 21.979698324350128 ], [ -159.757729064460591, 21.979763072672849 ], [ -159.757787937402156, 21.979969761153264 ], [ -159.757910927614745, 21.980128937229132 ], [ -159.758071772354128, 21.980229986946441 ], [ -159.758356750103729, 21.980140429714126 ], [ -159.758578100094496, 21.980164244877443 ], [ -159.758784191552905, 21.980212801279848 ], [ -159.758962848136008, 21.980293540593472 ], [ -159.759105278532473, 21.980416778856966 ], [ -159.759303386738878, 21.980474700041462 ], [ -159.759456643923841, 21.980585237564316 ], [ -159.759624469260132, 21.980678684715585 ], [ -159.759754336812762, 21.98081666080677 ], [ -159.75987735575174, 21.980962670826035 ], [ -159.760075078045304, 21.981021045440219 ], [ -159.760133996419285, 21.981242254918296 ], [ -159.760263695564504, 21.981380429197845 ], [ -159.760432793939032, 21.981472383485933 ], [ -159.760592477338378, 21.981558644631793 ], [ -159.760645943845276, 21.981680121992785 ], [ -159.760810477215045, 21.981779790396111 ], [ -159.760896371311304, 21.981892387763164 ], [ -159.761054910197004, 21.982007287941332 ], [ -159.761197388705654, 21.982133440234371 ], [ -159.761331296265212, 21.982265598218603 ], [ -159.761483390618338, 21.982385013242563 ], [ -159.761596384046101, 21.982531824537666 ], [ -159.761768378347739, 21.982637296887727 ], [ -159.761875740478473, 21.982788053970676 ], [ -159.762002259243417, 21.982925389634758 ], [ -159.762113258965286, 21.983073598325948 ], [ -159.762303163903766, 21.983166520876374 ], [ -159.762387914899989, 21.983333122576504 ], [ -159.762565682462281, 21.983434548895307 ], [ -159.762668919665458, 21.983588197392574 ], [ -159.762725863586809, 21.983774282582591 ], [ -159.762877261080007, 21.9838941863981 ], [ -159.763025552453314, 21.98401626634654 ], [ -159.763098254706989, 21.984191309921925 ], [ -159.763178675325236, 21.98436094684466 ], [ -159.763288916014375, 21.984509688484977 ], [ -159.763414435032416, 21.984647725037863 ], [ -159.763521127832746, 21.984798952005001 ], [ -159.763532994634687, 21.98501662258607 ], [ -159.763650183019791, 21.985155724863542 ], [ -159.763734231257217, 21.985318630512307 ], [ -159.763830832328864, 21.98547539869681 ], [ -159.763933063138523, 21.985629415951262 ], [ -159.764011189743258, 21.985795217299195 ], [ -159.7640767281151, 21.985967172461891 ], [ -159.764172072145925, 21.986124556062311 ], [ -159.76428066178093, 21.986275463762595 ], [ -159.764383822100712, 21.986429026473115 ], [ -159.764499977828791, 21.986576235477258 ], [ -159.764588748339577, 21.986736832109102 ], [ -159.764655623043126, 21.986908134835847 ], [ -159.764737079492477, 21.987072308591994 ], [ -159.764863762918566, 21.987214370352049 ], [ -159.764893215654013, 21.987403968700132 ], [ -159.765003680356699, 21.987553960102147 ], [ -159.765078048216793, 21.987721599627736 ], [ -159.765000456231036, 21.987963531423521 ], [ -159.765105665802793, 21.988116093016636 ], [ -159.765197069718226, 21.988275403176281 ], [ -159.765313736014377, 21.988422363409363 ], [ -159.765436311356524, 21.988566434013443 ], [ -159.76550050120531, 21.988739049734324 ], [ -159.765593968650307, 21.988897350852746 ], [ -159.765643006343311, 21.989064774905682 ], [ -159.765712643454009, 21.989233417245053 ], [ -159.765775234577887, 21.989404746622803 ], [ -159.765875516892066, 21.989561703101842 ], [ -159.765939172686075, 21.989732626322652 ], [ -159.766045638344622, 21.989887224850108 ], [ -159.766111369008854, 21.990057356860344 ], [ -159.766162016605534, 21.990233241658139 ], [ -159.766231705205996, 21.990401864513167 ], [ -159.766278008773895, 21.990579404702917 ], [ -159.766351908602473, 21.990746422356761 ], [ -159.766292017414514, 21.990964459275904 ], [ -159.766369405300566, 21.991130146170395 ], [ -159.766589044347, 21.991241586859488 ], [ -159.766729695159484, 21.991383149880964 ], [ -159.766812798891607, 21.991546657025744 ], [ -159.766887178388941, 21.991713491469955 ], [ -159.76703553743971, 21.991852114644136 ], [ -159.766921850131126, 21.992090666515193 ], [ -159.766893475682565, 21.992296685603929 ], [ -159.766976526028429, 21.992460212754846 ], [ -159.767021238148089, 21.992638360853515 ], [ -159.767126555885426, 21.992793397543764 ], [ -159.767305936853347, 21.992920190788407 ], [ -159.767327059064513, 21.993107334951755 ], [ -159.767400473319412, 21.993274536779246 ], [ -159.767503408056996, 21.993430482320775 ], [ -159.767492227135278, 21.99362994455452 ], [ -159.767362125534504, 21.993874757258205 ], [ -159.767416425495611, 21.994049248556248 ], [ -159.767394596105049, 21.994252771680134 ], [ -159.767469884566566, 21.994419260018457 ], [ -159.767569428047352, 21.994576498747904 ], [ -159.767696576272698, 21.994723211001627 ], [ -159.767806173090463, 21.994876616375205 ], [ -159.768059858048929, 21.994975073574604 ], [ -159.768021135151145, 21.995185039381891 ], [ -159.767981839854372, 21.995395223769755 ], [ -159.768092300787202, 21.995548298747199 ], [ -159.768230354060279, 21.995690852620978 ], [ -159.768519522244702, 21.995775779795917 ], [ -159.768514313135682, 21.995972965474586 ], [ -159.768553805210558, 21.996153104163543 ], [ -159.768705529947169, 21.996290444171102 ], [ -159.768980363133068, 21.996380837283969 ], [ -159.769201998937916, 21.996491516783724 ], [ -159.769260188463107, 21.996664526495678 ], [ -159.769369360227557, 21.996818093510523 ], [ -159.769456900811889, 21.996979909670863 ], [ -159.769370322740059, 21.997208125708443 ], [ -159.769454486803426, 21.997371229679786 ], [ -159.769533241253441, 21.997536396143715 ], [ -159.769733963165635, 21.99765505151273 ], [ -159.769584607660079, 21.997907206889479 ], [ -159.769396276865962, 21.998174226097838 ], [ -159.769483887000064, 21.998336015671828 ], [ -159.769621307335314, 21.998478810598051 ], [ -159.769707531626779, 21.998641129606444 ], [ -159.769596330263767, 21.998878735573598 ], [ -159.769678645293567, 21.999042544563398 ], [ -159.769711176394878, 21.999225338986296 ], [ -159.769774723488922, 21.99939630508198 ], [ -159.769732737460004, 21.999607515990732 ], [ -159.769773712310325, 21.999787090793578 ], [ -159.769946755935138, 21.999916300909462 ], [ -159.770024272123294, 22.000081940812759 ], [ -159.770139752540302, 22.00023310341853 ], [ -159.770129272115582, 22.000432299415163 ], [ -159.770263562912191, 22.000576288236175 ], [ -159.770391687103938, 22.00072262854167 ], [ -159.770353900258414, 22.000932238891245 ], [ -159.770364796880216, 22.001123283382647 ], [ -159.77040052936465, 22.00130485741953 ], [ -159.770535642051385, 22.001448533153095 ], [ -159.770899020437241, 22.001637068218013 ], [ -159.771161117684471, 22.001817407947431 ], [ -159.771290218656674, 22.00195912110582 ], [ -159.771391710810178, 22.002113769682534 ], [ -159.771671629690786, 22.002499635201954 ], [ -159.771904679972408, 22.002562465457995 ], [ -159.772165331192895, 22.002605985390424 ], [ -159.772353614973923, 22.002700131553247 ], [ -159.772447537845409, 22.002860292368513 ], [ -159.772375537694103, 22.003136530760653 ], [ -159.772577970640839, 22.003220779228812 ], [ -159.772733985570795, 22.003337501067364 ], [ -159.77271296035056, 22.003578078074405 ], [ -159.772848835146505, 22.003708890115032 ], [ -159.773096415500248, 22.003761554665431 ], [ -159.773071476411303, 22.004004870273135 ], [ -159.773144064545448, 22.004179956850038 ], [ -159.773276710122616, 22.004313027766262 ], [ -159.773351973934979, 22.004486242426225 ], [ -159.773513936884882, 22.004598804169984 ], [ -159.773550271817925, 22.004799253667009 ], [ -159.773610989237312, 22.004982645814927 ], [ -159.773712410078048, 22.005137561430736 ], [ -159.773762908369832, 22.005328103326644 ], [ -159.773988546340149, 22.005396118416051 ], [ -159.774118173082456, 22.005531303232043 ], [ -159.774232599667414, 22.005677121318943 ], [ -159.774163498040622, 22.005951332996506 ], [ -159.774121926863927, 22.00620628434352 ], [ -159.774168530936208, 22.006399550125483 ], [ -159.774403733106595, 22.006460876756783 ], [ -159.774514226964385, 22.006609445953863 ], [ -159.774564668992411, 22.006800026642257 ], [ -159.774719879778246, 22.006917313924014 ], [ -159.774795861950366, 22.007090027528683 ], [ -159.774878384881362, 22.007258166095394 ], [ -159.774997166323374, 22.007400937510518 ], [ -159.775219009465076, 22.007471609359339 ], [ -159.77540775238873, 22.007565437008047 ], [ -159.775563468481664, 22.007682370535619 ], [ -159.775724847134029, 22.00779534192316 ], [ -159.775787643720548, 22.007977281442592 ], [ -159.776237631630607, 22.0081543564215 ], [ -159.776421570549104, 22.008235129850508 ], [ -159.776724134463592, 22.008196679184731 ], [ -159.776903922888181, 22.008281623733748 ], [ -159.777091440795459, 22.008358798376523 ], [ -159.777317054137882, 22.008397686054888 ], [ -159.777472099291288, 22.008507499410566 ], [ -159.777688092335893, 22.008556056062741 ], [ -159.777875966545878, 22.008632873965087 ], [ -159.77799611994746, 22.008777755938617 ], [ -159.778160663304106, 22.008878022532045 ], [ -159.77831948655944, 22.00898403911901 ], [ -159.778480423978181, 22.009087930657529 ], [ -159.778605772634307, 22.009227591152523 ], [ -159.778777630898361, 22.009320506662643 ], [ -159.778902238149016, 22.009460912124268 ], [ -159.779025117128612, 22.009603056600493 ], [ -159.779142118000294, 22.009751107304819 ], [ -159.779272062853494, 22.009886149833982 ], [ -159.779431585622262, 22.009991463633295 ], [ -159.779576111683781, 22.010111851266441 ], [ -159.779716829249395, 22.010236065591734 ], [ -159.77979388350127, 22.010424267456038 ], [ -159.779950475307146, 22.010532527081047 ], [ -159.780102575497835, 22.01064530231276 ], [ -159.78022331097614, 22.010789601579109 ], [ -159.780341780536816, 22.010936178151724 ], [ -159.780355753380377, 22.011187783906099 ], [ -159.780454314483393, 22.011354369581934 ], [ -159.780610024283561, 22.01146351714991 ], [ -159.780698745597675, 22.011639994712368 ], [ -159.780816589126459, 22.011787200834849 ], [ -159.780978074937678, 22.011890544211511 ], [ -159.781128512448703, 22.012004990391436 ], [ -159.781188788180515, 22.012210058319887 ], [ -159.781433967740981, 22.012229281173511 ], [ -159.781675830015615, 22.012251838548497 ], [ -159.781861727308154, 22.012330645860409 ], [ -159.782047316477986, 22.012409762483163 ], [ -159.782189180213095, 22.012532827184351 ], [ -159.78228371361601, 22.012625886439935 ], [ -159.782352948152266, 22.012802914931875 ], [ -159.782549701563084, 22.01289185177631 ], [ -159.782644835636546, 22.013050988525137 ], [ -159.782752482254892, 22.013201482312681 ], [ -159.78281866486796, 22.013380619215766 ], [ -159.782919115690817, 22.013536084290799 ], [ -159.782989775101157, 22.01371212908942 ], [ -159.783092802366269, 22.013865813792197 ], [ -159.783161571417878, 22.014043165708781 ], [ -159.78327813938742, 22.014187495981524 ], [ -159.783462480385651, 22.014285007262558 ], [ -159.783767339479226, 22.014299261685306 ], [ -159.783945494256386, 22.014401046134306 ], [ -159.784119656411633, 22.014505588572099 ], [ -159.78426665147532, 22.014628900530031 ], [ -159.784370605412221, 22.014781945746037 ], [ -159.784460493301168, 22.01494470825947 ], [ -159.784547566014623, 22.015109414742565 ], [ -159.784611603379346, 22.015290036313417 ], [ -159.784613599004587, 22.015307602286477 ], [ -159.784657690433136, 22.015483875514736 ], [ -159.784724186092063, 22.015656585079533 ], [ -159.784721676777366, 22.01584027058442 ], [ -159.784722347317569, 22.016023450318635 ], [ -159.78469598569032, 22.016210929533077 ], [ -159.784689460150702, 22.01639525488568 ], [ -159.784695090685972, 22.016577645688162 ], [ -159.784671721991998, 22.016764648926554 ], [ -159.78462506998784, 22.016955356419047 ], [ -159.784673283750152, 22.017130973871694 ], [ -159.784733511490344, 22.017304680018309 ], [ -159.784878765724386, 22.017464860801457 ] ] } },
{ "type": "Feature", "properties": { "objectid": 202, "island": "Kauai", "st_lengthshape": 310.48554820318731 }, "geometry": { "type": "LineString", "coordinates": [ [ -159.785641363092765, 22.018069456382122 ], [ -159.785679953715203, 22.018246793592251 ], [ -159.785651615599136, 22.018440421825417 ], [ -159.785758813021545, 22.018601060621755 ], [ -159.785794096839908, 22.018779203206499 ], [ -159.785795408727068, 22.018965613910108 ], [ -159.785748817599142, 22.019163684918905 ], [ -159.785733283203399, 22.019354196483725 ], [ -159.785728154936095, 22.019542175628697 ], [ -159.785744624668922, 22.019724897361201 ], [ -159.785774626846546, 22.019904325476126 ], [ -159.785813972913104, 22.020081479202016 ], [ -159.785891833181068, 22.02024925890748 ], [ -159.785977926690066, 22.020415034201296 ], [ -159.78606723758196, 22.020580027028426 ], [ -159.786184059656193, 22.02073832286273 ] ] } },
{ "type": "Feature", "properties": { "objectid": 203, "island": "Kauai", "st_lengthshape": 20.000166311986082 }, "geometry": { "type": "LineString", "coordinates": [ [ -159.78725528458196, 22.026399849546788 ], [ -159.787197783492388, 22.026227309610341 ] ] } },
{ "type": "Feature", "properties": { "objectid": 204, "island": "Kauai", "st_lengthshape": 81.542412765373655 }, "geometry": { "type": "LineString", "coordinates": [ [ -159.785734783459134, 22.037316951349606 ], [ -159.785764644616279, 22.037499868570805 ], [ -159.785779126664721, 22.037681835122186 ], [ -159.785816623290685, 22.037865223394281 ], [ -159.785831025973494, 22.03804718489102 ] ] } },
{ "type": "Feature", "properties": { "objectid": 205, "island": "Kauai", "st_lengthshape": 546.38918407335177 }, "geometry": { "type": "LineString", "coordinates": [ [ -159.785426671828617, 22.042900366343005 ], [ -159.785304532145318, 22.043052406499644 ], [ -159.785207802011172, 22.043212533835387 ], [ -159.785060017086295, 22.043356411795678 ], [ -159.784905487226411, 22.043498142981115 ], [ -159.784841604935394, 22.043668724780254 ], [ -159.784735085980572, 22.043825736899805 ], [ -159.784680402028101, 22.043999247612927 ], [ -159.784628976703459, 22.044173795142488 ], [ -159.784549987213097, 22.04433956910577 ], [ -159.784407557965892, 22.04448515173744 ], [ -159.78436425431147, 22.044662284627663 ], [ -159.784195312719277, 22.04479942813467 ], [ -159.784080438050296, 22.04495378053285 ], [ -159.783963643983867, 22.045107522317821 ], [ -159.783947792170096, 22.045293393148896 ], [ -159.783848348733358, 22.045452657319085 ], [ -159.783810091018637, 22.045631396529519 ], [ -159.783724649213156, 22.045795116875237 ], [ -159.783631848970145, 22.045956495575989 ], [ -159.783589274927067, 22.046133860557603 ], [ -159.783739053499858, 22.046372450014285 ], [ -159.783690175440569, 22.046547808947413 ], [ -159.783646196639467, 22.046724726252453 ], [ -159.783593288769026, 22.046898802657502 ], [ -159.783505046349234, 22.047061631998631 ], [ -159.783402552104462, 22.047219925811014 ] ] } },
{ "type": "Feature", "properties": { "objectid": 206, "island": "Kauai", "st_lengthshape": 62.258095518412645 }, "geometry": { "type": "LineString", "coordinates": [ [ -159.783512951802692, 22.047636896710415 ], [ -159.78346538263105, 22.047812672090089 ], [ -159.783439187516279, 22.047995250691226 ], [ -159.783456119330822, 22.048191555899709 ] ] } },
{ "type": "Feature", "properties": { "objectid": 207, "island": "Kauai", "st_lengthshape": 5753.4054770821967 }, "geometry": { "type": "LineString", "coordinates": [ [ -159.782669600206304, 22.065617714281899 ], [ -159.782551171369164, 22.065764339732617 ], [ -159.782434455570126, 22.0659126841879 ], [ -159.782317916900524, 22.066061206587211 ], [ -159.782201042745839, 22.066209393546767 ], [ -159.78208755201689, 22.066360972738011 ], [ -159.78195686881088, 22.066495307030809 ], [ -159.78182049294378, 22.066623931004933 ], [ -159.78167742743571, 22.066745843938158 ], [ -159.781528879769155, 22.06686225690968 ], [ -159.78106750224606, 22.066664851040443 ], [ -159.780808625613531, 22.066670584693444 ], [ -159.78066090566611, 22.066787829480976 ], [ -159.78049465332677, 22.066886481372904 ], [ -159.78035112054738, 22.067007925643406 ], [ -159.780169500960767, 22.06709116190865 ], [ -159.77996177287838, 22.067148207632396 ], [ -159.779961082677403, 22.067412949031691 ], [ -159.779810478507954, 22.067527298818149 ], [ -159.779602934801858, 22.067584530224895 ], [ -159.779499098026832, 22.067745796604484 ], [ -159.779395617712169, 22.067907421674754 ], [ -159.779157293940727, 22.06793377407956 ], [ -159.779044809198751, 22.068086366376125 ], [ -159.778865821662833, 22.068172244665107 ], [ -159.77875724632716, 22.068328758742155 ], [ -159.778613628736025, 22.068450119733978 ], [ -159.7784646021274, 22.068566054390093 ], [ -159.778272440592559, 22.068638715820711 ], [ -159.778031491845695, 22.068662434885788 ], [ -159.777761442969791, 22.068656961614543 ], [ -159.777500971943908, 22.06866109509037 ], [ -159.777259454836695, 22.068684243877922 ], [ -159.777060511599188, 22.068750101983934 ], [ -159.776761242810664, 22.068715312654803 ], [ -159.776565755980386, 22.06878463812642 ], [ -159.776340165381498, 22.068823763190231 ], [ -159.776174432843533, 22.06892293862051 ], [ -159.775959176887767, 22.068972431115075 ], [ -159.775795885117191, 22.069074054522705 ], [ -159.775659801264482, 22.069202974766995 ], [ -159.775473178561157, 22.06928119235328 ], [ -159.775356592775779, 22.069429673161512 ], [ -159.775254091757802, 22.069592283906598 ], [ -159.775049468597814, 22.069652444461422 ], [ -159.774935764745692, 22.069803815724047 ], [ -159.774798949480044, 22.069932002479089 ], [ -159.774615794680585, 22.070013699710252 ], [ -159.774419620829946, 22.070082336641615 ], [ -159.774207817174613, 22.070135293104812 ], [ -159.774099138702269, 22.070291708039161 ], [ -159.773911810056489, 22.070369218068851 ], [ -159.773758633781767, 22.070480990910983 ], [ -159.773607834155115, 22.070595148163548 ], [ -159.773445510414604, 22.07069774489031 ], [ -159.773314985500491, 22.070832243399526 ], [ -159.773101258493199, 22.070883269783685 ], [ -159.772962355017114, 22.071009363635859 ], [ -159.772844939755743, 22.071157013715013 ], [ -159.772792948670656, 22.071370301179996 ], [ -159.772593041495412, 22.071435192802195 ], [ -159.77252491456116, 22.071632292674391 ], [ -159.772343105941161, 22.071715341575437 ], [ -159.772238759932719, 22.071876105465311 ], [ -159.771993949154222, 22.071895947633976 ], [ -159.771896067669104, 22.072063196050927 ], [ -159.77167756109904, 22.072109429014812 ], [ -159.771552569533583, 22.072249480300052 ], [ -159.771396229917457, 22.072358081470512 ], [ -159.771249298196693, 22.072476121019132 ], [ -159.77107704983456, 22.072568762639087 ], [ -159.770962869709564, 22.072719661017615 ], [ -159.77078721682102, 22.072808887313677 ], [ -159.770621410370779, 22.072907991676193 ], [ -159.770457978619049, 22.073009478672336 ], [ -159.770294204563953, 22.07311062112327 ], [ -159.77015790327269, 22.073239327475246 ], [ -159.769987893693354, 22.073334215008689 ], [ -159.769878609789401, 22.073490026635159 ], [ -159.769696291409559, 22.073572566460602 ], [ -159.769612362339387, 22.073753815498776 ], [ -159.769454357012705, 22.07386074691825 ], [ -159.769349504291313, 22.07402100462199 ], [ -159.769261418157015, 22.074198084925754 ], [ -159.769080220178495, 22.074281748055597 ], [ -159.7688639213562, 22.074330195633586 ], [ -159.768724319785377, 22.074455591870329 ], [ -159.768641617861675, 22.074638074116791 ], [ -159.768509972836142, 22.074771453081283 ], [ -159.76844837491484, 22.074975108192007 ], [ -159.768373524160978, 22.075165468017822 ], [ -159.768235223324041, 22.075292170369249 ], [ -159.768239069634234, 22.075561484418984 ], [ -159.768123126066996, 22.075710616723256 ], [ -159.768084898544714, 22.075937719632233 ], [ -159.768010506814107, 22.076128540577006 ], [ -159.767904834178125, 22.076287977348873 ], [ -159.767814997556883, 22.076463303511243 ], [ -159.767765526116136, 22.076679126104086 ], [ -159.767698979617535, 22.076877818354244 ], [ -159.76762785552296, 22.077071918451416 ], [ -159.767486382988494, 22.077195439798373 ], [ -159.76740252704235, 22.077376766897821 ], [ -159.767162722835593, 22.077401636651526 ], [ -159.767043398916485, 22.077547379201185 ], [ -159.766884135166464, 22.077653052102825 ], [ -159.76670210885365, 22.077735888177859 ], [ -159.766569009065989, 22.077867810778042 ], [ -159.766430043276443, 22.07799384807841 ], [ -159.766281916569369, 22.078110694641929 ], [ -159.766105836920559, 22.078199498005564 ], [ -159.765914847578983, 22.078273341315228 ], [ -159.765808352424557, 22.078431956746378 ], [ -159.765683464562699, 22.078572118860045 ], [ -159.765539438466362, 22.078693080388128 ], [ -159.765447578209603, 22.078866378537771 ], [ -159.765336979287724, 22.079020877163128 ], [ -159.765217566394824, 22.079166533927129 ], [ -159.765090788656181, 22.079304801005936 ], [ -159.764931784586423, 22.07941073554376 ], [ -159.764801756263722, 22.079545741919333 ], [ -159.764683048925463, 22.07969210687892 ], [ -159.764526726045716, 22.079800731440578 ], [ -159.764364595647294, 22.079903529939237 ], [ -159.764195903446392, 22.079999746131566 ], [ -159.764011132102013, 22.080079829558255 ], [ -159.763871606388932, 22.080205308174204 ], [ -159.763677855197528, 22.080276382115354 ], [ -159.763492649522505, 22.080356030659949 ], [ -159.763400782799636, 22.080529325030358 ], [ -159.76327354793753, 22.080667134863955 ], [ -159.76314886319642, 22.080807503749 ], [ -159.763026710059677, 22.080950412806391 ], [ -159.76290421558852, 22.081092979176809 ], [ -159.762763888777783, 22.081217654792788 ], [ -159.762610663713275, 22.081329389760306 ], [ -159.762498664274744, 22.081482486492668 ], [ -159.762378415128097, 22.081627305908921 ], [ -159.762258170618509, 22.081772131542152 ], [ -159.762095524667615, 22.081874414426629 ], [ -159.761948020852145, 22.081991890274402 ], [ -159.761844489892439, 22.082153483247204 ], [ -159.761750498466967, 22.082324648303569 ], [ -159.761608126796347, 22.082447273662385 ], [ -159.761457404063975, 22.082561521809104 ], [ -159.761344440554382, 22.082713652029405 ], [ -159.761179633284769, 22.082813767829165 ], [ -159.761055792455608, 22.082954985854286 ], [ -159.760875987524798, 22.083040053831805 ], [ -159.760726926124789, 22.083155968480309 ], [ -159.760581272436752, 22.083275301835066 ], [ -159.760427035746005, 22.08338602321377 ], [ -159.760250219763293, 22.083474091232784 ], [ -159.760090979323593, 22.083579792844546 ], [ -159.759921414407728, 22.083675136138613 ], [ -159.759787192761678, 22.083805940223318 ], [ -159.759648786205162, 22.083932544812548 ], [ -159.759489469759984, 22.084038171227132 ], [ -159.75936958864375, 22.084183363514278 ], [ -159.759251884398168, 22.084330739943042 ], [ -159.75912497248936, 22.084468878512933 ], [ -159.758953557153632, 22.084562365730687 ], [ -159.758863909074194, 22.084737892286501 ], [ -159.758713912575672, 22.084852869971336 ], [ -159.75858391624277, 22.084987913883243 ], [ -159.758426179482086, 22.085095125546154 ], [ -159.758250740038676, 22.085184576299849 ], [ -159.758086053389235, 22.085284814986036 ], [ -159.7579136023883, 22.085377264336639 ], [ -159.757774116739427, 22.085502788324494 ], [ -159.757641638723527, 22.085635343332893 ], [ -159.757466499228514, 22.085725094512362 ], [ -159.757296162987643, 22.085819665432457 ], [ -159.757158047528492, 22.085946565655128 ], [ -159.757022925584124, 22.086076468324556 ], [ -159.756873179536655, 22.086191697966932 ], [ -159.756712681224968, 22.086296141075159 ], [ -159.75656039798244, 22.086408825587828 ], [ -159.756366853763041, 22.086480112374929 ], [ -159.756222526118876, 22.086600778269155 ], [ -159.756079666855157, 22.08672291880961 ], [ -159.755951357110405, 22.086859657595149 ], [ -159.755843814411378, 22.087017233637145 ], [ -159.755691384492962, 22.087129771693849 ], [ -159.755598700979732, 22.08730225620619 ], [ -159.755414656724696, 22.087383074833365 ], [ -159.755352501920754, 22.087586191238053 ], [ -159.755211492533618, 22.087710188903863 ], [ -159.755021910224769, 22.087785450635707 ], [ -159.754805309794506, 22.087833604190628 ], [ -159.754650781948754, 22.087944037961698 ], [ -159.754578536492289, 22.088137031202447 ], [ -159.754419896593049, 22.088243339890813 ], [ -159.75428380224119, 22.088372269196356 ], [ -159.754086991409423, 22.088440278280611 ], [ -159.753903439848983, 22.088521592552418 ], [ -159.75379358496599, 22.088676849922706 ], [ -159.753632126494523, 22.088780330603996 ], [ -159.753469251797185, 22.08888239120374 ], [ -159.753316227405008, 22.088994334517206 ], [ -159.753148547798133, 22.089091573870284 ], [ -159.752995130188964, 22.089203123018066 ], [ -159.752831513893199, 22.089304439311128 ], [ -159.752713580344277, 22.089451592733443 ], [ -159.752541668373055, 22.089544586061553 ], [ -159.752396610262707, 22.089664522105938 ], [ -159.75233922930164, 22.08987243234089 ], [ -159.752200107530541, 22.089998326763656 ], [ -159.752078985071364, 22.090142281057751 ], [ -159.751946251818907, 22.090274585248572 ], [ -159.751835148986316, 22.090428593186257 ], [ -159.751671328713911, 22.090529706030804 ], [ -159.751510791393059, 22.09063411274272 ], [ -159.751366136710828, 22.090754456188048 ], [ -159.751240720941468, 22.090894104182198 ], [ -159.751117558029648, 22.091036011049148 ], [ -159.75099173246582, 22.091175247892505 ], [ -159.750862303814614, 22.091310868659122 ], [ -159.750678002090325, 22.091391432139119 ], [ -159.750580436155872, 22.091559023709138 ], [ -159.750454393256348, 22.091698042530666 ], [ -159.750400220757427, 22.091909175142057 ], [ -159.750265538156469, 22.092039524799524 ], [ -159.75007726003156, 22.092116099338579 ], [ -159.749876160794116, 22.092179810381683 ], [ -159.749802498609426, 22.092371387985182 ], [ -159.749746209200026, 22.092580397196517 ], [ -159.749505463302512, 22.092604325446629 ], [ -159.749425265206327, 22.092789345331415 ], [ -159.749356583924282, 22.092985921853458 ], [ -159.749236197673895, 22.093130616941835 ], [ -159.749119951001347, 22.093279467541262 ], [ -159.748964159521904, 22.093388638957311 ], [ -159.748914145482274, 22.093603946488351 ], [ -159.748843306480751, 22.093798358226227 ], [ -159.74868340461208, 22.093903405267962 ], [ -159.748531207171197, 22.094016184227836 ], [ -159.748303523159905, 22.094053219673011 ], [ -159.748229628921592, 22.094244566391108 ], [ -159.748110772438906, 22.094390798475448 ], [ -159.747862694653094, 22.094407371813944 ], [ -159.747766821021372, 22.094576665951799 ], [ -159.747583778187362, 22.094658494975729 ], [ -159.747336553533273, 22.094675923653181 ], [ -159.747084960967499, 22.094688968796103 ], [ -159.746933412369685, 22.094802399202457 ], [ -159.746778290904672, 22.094912243977447 ], [ -159.746692871353901, 22.095092028705494 ], [ -159.746490329830351, 22.095154293243183 ], [ -159.7463339748534, 22.095262900176628 ], [ -159.746253183545065, 22.095447329564884 ], [ -159.746119242215144, 22.095578427767162 ], [ -159.746052029541517, 22.095776481442996 ], [ -159.745912485151962, 22.095901957962027 ], [ -159.745657754190745, 22.095911855220955 ], [ -159.74553951443778, 22.096058709639621 ], [ -159.74543229049678, 22.096216615504396 ], [ -159.745301223517799, 22.096350598930108 ], [ -159.745131304778283, 22.096445597393728 ], [ -159.74508001609442, 22.096659631346022 ], [ -159.744937336864297, 22.096781963095861 ], [ -159.744813952088663, 22.096923655898983 ], [ -159.744763959871847, 22.097138991053118 ], [ -159.74466394483477, 22.097304133167381 ], [ -159.744580071702643, 22.097485471751718 ], [ -159.744436171108561, 22.097606579130563 ], [ -159.744335520955332, 22.097771085246677 ], [ -159.744255010251266, 22.097955797878441 ], [ -159.744178123644048, 22.098144149088178 ], [ -159.74426851681352, 22.09850035010188 ] ] } },
{ "type": "Feature", "properties": { "objectid": 208, "island": "Maui", "st_lengthshape": 104.55215802592721 }, "geometry": { "type": "LineString", "coordinates": [ [ -156.442382710827843, 20.625875739673308 ], [ -156.442470614177466, 20.62603752103362 ], [ -156.442510374970254, 20.626211612090824 ], [ -156.442633092480946, 20.626390249295575 ], [ -156.442712686359101, 20.626559852310894 ], [ -156.442868059805249, 20.626674685864984 ] ] } },
{ "type": "Feature", "properties": { "objectid": 209, "island": "Maui", "st_lengthshape": 47.582247119952342 }, "geometry": { "type": "LineString", "coordinates": [ [ -156.442845526671448, 20.627109577327836 ], [ -156.442961222102667, 20.627255931998665 ], [ -156.443223739470938, 20.627257365813058 ] ] } },
{ "type": "Feature", "properties": { "objectid": 210, "island": "Maui", "st_lengthshape": 1180.2680598849827 }, "geometry": { "type": "LineString", "coordinates": [ [ -156.443563761222549, 20.627670705748102 ], [ -156.443727561000742, 20.627773041481728 ], [ -156.443943760180787, 20.627828138126375 ], [ -156.44412212826677, 20.62791423433319 ], [ -156.44413159207005, 20.62798782909395 ], [ -156.444112372089393, 20.628209753170946 ], [ -156.444165960278895, 20.628390246413275 ], [ -156.444209238811169, 20.628576606809865 ], [ -156.444219857731269, 20.628781551634187 ], [ -156.44424119893705, 20.628974079275061 ], [ -156.444327661785934, 20.629190435742313 ], [ -156.444439690679303, 20.629337064947485 ], [ -156.444506697870082, 20.629515766743086 ], [ -156.444542960912344, 20.629716370707676 ], [ -156.444631729028288, 20.629879569965926 ], [ -156.444735364223533, 20.63003217945738 ], [ -156.444916177403741, 20.630129807317122 ], [ -156.445081049344566, 20.630238792614005 ], [ -156.445214174890538, 20.630369622802082 ], [ -156.445351535035485, 20.630742673515353 ], [ -156.445504824761656, 20.630852617539624 ], [ -156.445597706415811, 20.631023851032815 ], [ -156.445771834847335, 20.631112653357789 ], [ -156.445905972966074, 20.631242028144182 ], [ -156.446051821245533, 20.631359522061818 ], [ -156.446200853326161, 20.631473787168069 ], [ -156.446361545818036, 20.631576221187309 ], [ -156.446508637762633, 20.631692454631786 ], [ -156.446631505158393, 20.631833265703623 ], [ -156.44682304789157, 20.631904398929041 ], [ -156.446978891249728, 20.632011753895103 ], [ -156.447127180275373, 20.632126773002135 ], [ -156.447237861565299, 20.632279948727557 ], [ -156.447383864972949, 20.632393326642219 ], [ -156.4476946472073, 20.632636958258114 ], [ -156.447841776178791, 20.632753912719767 ], [ -156.447989531322946, 20.632870027582857 ], [ -156.448156521699957, 20.632960372804146 ], [ -156.44830962906525, 20.633069317872476 ], [ -156.448461134548268, 20.633180409776262 ], [ -156.44862754281985, 20.633271535145475 ], [ -156.448740544431189, 20.633434214281756 ], [ -156.448785190636954, 20.633688475341142 ], [ -156.448887018177174, 20.63386612680241 ], [ -156.449044707644788, 20.633968933253016 ], [ -156.44923810265152, 20.63402390383817 ], [ -156.449426166678336, 20.634086015236075 ], [ -156.449600742038967, 20.634166200544875 ], [ -156.449765787468209, 20.634259152211573 ], [ -156.449929038925831, 20.634351791906937 ], [ -156.45031469590532, 20.634527113252098 ], [ -156.450523452754567, 20.634515992180965 ], [ -156.450761685100133, 20.634439007011217 ], [ -156.45100042780021, 20.634360795628751 ] ] } },
{ "type": "Feature", "properties": { "objectid": 211, "island": "Maui", "st_lengthshape": 105.92334031949792 }, "geometry": { "type": "LineString", "coordinates": [ [ -156.451616562285295, 20.63446294783861 ], [ -156.45159179172407, 20.634658975976336 ], [ -156.451534832009656, 20.634864301186141 ], [ -156.45153933674041, 20.635051874056177 ], [ -156.451589221237327, 20.635226339229025 ], [ -156.451648558328856, 20.635395744009614 ] ] } },
{ "type": "Feature", "properties": { "objectid": 212, "island": "Maui", "st_lengthshape": 546.85035721778786 }, "geometry": { "type": "LineString", "coordinates": [ [ -156.447822331011025, 20.639212703024576 ], [ -156.44764520468641, 20.639313473547855 ], [ -156.44748457890293, 20.639425862083673 ], [ -156.44733402111089, 20.639545341968589 ], [ -156.447145321335825, 20.639637961561885 ], [ -156.446894661842123, 20.639686952281156 ], [ -156.446756435556836, 20.639815114172844 ], [ -156.446606211518173, 20.639934828514942 ], [ -156.446452594203151, 20.640052153012629 ], [ -156.4463509755264, 20.640205258662455 ], [ -156.446174380653787, 20.640600856203847 ], [ -156.446130556638849, 20.640777056040744 ], [ -156.446205300698068, 20.640987329086762 ], [ -156.446187057462481, 20.641170879906099 ], [ -156.446093194016242, 20.64133269862096 ], [ -156.446042671989005, 20.641506973545479 ], [ -156.446009903871982, 20.641686350001091 ], [ -156.445966704501473, 20.641862728729055 ], [ -156.445921802903484, 20.642038619037201 ], [ -156.445864646684299, 20.642210987099865 ], [ -156.445803575402493, 20.642382229917271 ], [ -156.445762671383534, 20.642559268248757 ], [ -156.445749477177372, 20.642744270633678 ], [ -156.445689952940654, 20.64291595793927 ], [ -156.445622438308959, 20.643085349061604 ], [ -156.445565447133902, 20.643255136122683 ] ] } },
{ "type": "Feature", "properties": { "objectid": 213, "island": "Maui", "st_lengthshape": 406.85020270300754 }, "geometry": { "type": "LineString", "coordinates": [ [ -156.443749453217123, 20.64501931721512 ], [ -156.44368341031327, 20.645235644903032 ], [ -156.443543669040139, 20.64536094041275 ], [ -156.443298496602978, 20.645353269327554 ], [ -156.443030110762123, 20.645754188879923 ], [ -156.442913232303624, 20.645906626773108 ], [ -156.442800412289756, 20.646060429443875 ], [ -156.442712988654591, 20.646222772702657 ], [ -156.442663620190302, 20.646397913715475 ], [ -156.442589355710084, 20.646564682135061 ], [ -156.442518480130218, 20.646732590572203 ], [ -156.442475821656586, 20.646909988946501 ], [ -156.442440756812857, 20.647089940475837 ], [ -156.442412920289598, 20.64727232237118 ], [ -156.44238383313251, 20.64745428481368 ], [ -156.442350688118381, 20.647634882356787 ], [ -156.442292132809854, 20.647806934398872 ], [ -156.442189000979681, 20.647963995184018 ], [ -156.44214290617785, 20.648138952404931 ] ] } },
{ "type": "Feature", "properties": { "objectid": 214, "island": "Maui", "st_lengthshape": 62.160790966369596 }, "geometry": { "type": "LineString", "coordinates": [ [ -156.442108595305854, 20.649412932771426 ], [ -156.441913023532379, 20.649479118598858 ], [ -156.441777582646012, 20.649607284003558 ], [ -156.441671638160273, 20.649762861518948 ] ] } },
{ "type": "Feature", "properties": { "objectid": 215, "island": "Maui", "st_lengthshape": 19.733809079739622 }, "geometry": { "type": "LineString", "coordinates": [ [ -156.441230502223362, 20.650325124536248 ], [ -156.44109134123633, 20.650445882508009 ] ] } },
{ "type": "Feature", "properties": { "objectid": 216, "island": "Maui", "st_lengthshape": 63.585222577932896 }, "geometry": { "type": "LineString", "coordinates": [ [ -156.440603179717783, 20.652384616254182 ], [ -156.440547763185776, 20.652558122418537 ], [ -156.440507653032341, 20.652734696288068 ], [ -156.44059007271548, 20.652932325218064 ] ] } },
{ "type": "Feature", "properties": { "objectid": 217, "island": "Maui", "st_lengthshape": 112.55035690909997 }, "geometry": { "type": "LineString", "coordinates": [ [ -156.440547489565517, 20.653145028836658 ], [ -156.440482210506332, 20.653324936546507 ], [ -156.44066446260689, 20.653535709141032 ], [ -156.440794966079352, 20.653684455088033 ], [ -156.440863788401543, 20.653853125079543 ], [ -156.44089275084562, 20.654031708155582 ] ] } },
{ "type": "Feature", "properties": { "objectid": 218, "island": "Maui", "st_lengthshape": 52.151249319311908 }, "geometry": { "type": "LineString", "coordinates": [ [ -156.441421779243768, 20.658434294539326 ], [ -156.44128616362795, 20.658590266031513 ], [ -156.441454123815959, 20.658808258201251 ] ] } },
{ "type": "Feature", "properties": { "objectid": 219, "island": "Maui", "st_lengthshape": 485.23831125848409 }, "geometry": { "type": "LineString", "coordinates": [ [ -156.441358414872724, 20.660234706978184 ], [ -156.441161530434869, 20.660379172302846 ], [ -156.441160995993528, 20.660446003886012 ], [ -156.441071850648399, 20.660616677968545 ], [ -156.441026580760393, 20.660793067664326 ], [ -156.4409896961605, 20.660967740740816 ], [ -156.441020203864184, 20.661079203862005 ], [ -156.441009445315842, 20.661259491700243 ], [ -156.44108048693036, 20.66144341526606 ], [ -156.441143272153312, 20.661626972486847 ], [ -156.44118407335705, 20.66180538814762 ], [ -156.441104568617902, 20.661908709314691 ], [ -156.44110271266041, 20.66208973604525 ], [ -156.44109951133683, 20.662270841222011 ], [ -156.441119994270451, 20.662450553488902 ], [ -156.441170690391374, 20.662628437026843 ], [ -156.441179849664309, 20.66273524746444 ], [ -156.441187515541259, 20.662918192460566 ], [ -156.441251133533768, 20.663090154113249 ], [ -156.441251075370616, 20.663274616043278 ], [ -156.44126667915026, 20.663453191344562 ], [ -156.441342656100289, 20.663569295829934 ], [ -156.44134168668532, 20.663765261875074 ], [ -156.44150004486221, 20.663898799099798 ], [ -156.441749053694224, 20.663996816157688 ], [ -156.441875485479954, 20.66413900601421 ] ] } },
{ "type": "Feature", "properties": { "objectid": 220, "island": "Maui", "st_lengthshape": 350.50008602166997 }, "geometry": { "type": "LineString", "coordinates": [ [ -156.441596921667184, 20.6644424678971 ], [ -156.441615807656007, 20.66462225035108 ], [ -156.441596093886972, 20.664806813355518 ], [ -156.441567776007048, 20.664992443216168 ], [ -156.441585537192054, 20.665172364275744 ], [ -156.441626601387242, 20.665349399632539 ], [ -156.441604449601101, 20.66553230930646 ], [ -156.441679286667892, 20.665658454437153 ], [ -156.441714370764799, 20.665836672345051 ], [ -156.441745435890937, 20.666015938487043 ], [ -156.441971888929885, 20.666144252317011 ], [ -156.442109778663735, 20.666293226972243 ], [ -156.442097435804158, 20.666515413010828 ], [ -156.442375114285085, 20.666573026771889 ], [ -156.442343401460988, 20.666798754729911 ], [ -156.442420059029416, 20.666965596852656 ], [ -156.442618542432399, 20.667064497726923 ] ] } },
{ "type": "Feature", "properties": { "objectid": 221, "island": "Maui", "st_lengthshape": 41.669831353856779 }, "geometry": { "type": "LineString", "coordinates": [ [ -156.442900566490806, 20.667943928823455 ], [ -156.442834097733822, 20.668113418478118 ], [ -156.442836199255993, 20.66830894079645 ] ] } },
{ "type": "Feature", "properties": { "objectid": 222, "island": "Maui", "st_lengthshape": 41.204315578665856 }, "geometry": { "type": "LineString", "coordinates": [ [ -156.44288209459279, 20.668611317856332 ], [ -156.442834716950273, 20.668786305969931 ], [ -156.442851379685692, 20.668977078253096 ] ] } },
{ "type": "Feature", "properties": { "objectid": 223, "island": "Maui", "st_lengthshape": 337.09641574170871 }, "geometry": { "type": "LineString", "coordinates": [ [ -156.442628490488175, 20.669331471861828 ], [ -156.442497247783024, 20.669500593384321 ], [ -156.4424249251812, 20.669675256299669 ], [ -156.442392286944539, 20.669851016407335 ], [ -156.442422024171009, 20.67000034637444 ], [ -156.442444493925422, 20.670180039313685 ], [ -156.442487570798818, 20.670357295879132 ], [ -156.442495168951069, 20.670487699886436 ], [ -156.442520179720646, 20.670667249944835 ], [ -156.442624387391731, 20.670828668972909 ], [ -156.442646903269008, 20.670934210336949 ], [ -156.442716752346911, 20.671102408762813 ], [ -156.442793641608574, 20.671268141021667 ], [ -156.442936121100388, 20.671409388630373 ], [ -156.442999663897609, 20.671578315973644 ], [ -156.443115820311476, 20.67172224193915 ], [ -156.443282773208836, 20.67183304208843 ], [ -156.443526972580116, 20.671889778963358 ] ] } },
{ "type": "Feature", "properties": { "objectid": 224, "island": "Maui", "st_lengthshape": 124.79249636695187 }, "geometry": { "type": "LineString", "coordinates": [ [ -156.443738675675149, 20.673301720616916 ], [ -156.443640709422937, 20.673470012683772 ], [ -156.443599712218997, 20.673646730709237 ], [ -156.443554283845543, 20.673822792467789 ], [ -156.443470941449789, 20.673993247118517 ], [ -156.443484665239367, 20.674178058034823 ], [ -156.443546217805135, 20.674369262391643 ] ] } },
{ "type": "Feature", "properties": { "objectid": 225, "island": "Maui", "st_lengthshape": 278.53250462210724 }, "geometry": { "type": "LineString", "coordinates": [ [ -156.443385174346645, 20.674627752793153 ], [ -156.443334245243079, 20.674802253835153 ], [ -156.443199110191472, 20.674960557615364 ], [ -156.443138611088841, 20.675128843531727 ], [ -156.443256844727188, 20.675376569336223 ], [ -156.443398438854672, 20.675560132614144 ], [ -156.443373638973384, 20.675731201052056 ], [ -156.443398199664955, 20.675839009251792 ], [ -156.443354502297694, 20.67602443722566 ], [ -156.443305763952281, 20.676210326712596 ], [ -156.443202981725079, 20.676401173066758 ], [ -156.44316908409283, 20.676585701685099 ], [ -156.443214932342727, 20.676762917159689 ], [ -156.44334726026571, 20.676927763698806 ] ] } },
{ "type": "Feature", "properties": { "objectid": 226, "island": "Maui", "st_lengthshape": 465.75351573473421 }, "geometry": { "type": "LineString", "coordinates": [ [ -156.443597207243357, 20.680639759590175 ], [ -156.443539578082095, 20.680829408609199 ], [ -156.44327955099331, 20.680950058721539 ], [ -156.443117208543413, 20.681070848108785 ], [ -156.44302883425533, 20.681227158069046 ], [ -156.443008467041835, 20.681470063235125 ], [ -156.442848943138046, 20.681609429241298 ], [ -156.44290110549673, 20.681813694275483 ], [ -156.442849691372146, 20.682015983037093 ], [ -156.442837860273187, 20.682197044834162 ], [ -156.442816634636245, 20.682376701278084 ], [ -156.442815183129454, 20.682558204268105 ], [ -156.442740960955064, 20.682679056047736 ], [ -156.442687501085004, 20.682857163069375 ], [ -156.442750751181478, 20.683041212072578 ], [ -156.44277915083066, 20.683223485945948 ], [ -156.44274328381124, 20.683402488881459 ], [ -156.442810349054895, 20.68358286907597 ], [ -156.442842703772698, 20.683726275041238 ], [ -156.442892919035557, 20.683903623190339 ], [ -156.442895147119344, 20.684084601111508 ], [ -156.442899657766645, 20.684265407049203 ], [ -156.442974090629946, 20.684436779821336 ] ] } },
{ "type": "Feature", "properties": { "objectid": 227, "island": "Maui", "st_lengthshape": 1799.2426954798834 }, "geometry": { "type": "LineString", "coordinates": [ [ -156.443181774188474, 20.689646282754197 ], [ -156.443145170802751, 20.68982742719783 ], [ -156.443119258343131, 20.690006784563238 ], [ -156.44310819647572, 20.690166318530046 ], [ -156.443116546037174, 20.690347333086422 ], [ -156.443140069525299, 20.690516715813313 ], [ -156.443224574858732, 20.690752820337373 ], [ -156.443324997738472, 20.690909949060572 ], [ -156.443426276921542, 20.691063916696809 ], [ -156.443498494676106, 20.691315286745105 ], [ -156.443614103312001, 20.691460519115552 ], [ -156.443782508048059, 20.69157573479805 ], [ -156.443886052334392, 20.691727826186142 ], [ -156.443885832254722, 20.691801172387763 ], [ -156.443810026460739, 20.691967223350066 ], [ -156.443782731581706, 20.692148690280501 ], [ -156.443586258753015, 20.692426527889889 ], [ -156.443550051650277, 20.692604260694775 ], [ -156.443548011002548, 20.692785952580877 ], [ -156.443573190109561, 20.692967302762995 ], [ -156.443627559334828, 20.693279406262025 ], [ -156.443687889514649, 20.693453569173116 ], [ -156.443725329882426, 20.693626036077799 ], [ -156.44379422216852, 20.69387214056832 ], [ -156.443900669269226, 20.694027501275983 ], [ -156.443988587456715, 20.694189361479662 ], [ -156.44404847028315, 20.694361058128887 ], [ -156.4441423769604, 20.694520817598207 ], [ -156.44422904567972, 20.694683116952518 ], [ -156.444350569391361, 20.694833188931629 ], [ -156.44448059080932, 20.694976059785329 ], [ -156.444462113764416, 20.695123647448241 ], [ -156.444484299659337, 20.695303831738752 ], [ -156.444227953572209, 20.695483049222023 ], [ -156.444206366386879, 20.695542771034543 ], [ -156.444143522880864, 20.695718728858683 ], [ -156.444080717550264, 20.695894689016477 ], [ -156.444058154607291, 20.696074071773491 ], [ -156.444046578554037, 20.696252758045802 ], [ -156.44408409446072, 20.696486237117682 ], [ -156.444112942679283, 20.696665125306993 ], [ -156.444109184988378, 20.696846672511438 ], [ -156.444118676622793, 20.697027139677019 ], [ -156.444152440689066, 20.697205627712332 ], [ -156.444175202832895, 20.69738135291891 ], [ -156.444230314185262, 20.697664120728632 ], [ -156.444267125460101, 20.697843842231489 ], [ -156.444324926928061, 20.698016249280641 ], [ -156.444373333279344, 20.698191929883485 ], [ -156.444409013570436, 20.698372045412288 ], [ -156.444491885468921, 20.698535714143162 ], [ -156.444523147230797, 20.698717370364083 ], [ -156.444477549907702, 20.698925814737038 ], [ -156.444553268997254, 20.699091975881785 ], [ -156.444656197367408, 20.699248653936074 ], [ -156.444725952758887, 20.699416894414952 ], [ -156.444903232573807, 20.699546157285976 ], [ -156.44509506893877, 20.699725134917639 ], [ -156.445119545583566, 20.699904434906056 ], [ -156.44513200096705, 20.700084638179376 ], [ -156.44514908060296, 20.700264493835789 ], [ -156.445171748173237, 20.700443929497439 ], [ -156.445204021275032, 20.700622153337672 ], [ -156.445232343115975, 20.700795040074848 ], [ -156.44527357986226, 20.700972053397539 ], [ -156.44527673061009, 20.701153786265976 ], [ -156.445232982393321, 20.701341329521799 ], [ -156.445318383492634, 20.70151287109374 ], [ -156.445313543510082, 20.701695594150394 ], [ -156.445290781582315, 20.70188053695151 ], [ -156.445308358841572, 20.702060482147875 ], [ -156.44531307015086, 20.702242021463636 ], [ -156.445338923777769, 20.702420940978925 ], [ -156.445407937860267, 20.70259338514856 ], [ -156.445430627808435, 20.702795033817392 ], [ -156.445461369570239, 20.70297367734501 ], [ -156.445512567788768, 20.703147864277639 ], [ -156.445552882025481, 20.703324421459914 ], [ -156.445634773753568, 20.703491922703037 ], [ -156.445711836614691, 20.703660475490853 ], [ -156.445888713393941, 20.703802946941657 ], [ -156.445985149842329, 20.704009638367097 ], [ -156.446093233566387, 20.70416191123191 ], [ -156.446143291616352, 20.704338686059209 ], [ -156.44620184379221, 20.704511874111475 ], [ -156.446381267188514, 20.704633366627508 ] ] } },
{ "type": "Feature", "properties": { "objectid": 228, "island": "Maui", "st_lengthshape": 320.50858023216279 }, "geometry": { "type": "LineString", "coordinates": [ [ -156.445809647539704, 20.711726719700327 ], [ -156.44587352857431, 20.711896507223969 ], [ -156.445949221139642, 20.712268265833401 ], [ -156.445957700086808, 20.71245269975466 ], [ -156.445948057934913, 20.712641540898815 ], [ -156.445976441527023, 20.712821135384363 ], [ -156.446055640611604, 20.712988373787493 ], [ -156.446118513869635, 20.713159581952002 ], [ -156.446200976900457, 20.713326027240743 ], [ -156.446258292467405, 20.713498586716877 ], [ -156.446241997867446, 20.713689045593057 ], [ -156.446306275484034, 20.713859912496904 ], [ -156.446429296394001, 20.714013350919235 ], [ -156.446694915645281, 20.714176968603667 ], [ -156.446745391806473, 20.714358670555225 ] ] } },
{ "type": "Feature", "properties": { "objectid": 229, "island": "Maui", "st_lengthshape": 384.02199922559743 }, "geometry": { "type": "LineString", "coordinates": [ [ -156.446183437101723, 20.715229310423222 ], [ -156.446049188680547, 20.71542963791153 ], [ -156.446105795074857, 20.715604447837947 ], [ -156.446154991661246, 20.715780248416312 ], [ -156.446243079620928, 20.715950692324569 ], [ -156.446281539036733, 20.716061971735375 ], [ -156.446355552929788, 20.71623062748985 ], [ -156.446404002191883, 20.716405349688873 ], [ -156.44644933846314, 20.716580809406942 ], [ -156.446487718261693, 20.716757920232759 ], [ -156.44650615536807, 20.716939762489641 ], [ -156.446584488286049, 20.717107394284412 ], [ -156.446677980049429, 20.717267152781062 ], [ -156.446713999981682, 20.717446689008611 ], [ -156.446811820742738, 20.717603840879811 ], [ -156.44688183802279, 20.717772022746296 ], [ -156.446991921950826, 20.717919903901997 ], [ -156.447063553907725, 20.718104503960951 ], [ -156.447171862649839, 20.718253596589257 ], [ -156.447308463811169, 20.718384505288618 ] ] } },
{ "type": "Feature", "properties": { "objectid": 230, "island": "Maui", "st_lengthshape": 583.59432182186515 }, "geometry": { "type": "LineString", "coordinates": [ [ -156.447244663412988, 20.720518424421691 ], [ -156.44731265346644, 20.720687285836444 ], [ -156.447362602044194, 20.720862394946909 ], [ -156.447427951247164, 20.72103217152835 ], [ -156.447453753782156, 20.72121564086698 ], [ -156.447532500743819, 20.721380778417394 ], [ -156.447597702607084, 20.721550606048442 ], [ -156.447655994893211, 20.721722825894215 ], [ -156.447715077880105, 20.721894772140363 ], [ -156.44778481901534, 20.722063028292748 ], [ -156.447816589590616, 20.722244431809678 ], [ -156.447920101595145, 20.722400995132585 ], [ -156.447958600642721, 20.722580067821543 ], [ -156.447946359700154, 20.722776708733232 ], [ -156.448065711097911, 20.722927788853799 ], [ -156.448104642830742, 20.723106712646565 ], [ -156.44817565228351, 20.723274529748416 ], [ -156.448232290150287, 20.723447322672758 ], [ -156.448264437847314, 20.723628595411558 ], [ -156.448333014078372, 20.723797254915265 ], [ -156.448310316909811, 20.72399751673262 ], [ -156.448332203330693, 20.724182340992098 ], [ -156.448407359494979, 20.724348722534465 ], [ -156.448438396379061, 20.724530379676036 ], [ -156.448480826133959, 20.724708093051234 ], [ -156.448657491140125, 20.724839329246844 ], [ -156.448888128171575, 20.724951878230467 ], [ -156.448976943734323, 20.725113531386761 ], [ -156.449173747553971, 20.725233380287342 ] ] } },
{ "type": "Feature", "properties": { "objectid": 231, "island": "Maui", "st_lengthshape": 39.948123892627422 }, "geometry": { "type": "LineString", "coordinates": [ [ -156.449978162049518, 20.726938732795507 ], [ -156.449994130887688, 20.727124870589282 ], [ -156.450087336797935, 20.727275057286469 ] ] } },
{ "type": "Feature", "properties": { "objectid": 232, "island": "Maui", "st_lengthshape": 2168.3128071001515 }, "geometry": { "type": "LineString", "coordinates": [ [ -156.449954034382074, 20.728563630053344 ], [ -156.450087373605214, 20.728697920169378 ], [ -156.450229962455325, 20.728820338542 ], [ -156.450381631255908, 20.728931102040939 ], [ -156.450557333972284, 20.729011017800804 ], [ -156.450681247217545, 20.729157406839157 ], [ -156.450836359464319, 20.729263751596125 ], [ -156.450955314993649, 20.729416504787523 ], [ -156.451105128213186, 20.729529650122817 ], [ -156.451271618952063, 20.729621391459386 ], [ -156.451448863894655, 20.729699329307653 ], [ -156.45163417062227, 20.729766918025305 ], [ -156.451811925987869, 20.729844201253911 ], [ -156.451978343029879, 20.729936036587496 ], [ -156.452124405841687, 20.730053997716279 ], [ -156.452257735497795, 20.730174663925144 ], [ -156.452433704775729, 20.730274010038833 ], [ -156.452590698713323, 20.730386373063006 ], [ -156.452713035786559, 20.730525506052697 ], [ -156.452812581418698, 20.73067805821772 ], [ -156.452835063674627, 20.730739086445904 ], [ -156.452944438382076, 20.730887749920917 ], [ -156.453076740206086, 20.731023058381098 ], [ -156.453246930087175, 20.73113629627953 ], [ -156.453331932435816, 20.731299158136075 ], [ -156.453322169212612, 20.731517220381029 ], [ -156.45351768368522, 20.731615706558255 ], [ -156.45360253341471, 20.731778657257536 ], [ -156.45361966452802, 20.731981054010031 ], [ -156.453676740406024, 20.732160181793081 ], [ -156.453775569719056, 20.732314989277629 ], [ -156.453898301362614, 20.732455872819358 ], [ -156.454028602907698, 20.732592346566022 ], [ -156.454149838496051, 20.732734102604429 ], [ -156.454263601553038, 20.732880211062856 ], [ -156.454365856186911, 20.733033022993922 ], [ -156.454460030544283, 20.733190541350833 ], [ -156.454553137943492, 20.733348682238567 ], [ -156.45465685699341, 20.73349545983778 ], [ -156.454722991775469, 20.73355050224043 ], [ -156.454852582319006, 20.733697503858508 ], [ -156.45497010315151, 20.733848787150592 ], [ -156.45505308172261, 20.734012326341933 ], [ -156.455089093616948, 20.734192528001607 ], [ -156.45513531308066, 20.73436910835937 ], [ -156.455194663745061, 20.734541030794862 ], [ -156.455242983417008, 20.734716865715583 ], [ -156.45532208221718, 20.734881781238563 ], [ -156.455342964202771, 20.735063191852934 ], [ -156.455510914800897, 20.735232464441467 ], [ -156.45562068647672, 20.735393073670739 ], [ -156.45572946113333, 20.735553912783317 ], [ -156.455792599118809, 20.735725267229135 ], [ -156.455926359110038, 20.735880348811584 ], [ -156.455909227775862, 20.736070198055078 ], [ -156.455971820768355, 20.736241678030296 ], [ -156.456025628526106, 20.736415181445913 ], [ -156.456056883244685, 20.736593882385947 ], [ -156.456076441232909, 20.736770607091461 ], [ -156.456071730583943, 20.736816862640296 ], [ -156.456100279029727, 20.736996578138985 ], [ -156.456112010737627, 20.737176862812159 ], [ -156.456113542495729, 20.737357493140685 ], [ -156.456073192084801, 20.737539540628397 ], [ -156.4560570752503, 20.737720767530266 ], [ -156.456076126719239, 20.737900804773759 ], [ -156.456111776124658, 20.738080280447395 ], [ -156.456140574368305, 20.738259987902474 ], [ -156.456132408278847, 20.738440946016965 ], [ -156.456113296866278, 20.738622274860866 ], [ -156.456134478485041, 20.738802239788903 ], [ -156.456175157488872, 20.73898154520527 ], [ -156.456224312777493, 20.739160563427731 ], [ -156.456241923868049, 20.739340649773052 ], [ -156.456203073863151, 20.739522646293398 ], [ -156.456282305506591, 20.739695465040306 ], [ -156.456258847479916, 20.739850644171661 ], [ -156.456268106633473, 20.74003271071151 ], [ -156.456327632215931, 20.740205933963242 ], [ -156.456305055143133, 20.740393601479397 ], [ -156.456301126745757, 20.740577988378849 ], [ -156.456266860814253, 20.740767713094339 ], [ -156.456288962863084, 20.740947520077707 ], [ -156.456338805223339, 20.74112244650297 ], [ -156.45638885753371, 20.741297336299773 ], [ -156.456429199472467, 20.741473934269838 ], [ -156.456472401580299, 20.741650029200834 ], [ -156.456546408378586, 20.741820703805686 ], [ -156.456640385030852, 20.741987866303319 ], [ -156.456717458258936, 20.742158002050061 ], [ -156.456823812435204, 20.742322985604186 ], [ -156.45693745621449, 20.74248668738154 ], [ -156.457059109717022, 20.742648979877984 ], [ -156.457122086197643, 20.742821595815364 ], [ -156.457197709550712, 20.742991986259064 ], [ -156.457289250037462, 20.743159576566057 ], [ -156.4573694772549, 20.743329157438385 ], [ -156.45743350939685, 20.74350158757419 ], [ -156.457490519826024, 20.743675253746687 ], [ -156.457513201933153, 20.74385495911508 ], [ -156.457556913032533, 20.744030963920189 ], [ -156.457629276708815, 20.744201928137691 ], [ -156.457671903994765, 20.744378124566104 ], [ -156.457676045852025, 20.744561092382046 ], [ -156.457709723105694, 20.744738862920148 ], [ -156.457752488229005, 20.744915035195824 ], [ -156.457799048375875, 20.745090539466787 ], [ -156.4578505279799, 20.745265178373195 ], [ -156.457901789002051, 20.745438314286154 ] ] } },
{ "type": "Feature", "properties": { "objectid": 233, "island": "Maui", "st_lengthshape": 2069.3797275044089 }, "geometry": { "type": "LineString", "coordinates": [ [ -156.457209715774411, 20.745839709148278 ], [ -156.457223985974878, 20.746019774908671 ], [ -156.457233775004596, 20.746200158098105 ], [ -156.457251755690066, 20.746379960031753 ], [ -156.45726347443437, 20.746560206539495 ], [ -156.457311773157755, 20.746737859404469 ], [ -156.457366091754722, 20.746915085773562 ], [ -156.457427869852125, 20.747091783245132 ], [ -156.457476159887705, 20.747266356998512 ], [ -156.457604499320269, 20.747630970121705 ], [ -156.457674525416024, 20.747799100776952 ], [ -156.457761823855094, 20.747960680753977 ], [ -156.45786227850283, 20.748117272583503 ], [ -156.457933262375462, 20.748285039920212 ], [ -156.458020246396387, 20.748446739758727 ], [ -156.45807681190928, 20.748619974022112 ], [ -156.458130363563356, 20.748794351932485 ], [ -156.458201654205595, 20.748962002748655 ], [ -156.458279816232476, 20.749127048240045 ], [ -156.458383614496285, 20.74928237196432 ], [ -156.458490138086603, 20.749436662382877 ], [ -156.458572778112057, 20.749600009715021 ], [ -156.458649482116925, 20.749765608686541 ], [ -156.458752792329562, 20.749921118256172 ], [ -156.458850935522008, 20.75007858654153 ], [ -156.458938555094278, 20.750240045355525 ], [ -156.459054441561562, 20.75039078466121 ], [ -156.459166567516519, 20.750542950889585 ], [ -156.45929120849857, 20.750690371285369 ], [ -156.45940954351849, 20.750840183199024 ], [ -156.4595107965892, 20.750996471929717 ], [ -156.459595631299607, 20.75115898727487 ], [ -156.459688584658181, 20.751318423586177 ], [ -156.459812977501542, 20.751465938442365 ], [ -156.459940545916311, 20.751612248729291 ], [ -156.460066026985345, 20.751759350642498 ], [ -156.460233734335191, 20.751890440408406 ], [ -156.460455151900419, 20.752000835365681 ], [ -156.460960314300422, 20.752589215164562 ], [ -156.460976320858066, 20.752771032999739 ], [ -156.460881945137942, 20.752946519665421 ], [ -156.460634655289596, 20.753113236793187 ], [ -156.46040616318291, 20.753281031396906 ], [ -156.460227132545981, 20.75344805987481 ], [ -156.459914826620377, 20.753766488671182 ], [ -156.459714603268537, 20.753924926056992 ], [ -156.459575336631843, 20.754090527311618 ], [ -156.459462348711412, 20.75425921680748 ], [ -156.459374234136391, 20.754430829350639 ], [ -156.459323879586833, 20.754606880171913 ], [ -156.459274386193783, 20.754783031285754 ], [ -156.459230430141986, 20.754959834019367 ], [ -156.459171557220316, 20.755134882925471 ], [ -156.459135546935102, 20.755312619381431 ], [ -156.459166200334039, 20.755498189666362 ], [ -156.459157195375354, 20.75567909934621 ], [ -156.459126981819736, 20.75585672559053 ], [ -156.459171551639201, 20.756151886089111 ], [ -156.45921890935486, 20.756328360941005 ], [ -156.459265740096384, 20.756504896613702 ], [ -156.459320039125487, 20.756680577526463 ], [ -156.459363877960158, 20.756857455381102 ], [ -156.459424265258207, 20.757032438984453 ], [ -156.459477821143821, 20.75720820458903 ], [ -156.459504212150193, 20.757380730510331 ], [ -156.459539272578382, 20.757572655702194 ], [ -156.459555096101667, 20.757755604842941 ], [ -156.459559961801375, 20.757937524198457 ], [ -156.459551682450098, 20.758118209859678 ], [ -156.45957061132421, 20.75830145052257 ], [ -156.459592390378674, 20.758479691431038 ], [ -156.459606192436013, 20.758747322709716 ], [ -156.4596553769629, 20.758922476474588 ], [ -156.459705203673309, 20.759097522351205 ], [ -156.45974181024701, 20.759274792514006 ], [ -156.45979235911966, 20.759449717233498 ], [ -156.459863254021343, 20.759621216513988 ], [ -156.459954331339929, 20.759789319518529 ], [ -156.4600554182216, 20.759940258818474 ], [ -156.460103138469236, 20.76001142310616 ], [ -156.460180172428011, 20.760200750977784 ], [ -156.460206914165127, 20.76038502724434 ], [ -156.46016024321051, 20.76056193078227 ], [ -156.460081440432504, 20.760735606977871 ], [ -156.459984745503903, 20.760902113853117 ], [ -156.459933849007228, 20.760977515231293 ], [ -156.459839862332302, 20.76113497595718 ], [ -156.459726526131163, 20.761282518035877 ], [ -156.459588970957867, 20.761417643245412 ], [ -156.459422831933409, 20.761534202169511 ], [ -156.4593301177878, 20.761661953599244 ], [ -156.459248617930058, 20.761827010709091 ], [ -156.459142928359114, 20.761984788972327 ], [ -156.45906201648171, 20.762150022597918 ], [ -156.459028001551673, 20.762323717012446 ] ] } },
{ "type": "Feature", "properties": { "objectid": 234, "island": "Maui", "st_lengthshape": 185.22976081679531 }, "geometry": { "type": "LineString", "coordinates": [ [ -156.458618111771813, 20.762947595403663 ], [ -156.458587816534816, 20.763126477807074 ], [ -156.458598320767123, 20.76330837301288 ], [ -156.458635700037718, 20.763492252390392 ], [ -156.4585775995387, 20.76366908175379 ], [ -156.458539607740192, 20.76384739604028 ], [ -156.458568732685734, 20.764030666586379 ], [ -156.458893706034388, 20.764235779793353 ], [ -156.458976945720678, 20.764421352681481 ] ] } },
{ "type": "Feature", "properties": { "objectid": 235, "island": "Maui", "st_lengthshape": 1929.2494537003747 }, "geometry": { "type": "LineString", "coordinates": [ [ -156.458652018710609, 20.764720287222485 ], [ -156.45854742189735, 20.764889633875207 ], [ -156.458500122347488, 20.765065948516828 ], [ -156.45845795297484, 20.765242887140413 ], [ -156.458399139412705, 20.765417801524293 ], [ -156.458444817573735, 20.765605423579181 ], [ -156.458513348999077, 20.765795826294955 ], [ -156.458574417409778, 20.765985320350815 ], [ -156.458597443801949, 20.766170188184489 ], [ -156.458516812278958, 20.766342449199982 ], [ -156.458440382870322, 20.766513137172929 ], [ -156.458498945198301, 20.766708402646302 ], [ -156.458481809263503, 20.766888371762658 ], [ -156.458510876801768, 20.767070603104653 ], [ -156.458454942344389, 20.767248673305478 ], [ -156.458507483870704, 20.767432053921151 ], [ -156.45867007010375, 20.767620822282019 ], [ -156.458674908945056, 20.767801867005385 ], [ -156.458654008947292, 20.767981652197793 ], [ -156.458540536139196, 20.768156905034413 ], [ -156.458538970981124, 20.768337636435287 ], [ -156.458590412273736, 20.768519892880015 ], [ -156.458685639101475, 20.768665189946979 ], [ -156.458604719423789, 20.768856470202302 ], [ -156.458606157276193, 20.769038227525311 ], [ -156.458638786880073, 20.769216377119758 ], [ -156.458682996578688, 20.76939318844838 ], [ -156.458728565488258, 20.76956984291947 ], [ -156.45877545642162, 20.769745350382006 ], [ -156.458837541428494, 20.769988111884395 ], [ -156.458913672359017, 20.770154014385135 ], [ -156.458997198441892, 20.770317223661063 ], [ -156.459099342625279, 20.770472561432641 ], [ -156.459174765728221, 20.770574420118898 ], [ -156.459196333037312, 20.770754964814156 ], [ -156.45920647079916, 20.77093794617031 ], [ -156.459245002818022, 20.771114875648404 ], [ -156.459288495782005, 20.771290748091218 ], [ -156.459331116888819, 20.771466806267682 ], [ -156.459371007608979, 20.771643446141162 ], [ -156.459413085471567, 20.771819619968554 ], [ -156.459467811841876, 20.771993097963463 ], [ -156.459555851462824, 20.772158030738471 ], [ -156.459674611126758, 20.772373538279879 ], [ -156.459750488065112, 20.772539411517897 ], [ -156.459823830310512, 20.772706337953071 ], [ -156.459891957023842, 20.77287543184929 ], [ -156.459958318569022, 20.773045258964785 ], [ -156.460070758105928, 20.773195937052055 ], [ -156.460157164597859, 20.773352168392254 ], [ -156.460225163005532, 20.773536773374754 ], [ -156.460261814712311, 20.773715605365862 ], [ -156.460303260646924, 20.773894168791109 ], [ -156.460327592186587, 20.774073689805391 ], [ -156.460338000563269, 20.774253990800922 ], [ -156.460338538073159, 20.774434843702416 ], [ -156.460346351860295, 20.774615290500336 ], [ -156.460339901282879, 20.774796534799389 ], [ -156.460352049919038, 20.774976737837036 ], [ -156.460371567149764, 20.775156528916568 ], [ -156.4603945275081, 20.775336127152016 ], [ -156.460425549293916, 20.775512351267395 ], [ -156.460476610654467, 20.775776257385616 ], [ -156.460526661302595, 20.775950624027086 ], [ -156.460574324731567, 20.776125543141706 ], [ -156.460629347773818, 20.776298758978385 ], [ -156.46068330882909, 20.776472220037245 ], [ -156.460714634240105, 20.776650922624839 ], [ -156.460770520448108, 20.776823405397479 ], [ -156.460788648884488, 20.776967614410346 ], [ -156.460799587418421, 20.777148211270241 ], [ -156.460803955555207, 20.777328789473593 ], [ -156.460802220815452, 20.777509349615446 ], [ -156.460823240533671, 20.777689976437504 ], [ -156.460838487629019, 20.777870587376501 ], [ -156.460897879763081, 20.778046899828389 ], [ -156.460954894586905, 20.778371140405977 ], [ -156.461021992249812, 20.778543281579445 ], [ -156.461052805904018, 20.778735220603398 ], [ -156.461134529653094, 20.778899382330597 ], [ -156.461176980239316, 20.779084971711047 ], [ -156.461256869133251, 20.779250134684155 ], [ -156.461350666136667, 20.779407708467371 ], [ -156.461430426490978, 20.779572941718325 ], [ -156.461497351645079, 20.779745177744257 ], [ -156.461617947725784, 20.779888130476451 ], [ -156.461772347980997, 20.780012638067461 ], [ -156.46186279730756, 20.780172039303462 ], [ -156.461939682785072, 20.780338840678798 ], [ -156.462040264541514, 20.780492714146263 ], [ -156.462177395533786, 20.780626644445562 ], [ -156.462335708549972, 20.780749018104373 ], [ -156.462394514523425, 20.780925684548599 ], [ -156.462531107120526, 20.781055393631938 ] ] } },
{ "type": "Feature", "properties": { "objectid": 236, "island": "Maui", "st_lengthshape": 5083.4043423664298 }, "geometry": { "type": "LineString", "coordinates": [ [ -156.46284988934039, 20.781494889737871 ], [ -156.462971461798901, 20.781640066514761 ], [ -156.463070136273757, 20.78181136839904 ], [ -156.463284297382785, 20.781850909585412 ], [ -156.463435919564887, 20.781961803075205 ], [ -156.463552724409766, 20.782112420468408 ], [ -156.463694033826954, 20.782235079884028 ], [ -156.463819202668958, 20.782376154990452 ], [ -156.4639167285074, 20.782548767721288 ], [ -156.464074943843571, 20.78265213933668 ], [ -156.464225121789013, 20.782764681300563 ], [ -156.464352358687933, 20.782903398427429 ], [ -156.464487824318837, 20.783032725698636 ], [ -156.46462437367552, 20.783160816542544 ], [ -156.464747968299633, 20.783303689935924 ], [ -156.464885976467627, 20.783430117311706 ], [ -156.465022733030878, 20.783557972584273 ], [ -156.465154697770998, 20.783691296400274 ], [ -156.465296769480403, 20.783813088339965 ], [ -156.465442367913568, 20.783930856487107 ], [ -156.465571738642893, 20.784067140323327 ], [ -156.465717207371512, 20.784185056243324 ], [ -156.465862518744501, 20.784303152124469 ], [ -156.466007959523864, 20.784421101732814 ], [ -156.466162222162239, 20.784528984816529 ], [ -156.466319942984683, 20.784632923415629 ], [ -156.466483791101695, 20.784729870744091 ], [ -156.466687791204777, 20.78478100869518 ], [ -156.466864015228651, 20.784863835227597 ], [ -156.467042063839443, 20.784944582012741 ], [ -156.467214514157632, 20.785031715427689 ], [ -156.467383789589803, 20.785122471298898 ], [ -156.467548283032585, 20.785218682324512 ], [ -156.467704508110273, 20.7853243286132 ], [ -156.467838449017336, 20.785455399967162 ], [ -156.467973314110083, 20.785585416716195 ], [ -156.468093281719945, 20.785732431372058 ], [ -156.468214970210738, 20.785877483120004 ], [ -156.468342947493824, 20.786015358163031 ], [ -156.468436872909706, 20.78619208639315 ], [ -156.468568737280719, 20.786325528423337 ], [ -156.468693370800338, 20.786467220240699 ], [ -156.46884307846571, 20.786580303493928 ], [ -156.469000204378119, 20.786684923717509 ], [ -156.469140420482802, 20.786808836339656 ], [ -156.469277091724365, 20.786936794945277 ], [ -156.469439481117035, 20.787035410369285 ], [ -156.469578210185716, 20.787161020824218 ], [ -156.469722803249169, 20.787279940325746 ], [ -156.469866224960185, 20.787400196834476 ], [ -156.470026208500144, 20.787501557298974 ], [ -156.470170774848754, 20.787620507685983 ], [ -156.470271730791893, 20.787789217030177 ], [ -156.470415054549932, 20.787909587283675 ], [ -156.47055268415005, 20.788036452185167 ], [ -156.470694296534163, 20.788158774413116 ], [ -156.470845491202198, 20.788270164348003 ], [ -156.471021082701213, 20.788353716395548 ], [ -156.471165668272732, 20.788472646491563 ], [ -156.471312524789823, 20.788588986059462 ], [ -156.471466370855296, 20.788697350977881 ], [ -156.471613362901365, 20.788813536116191 ], [ -156.471761490534163, 20.788928425933097 ], [ -156.471914658046813, 20.789037564241767 ], [ -156.472067713200573, 20.789146832602917 ], [ -156.472213375234759, 20.789264409874949 ], [ -156.47241190485957, 20.789402648426307 ], [ -156.47256370541146, 20.789520990374474 ], [ -156.472738010416123, 20.789596904828663 ], [ -156.472910292389486, 20.789676633973734 ], [ -156.473080195481771, 20.789760847962917 ], [ -156.473247776207131, 20.789849440188444 ], [ -156.473426244370756, 20.789917507502249 ], [ -156.473600817984817, 20.789992916761648 ], [ -156.47378553061202, 20.790049209444952 ], [ -156.473964804226824, 20.790115758542761 ], [ -156.474155899016324, 20.790160018536717 ], [ -156.474341637093829, 20.790214378142522 ], [ -156.474527830282341, 20.790267881964013 ], [ -156.474712568472626, 20.790324127128709 ], [ -156.474899569881757, 20.790376105685937 ], [ -156.475082774864489, 20.790435243453928 ], [ -156.475268308522033, 20.790489989166307 ], [ -156.475448262483752, 20.790555256541115 ], [ -156.475622758752991, 20.790630812632951 ], [ -156.475800476802135, 20.790700295030465 ], [ -156.475990980301106, 20.790745671235488 ], [ -156.476151024561915, 20.790848476701797 ], [ -156.476349442553612, 20.790878932537211 ], [ -156.476522558927456, 20.790957090482966 ], [ -156.476706380007585, 20.791015067301846 ], [ -156.476850886234672, 20.791147169331296 ], [ -156.4770239397387, 20.791225448690565 ], [ -156.477207691039609, 20.791283555815738 ], [ -156.477381025450285, 20.791361305343834 ], [ -156.477549583246031, 20.791448060697263 ], [ -156.477733580852544, 20.791505706814863 ], [ -156.477914932025328, 20.791568341336802 ], [ -156.478075484139225, 20.791670191937317 ], [ -156.478211034407337, 20.791819182386952 ], [ -156.478368073049523, 20.791927658248934 ], [ -156.478532473878289, 20.792022252242827 ], [ -156.478680837654593, 20.792147085091191 ], [ -156.478843399193181, 20.792245147923978 ], [ -156.479005675458126, 20.792343749989787 ], [ -156.479134536401318, 20.792505355648082 ], [ -156.479313806884988, 20.792571915792365 ], [ -156.479509141482112, 20.792608186516031 ], [ -156.479677707997723, 20.792694928380683 ], [ -156.479853297579098, 20.792768428900953 ], [ -156.479992571663047, 20.792910403847102 ], [ -156.48016775228777, 20.792984676394546 ], [ -156.480337719254777, 20.793068779123992 ], [ -156.480510664059949, 20.793147267689271 ], [ -156.480694073439253, 20.793206023689997 ], [ -156.480833137619129, 20.793348395867557 ], [ -156.480976881649127, 20.793481942831637 ], [ -156.481133181701694, 20.793591817796507 ], [ -156.481314329927869, 20.793654839740739 ], [ -156.481487229430115, 20.793733413433117 ], [ -156.481657622301611, 20.793816715823521 ], [ -156.481811942799368, 20.793930323680161 ], [ -156.481979503230122, 20.7940189656582 ], [ -156.48214694885877, 20.794107826118051 ], [ -156.482323834012419, 20.794178888293668 ], [ -156.482489041941079, 20.794271965693909 ], [ -156.482665756987586, 20.794343349200592 ], [ -156.482837605404711, 20.794423908021898 ], [ -156.483017535325644, 20.79448922915093 ], [ -156.483204777532848, 20.794540763115108 ], [ -156.483378319503004, 20.794618128244146 ], [ -156.483547288211867, 20.794704119526081 ], [ -156.483722674208394, 20.794778008021979 ], [ -156.48390552807308, 20.794837816353947 ], [ -156.484065188067007, 20.794941359019962 ], [ -156.484243557122369, 20.795009624895421 ], [ -156.484418260932756, 20.795084801144501 ], [ -156.484588373714104, 20.795168634917207 ], [ -156.484768928908039, 20.795232778867653 ], [ -156.484943296284314, 20.795308589868323 ], [ -156.485133739321554, 20.795341212663182 ], [ -156.485276581781449, 20.795415927223804 ], [ -156.485424709805159, 20.795567981204336 ], [ -156.485618528974584, 20.795592578080576 ], [ -156.485806426502791, 20.79563369284465 ], [ -156.485997079616197, 20.795667122320907 ], [ -156.486188803018848, 20.795697565934503 ], [ -156.486375033677888, 20.795743333756111 ], [ -156.486549687975327, 20.795821391228099 ], [ -156.486743443348814, 20.795846167427626 ], [ -156.486935816556496, 20.795874799447549 ], [ -156.487117037286311, 20.795934540003717 ], [ -156.48731298966996, 20.795953187062437 ], [ -156.487489367250674, 20.796026441808088 ], [ -156.487680134857072, 20.796040503257849 ], [ -156.488262252543166, 20.796140992509898 ], [ -156.488452895394772, 20.796164576328358 ], [ -156.48864524646882, 20.796167695598342 ], [ -156.488836522878159, 20.796183701830934 ], [ -156.489027975652533, 20.796197584930592 ], [ -156.48922109122239, 20.796191537336838 ], [ -156.489415256030867, 20.796172919797886 ], [ -156.489607024978682, 20.796183022687007 ], [ -156.489798550944244, 20.796196031961809 ], [ -156.489988443212383, 20.796228618902163 ], [ -156.490166890475905, 20.796328242603568 ], [ -156.490246060994906, 20.796351356052746 ], [ -156.49043909021924, 20.796371200171635 ], [ -156.490656319055773, 20.796304844713791 ], [ -156.490844700708351, 20.796341241583427 ], [ -156.491028782757951, 20.796392955030178 ], [ -156.491205095804276, 20.796469691427532 ], [ -156.491355763251875, 20.796458697232261 ], [ -156.49153403761818, 20.796526359518701 ], [ -156.491715620935452, 20.796585087635769 ], [ -156.491881515922898, 20.796686175754491 ], [ -156.492069749285037, 20.796726948405151 ], [ -156.492252097968986, 20.796783611336025 ], [ -156.492437761562712, 20.796831324807307 ], [ -156.492620663345349, 20.796886494776885 ], [ -156.492799222384349, 20.796953387987539 ], [ -156.4929686936552, 20.797044821780421 ], [ -156.493151715540165, 20.797099668822259 ], [ -156.493313501670968, 20.797201442345052 ], [ -156.493697202814161, 20.79726865948318 ], [ -156.493892677777893, 20.797250562629586 ], [ -156.494079899565548, 20.797300341427995 ], [ -156.4942677027299, 20.797345336646252 ], [ -156.494453064617602, 20.79741041431506 ], [ -156.494645613916589, 20.797416383158723 ], [ -156.494835864367957, 20.797441250066523 ], [ -156.495017876455165, 20.797533881882039 ], [ -156.495208214793877, 20.797558035454689 ], [ -156.495403161394592, 20.797544277716355 ], [ -156.495593771021873, 20.797566198254824 ], [ -156.495783287221258, 20.797597120246341 ], [ -156.495975099364699, 20.797609145491304 ], [ -156.496168055974323, 20.797611759670545 ], [ -156.496356010310024, 20.797655524186098 ], [ -156.496547817582552, 20.797627432141404 ], [ -156.496793434134219, 20.797580103593269 ], [ -156.496981163624326, 20.79753709549923 ], [ -156.49717161965998, 20.797514065643554 ], [ -156.497363331442727, 20.797500239478381 ], [ -156.497552829653785, 20.797470194736743 ], [ -156.497740379845965, 20.797425873902402 ], [ -156.497933585587191, 20.797422990816568 ], [ -156.498125966323386, 20.797414066560272 ], [ -156.498321345412393, 20.797427110059854 ], [ -156.498519375960427, 20.797459580802478 ], [ -156.498715005371793, 20.797474455058392 ], [ -156.498904727931915, 20.797446051800641 ], [ -156.499090752114171, 20.797390548681101 ], [ -156.499276156767024, 20.797330508076964 ], [ -156.499462662171766, 20.797278533005485 ], [ -156.499655026540609, 20.797269488481724 ], [ -156.499850631106028, 20.797284180477281 ], [ -156.500041864886526, 20.797268464375538 ], [ -156.50016468032635, 20.797256241967947 ], [ -156.500355663065449, 20.79723583108207 ], [ -156.500543067897382, 20.797194220998833 ], [ -156.500728826426354, 20.79714284760691 ], [ -156.500915106123955, 20.79709456964898 ], [ -156.501101730414462, 20.797048332627078 ], [ -156.501291351704054, 20.797019853827614 ], [ -156.501482153927071, 20.796998373545435 ], [ -156.501678602329065, 20.79701710103463 ], [ -156.501908477410808, 20.79689543493533 ], [ -156.502100035952964, 20.796908999027661 ], [ -156.502290396806018, 20.796946545610318 ], [ -156.502482949517344, 20.796940215738232 ], [ -156.502669439442172, 20.796966595761571 ], [ -156.503081663300776, 20.796923267729952 ], [ -156.503263365840382, 20.796864141179608 ], [ -156.503432964472807, 20.796776858801373 ], [ -156.503591918393454, 20.796664818863054 ], [ -156.503765710638987, 20.796587291133683 ], [ -156.503938933005486, 20.796508440235559 ], [ -156.504118861960052, 20.79644518753647 ], [ -156.504311170344067, 20.796410728984966 ], [ -156.504498585459885, 20.796364888766288 ], [ -156.504679297395342, 20.796303457232128 ], [ -156.504860277394727, 20.796242649714699 ], [ -156.505045394011603, 20.796191463418548 ], [ -156.505222696647763, 20.796122103509358 ], [ -156.50539565058682, 20.796042629503745 ], [ -156.505544565257082, 20.795907241338163 ], [ -156.50572484721306, 20.795844810025546 ] ] } },
{ "type": "Feature", "properties": { "objectid": 237, "island": "Maui", "st_lengthshape": 478.25233778954231 }, "geometry": { "type": "LineString", "coordinates": [ [ -156.506532487953876, 20.795360288851274 ], [ -156.506689468728638, 20.795256142130729 ], [ -156.506855396111149, 20.795164752950335 ], [ -156.507054003217291, 20.795119965428299 ], [ -156.507234382502133, 20.795052108919737 ], [ -156.507387811904948, 20.794959807946718 ], [ -156.507525368704421, 20.794833807670841 ], [ -156.507653462951623, 20.794698837168969 ], [ -156.50776092483315, 20.794544305163114 ], [ -156.507903681985397, 20.79442323611195 ], [ -156.508052402970378, 20.794307821117268 ], [ -156.508210628596629, 20.794201417280568 ], [ -156.508339712572507, 20.79406738424742 ], [ -156.508487581018443, 20.793951160933297 ], [ -156.508633426869835, 20.793833020036487 ], [ -156.508751986036259, 20.793689010627759 ], [ -156.508755383167227, 20.793435824010938 ], [ -156.508875915095018, 20.79329368422934 ], [ -156.509031837828559, 20.79318509612548 ], [ -156.509131865768325, 20.793091164491994 ], [ -156.509315914636232, 20.793029267640694 ], [ -156.509444346301763, 20.792878407685972 ], [ -156.509565260908175, 20.792715525023333 ], [ -156.509727432258785, 20.792630752672551 ], [ -156.509826027722966, 20.792619466115646 ] ] } },
{ "type": "Feature", "properties": { "objectid": 238, "island": "Maui", "st_lengthshape": 9.1067867172272692 }, "geometry": { "type": "LineString", "coordinates": [ [ -156.51574035987673, 20.786548776033456 ], [ -156.515760703242137, 20.786468812983482 ] ] } },
{ "type": "Feature", "properties": { "objectid": 239, "island": "Maui", "st_lengthshape": 9.474615840996254 }, "geometry": { "type": "LineString", "coordinates": [ [ -156.516058937159613, 20.786021915267956 ], [ -156.516050560036206, 20.785936738087827 ] ] } },
{ "type": "Feature", "properties": { "objectid": 240, "island": "Maui", "st_lengthshape": 85.729721623450473 }, "geometry": { "type": "LineString", "coordinates": [ [ -156.516360678710527, 20.785549139478444 ], [ -156.516556967973997, 20.785424727355029 ], [ -156.516677168375253, 20.785273943800405 ], [ -156.516788569695933, 20.785120110849732 ], [ -156.516886080299486, 20.784968919258375 ] ] } },
{ "type": "Feature", "properties": { "objectid": 241, "island": "Maui", "st_lengthshape": 13.406374762018789 }, "geometry": { "type": "LineString", "coordinates": [ [ -156.516844472365051, 20.784528853842005 ], [ -156.516959783209472, 20.784475088780038 ] ] } },
{ "type": "Feature", "properties": { "objectid": 242, "island": "Maui", "st_lengthshape": 124.84005284547024 }, "geometry": { "type": "LineString", "coordinates": [ [ -156.520506658944385, 20.781064659473198 ], [ -156.520738362775717, 20.78106315380769 ], [ -156.520890590891213, 20.780952633172269 ], [ -156.521021806735007, 20.780813291845742 ], [ -156.521165781688666, 20.780691452398415 ], [ -156.52131406683597, 20.780575524382368 ], [ -156.521470718164039, 20.780474360210004 ] ] } },
{ "type": "Feature", "properties": { "objectid": 243, "island": "Maui", "st_lengthshape": 6664.8538871974743 }, "geometry": { "type": "LineString", "coordinates": [ [ -156.566583711278042, 20.792745652861761 ], [ -156.566768902177216, 20.79289900788703 ], [ -156.566961853094142, 20.7928827056929 ], [ -156.56715299719076, 20.792905895382123 ], [ -156.567344268363655, 20.792926315439047 ], [ -156.567536503591754, 20.792925663619794 ], [ -156.567726078622286, 20.792983182260215 ], [ -156.567916845808526, 20.793014627982565 ], [ -156.568107650210379, 20.793045255932039 ], [ -156.56829870111747, 20.793070516280228 ], [ -156.568490086872117, 20.793088430957635 ], [ -156.568681635324708, 20.793102789109486 ], [ -156.568873946073921, 20.793100503395838 ], [ -156.569066381696899, 20.793095459745462 ], [ -156.56925913793151, 20.793083412435724 ], [ -156.569451014382963, 20.793090613791204 ], [ -156.569643735192585, 20.793079339392435 ], [ -156.569835864774433, 20.793080993317854 ], [ -156.570026134392549, 20.7931233475555 ], [ -156.570215145065987, 20.793193229008839 ], [ -156.570405176730986, 20.793240804991399 ], [ -156.570595986463871, 20.793271345427542 ], [ -156.570788317752061, 20.793268581097678 ], [ -156.570981075623479, 20.793256508400969 ], [ -156.571173888220329, 20.793243236204987 ], [ -156.571366943300063, 20.793224654113892 ], [ -156.571555592057535, 20.793239886355298 ], [ -156.571670928798454, 20.79326174136806 ], [ -156.571857108136129, 20.79330599427907 ], [ -156.572043635069122, 20.793348995877189 ], [ -156.5722295691412, 20.793394129845485 ], [ -156.572416431594291, 20.793435922203987 ], [ -156.572601861506257, 20.793482874468147 ], [ -156.572786170600693, 20.793533869558701 ], [ -156.572966323420331, 20.793599840206895 ], [ -156.573146559931615, 20.793665512074153 ], [ -156.573327256189259, 20.793729526985917 ], [ -156.573507162923363, 20.793796386665164 ], [ -156.573687393878885, 20.793862077787825 ], [ -156.573863793666504, 20.793941576139062 ], [ -156.574046098555328, 20.79399979612003 ], [ -156.57423070140868, 20.794049732902845 ], [ -156.574414303728219, 20.7941032789942 ], [ -156.574599493838036, 20.794151097193087 ], [ -156.574783767963538, 20.794202221593824 ], [ -156.574959535032406, 20.794284003510541 ], [ -156.575167186151049, 20.794250880658907 ], [ -156.575397848010567, 20.794134823784717 ], [ -156.575545603759963, 20.794317560260488 ], [ -156.575729905076372, 20.794368583839127 ], [ -156.575918829346961, 20.794402951223457 ], [ -156.576107377807091, 20.794438669368109 ], [ -156.576294356154335, 20.794480050274448 ], [ -156.576480525628511, 20.79452434520454 ], [ -156.576666417048614, 20.794569643736072 ], [ -156.576849036606006, 20.79459279184773 ], [ -156.577073245309748, 20.794603434993178 ], [ -156.577265474682463, 20.794613084349045 ], [ -156.577455904703953, 20.794636374656417 ], [ -156.577644248932273, 20.794675491603211 ], [ -156.577831595714173, 20.794722176576808 ], [ -156.578019213573754, 20.794766807294021 ], [ -156.578207284998854, 20.794807997548471 ], [ -156.578395732417647, 20.794846334984808 ], [ -156.57858473280541, 20.79488047756357 ], [ -156.578774823636877, 20.794906350500263 ], [ -156.578965721995274, 20.794926095273933 ], [ -156.579155889563367, 20.794951381944003 ], [ -156.579344424890508, 20.794989056823884 ], [ -156.57952883393358, 20.795058033751143 ], [ -156.579710557795835, 20.795147381746904 ], [ -156.579887928306761, 20.795269756024226 ], [ -156.580078241695219, 20.795293950266515 ], [ -156.580277526701479, 20.795250076028761 ], [ -156.580485115500466, 20.795143200388164 ], [ -156.580679133011387, 20.795082246427548 ], [ -156.58100918802387, 20.795055580937884 ], [ -156.581201750402101, 20.795041898527195 ], [ -156.581386343090287, 20.794987305954042 ], [ -156.581577541072335, 20.794966625636672 ], [ -156.581640835264665, 20.79498935847824 ], [ -156.581828615387025, 20.795040550290206 ], [ -156.582019172777763, 20.795086616912712 ], [ -156.582204023668083, 20.7951432174298 ], [ -156.582380747135232, 20.795214820000897 ], [ -156.582559970853282, 20.795281809999963 ], [ -156.582735809208657, 20.795355046793176 ], [ -156.582917372124513, 20.795417718848725 ], [ -156.583097980520193, 20.795482150728265 ], [ -156.58328324991524, 20.795537979484987 ], [ -156.583474186475655, 20.795583346494546 ], [ -156.583661190494894, 20.795635973853468 ], [ -156.583847045087936, 20.795690720377756 ], [ -156.584036431748189, 20.795738949981956 ], [ -156.584220578012321, 20.7957968523597 ], [ -156.584399784630051, 20.795863874626221 ], [ -156.584578032792678, 20.795932663900157 ], [ -156.584756901409662, 20.796000310436817 ], [ -156.584935463520083, 20.796068522265134 ], [ -156.58511027918837, 20.796143650386036 ], [ -156.585286134838213, 20.796216858796431 ], [ -156.585450289781278, 20.796311669606531 ], [ -156.585619131440609, 20.796397827053962 ], [ -156.585789426650365, 20.796481300378424 ], [ -156.585963327174966, 20.796558118746272 ], [ -156.586130731920179, 20.796646931046606 ], [ -156.586289766190447, 20.796751194624079 ], [ -156.586457935133097, 20.79683859609667 ], [ -156.586629351282369, 20.796920001255021 ], [ -156.586798502048651, 20.79700559040807 ], [ -156.586965538852837, 20.797095081254103 ], [ -156.587124746338617, 20.7971990278226 ], [ -156.587292322741092, 20.797287523662263 ], [ -156.587460203077768, 20.797375458361387 ], [ -156.587629490432306, 20.79746079585713 ], [ -156.587798127994489, 20.797547334058859 ], [ -156.587971638155608, 20.797624876491394 ], [ -156.588134630115945, 20.797721836688684 ], [ -156.588294676106869, 20.797824236430124 ], [ -156.588471054893517, 20.797896483914421 ], [ -156.588648265904453, 20.7979671934118 ], [ -156.588823432188292, 20.798041678262088 ], [ -156.589010352606124, 20.798094465145308 ], [ -156.589197299928685, 20.798147199840066 ], [ -156.589401525391196, 20.798161948471169 ], [ -156.589549835568164, 20.79815245413419 ], [ -156.589754356522235, 20.79820365636721 ], [ -156.589921214449362, 20.798297417691209 ], [ -156.590031749411622, 20.798454823453984 ], [ -156.590165143424542, 20.798586398143708 ], [ -156.590270372149803, 20.798749799084774 ], [ -156.590386082475817, 20.798901357425038 ], [ -156.590517542039066, 20.799035118830364 ], [ -156.590654451300821, 20.799162722511788 ], [ -156.590796760394426, 20.79928422464371 ], [ -156.590945210516196, 20.799398787722058 ], [ -156.591096601224336, 20.799510027474252 ], [ -156.591255096117152, 20.79961324003272 ], [ -156.591431668452259, 20.799696024395956 ], [ -156.591620918565184, 20.799764484701239 ], [ -156.591822974561012, 20.799818473710186 ], [ -156.59218889009253, 20.799969613810831 ], [ -156.592309482666423, 20.80011565646398 ], [ -156.592410946164534, 20.80028331523679 ], [ -156.592541125829001, 20.800418525603952 ], [ -156.592677412296325, 20.80054683431759 ], [ -156.592782145330489, 20.800710800460617 ], [ -156.592913357309243, 20.800844843983771 ], [ -156.593055428328853, 20.800966617472522 ], [ -156.59319886170195, 20.80108685142908 ], [ -156.593341080819926, 20.801208458839191 ], [ -156.593484171432976, 20.801329080580039 ], [ -156.593646514805329, 20.801427945862631 ], [ -156.593811874993605, 20.801523403031315 ], [ -156.593952006402816, 20.801647369106394 ], [ -156.594108491279371, 20.801752855566335 ], [ -156.594251727754511, 20.801873313552939 ], [ -156.594401656745504, 20.801986208004006 ], [ -156.594543528637132, 20.802108207900805 ], [ -156.594696129494906, 20.80221808480794 ], [ -156.594843323196784, 20.802334071208815 ], [ -156.594973980072069, 20.802468744928476 ], [ -156.59511169709873, 20.802595441275191 ], [ -156.595260281971292, 20.802709855819504 ], [ -156.595414206992075, 20.802818236435851 ], [ -156.595569544225924, 20.802925021290829 ], [ -156.595707810738332, 20.803051097357827 ], [ -156.595844751558531, 20.803178670857715 ], [ -156.595993383533312, 20.803293033139997 ], [ -156.596097663378714, 20.80345751414378 ], [ -156.596189560171865, 20.803635990264659 ], [ -156.596334077156115, 20.803755003691844 ], [ -156.596555184802725, 20.803787467481612 ], [ -156.596698641312543, 20.803907678481607 ], [ -156.596837296898173, 20.804033315863808 ], [ -156.596968567177782, 20.804167298896562 ], [ -156.597096329238866, 20.804305246458782 ], [ -156.597225022431047, 20.804442141466819 ], [ -156.597296332888192, 20.804643882162214 ], [ -156.597422267082152, 20.804783896139877 ], [ -156.597556604005803, 20.804914414578541 ], [ -156.597728778289394, 20.805002175664946 ], [ -156.597939325725065, 20.805046573657055 ], [ -156.598178110746773, 20.805055502103851 ], [ -156.598478878902483, 20.805139644154913 ], [ -156.598631977107857, 20.805250148942925 ], [ -156.598797363173588, 20.805342021881327 ], [ -156.598924687092563, 20.80549161159929 ], [ -156.599026243426749, 20.805680273888189 ], [ -156.599160878644653, 20.805818776928756 ], [ -156.599311948135437, 20.805932359973529 ], [ -156.599468171817108, 20.806038127466262 ], [ -156.599634182121633, 20.806129055790048 ], [ -156.599782930159677, 20.806246160131401 ], [ -156.599933673905213, 20.806360237488999 ], [ -156.600099435943662, 20.806451542093779 ], [ -156.600268664627151, 20.806537591824448 ], [ -156.60043477736258, 20.806628365572081 ], [ -156.600588463031613, 20.806737983100653 ], [ -156.600751238664799, 20.806833816271375 ], [ -156.600935761708229, 20.80689667396776 ], [ -156.60111142744347, 20.806972962310912 ], [ -156.601279484509433, 20.807060788978966 ], [ -156.601446112124904, 20.807150782538354 ], [ -156.601608206898334, 20.807247651107655 ], [ -156.601787315266563, 20.807318719840691 ], [ -156.601966201461437, 20.807390124815985 ], [ -156.602132800367286, 20.807480163418475 ], [ -156.60227519555329, 20.807606903092651 ], [ -156.602449118368213, 20.807685835945136 ], [ -156.602609366595289, 20.807785505098298 ], [ -156.60277557575273, 20.807876134565138 ], [ -156.602954073494232, 20.8079481309443 ], [ -156.603122358185345, 20.808035613309698 ], [ -156.603282023794122, 20.8081361668082 ], [ -156.603461974423993, 20.808205959851321 ], [ -156.603616562397548, 20.808314212317363 ], [ -156.603790567519525, 20.808393021366811 ], [ -156.603947252687732, 20.80849809455659 ], [ -156.604120012550567, 20.808578793012323 ], [ -156.604320202514742, 20.808608241637256 ], [ -156.60460784400513, 20.808704866491912 ], [ -156.604786902185424, 20.808770268976495 ], [ -156.604949383114445, 20.808873465533143 ], [ -156.605126239025594, 20.808943887350352 ], [ -156.605301753157704, 20.809017370356759 ], [ -156.605483636401004, 20.809076332667956 ], [ -156.605665415196398, 20.809135533533997 ], [ -156.605847255934407, 20.809194592410726 ], [ -156.606028050769311, 20.809256037553549 ], [ -156.606206508668066, 20.809322808235336 ], [ -156.606372596588841, 20.809417784335729 ], [ -156.606527747256877, 20.809537693592528 ], [ -156.606696695803237, 20.809626147312944 ], [ -156.60689091561656, 20.809656986120647 ], [ -156.607087317269702, 20.809682848983801 ], [ -156.607238273733259, 20.809812324105835 ], [ -156.607415649059533, 20.809881564447075 ], [ -156.607576705600252, 20.809988013112818 ], [ -156.607743886072114, 20.810080500161103 ], [ -156.607922202379285, 20.810147597709808 ], [ -156.608094582890942, 20.810228020793126 ], [ -156.608403939677459, 20.810293400279729 ], [ -156.608592810005689, 20.810333169064908 ], [ -156.608785988761753, 20.810330871333139 ], [ -156.608978806402575, 20.810332106271581 ], [ -156.609171612916441, 20.810333439263875 ], [ -156.609354499989337, 20.8104316259864 ], [ -156.609541341073054, 20.810491215052206 ], [ -156.609735345304216, 20.810480864948641 ], [ -156.609934406783537, 20.810421129998684 ], [ -156.610119720440878, 20.810495624537303 ], [ -156.610312670229888, 20.810495566745601 ], [ -156.610514904119327, 20.810404859304452 ], [ -156.610711077621659, 20.810373317965915 ], [ -156.610900749173908, 20.81040527008372 ], [ -156.611088916819511, 20.810451909906128 ], [ -156.611274388969491, 20.810524864041462 ], [ -156.611465897333431, 20.810538886923084 ], [ -156.611653615275571, 20.810506714681786 ], [ -156.611918973460149, 20.810507579962113 ], [ -156.61211842958113, 20.810569284391562 ], [ -156.612309561842181, 20.810551602381651 ], [ -156.612502986045541, 20.810555770232146 ], [ -156.612687488194325, 20.810474852643058 ], [ -156.612870837059234, 20.810382941972794 ], [ -156.613061712812282, 20.810362811115798 ], [ -156.613254613287609, 20.810361990787758 ], [ -156.613441568757764, 20.810348754365339 ], [ -156.613731027430191, 20.810294224905491 ], [ -156.613966472291509, 20.810315337409392 ], [ -156.614170633074593, 20.810286026153502 ], [ -156.614296686290999, 20.810130822782817 ], [ -156.614456075544638, 20.810029350026685 ], [ -156.614616633473275, 20.809929760761079 ], [ -156.614785247808015, 20.809843158340993 ], [ -156.614949767172902, 20.80974995384868 ], [ -156.615118466369722, 20.80966348859927 ], [ -156.615252507327483, 20.809521161174427 ], [ -156.615412038645729, 20.809419918752418 ], [ -156.615648872565345, 20.809443269541788 ], [ -156.61587080608146, 20.809442603471144 ], [ -156.61597378352667, 20.809250209272687 ], [ -156.616117686777898, 20.809123779124111 ], [ -156.616287283858725, 20.809038760854207 ], [ -156.616420941074239, 20.80889581570343 ], [ -156.616560822744873, 20.808762904379495 ], [ -156.616723529458255, 20.808666781385234 ], [ -156.616892638687091, 20.808580977274996 ], [ -156.617057536716203, 20.80848838530952 ], [ -156.617236799463512, 20.808418946112425 ], [ -156.61742404019563, 20.80836236520528 ], [ -156.617617138426624, 20.808315225953745 ], [ -156.61781878983362, 20.808281870388235 ], [ -156.618014145169667, 20.808238367702938 ], [ -156.618208203121526, 20.808166316550299 ], [ -156.618249657819291, 20.808168440237942 ], [ -156.618427339397527, 20.808239180783669 ], [ -156.618624113284426, 20.808276831442218 ], [ -156.618829625248082, 20.808299339881266 ], [ -156.619026981829109, 20.808335980505671 ], [ -156.619236127195592, 20.808345575490968 ], [ -156.619342230964776, 20.808401439281635 ], [ -156.619492711802224, 20.80851367397112 ], [ -156.619636891343248, 20.80863316513382 ], [ -156.619746911828685, 20.808792004125429 ], [ -156.619866595646869, 20.808939712327614 ], [ -156.619990142000347, 20.80908297173945 ], [ -156.620089266721834, 20.809254361765948 ], [ -156.62022254120896, 20.809386415344211 ], [ -156.620323258779194, 20.809548194192743 ], [ -156.62092172906253, 20.809852371378206 ], [ -156.621122488508888, 20.809775427245658 ], [ -156.62148226341813, 20.809624806696586 ], [ -156.621666642766741, 20.809572197077671 ], [ -156.621835343796675, 20.80945173509615 ], [ -156.621918774571157, 20.80936381524846 ], [ -156.622115492071913, 20.809371381481821 ], [ -156.622317818327502, 20.809359345313709 ], [ -156.622499716381753, 20.809418715625004 ], [ -156.622679040049888, 20.809467298937804 ] ] } },
{ "type": "Feature", "properties": { "objectid": 244, "island": "Maui", "st_lengthshape": 3190.4994959895562 }, "geometry": { "type": "LineString", "coordinates": [ [ -156.623001790777266, 20.809685193198341 ], [ -156.623112024630842, 20.809835299507295 ], [ -156.623216339947334, 20.809990551165168 ], [ -156.623345806437499, 20.81012394220501 ], [ -156.623453970005357, 20.810275848212708 ], [ -156.623625441586313, 20.810372728901108 ], [ -156.623694904494727, 20.810558273211615 ], [ -156.623852901405712, 20.810666866646041 ], [ -156.624000388164347, 20.810784593499584 ], [ -156.624149528368861, 20.810900884815421 ], [ -156.624259131328074, 20.811051540746906 ], [ -156.624392985879211, 20.811181118077211 ], [ -156.624528411141142, 20.811309330078856 ], [ -156.624691905713092, 20.8114080560944 ], [ -156.6248327362444, 20.811473718800418 ], [ -156.624968995491059, 20.811601947476142 ], [ -156.625114916645941, 20.811719371881129 ], [ -156.625279491808186, 20.811815935235959 ], [ -156.625427659740978, 20.811930846782758 ], [ -156.625578850347722, 20.812042378620109 ], [ -156.62572503245039, 20.812159510906937 ], [ -156.625934292304748, 20.812206101124506 ], [ -156.626089220598544, 20.8123134528674 ], [ -156.626230291025905, 20.812436302214742 ], [ -156.626368921816891, 20.812561880862027 ], [ -156.62651421844501, 20.812680005338041 ], [ -156.626662476190944, 20.812794816962676 ], [ -156.626760810730502, 20.81298804196431 ], [ -156.626776392147747, 20.813183275307697 ], [ -156.62679092948494, 20.813379008903407 ], [ -156.626864764680533, 20.81354631442591 ], [ -156.626908205991498, 20.813719850610781 ], [ -156.627034780614906, 20.813987403375734 ], [ -156.627129826140106, 20.81414559952821 ], [ -156.627235325317258, 20.814296708225445 ], [ -156.627349333849679, 20.814442048006036 ], [ -156.627464667598417, 20.814586489524967 ], [ -156.627576309027631, 20.814733433560168 ], [ -156.627701532728395, 20.814871168906127 ], [ -156.627817434021239, 20.815015225285812 ], [ -156.627935273045267, 20.815157968367767 ], [ -156.628042992702973, 20.815307572305969 ], [ -156.628137707617952, 20.815459333181057 ], [ -156.628229304312782, 20.815615080058144 ], [ -156.628319660813446, 20.815782208329932 ], [ -156.62836049191327, 20.815958688082741 ], [ -156.628389902775922, 20.816137323283503 ], [ -156.628439576688208, 20.816312132938666 ], [ -156.628446473489902, 20.816495020349532 ], [ -156.628405506089507, 20.816686944531877 ], [ -156.628352205007957, 20.81688119751508 ], [ -156.628342841860473, 20.817067154039069 ], [ -156.628344796009713, 20.817250973556813 ], [ -156.628347088231692, 20.81743473002529 ], [ -156.62834131409312, 20.817620008386566 ], [ -156.628367828495215, 20.817799191355331 ], [ -156.62839509235485, 20.817978232989816 ], [ -156.628422088484001, 20.818157324194054 ], [ -156.628454975019423, 20.818335304049899 ], [ -156.628486447537313, 20.818513550585401 ], [ -156.628515207537305, 20.818692309507444 ], [ -156.628574529269031, 20.818865297680187 ], [ -156.6286646555738, 20.819032469678671 ], [ -156.628744469258919, 20.81920158938636 ], [ -156.628814739964184, 20.819372510342781 ], [ -156.62877882807922, 20.819563479585852 ], [ -156.628838950828651, 20.819736317152447 ], [ -156.628896233959722, 20.819909690625163 ], [ -156.628957844260924, 20.820082246245086 ], [ -156.629022102720199, 20.820254303013936 ], [ -156.629109128444412, 20.820422060450639 ], [ -156.629217413948425, 20.820585804689347 ], [ -156.62930630303731, 20.82075321038069 ], [ -156.629377349753895, 20.820923963133936 ], [ -156.629496096016737, 20.821187673426152 ], [ -156.629557003254632, 20.821361832845746 ], [ -156.629619332696251, 20.821535276883605 ], [ -156.629689056292818, 20.821705003498874 ], [ -156.629779279633908, 20.821864425076484 ], [ -156.629867354078868, 20.82202492578055 ], [ -156.629945810023003, 20.822190263526981 ], [ -156.630045357291294, 20.822344997364123 ], [ -156.630099198655586, 20.822522708859186 ], [ -156.630190812996176, 20.822681430733095 ], [ -156.630252673091263, 20.822855111038105 ], [ -156.63034706417281, 20.823012437291258 ], [ -156.630429431096957, 20.823175808057986 ], [ -156.630530196287964, 20.823329930046743 ], [ -156.630609360196956, 20.823494912561017 ], [ -156.630691827334658, 20.823658233153317 ], [ -156.630782825251458, 20.823817265938306 ], [ -156.63091865275004, 20.823953761095705 ], [ -156.631015169072924, 20.824110019316137 ], [ -156.631104194646753, 20.82427004328758 ], [ -156.631248437302844, 20.82440230843941 ], [ -156.631301174082807, 20.824580576025088 ], [ -156.631400795767803, 20.824735273285917 ], [ -156.631480798637511, 20.824899833670422 ], [ -156.631589830378232, 20.825049800983951 ], [ -156.63172177467797, 20.825183464317032 ], [ -156.631929677743017, 20.825443398753102 ], [ -156.632071808735787, 20.82556488119824 ], [ -156.632184496101701, 20.825716199062949 ], [ -156.632319411512754, 20.825844993454858 ], [ -156.632447278985069, 20.825980928827065 ], [ -156.632584404347483, 20.826107485242261 ], [ -156.632715851024926, 20.826239793784467 ], [ -156.632855258585806, 20.826364037357525 ], [ -156.632959011669669, 20.826524408581122 ], [ -156.633081587775479, 20.826665707433687 ], [ -156.6332083264696, 20.826802788005033 ], [ -156.633341579751203, 20.82693326724571 ], [ -156.633509146081025, 20.827028978902565 ], [ -156.633654353055505, 20.827147345832039 ], [ -156.633789423231008, 20.827275985171276 ], [ -156.633978293906551, 20.827350108206488 ], [ -156.634197567007902, 20.827393425056123 ], [ -156.634361657220865, 20.827492658428763 ], [ -156.634488777415243, 20.827629354265227 ], [ -156.634624648057923, 20.827757182351938 ], [ -156.63476051599298, 20.827885013922479 ], [ -156.634911577459519, 20.827997450363075 ], [ -156.635046234718175, 20.828126509365156 ], [ -156.635191228320849, 20.82824509345134 ], [ -156.635282120363428, 20.82841849965342 ], [ -156.635440936548946, 20.828523078250718 ], [ -156.635530300704289, 20.828698033586761 ], [ -156.635654581046765, 20.828837607116572 ], [ -156.635777138092521, 20.828978928482268 ], [ -156.635893939305532, 20.829126082307322 ], [ -156.636065115893757, 20.829218136569121 ], [ -156.636207932064963, 20.829338929332547 ], [ -156.636390025907275, 20.829419920447634 ], [ -156.636555530049122, 20.829517723986321 ], [ -156.636706458870179, 20.829630296297903 ], [ -156.636853338785102, 20.829746970970714 ], [ -156.636958426550308, 20.829905994224784 ], [ -156.637134138898546, 20.829993454215114 ], [ -156.637236818511809, 20.830154918345823 ], [ -156.637338216924007, 20.830317681338965 ], [ -156.637473518535273, 20.830446089335595 ], [ -156.637597746446858, 20.830585718762208 ], [ -156.637769752425356, 20.830676934138015 ], [ -156.637926553571873, 20.830783557150045 ], [ -156.63807721533891, 20.830896401963855 ], [ -156.638219763451332, 20.831017466813677 ], [ -156.638369226260352, 20.831131526571365 ], [ -156.638566180173427, 20.831197462433767 ], [ -156.638693497571467, 20.831333962426214 ], [ -156.638880155832624, 20.831410331117254 ], [ -156.638996194839166, 20.831558260101694 ], [ -156.639161183940843, 20.831656587099527 ], [ -156.63931812476045, 20.831763069141136 ], [ -156.639463133076731, 20.83188164309918 ], [ -156.639605372906061, 20.832003022363516 ], [ -156.639789724297771, 20.832076810085685 ] ] } },
{ "type": "Feature", "properties": { "objectid": 245, "island": "Maui", "st_lengthshape": 1507.6880776159101 }, "geometry": { "type": "LineString", "coordinates": [ [ -156.640288203938496, 20.832836098726897 ], [ -156.64049106684709, 20.832855845782341 ], [ -156.640649349435392, 20.832963275349133 ], [ -156.64081929308864, 20.833047771025836 ], [ -156.640970693413379, 20.833168735506469 ], [ -156.641173273525226, 20.833189040472899 ], [ -156.641350114379918, 20.833259969973135 ], [ -156.641521352923718, 20.833341919205168 ], [ -156.641707567923589, 20.833394412534425 ], [ -156.641888904612955, 20.833444498810806 ], [ -156.642234259761437, 20.833471315904699 ], [ -156.642396709637268, 20.833601101135201 ], [ -156.642591730089663, 20.833613777460766 ], [ -156.642772359102025, 20.833678199181712 ], [ -156.642956441632435, 20.833730205847445 ], [ -156.643140964868621, 20.833780629096427 ], [ -156.643325545272489, 20.833830844347819 ], [ -156.643508531378927, 20.833886795050041 ], [ -156.6436904564342, 20.83394655972171 ], [ -156.643873171213528, 20.834003485182748 ], [ -156.644055136277046, 20.834063106460761 ], [ -156.644236294665319, 20.834125627758212 ], [ -156.6444195044445, 20.834180772424215 ], [ -156.644609633062629, 20.834211042077492 ], [ -156.644813930821499, 20.834190366310093 ], [ -156.645014516880366, 20.834183037190883 ], [ -156.645203199916239, 20.834218503898754 ], [ -156.645382830856107, 20.834286521316859 ], [ -156.64555484851661, 20.834381912447263 ], [ -156.645739557861617, 20.834431670063207 ], [ -156.645918135333687, 20.834503474142846 ], [ -156.646100098997067, 20.834563102365657 ], [ -156.646290217005742, 20.834583431550609 ], [ -156.646422763382418, 20.834622432786784 ], [ -156.646558482508368, 20.834751438010485 ], [ -156.646705511173053, 20.834867656626077 ], [ -156.646834119785439, 20.835004701875068 ], [ -156.646909776154729, 20.835201616805925 ], [ -156.647065932555535, 20.8353075163777 ], [ -156.647232906702868, 20.835401185089538 ], [ -156.647417244435246, 20.83547522146624 ], [ -156.647559363385625, 20.835596992333162 ], [ -156.647706307364246, 20.83571085218912 ], [ -156.647939737216177, 20.83576615037984 ], [ -156.648040157333583, 20.835920095817137 ], [ -156.648056855662048, 20.836121951893304 ], [ -156.64813873893624, 20.836286505008051 ], [ -156.648239874797895, 20.836440041198337 ], [ -156.648380589546065, 20.836570929771241 ], [ -156.648550506437829, 20.836685106302962 ], [ -156.648585857994561, 20.836876287581088 ], [ -156.648716180112217, 20.837013123120396 ], [ -156.648839783237037, 20.837153803448075 ], [ -156.648930155806823, 20.837313499063296 ], [ -156.649049275023714, 20.8374567454673 ], [ -156.649172212010512, 20.83759780746098 ], [ -156.649281558583908, 20.837746645558326 ], [ -156.649416083412575, 20.837881075850611 ], [ -156.649502663623224, 20.838042943291835 ], [ -156.64955051207113, 20.838226973502579 ], [ -156.649619577719477, 20.838398863199838 ], [ -156.649667330434738, 20.83858294806485 ], [ -156.649704133501217, 20.838773299418659 ], [ -156.649867365527683, 20.838891304012623 ], [ -156.649914526466176, 20.839075728373647 ], [ -156.650000979867002, 20.83923766794905 ], [ -156.650137373211919, 20.839371029913014 ], [ -156.650304738808245, 20.839486668113736 ], [ -156.650421396305347, 20.839631323907785 ], [ -156.650532108111918, 20.839779381868006 ], [ -156.650655386337462, 20.840131661916956 ], [ -156.650742044581506, 20.840293484827736 ], [ -156.650841056197009, 20.840448238665985 ] ] } },
{ "type": "Feature", "properties": { "objectid": 246, "island": "Maui", "st_lengthshape": 1696.7904821048357 }, "geometry": { "type": "LineString", "coordinates": [ [ -156.651594316160981, 20.841585622845713 ], [ -156.651749043806632, 20.841697624401426 ], [ -156.651955949101449, 20.841765394957388 ], [ -156.652114196975901, 20.841874413086845 ], [ -156.652272097579868, 20.841983726124759 ], [ -156.652387518856131, 20.842129049284242 ], [ -156.652483012163884, 20.84229126718861 ], [ -156.652538984164977, 20.842486986691917 ], [ -156.65261045653773, 20.842669566787542 ], [ -156.65280231008029, 20.842969719649588 ], [ -156.652849325239544, 20.84314586813192 ], [ -156.652955142019948, 20.843301713962582 ], [ -156.653048520913416, 20.84346185462395 ], [ -156.653142285330091, 20.843621862372064 ], [ -156.653216194730561, 20.843788725376591 ], [ -156.653280757583531, 20.843958814925983 ], [ -156.653361086735543, 20.844123461404624 ], [ -156.653447477212495, 20.844286015585674 ], [ -156.653479021741333, 20.844467505427648 ], [ -156.653383665718621, 20.844692811827422 ], [ -156.653392407311117, 20.844882174898121 ], [ -156.653414566470161, 20.845066344458203 ], [ -156.653591718693662, 20.845513743474616 ], [ -156.653697694397465, 20.84566586445537 ], [ -156.653826585885724, 20.845799943945909 ], [ -156.654054136887453, 20.84585635018901 ], [ -156.654176720370828, 20.845995396257834 ], [ -156.654295902337481, 20.846137120030495 ], [ -156.654403848447942, 20.846287690095981 ], [ -156.654531927122378, 20.846422409976913 ], [ -156.654688853771461, 20.846534418757358 ], [ -156.654857093564402, 20.846637520676765 ], [ -156.654998540712427, 20.846761715492125 ], [ -156.655123277890368, 20.84689906665351 ], [ -156.655159148644316, 20.847106381260513 ], [ -156.655138261241717, 20.847358380499998 ], [ -156.655255716993054, 20.847501465317897 ], [ -156.655379604047141, 20.847639485576678 ], [ -156.655553164062439, 20.847738400302664 ], [ -156.655746073917584, 20.847822080572634 ], [ -156.655952602733151, 20.847895037851099 ], [ -156.656152764891829, 20.847973007930484 ], [ -156.656276536456033, 20.848111120864928 ], [ -156.656392227860579, 20.848255594081781 ], [ -156.656476012118418, 20.848425188348408 ], [ -156.656534254112955, 20.848614891536478 ], [ -156.656669515518928, 20.848743958957268 ], [ -156.656796962235433, 20.84887917808728 ], [ -156.656892539668178, 20.849039488138484 ], [ -156.657012827333318, 20.849180344170414 ], [ -156.657036171326467, 20.849397523197762 ], [ -156.657173181415573, 20.849525213665785 ], [ -156.657315540460132, 20.849648692457443 ], [ -156.657466981845403, 20.849765021683417 ], [ -156.657617788420168, 20.849881851404231 ], [ -156.657757952277763, 20.850007058906304 ], [ -156.657872859713166, 20.85015215090047 ], [ -156.657989863062568, 20.850295594617442 ], [ -156.658114472536823, 20.850433048811816 ], [ -156.658320371200915, 20.850506503364063 ], [ -156.65847420349084, 20.850613516535329 ], [ -156.658670461664343, 20.850756090922228 ], [ -156.658834207031475, 20.850855615274405 ], [ -156.659003014215102, 20.850949991109164 ], [ -156.659126321051986, 20.85109064339218 ], [ -156.659304109923823, 20.851175885015568 ], [ -156.659446812487033, 20.851296810543161 ], [ -156.659583057024747, 20.851424304674016 ], [ -156.659737246681857, 20.851533548565754 ], [ -156.659866038888651, 20.851668621637572 ], [ -156.659980355159718, 20.851818417204061 ], [ -156.660082672598747, 20.851980415436792 ], [ -156.660171998554432, 20.85215562770523 ], [ -156.660211313894564, 20.852381701164138 ], [ -156.660293838371217, 20.852563830502948 ], [ -156.660493265901522, 20.852627066963453 ], [ -156.660673311004501, 20.852710016550727 ], [ -156.660837588877115, 20.852809001099232 ], [ -156.661106335176925, 20.852801738743004 ] ] } },
{ "type": "Feature", "properties": { "objectid": 247, "island": "Maui", "st_lengthshape": 877.83380827789597 }, "geometry": { "type": "LineString", "coordinates": [ [ -156.661949668673174, 20.853770996573605 ], [ -156.662080539352814, 20.853903547445807 ], [ -156.662205462955967, 20.854041865819351 ], [ -156.662344735201032, 20.854166270515801 ], [ -156.662462979532961, 20.854311065121657 ], [ -156.662608700815923, 20.854429217659632 ], [ -156.662772262260631, 20.854530071778896 ], [ -156.662903007515467, 20.85466274592844 ], [ -156.663023337944139, 20.854805517053705 ], [ -156.663151977032243, 20.85494023379993 ], [ -156.663279373845512, 20.855076154379177 ], [ -156.663423841332218, 20.855195522721885 ], [ -156.663564691696109, 20.855318399453211 ], [ -156.663675200153335, 20.855470695651988 ], [ -156.66381492843945, 20.855594659472821 ], [ -156.663957006405326, 20.85571634626239 ], [ -156.664090290433023, 20.8558465601837 ], [ -156.66424087728717, 20.855959995581866 ], [ -156.664386958507322, 20.856077802270011 ], [ -156.66451814638998, 20.856210047076416 ], [ -156.664636253927767, 20.856354975837181 ], [ -156.664762898364444, 20.856491628408538 ], [ -156.664886775170487, 20.85663096392085 ], [ -156.66501930399113, 20.856761910111221 ], [ -156.665153338876934, 20.856891396722865 ], [ -156.66529429951828, 20.857014168100093 ], [ -156.665442525337426, 20.857129893837797 ], [ -156.66557881284163, 20.857257197607726 ], [ -156.665713732272053, 20.857385826310495 ], [ -156.665855419450565, 20.8575078938212 ], [ -156.666003745656781, 20.857623523886513 ], [ -156.666148671275892, 20.85774245042343 ], [ -156.666291560713773, 20.857863351973364 ], [ -156.666413590456585, 20.857995670215114 ], [ -156.666639433403191, 20.858218824501296 ], [ -156.666777336473956, 20.858354867219123 ], [ -156.666924174780007, 20.858476559031331 ], [ -156.667082378564714, 20.858579997701973 ], [ -156.66725083661143, 20.858666966856926 ], [ -156.667424605585722, 20.858745407026557 ], [ -156.667607179673922, 20.858809704811026 ], [ -156.667780834755263, 20.858888328211059 ], [ -156.667962822065959, 20.858953569422308 ], [ -156.66812032573506, 20.859058133677145 ] ] } },
{ "type": "Feature", "properties": { "objectid": 248, "island": "Maui", "st_lengthshape": 1521.9862491302572 }, "geometry": { "type": "LineString", "coordinates": [ [ -156.669231669659695, 20.859505258080684 ], [ -156.669335674157509, 20.859657119510477 ], [ -156.669444307893116, 20.859806091081463 ], [ -156.669583309019629, 20.859936103792236 ], [ -156.66968192537081, 20.8600849225401 ], [ -156.669789054499574, 20.860276819183298 ], [ -156.669801229261083, 20.860457376433637 ], [ -156.669889445978299, 20.860629034363573 ], [ -156.669863081289151, 20.860811937405433 ], [ -156.669739341963805, 20.861060682435181 ], [ -156.669730090543226, 20.861246489653297 ], [ -156.66970528471731, 20.861435187766343 ], [ -156.669817039309891, 20.86159849649324 ], [ -156.669938200288499, 20.861753033132707 ], [ -156.670090249122893, 20.861999150061781 ], [ -156.670140206297503, 20.862185697768773 ], [ -156.670248527023546, 20.862325214652934 ], [ -156.670439228947913, 20.862577858299893 ], [ -156.670555833374436, 20.862734778827953 ], [ -156.670902214999444, 20.862900655042967 ], [ -156.671058097225597, 20.863006222601339 ], [ -156.671223829564553, 20.863098912530479 ], [ -156.671390407298759, 20.863190496787812 ], [ -156.671567814603918, 20.863267923582445 ], [ -156.671750723601491, 20.863338154881433 ], [ -156.671911823045775, 20.863436902713108 ], [ -156.672087805348326, 20.863516192411325 ], [ -156.672249336631836, 20.86361437602735 ], [ -156.672426701835747, 20.86369185651272 ], [ -156.67261985382757, 20.863748697287804 ], [ -156.67279766892716, 20.863822004362188 ], [ -156.672911413285846, 20.863874949805528 ], [ -156.673041324457699, 20.864008230078827 ], [ -156.673163231905107, 20.864135961610696 ], [ -156.673238339309762, 20.864228933198987 ], [ -156.673335357271952, 20.864384810930034 ], [ -156.673402584038143, 20.864557280962071 ], [ -156.673468256575319, 20.864730617506307 ], [ -156.673528197332587, 20.864907145912284 ], [ -156.673623394161609, 20.865064038135078 ], [ -156.673705886945186, 20.865228005181564 ], [ -156.673773608635514, 20.865400200106279 ], [ -156.673859580615868, 20.865562230482443 ], [ -156.673946019848586, 20.865724000790774 ], [ -156.674040984027215, 20.865881022424592 ], [ -156.674145191021438, 20.866025232135808 ], [ -156.674329997067076, 20.866226198033928 ], [ -156.674460930614231, 20.866358363488501 ], [ -156.674592251076092, 20.866490186456865 ], [ -156.674706842048664, 20.8666367539807 ], [ -156.674805486600405, 20.866797374187481 ], [ -156.674958726690591, 20.866909881307159 ], [ -156.675095448654162, 20.86703694531888 ], [ -156.675230396271871, 20.867165574436736 ], [ -156.675372948817397, 20.867287500761051 ], [ -156.675517052147114, 20.867408060116844 ], [ -156.675679237169675, 20.867505697199132 ], [ -156.675744176494533, 20.867533626946926 ], [ -156.675788412848846, 20.867717868115982 ], [ -156.675973291628026, 20.867826553866912 ], [ -156.67601025481963, 20.868014702876344 ], [ -156.676135918321847, 20.868155200068774 ], [ -156.676209417842159, 20.868323720760117 ], [ -156.676271305853305, 20.868498479765087 ], [ -156.676386862811029, 20.868644406625961 ], [ -156.676471025086158, 20.868807198856178 ], [ -156.676548399334138, 20.868973639152085 ], [ -156.676630149702504, 20.869137726904338 ], [ -156.676719666861231, 20.869297643429899 ], [ -156.676790578917974, 20.869467554669622 ], [ -156.676846611714183, 20.869645459590199 ], [ -156.676957660378946, 20.869793809133384 ], [ -156.677057537354415, 20.869948159159097 ], [ -156.677164847912309, 20.870092518846491 ] ] } },
{ "type": "Feature", "properties": { "objectid": 249, "island": "Maui", "st_lengthshape": 366.44363081774844 }, "geometry": { "type": "LineString", "coordinates": [ [ -156.677988146265335, 20.873880313003514 ], [ -156.677929978691168, 20.874117985650447 ], [ -156.678083036404729, 20.874241846388106 ], [ -156.678353855491793, 20.874471820704855 ], [ -156.67851948237049, 20.874578166093062 ], [ -156.678743098241085, 20.874640412093218 ], [ -156.678936356510462, 20.874725744156734 ], [ -156.679134620685943, 20.87480727000219 ], [ -156.679300000642996, 20.874913802791752 ], [ -156.67944151318784, 20.87503848734541 ], [ -156.679567938898856, 20.875174646740486 ], [ -156.67968702889678, 20.875316382905581 ], [ -156.67983625822518, 20.875435199315717 ], [ -156.680047644241057, 20.875506746880156 ], [ -156.680088881826947, 20.8757076905415 ], [ -156.680294813543867, 20.875783385460824 ], [ -156.680411137903434, 20.875927225651882 ] ] } },
{ "type": "Feature", "properties": { "objectid": 250, "island": "Maui", "st_lengthshape": 20.000461765446033 }, "geometry": { "type": "LineString", "coordinates": [ [ -156.680873775836574, 20.876844609051425 ], [ -156.680752906470616, 20.876704223813057 ] ] } },
{ "type": "Feature", "properties": { "objectid": 251, "island": "Maui", "st_lengthshape": 1049.4104126325701 }, "geometry": { "type": "LineString", "coordinates": [ [ -156.681806659835729, 20.878384626008312 ], [ -156.681931768294277, 20.878522471047425 ], [ -156.682048431052095, 20.878668279942609 ], [ -156.682168213852293, 20.878811146584578 ], [ -156.68284178163762, 20.879455090438796 ], [ -156.683016852920019, 20.879545823129206 ], [ -156.683132795571254, 20.87969152774135 ], [ -156.683304484757372, 20.879798569886891 ], [ -156.683466900187057, 20.879895652293644 ], [ -156.683644364519097, 20.879973129751956 ], [ -156.683777545824171, 20.880108296309157 ], [ -156.683923476918295, 20.880226853730338 ], [ -156.684094524983891, 20.880312689816819 ], [ -156.68427993852282, 20.880379812837923 ], [ -156.684443147456591, 20.88047586216646 ], [ -156.68464686012652, 20.880519146331466 ], [ -156.684889492969518, 20.880511728810465 ], [ -156.685113552651984, 20.880528506101019 ], [ -156.685345203832554, 20.880535393929559 ], [ -156.68555816332298, 20.880566631275887 ], [ -156.68573259138131, 20.880648065091805 ], [ -156.68588136200853, 20.880762924528906 ], [ -156.686027937700089, 20.880880643819783 ], [ -156.686177917647996, 20.880993928272595 ], [ -156.686325731100766, 20.881110035038851 ], [ -156.686467436756118, 20.881234099562334 ], [ -156.686618024297445, 20.881346591821945 ], [ -156.686773733758798, 20.881452413100121 ], [ -156.686923817802324, 20.881565562935695 ], [ -156.6870800179193, 20.881670745846705 ], [ -156.687232891728343, 20.881780260588602 ], [ -156.687374832687027, 20.881898776750369 ], [ -156.687452261872409, 20.881952436272609 ], [ -156.687555069299179, 20.882105089114347 ], [ -156.687648085143053, 20.88226393243561 ], [ -156.687600825055938, 20.882361195467521 ], [ -156.687533478028257, 20.882531238738721 ], [ -156.687466805649507, 20.882701450930725 ], [ -156.687357659061689, 20.882861071190725 ], [ -156.68729970645478, 20.883033457443922 ], [ -156.687181862255926, 20.883190908204458 ], [ -156.68712908931596, 20.883351251281194 ], [ -156.687010813009181, 20.883493727505137 ], [ -156.686864308191247, 20.883617011629298 ], [ -156.686718719867685, 20.883740918454713 ], [ -156.686566560179102, 20.883860357431669 ], [ -156.686437971680192, 20.883995822496178 ], [ -156.686331630649903, 20.884146413530456 ], [ -156.686315685647088, 20.884350324471153 ] ] } },
{ "type": "Feature", "properties": { "objectid": 252, "island": "Maui", "st_lengthshape": 963.53577049203261 }, "geometry": { "type": "LineString", "coordinates": [ [ -156.685616953188344, 20.885829670894243 ], [ -156.685507273086188, 20.885980052556839 ], [ -156.685413380794927, 20.886137841418623 ], [ -156.685355251496304, 20.886312415019713 ], [ -156.685295396253593, 20.886486176873071 ], [ -156.68520980047137, 20.886647859795627 ], [ -156.685064036874962, 20.886779961906178 ], [ -156.684961711056559, 20.887033091161495 ], [ -156.684919809780098, 20.887209382461918 ], [ -156.6848645185257, 20.887383159849431 ], [ -156.684812261514764, 20.887557507481134 ], [ -156.684769424729012, 20.887733622589749 ], [ -156.68473186042732, 20.887910727478832 ], [ -156.684684030570082, 20.888085905290236 ], [ -156.68465669894303, 20.888264929532202 ], [ -156.684662583530638, 20.888447018028376 ], [ -156.684690554427817, 20.888679649035176 ], [ -156.684722612884428, 20.888859923068065 ], [ -156.684735229384131, 20.889040394243573 ], [ -156.684749824075482, 20.889216500817696 ], [ -156.684769930084485, 20.889409735642776 ], [ -156.684808001541171, 20.88958697208961 ], [ -156.68485897240987, 20.889761127890338 ], [ -156.684927449832912, 20.889931104163431 ], [ -156.684999007812706, 20.890100344647806 ], [ -156.6850786903575, 20.890267646212877 ], [ -156.685136532370592, 20.890440161238871 ], [ -156.685154972221198, 20.890622085691444 ], [ -156.685166188713254, 20.890801017201539 ], [ -156.685153869374858, 20.890863881316708 ], [ -156.685186732628608, 20.891042479360554 ], [ -156.685234417209557, 20.891219877584415 ], [ -156.685274768679079, 20.891397869988609 ], [ -156.685233751022082, 20.89158155269563 ], [ -156.685231137487193, 20.891600336288008 ], [ -156.685271199158137, 20.891784633286107 ], [ -156.685262445557441, 20.891965155396068 ], [ -156.685243103663339, 20.892137024882501 ], [ -156.685214865588449, 20.892245932490898 ], [ -156.685174361671187, 20.892422470163552 ], [ -156.685132518260218, 20.892598747659225 ], [ -156.68509161651798, 20.892775207659511 ], [ -156.685042683219393, 20.892950104057448 ], [ -156.685026346009266, 20.893131345113417 ], [ -156.685002134394949, 20.893311053602165 ], [ -156.684956291461702, 20.893486552591227 ], [ -156.684920210159959, 20.893663951034291 ], [ -156.684899242296069, 20.893844290397357 ], [ -156.684878546431406, 20.89402468400537 ], [ -156.684858996628662, 20.894204843898557 ] ] } },
{ "type": "Feature", "properties": { "objectid": 253, "island": "Maui", "st_lengthshape": 100.32753027235049 }, "geometry": { "type": "LineString", "coordinates": [ [ -156.684799595510214, 20.895325212608228 ], [ -156.684795572704502, 20.895508342490515 ], [ -156.684787412793497, 20.895692050228078 ], [ -156.68483655741116, 20.895867760732571 ], [ -156.68488272641423, 20.896043887836612 ], [ -156.684934351346982, 20.896212839401393 ] ] } },
{ "type": "Feature", "properties": { "objectid": 254, "island": "Maui", "st_lengthshape": 514.31641404280208 }, "geometry": { "type": "LineString", "coordinates": [ [ -156.684596643201161, 20.900605510235245 ], [ -156.684504911145154, 20.900774185685371 ], [ -156.684454759822415, 20.900949399123242 ], [ -156.684408730081429, 20.90112235305952 ], [ -156.684397399447448, 20.901436628868296 ], [ -156.684410370064512, 20.901618573012559 ], [ -156.684501552408022, 20.901785154155512 ], [ -156.684575176426819, 20.901950009973312 ], [ -156.684652046241808, 20.902192587688258 ], [ -156.68470083296117, 20.902369840301326 ], [ -156.68477087374481, 20.902538212623362 ], [ -156.684803451531508, 20.902722238509941 ], [ -156.684862520747515, 20.902895194829714 ], [ -156.684880909957656, 20.903085149973858 ], [ -156.684889548909211, 20.903279179231617 ], [ -156.684949774173532, 20.903451652738806 ], [ -156.685032374660267, 20.903614777105343 ], [ -156.685125615453671, 20.903773454693351 ], [ -156.685219709491889, 20.903931776277592 ], [ -156.685318126125821, 20.904088291664827 ], [ -156.685426390978762, 20.904240691753277 ], [ -156.685520947913943, 20.904398819917741 ], [ -156.685608342921, 20.904559940230218 ], [ -156.685771964219242, 20.904689209854819 ], [ -156.685957676590107, 20.904803932072063 ] ] } },
{ "type": "Feature", "properties": { "objectid": 255, "island": "Maui", "st_lengthshape": 43.540083996934484 }, "geometry": { "type": "LineString", "coordinates": [ [ -156.687096090677841, 20.907180978567503 ], [ -156.687071713867255, 20.907397728664783 ], [ -156.687165655136539, 20.907549041745131 ] ] } },
{ "type": "Feature", "properties": { "objectid": 256, "island": "Maui", "st_lengthshape": 2518.664591871644 }, "geometry": { "type": "LineString", "coordinates": [ [ -156.68766969445565, 20.908728481013348 ], [ -156.687693663006343, 20.908925018815037 ], [ -156.687721066776561, 20.909119646281056 ], [ -156.687775993893553, 20.90929896002968 ], [ -156.687876633411918, 20.909452838724992 ], [ -156.688027955545977, 20.90957478732285 ], [ -156.688194318705229, 20.909779989528669 ], [ -156.688251503103004, 20.909982678678833 ], [ -156.68841569938553, 20.910083424932964 ], [ -156.688555640662258, 20.910207277963345 ], [ -156.688617774231602, 20.910405253426639 ], [ -156.68871835795477, 20.91056305912938 ], [ -156.688922300097914, 20.910818515156915 ], [ -156.689047299084962, 20.910966451518597 ], [ -156.689190952870774, 20.911088885150477 ], [ -156.689367437795227, 20.911166440237267 ], [ -156.68954811442859, 20.911238262593162 ], [ -156.689743968860313, 20.911289337282202 ], [ -156.689922239927427, 20.911364448941296 ], [ -156.690095925101218, 20.911445831291509 ], [ -156.690300720511232, 20.9114846829033 ], [ -156.690464101203645, 20.911580150844486 ], [ -156.690675192939352, 20.911610394686999 ], [ -156.690863164134043, 20.911672246583848 ], [ -156.691038461065773, 20.911751425688848 ], [ -156.691224229934505, 20.911816287008858 ], [ -156.691402975610799, 20.911890751657072 ], [ -156.691569874591096, 20.911981410634404 ], [ -156.691734718312233, 20.912074879883235 ], [ -156.691903496489459, 20.912162970483553 ], [ -156.692082045691933, 20.912237702727378 ], [ -156.69225160466172, 20.912324725354996 ], [ -156.692411876967356, 20.912424444361687 ], [ -156.692552026815576, 20.912551672839371 ], [ -156.692680662796192, 20.912694642467617 ], [ -156.692822350310138, 20.912819768526486 ], [ -156.692955865311887, 20.912956067348446 ], [ -156.693102894145937, 20.913073892185519 ], [ -156.693266600474232, 20.913168917813721 ], [ -156.693487882263668, 20.91318523325479 ], [ -156.69364990852165, 20.913282554813851 ], [ -156.693784478910203, 20.913417413458621 ], [ -156.693923167329444, 20.913546641287706 ], [ -156.694069525146858, 20.913665384635877 ], [ -156.694217249222675, 20.913770973898828 ], [ -156.694246821308809, 20.913786917952486 ], [ -156.694427986184138, 20.913877214427355 ], [ -156.69456106509142, 20.914007686279508 ], [ -156.694685532616944, 20.914145352660359 ], [ -156.694822352178818, 20.914272699813562 ], [ -156.694960698439473, 20.914398770741482 ], [ -156.695098652594169, 20.914525170399656 ], [ -156.695215676636082, 20.914669056243117 ], [ -156.695333886614662, 20.914811952060713 ], [ -156.695446671472553, 20.914959380010664 ], [ -156.695574627678468, 20.91509413192734 ], [ -156.695701525879741, 20.915229769800657 ], [ -156.695826898661181, 20.915366001065127 ], [ -156.695932914872174, 20.915531390693499 ], [ -156.696004573445748, 20.915699069012135 ], [ -156.69605909135737, 20.915872595157467 ], [ -156.696114741653332, 20.916045735630856 ], [ -156.696166945926109, 20.916220051382616 ], [ -156.696186510958569, 20.916405503448125 ], [ -156.696194138637679, 20.916595028703373 ], [ -156.69618829858274, 20.916789149211688 ], [ -156.696225297321973, 20.91696865262422 ], [ -156.696267176967268, 20.917146491703331 ], [ -156.696323867385757, 20.917319276842118 ], [ -156.6963231970376, 20.917345211728779 ], [ -156.696303669427266, 20.917525989534745 ], [ -156.696275798389081, 20.917705079857488 ], [ -156.696287143354283, 20.917892104216975 ], [ -156.696229602841072, 20.918065190838611 ], [ -156.696246948467575, 20.918253430376211 ], [ -156.696271714833387, 20.918443170653408 ], [ -156.696238179975438, 20.918621114413931 ], [ -156.696208953732935, 20.918799929934977 ], [ -156.696192728291578, 20.918981376234644 ], [ -156.696161511836095, 20.919159789211669 ], [ -156.696123814460805, 20.919336891101018 ], [ -156.696091723030321, 20.919515126983352 ], [ -156.696074244998556, 20.919696319742233 ], [ -156.696049904720809, 20.919876124026157 ], [ -156.696026015651171, 20.92005601927362 ], [ -156.696007635792853, 20.920237030063056 ], [ -156.696004838119052, 20.920421193234954 ], [ -156.695999123831797, 20.920604766187619 ], [ -156.695977105738962, 20.920785040642851 ], [ -156.695911216080418, 20.920956437606154 ], [ -156.695879143018772, 20.921134677232878 ], [ -156.695846394376844, 20.921312779494698 ], [ -156.695802479374947, 20.921488623333584 ], [ -156.695745575606281, 20.921661838276023 ], [ -156.695672125410908, 20.921831705326042 ], [ -156.695613387419741, 20.922004549573629 ], [ -156.695598850896204, 20.92218186275699 ], [ -156.695522691483234, 20.922312665282551 ], [ -156.695432450546861, 20.922478218368621 ], [ -156.69539490206688, 20.922655440211884 ], [ -156.695318531733449, 20.922824065665768 ], [ -156.695280486809366, 20.92300117781167 ], [ -156.695239113157584, 20.923177552366816 ], [ -156.695189705648488, 20.923352148714041 ], [ -156.695132480631287, 20.923518236813667 ], [ -156.695078455579647, 20.923680270172355 ], [ -156.694996068043395, 20.923850437767765 ], [ -156.694951786015622, 20.924026580568274 ], [ -156.694909456035248, 20.924203029649441 ], [ -156.694878096860009, 20.92438119905821 ], [ -156.694859266629493, 20.924561332896786 ], [ -156.694835718871815, 20.924740727542403 ], [ -156.694822030673947, 20.92491790207508 ], [ -156.694827742948604, 20.925218183395444 ], [ -156.694839510301989, 20.925398563449498 ], [ -156.694860039414749, 20.92557812541741 ], [ -156.69488163021191, 20.925757587943458 ], [ -156.694915159723109, 20.925931499199272 ], [ -156.69500239166706, 20.926267744696769 ], [ -156.69506853300777, 20.926437632781152 ], [ -156.695135841856882, 20.926607045372702 ], [ -156.695221470024023, 20.92676899896243 ], [ -156.695336379462134, 20.926919031635396 ], [ -156.695484482279198, 20.927053677083276 ] ] } },
{ "type": "Feature", "properties": { "objectid": 257, "island": "Maui", "st_lengthshape": 3967.0235204805449 }, "geometry": { "type": "LineString", "coordinates": [ [ -156.694663711694631, 20.928724420781471 ], [ -156.694459657200866, 20.928817838528314 ], [ -156.694259845505201, 20.928913736155778 ], [ -156.694077040001332, 20.929019573567277 ], [ -156.693937114255618, 20.929150472162981 ], [ -156.693836662602678, 20.929304442714169 ], [ -156.693755446359035, 20.929469655752303 ], [ -156.693761722943975, 20.929686006602619 ], [ -156.69366106873855, 20.929839859577754 ], [ -156.693548854063749, 20.92998695510212 ], [ -156.693513997806861, 20.930175273602295 ], [ -156.693490121002981, 20.930359314791481 ], [ -156.693453371674337, 20.930541253093239 ], [ -156.693394866986353, 20.93071428874519 ], [ -156.693324845514695, 20.930882610200708 ], [ -156.693263309721573, 20.931054404682094 ], [ -156.69322467718149, 20.931235573334575 ], [ -156.693179809078003, 20.9314141896965 ], [ -156.693073497628632, 20.931566146077504 ], [ -156.693048751818196, 20.931760422874483 ], [ -156.692988464863788, 20.931932776791523 ], [ -156.692940371122177, 20.932107712045344 ], [ -156.692887863415535, 20.932281712555159 ], [ -156.692865334634888, 20.9324620594337 ], [ -156.692843565526942, 20.932642567379883 ], [ -156.692813292478604, 20.932821274368877 ], [ -156.692770125536981, 20.932997252316657 ], [ -156.69272816180623, 20.93317348581601 ], [ -156.692709126713424, 20.933354571597569 ], [ -156.692656925370812, 20.933521821492967 ], [ -156.692622901346425, 20.933714510641199 ], [ -156.692549949868464, 20.933893722105665 ], [ -156.692578927162799, 20.934074910905256 ], [ -156.692539576376703, 20.934254774572604 ], [ -156.692536961923309, 20.934435350943932 ], [ -156.692522517696858, 20.934615697766983 ], [ -156.69254608026236, 20.934796782623554 ], [ -156.692545609544084, 20.934977399721326 ], [ -156.692558951895762, 20.935158285831111 ], [ -156.692565650500256, 20.935339043243651 ], [ -156.692562055798476, 20.935519600016715 ], [ -156.692566522177202, 20.935700313684702 ], [ -156.692574169173497, 20.935881089336643 ], [ -156.692592418931639, 20.936062070714424 ], [ -156.692602491301983, 20.93624289271515 ], [ -156.692613414081563, 20.936423731635315 ], [ -156.692546799165001, 20.936603066585587 ], [ -156.692519616484446, 20.936783166087267 ], [ -156.69253786424963, 20.936964147431414 ], [ -156.692602671731208, 20.93714603131027 ], [ -156.692607556961548, 20.937326753331003 ], [ -156.692600181716642, 20.937507237256966 ], [ -156.692555876999535, 20.937687004887874 ], [ -156.692611769221088, 20.937868715797915 ], [ -156.692639947342514, 20.938049890160212 ], [ -156.692619872342732, 20.938230127328055 ], [ -156.692607505876907, 20.938410513916722 ], [ -156.692598007727923, 20.938590957361605 ], [ -156.69258691344271, 20.938771368372155 ], [ -156.692574943685713, 20.938951763018014 ], [ -156.692549915687067, 20.939131905146571 ], [ -156.692526026337703, 20.93931206808605 ], [ -156.69249355399549, 20.939487662093843 ], [ -156.692474123218744, 20.939630791893354 ], [ -156.69244445357279, 20.939809337846452 ], [ -156.692386041421258, 20.939984670253484 ], [ -156.692361219389113, 20.940163757652488 ], [ -156.692294474853782, 20.940338160029711 ], [ -156.692277773606946, 20.940518154644828 ], [ -156.692284556293913, 20.940700775134371 ], [ -156.692272698944436, 20.940881312076289 ], [ -156.692260308971697, 20.941061789429686 ], [ -156.692218062213783, 20.941238928854418 ], [ -156.692203673276481, 20.941419182281898 ], [ -156.692185718417278, 20.941599037979241 ], [ -156.692170272848102, 20.941779173245887 ], [ -156.692173113279807, 20.941961352967898 ], [ -156.692166459438283, 20.942142471386909 ], [ -156.692140160664991, 20.94232139329651 ], [ -156.692073439621169, 20.942495797577855 ], [ -156.692031216052158, 20.942672939904799 ], [ -156.691959582480763, 20.942846795416152 ], [ -156.691907281846113, 20.943022811593448 ], [ -156.691895991900907, 20.943200324654011 ], [ -156.691906430054388, 20.94339381727044 ], [ -156.691913133884469, 20.943574890657846 ], [ -156.691929818464359, 20.943756398027983 ], [ -156.691961671113461, 20.943938566713978 ], [ -156.692009722671003, 20.944121438656925 ], [ -156.692042060575147, 20.944303627448061 ], [ -156.692038710675973, 20.944484264054552 ], [ -156.692045476056535, 20.944665340072937 ], [ -156.692023778309306, 20.944845177501186 ], [ -156.691979882480325, 20.945024049848659 ], [ -156.691941887630321, 20.945203178133589 ], [ -156.691923639201121, 20.945383166058569 ], [ -156.691924318823169, 20.945563977273856 ], [ -156.691928932173596, 20.945744960027124 ], [ -156.691936491746901, 20.945926071152964 ], [ -156.691925420936172, 20.946106371130927 ], [ -156.691921443341982, 20.946286980229054 ], [ -156.691919332230128, 20.946467669672124 ], [ -156.691911968361779, 20.946648130883922 ], [ -156.691905047299713, 20.946828611630085 ], [ -156.691890574660533, 20.947008764394781 ], [ -156.691866925054512, 20.947188516602406 ], [ -156.691847245705816, 20.947361420754071 ], [ -156.69181178279166, 20.947439032147074 ], [ -156.691780198404274, 20.947618420449071 ], [ -156.691717186659531, 20.947789299435364 ], [ -156.691657179739877, 20.947960991147298 ], [ -156.691438332778631, 20.948090070599051 ], [ -156.691326929661471, 20.948237259015642 ], [ -156.6912478778045, 20.948405525753639 ], [ -156.691191930883122, 20.948588844415333 ], [ -156.691090874734897, 20.948742774717985 ], [ -156.69098757600014, 20.94889524418662 ], [ -156.690879511542789, 20.949044608559444 ], [ -156.690776956634807, 20.949197563828029 ], [ -156.690748077108339, 20.949398517324131 ], [ -156.690688525681992, 20.949579488716793 ], [ -156.690571377617971, 20.949722936006246 ], [ -156.690486172696552, 20.949887194363249 ], [ -156.690412050983042, 20.950058672546543 ], [ -156.690346243763571, 20.950235568562757 ], [ -156.69025431995135, 20.950390736232126 ], [ -156.690171054965219, 20.950599206316149 ], [ -156.690053074918637, 20.950745600153237 ], [ -156.68991367622391, 20.950870004098032 ], [ -156.689776041348182, 20.950996218886303 ], [ -156.689634968996955, 20.95111890491528 ], [ -156.689491263600388, 20.951238887602582 ], [ -156.689350790811403, 20.95136218831135 ], [ -156.689198521207828, 20.951473378424161 ], [ -156.689041158934998, 20.951579340397942 ], [ -156.688884920759818, 20.951686455250606 ], [ -156.688761164746722, 20.951826920850863 ], [ -156.688620449485967, 20.951949973755788 ], [ -156.688442727009743, 20.952035031384177 ], [ -156.688303972411376, 20.952155078236384 ], [ -156.688127020741405, 20.952385924801611 ], [ -156.688011539074921, 20.95253103420815 ], [ -156.687896861148204, 20.952676810912156 ], [ -156.687783716950065, 20.952823857196826 ], [ -156.687668291526563, 20.952969014933931 ], [ -156.687545990649028, 20.953108477882509 ], [ -156.687416856996322, 20.95324228363032 ], [ -156.68728471597035, 20.9533735985707 ], [ -156.687161590466133, 20.953512379052743 ], [ -156.687043552573471, 20.953655373310223 ], [ -156.6869272875972, 20.953799836352015 ], [ -156.686739423410359, 20.953883306782249 ], [ -156.686597733112905, 20.954143587853938 ], [ -156.686505180356647, 20.954301910386217 ], [ -156.686428580852834, 20.954468082585553 ], [ -156.686349344033033, 20.954632957422071 ], [ -156.686273378621223, 20.954799442442599 ], [ -156.686157755076295, 20.95494365525656 ], [ -156.686048511683538, 20.955133914567835 ], [ -156.686112689218305, 20.955350018216219 ], [ -156.686062031941219, 20.955525123692727 ], [ -156.685965237249007, 20.955683757546179 ], [ -156.68580248468507, 20.955818841839964 ], [ -156.685746171657314, 20.955991927994841 ], [ -156.685753896484158, 20.956187876579882 ], [ -156.685637510020484, 20.9563395148853 ], [ -156.685527884689748, 20.95649356745875 ], [ -156.685537074849009, 20.95669003980468 ], [ -156.685468274690521, 20.956858667811392 ], [ -156.685393586813234, 20.957025193965432 ], [ -156.685283074400076, 20.957178929044854 ], [ -156.685156586569178, 20.957326961235644 ], [ -156.685085035942251, 20.957494607108448 ], [ -156.685028992813102, 20.957667789558435 ], [ -156.685035573067353, 20.95786333062107 ], [ -156.68497489382554, 20.958029412851101 ], [ -156.684896192537479, 20.958222697441695 ], [ -156.684814526267331, 20.958391814898544 ], [ -156.684768370812179, 20.958567367380205 ], [ -156.684742626258043, 20.958746619546169 ], [ -156.684740310601541, 20.958930116293171 ], [ -156.684712081038157, 20.959108917488464 ], [ -156.684633129137069, 20.959235620854326 ], [ -156.684501236596759, 20.959373249307458 ], [ -156.68438818193863, 20.959520772387755 ], [ -156.684308554929288, 20.95968585000066 ], [ -156.68423609336412, 20.959854691171412 ], [ -156.684173004944654, 20.960028454680483 ], [ -156.684089477931366, 20.96019148528649 ], [ -156.684009730029544, 20.960356498743334 ], [ -156.683952221790548, 20.960533193295188 ], [ -156.683847333480884, 20.960891902360434 ], [ -156.683784110559799, 20.961065595180013 ], [ -156.683704223167638, 20.961228747210207 ] ] } },
{ "type": "Feature", "properties": { "objectid": 258, "island": "Maui", "st_lengthshape": 122.55608646081153 }, "geometry": { "type": "LineString", "coordinates": [ [ -156.683552681335073, 20.963677339467168 ], [ -156.683441442822243, 20.96382724218142 ], [ -156.683333676950753, 20.963978742493556 ], [ -156.683234321891973, 20.964134114521446 ], [ -156.683156640982304, 20.964299463305462 ], [ -156.683144565376864, 20.964495009645248 ], [ -156.68311458209206, 20.964676642636004 ] ] } },
{ "type": "Feature", "properties": { "objectid": 259, "island": "Maui", "st_lengthshape": 236.48724863373272 }, "geometry": { "type": "LineString", "coordinates": [ [ -156.682382494456249, 20.965550113435327 ], [ -156.682240616140035, 20.965672430258525 ], [ -156.68213581931488, 20.965837394188657 ], [ -156.682018115663112, 20.965987514775264 ], [ -156.681873540638179, 20.966106730614342 ], [ -156.681719961098139, 20.966215591734745 ], [ -156.681603958002171, 20.966367669367916 ], [ -156.681510823136648, 20.966543444354429 ], [ -156.681371802447586, 20.966708323044916 ], [ -156.68118826272152, 20.966809408186595 ], [ -156.681124217950355, 20.966986927002313 ], [ -156.681147523164924, 20.967219315231972 ] ] } },
{ "type": "Feature", "properties": { "objectid": 260, "island": "Maui", "st_lengthshape": 1467.4944478969478 }, "geometry": { "type": "LineString", "coordinates": [ [ -156.681011519588253, 20.967896020553411 ], [ -156.680898040728152, 20.968041816198042 ], [ -156.680800807362374, 20.968199080835738 ], [ -156.680681712887605, 20.968334196663623 ], [ -156.680552907327012, 20.968482999902783 ], [ -156.680426690217871, 20.968628960359357 ], [ -156.680292678363145, 20.968771830107062 ], [ -156.680230483034507, 20.968943189746241 ], [ -156.68016342817441, 20.96911115015331 ], [ -156.680098795928188, 20.969262976857934 ], [ -156.6800294269826, 20.969434464447815 ], [ -156.679924982378623, 20.969599742888626 ], [ -156.679913632515223, 20.969781498562192 ], [ -156.679906622106444, 20.969964022193867 ], [ -156.679858987629757, 20.970134426758801 ], [ -156.679846102764827, 20.970294286908423 ], [ -156.679828144415694, 20.970474949299536 ], [ -156.679810934049982, 20.970655607421367 ], [ -156.679795983080879, 20.970836257478489 ], [ -156.679761908628905, 20.97101259794967 ], [ -156.679778616942627, 20.97117974841705 ], [ -156.679727565817956, 20.971355012416943 ], [ -156.679662889853574, 20.971525193762805 ], [ -156.679617854026901, 20.971702702356072 ], [ -156.679566007144217, 20.971877670077745 ], [ -156.679532133356702, 20.972059341857868 ], [ -156.679486206238465, 20.972236517670833 ], [ -156.679416173492285, 20.972404700658728 ], [ -156.679348389850247, 20.972573723342958 ], [ -156.679282419437726, 20.972743421761074 ], [ -156.679200789838831, 20.972907279213167 ], [ -156.679123650993944, 20.973072811480396 ], [ -156.679045898254685, 20.973238114996548 ], [ -156.678963461061244, 20.973399631508137 ], [ -156.678914734325758, 20.973538567864523 ], [ -156.678956231612034, 20.973732405114145 ], [ -156.678923724885124, 20.973910633126312 ], [ -156.678878912320926, 20.974086264326218 ], [ -156.678824686057027, 20.974259910623765 ], [ -156.678770359024952, 20.974433535651521 ], [ -156.678727643286834, 20.974572926761514 ], [ -156.678640624768548, 20.974735425359015 ], [ -156.678563255415298, 20.974903940338496 ], [ -156.678455655024266, 20.975053607317253 ], [ -156.678356579172657, 20.975208588143257 ], [ -156.678156784024083, 20.975300774835517 ], [ -156.678099851487957, 20.975482031496337 ], [ -156.67801895480352, 20.975648347978733 ], [ -156.677991690037459, 20.975847169874243 ], [ -156.677890663933653, 20.976014364074235 ], [ -156.677811225525744, 20.976180037479374 ], [ -156.677787214455094, 20.976362524837207 ], [ -156.67772962909018, 20.976531278315782 ], [ -156.67770635093342, 20.976719083539962 ], [ -156.677726969799011, 20.976895454681486 ], [ -156.677778265443095, 20.977038519329088 ], [ -156.677821860598414, 20.977210025881011 ], [ -156.677677555420388, 20.977286945315207 ], [ -156.677473304760156, 20.977241982185795 ], [ -156.677292646597607, 20.97727431327792 ], [ -156.677174625219209, 20.977363999902568 ], [ -156.676978486689677, 20.977394260207021 ], [ -156.676780538057727, 20.977420702939497 ], [ -156.676628900611604, 20.977533834188058 ], [ -156.676490535981458, 20.977796404158347 ], [ -156.676431830797782, 20.977982219479806 ], [ -156.676318469197071, 20.978128181425486 ], [ -156.676209594881357, 20.978277414708852 ], [ -156.676092493545525, 20.97842065071735 ], [ -156.675974852935269, 20.978563491874521 ], [ -156.675854236257635, 20.97870416391881 ], [ -156.675742738422969, 20.978846916233628 ], [ -156.675625479877709, 20.978982233002558 ], [ -156.675537220965225, 20.979139857955744 ] ] } },
{ "type": "Feature", "properties": { "objectid": 261, "island": "Maui", "st_lengthshape": 184.30756902420066 }, "geometry": { "type": "LineString", "coordinates": [ [ -156.675797292268044, 20.979701911502943 ], [ -156.675623822502615, 20.979781976071191 ], [ -156.675483468160309, 20.979911777884684 ], [ -156.67530944550694, 20.979991011908247 ], [ -156.67509375936865, 20.980007668123907 ], [ -156.674968576626952, 20.980160257257825 ], [ -156.674803101295936, 20.980252328118134 ], [ -156.674640942635875, 20.98034938265204 ], [ -156.674478229412728, 20.980445603186197 ], [ -156.674318500931065, 20.980541914879311 ] ] } },
{ "type": "Feature", "properties": { "objectid": 262, "island": "Maui", "st_lengthshape": 140.06959133111835 }, "geometry": { "type": "LineString", "coordinates": [ [ -156.673475089198547, 20.981221348747901 ], [ -156.673393319679604, 20.981382187149173 ], [ -156.673242040929921, 20.981706533551371 ], [ -156.673198220162732, 20.981882553414863 ], [ -156.673175322991142, 20.982062247265976 ], [ -156.67316688470649, 20.9822444801909 ], [ -156.673197869310457, 20.982430443964319 ] ] } },
{ "type": "Feature", "properties": { "objectid": 263, "island": "Maui", "st_lengthshape": 323.24028839173997 }, "geometry": { "type": "LineString", "coordinates": [ [ -156.672594551509917, 20.983745776378054 ], [ -156.672436063579454, 20.983861865194026 ], [ -156.672345335270109, 20.984022057534606 ], [ -156.672111332447344, 20.984288443390913 ], [ -156.671946701791114, 20.984433849632563 ], [ -156.671899641558639, 20.984608965873978 ], [ -156.671796040260745, 20.984769793608592 ], [ -156.671697677637724, 20.984931945371603 ], [ -156.671795147877503, 20.985143583441342 ], [ -156.671963406164195, 20.985373109994597 ], [ -156.671840021826, 20.985528939045114 ], [ -156.671749223990616, 20.985693002961032 ], [ -156.671684832335103, 20.985863739057425 ], [ -156.671623747666871, 20.986035310473653 ], [ -156.671626229864302, 20.986220500788654 ] ] } },
{ "type": "Feature", "properties": { "objectid": 264, "island": "Maui", "st_lengthshape": 20.000420000121586 }, "geometry": { "type": "LineString", "coordinates": [ [ -156.669447896228831, 20.988125394894357 ], [ -156.669603392030098, 20.988019160035776 ] ] } },
{ "type": "Feature", "properties": { "objectid": 265, "island": "Maui", "st_lengthshape": 20.000515994277322 }, "geometry": { "type": "LineString", "coordinates": [ [ -156.669168517482149, 20.990713048746528 ], [ -156.669049445643566, 20.990571249089228 ] ] } },
{ "type": "Feature", "properties": { "objectid": 266, "island": "Maui", "st_lengthshape": 41.87382702439568 }, "geometry": { "type": "LineString", "coordinates": [ [ -156.668152911261984, 20.990956582346755 ], [ -156.667987679007297, 20.991057463660685 ], [ -156.66790608742113, 20.991234600963772 ] ] } },
{ "type": "Feature", "properties": { "objectid": 267, "island": "Maui", "st_lengthshape": 398.80420533288958 }, "geometry": { "type": "LineString", "coordinates": [ [ -156.667515630737938, 20.993974286354437 ], [ -156.667312747882704, 20.993969276306725 ], [ -156.667125615908702, 20.994002656453979 ], [ -156.66675414418836, 20.994224986151888 ], [ -156.666643667021759, 20.994374754687055 ], [ -156.66649933535632, 20.994615904481293 ], [ -156.666382733016803, 20.994761430479343 ], [ -156.666283382631576, 20.994916125462844 ], [ -156.666204643072319, 20.995081777419838 ], [ -156.666097131559752, 20.995232135187059 ], [ -156.666014275481132, 20.995395599478158 ], [ -156.665935277824843, 20.995561114977431 ], [ -156.665839523564443, 20.995713835297021 ], [ -156.665777700497358, 20.995967248096022 ], [ -156.665727753364678, 20.996135171982623 ], [ -156.665625597049058, 20.99638570802966 ], [ -156.6656584851427, 20.996567201558058 ], [ -156.665769637320238, 20.996746211656308 ] ] } },
{ "type": "Feature", "properties": { "objectid": 268, "island": "Maui", "st_lengthshape": 20.000300002353008 }, "geometry": { "type": "LineString", "coordinates": [ [ -156.667187528601545, 20.99809881863758 ], [ -156.667190333555993, 20.997918253420366 ] ] } },
{ "type": "Feature", "properties": { "objectid": 269, "island": "Maui", "st_lengthshape": 263.47861895320989 }, "geometry": { "type": "LineString", "coordinates": [ [ -156.666741360072052, 20.998557979314572 ], [ -156.666543479209878, 20.998612266309141 ], [ -156.666251197792775, 20.998896692114901 ], [ -156.666147346371389, 20.999051717803543 ], [ -156.666066648415693, 20.999214136016501 ], [ -156.665995024645866, 20.999480244179463 ], [ -156.666009493501207, 20.999663319931344 ], [ -156.666002408244594, 20.999844224496211 ], [ -156.666024019440158, 21.000025781835106 ], [ -156.666041791123234, 21.000253202457767 ], [ -156.666124264566974, 21.000424530990983 ], [ -156.666213760345698, 21.000594836087345 ] ] } },
{ "type": "Feature", "properties": { "objectid": 270, "island": "Maui", "st_lengthshape": 19.999980299385118 }, "geometry": { "type": "LineString", "coordinates": [ [ -156.66646089003288, 21.001173365082746 ], [ -156.666556724777848, 21.001016806251691 ] ] } },
{ "type": "Feature", "properties": { "objectid": 271, "island": "Maui", "st_lengthshape": 40.48640236850121 }, "geometry": { "type": "LineString", "coordinates": [ [ -156.66599095735944, 21.004266995722393 ], [ -156.665842843655952, 21.004382263864212 ], [ -156.665736792376464, 21.004538070499937 ] ] } },
{ "type": "Feature", "properties": { "objectid": 272, "island": "Maui", "st_lengthshape": 401.67218913690039 }, "geometry": { "type": "LineString", "coordinates": [ [ -156.661487546629758, 21.003799825681405 ], [ -156.661299536313891, 21.003738124545933 ], [ -156.661110296967564, 21.003692168207333 ], [ -156.660919751224498, 21.003662967857817 ], [ -156.660727704843225, 21.003652986010593 ], [ -156.660536061975108, 21.003637850651408 ], [ -156.660346629126167, 21.003630844486732 ], [ -156.660170437390008, 21.003638108835887 ], [ -156.659975615426532, 21.003629269097146 ], [ -156.659788209220068, 21.00367839633174 ], [ -156.65959854959678, 21.003709909122186 ], [ -156.659408697133671, 21.003739910127376 ], [ -156.659219213046896, 21.003772799262801 ], [ -156.659034480443381, 21.003810668589551 ], [ -156.658829305624892, 21.003813414141504 ], [ -156.658646171379502, 21.003870183149996 ], [ -156.658460154829413, 21.003916060025201 ], [ -156.658273924823334, 21.003961128273211 ], [ -156.658085920383002, 21.00399949148893 ], [ -156.657900146901198, 21.004046288516978 ], [ -156.657735530523468, 21.004152793090086 ] ] } },
{ "type": "Feature", "properties": { "objectid": 273, "island": "Maui", "st_lengthshape": 509.75417497247918 }, "geometry": { "type": "LineString", "coordinates": [ [ -156.654064174473319, 21.004513336930177 ], [ -156.653898484968352, 21.004359551655799 ], [ -156.6537197250681, 21.004296604552451 ], [ -156.653503228705972, 21.004254482762335 ], [ -156.653311459467545, 21.004240094212431 ], [ -156.653118846180263, 21.004240814498136 ], [ -156.652926457342403, 21.004237515711203 ], [ -156.652738510543571, 21.004231125629754 ], [ -156.652389688005883, 21.004255006242602 ], [ -156.652219800294887, 21.004347863056193 ], [ -156.652028351411616, 21.004379309087376 ], [ -156.651855388609988, 21.004463409146339 ], [ -156.651671809517609, 21.004517272815185 ], [ -156.651486487707842, 21.004566170116686 ], [ -156.651295425109566, 21.004598716856002 ], [ -156.651104316443536, 21.004631130899952 ], [ -156.650915536768252, 21.004670176880818 ], [ -156.650722747941956, 21.004697805782165 ], [ -156.65052923550607, 21.004723373761294 ], [ -156.650339059099821, 21.004758444667281 ], [ -156.650152518801377, 21.004803872372591 ], [ -156.649971157410988, 21.004864051406873 ], [ -156.649794342475133, 21.004937179695908 ], [ -156.649620240201386, 21.00501803607807 ], [ -156.649484134380202, 21.005194695026969 ] ] } },
{ "type": "Feature", "properties": { "objectid": 274, "island": "Maui", "st_lengthshape": 199.24049719270133 }, "geometry": { "type": "LineString", "coordinates": [ [ -156.64306014443298, 21.010843341674189 ], [ -156.642824875495222, 21.01076052319652 ], [ -156.642606541825472, 21.010722594790302 ], [ -156.642387738405318, 21.010683419792947 ], [ -156.642186253104995, 21.010690149783468 ], [ -156.641989787112095, 21.010710186071694 ], [ -156.64180568892499, 21.010763003333938 ], [ -156.641635806537522, 21.010853506087265 ], [ -156.641475479727632, 21.010969337323161 ], [ -156.641340478740801, 21.011144670936794 ] ] } },
{ "type": "Feature", "properties": { "objectid": 275, "island": "Maui", "st_lengthshape": 114.14641999196799 }, "geometry": { "type": "LineString", "coordinates": [ [ -156.638547934236044, 21.012840091139445 ], [ -156.638247838073738, 21.012740195406792 ], [ -156.638073264445381, 21.012819578290966 ], [ -156.637919319749983, 21.012928424883057 ], [ -156.637769118058372, 21.013042617531589 ], [ -156.637644517561483, 21.013188622174265 ] ] } },
{ "type": "Feature", "properties": { "objectid": 276, "island": "Maui", "st_lengthshape": 1907.8906025844817 }, "geometry": { "type": "LineString", "coordinates": [ [ -156.507745330711487, 20.937274520580115 ], [ -156.507743426831468, 20.937024309585887 ], [ -156.507682566985324, 20.936827997160478 ], [ -156.507606835839425, 20.936645279547189 ], [ -156.507498030329799, 20.936492799006924 ], [ -156.507355312247768, 20.936371320654345 ], [ -156.507243999181441, 20.936221131999414 ], [ -156.507126757854877, 20.936076363619939 ], [ -156.50700221133232, 20.935938273025975 ], [ -156.506879483078222, 20.935798521358127 ], [ -156.506754152399935, 20.935661147821403 ], [ -156.506633070906616, 20.935519890517877 ], [ -156.506496283865175, 20.935392991298034 ], [ -156.506327281390668, 20.935295543225344 ], [ -156.506191487301209, 20.93516773551892 ], [ -156.506042852828955, 20.935051667691496 ], [ -156.505879973726053, 20.934948621201833 ], [ -156.505709020427076, 20.934852957146663 ], [ -156.505395181863122, 20.93466171671248 ], [ -156.505065462241646, 20.934461358654737 ], [ -156.504902415478568, 20.934357665997364 ], [ -156.504720683368561, 20.934298393977805 ], [ -156.504518838065593, 20.934286935612519 ], [ -156.50430126763132, 20.934312861170262 ], [ -156.504141154135681, 20.934202197705115 ], [ -156.504023515000256, 20.933990565240123 ], [ -156.503812615496372, 20.934000632153559 ], [ -156.50363225907742, 20.933938091609608 ], [ -156.503497939092654, 20.933766114268103 ], [ -156.503351463009011, 20.933623034141807 ], [ -156.503172163835075, 20.933557981339188 ], [ -156.50300097312217, 20.933473654851689 ], [ -156.502832217929438, 20.93338353816543 ], [ -156.502650378974636, 20.933324522579035 ], [ -156.50246219073972, 20.933280602010299 ], [ -156.502287389871611, 20.933204857614701 ], [ -156.502110565078738, 20.933133925822276 ], [ -156.5019256401105, 20.933082246662714 ], [ -156.501742206074795, 20.933027025290325 ], [ -156.501567898203945, 20.932950110011856 ], [ -156.501393361400005, 20.932873739293623 ], [ -156.501219660265207, 20.93279538156958 ], [ -156.501036914297572, 20.932738525334852 ], [ -156.500865366713469, 20.93265505033105 ], [ -156.500686590291878, 20.932588759421151 ], [ -156.500503737796691, 20.932532155716256 ], [ -156.50031329813234, 20.932493590394827 ], [ -156.500131520535945, 20.932434432330801 ], [ -156.499941400339765, 20.932395106513674 ], [ -156.499756056906733, 20.932344431182816 ], [ -156.499563983794843, 20.932309750792612 ], [ -156.499376356318351, 20.932264505200479 ], [ -156.499201816609627, 20.932188145894155 ], [ -156.499009733848936, 20.932153490949261 ], [ -156.498838450369391, 20.932069393097606 ], [ -156.498643492221674, 20.932041572290391 ], [ -156.498451487924626, 20.932006729180721 ], [ -156.498264948977948, 20.931958894345009 ], [ -156.498076210830135, 20.931916289315971 ], [ -156.497853313871929, 20.931864110472979 ], [ -156.49765051461037, 20.931803920135426 ], [ -156.497461442633124, 20.931729845296168 ], [ -156.497289260257958, 20.931638683668414 ], [ -156.497145902782194, 20.931518366735865 ], [ -156.496998459590031, 20.931402181137063 ], [ -156.496892886175345, 20.931243641338089 ], [ -156.496793022562059, 20.931079327088248 ], [ -156.496689582483043, 20.930891573638728 ], [ -156.496605724070633, 20.930726845861855 ], [ -156.496526688434528, 20.93056073150564 ], [ -156.496522646330703, 20.930373074944015 ], [ -156.496479950205782, 20.930196522379816 ], [ -156.496450453942998, 20.930016177997253 ], [ -156.496420143668843, 20.929836067263182 ], [ -156.496330837706921, 20.929672904601393 ], [ -156.496289183883732, 20.929496052188579 ], [ -156.496228995079065, 20.929324525001498 ], [ -156.496191870401447, 20.929146372014365 ], [ -156.496129964853367, 20.928975337893675 ], [ -156.49602834160126, 20.928815713517221 ], [ -156.496004132998223, 20.92863384943038 ], [ -156.495951345593227, 20.928460196974694 ], [ -156.495865213032999, 20.928296121828325 ], [ -156.495778076254084, 20.92809535056648 ], [ -156.495663578231188, 20.927842473457915 ], [ -156.495563649334287, 20.927688233529487 ], [ -156.495458016860681, 20.927537228086802 ], [ -156.495338555473182, 20.927394063756221 ], [ -156.495218858533661, 20.927251034049046 ], [ -156.49504205729977, 20.927140385456397 ], [ -156.494918110981416, 20.927041161806841 ] ] } },
{ "type": "Feature", "properties": { "objectid": 277, "island": "Maui", "st_lengthshape": 3990.6581846574391 }, "geometry": { "type": "LineString", "coordinates": [ [ -156.494460433750987, 20.926340833782874 ], [ -156.49434733183179, 20.926194758254272 ], [ -156.494275388685679, 20.926018854002312 ], [ -156.49417276866987, 20.925865182510105 ], [ -156.494077152739976, 20.925706434656519 ], [ -156.49397528213666, 20.925552220589307 ], [ -156.493886241468061, 20.925388707878188 ], [ -156.493802049204049, 20.925221681733181 ], [ -156.493715518600766, 20.925056350316108 ], [ -156.493649040599621, 20.924876485572501 ], [ -156.493615403515435, 20.924786511682353 ], [ -156.493519229958224, 20.924603533563637 ], [ -156.493530115010628, 20.92441770452589 ], [ -156.493722823571119, 20.924199067416733 ], [ -156.493690456451304, 20.924021042726061 ], [ -156.493635318841285, 20.923847126887889 ], [ -156.493554016888794, 20.923677931882445 ], [ -156.493492032864964, 20.923505250884237 ], [ -156.493438481250706, 20.923331048601693 ], [ -156.493360926464476, 20.923161177208801 ], [ -156.49327832674183, 20.922992215875777 ], [ -156.493192312048507, 20.922823871613364 ], [ -156.493137319910431, 20.922649928924869 ], [ -156.49308021017319, 20.922476368658955 ], [ -156.492989366790454, 20.922308895148166 ], [ -156.492993566368852, 20.922124272661417 ], [ -156.492950343867875, 20.921948206702169 ], [ -156.492898110904349, 20.921773766363554 ], [ -156.492849361576987, 20.921598697291468 ], [ -156.492814787413892, 20.92142107170282 ], [ -156.492809312430154, 20.92123819420722 ], [ -156.492815932391352, 20.921053135050052 ], [ -156.49275991070661, 20.920879378531399 ], [ -156.49277022429996, 20.920693653101917 ], [ -156.492704343108528, 20.920521674962384 ], [ -156.492683775532555, 20.920341521980689 ], [ -156.492629426535188, 20.920167463157942 ], [ -156.492593338521004, 20.91999010966428 ], [ -156.492546143674616, 20.919814760913681 ], [ -156.492509842779128, 20.919637445819156 ], [ -156.492463888616157, 20.91946187330154 ], [ -156.492434770722326, 20.919283262392014 ], [ -156.492391878971745, 20.91910713712204 ], [ -156.492345392992803, 20.918931659709486 ], [ -156.492282925941652, 20.918759066191932 ], [ -156.492143865217059, 20.918600293384738 ], [ -156.491991197687099, 20.918443976050188 ], [ -156.491810218473006, 20.918292766658752 ], [ -156.491695665267542, 20.918129570901137 ], [ -156.491601568969458, 20.918068076811313 ], [ -156.491467174095902, 20.91787542398691 ], [ -156.491453399202868, 20.917692965409731 ], [ -156.491615933001867, 20.917525408355118 ], [ -156.491924726205724, 20.91737021143976 ], [ -156.492092982351295, 20.91720313792667 ], [ -156.492143255935929, 20.917026092541079 ], [ -156.4921514344706, 20.916845489648939 ], [ -156.49214488275021, 20.916663641001009 ], [ -156.492140044763772, 20.916296468785504 ], [ -156.492167878139611, 20.915887866403299 ], [ -156.4921365603754, 20.915708898100434 ], [ -156.492098045216409, 20.915531708457408 ], [ -156.492037213105021, 20.915360036467259 ], [ -156.492025764495367, 20.915176155613132 ], [ -156.491977436163893, 20.915001392410112 ], [ -156.49187939752477, 20.914838919912309 ], [ -156.49180407356684, 20.914670830846863 ], [ -156.491670536423101, 20.914362051397102 ], [ -156.491470348150415, 20.913997941856906 ], [ -156.491401542437558, 20.913822620322595 ], [ -156.491306370952913, 20.913664747690671 ], [ -156.49121942180679, 20.913501433839301 ], [ -156.49112769326058, 20.913341283090794 ], [ -156.491042089242342, 20.913177078797023 ], [ -156.490943843204832, 20.91302124117313 ], [ -156.490821063139123, 20.912881638664331 ], [ -156.490743447620275, 20.912712148577594 ], [ -156.490653655537329, 20.912550715965988 ], [ -156.490548163693944, 20.912399673648007 ], [ -156.490477939052255, 20.912225292627234 ], [ -156.490368503661813, 20.912076860401736 ], [ -156.490253839080026, 20.911931888004489 ], [ -156.490148931996259, 20.911780458617883 ], [ -156.490034357227813, 20.91163542693095 ], [ -156.48992258294345, 20.911488542925738 ], [ -156.489805114060914, 20.911345427010936 ], [ -156.489678598405277, 20.911208298031749 ], [ -156.489550353460032, 20.911072312835319 ], [ -156.489178545163014, 20.910670204592918 ], [ -156.488724338423879, 20.910296799418834 ], [ -156.488571893790578, 20.910179577075553 ], [ -156.488423468765319, 20.910054811130607 ], [ -156.488240278271093, 20.909995289919706 ], [ -156.48806019870122, 20.909929929943026 ], [ -156.48788301478595, 20.90985913706858 ], [ -156.487703450401597, 20.909792810067497 ], [ -156.487147171089276, 20.909630340709164 ], [ -156.48648419797604, 20.909606874978209 ], [ -156.486294529736938, 20.909640983352475 ], [ -156.486109884916573, 20.909727312827897 ], [ -156.485929110214443, 20.909853878191928 ], [ -156.485743655014971, 20.909931788190313 ], [ -156.485561215621573, 20.910041060222007 ], [ -156.485387792162157, 20.910244068896557 ], [ -156.485211066356044, 20.910412753809855 ], [ -156.485039647907712, 20.910020636349909 ], [ -156.485002337561866, 20.910012253022199 ], [ -156.484871263532739, 20.909875393282242 ], [ -156.48456461858018, 20.909959531004979 ], [ -156.484423340923712, 20.909835514569995 ], [ -156.484346780515608, 20.909630035649165 ], [ -156.484239899479832, 20.909462724281525 ], [ -156.484140183917788, 20.909286393526447 ], [ -156.484099821481777, 20.909207560685896 ], [ -156.48394752108598, 20.909072957300292 ], [ -156.483789952282393, 20.908943532967328 ], [ -156.483611363008009, 20.908823531304087 ], [ -156.483512233051215, 20.908667909262608 ], [ -156.483476701799219, 20.908483776663594 ], [ -156.483457310804141, 20.908292408465257 ], [ -156.483400314602676, 20.90811789885537 ], [ -156.48336330033456, 20.907934430608826 ], [ -156.483323943185582, 20.907752013138687 ], [ -156.483308888744972, 20.907558700753942 ], [ -156.483252581273916, 20.907383881638417 ], [ -156.48319454187461, 20.907209839682185 ], [ -156.483135313708175, 20.907036330071978 ], [ -156.483080292270387, 20.906860934855697 ], [ -156.482980145467195, 20.906705768971939 ], [ -156.482898910667245, 20.906542126196307 ], [ -156.482756470667454, 20.906405920232491 ], [ -156.482643564289702, 20.906256473917232 ], [ -156.482484514284778, 20.90612771398138 ], [ -156.482375297964523, 20.905976614504183 ], [ -156.482255363520068, 20.905830319398323 ], [ -156.482125117588453, 20.905688646831273 ], [ -156.482032072841946, 20.905530297708513 ], [ -156.4819259360724, 20.905377817708079 ], [ -156.481860389847213, 20.90520714191852 ], [ -156.481792843581928, 20.905037362114307 ], [ -156.4816814939322, 20.904887218641917 ], [ -156.481598358982097, 20.904724427751617 ], [ -156.481567351604781, 20.904637863508288 ], [ -156.481569395701229, 20.904455408987161 ], [ -156.481426284627503, 20.90429133447099 ], [ -156.481541800753092, 20.90409451028663 ], [ -156.481497680369841, 20.903917901276422 ], [ -156.481399675001398, 20.903748114627028 ], [ -156.481357813859262, 20.903571219282615 ], [ -156.481275473597123, 20.903399449652795 ], [ -156.481250189295935, 20.903220454792272 ], [ -156.481261437117979, 20.903036834911592 ], [ -156.481248612014014, 20.902856262201389 ], [ -156.481204554771466, 20.902679645057901 ], [ -156.481159916011023, 20.902503101498354 ], [ -156.481145057322209, 20.90232278682549 ], [ -156.481153061045688, 20.902139576877534 ], [ -156.481194497918722, 20.901952133206628 ], [ -156.481246920485177, 20.901763298501411 ], [ -156.481344330886941, 20.901568767023889 ], [ -156.481458468615671, 20.90137211737779 ], [ -156.481498997740403, 20.901184788397142 ], [ -156.481455117072045, 20.900892987460381 ], [ -156.481349324007482, 20.900586407414984 ], [ -156.481343761719302, 20.900398534218201 ], [ -156.481280974938954, 20.900227826827646 ], [ -156.481269015904132, 20.900041872815084 ], [ -156.481164642495116, 20.8998836408797 ], [ -156.481145317258239, 20.899699896036381 ], [ -156.481079679196739, 20.8995300449638 ], [ -156.481036257074436, 20.899353529286962 ], [ -156.480989794062197, 20.899177925855181 ], [ -156.480890848641366, 20.899018066442611 ], [ -156.480827679403689, 20.898847474308106 ], [ -156.480741252597369, 20.898683859118968 ], [ -156.480665153997705, 20.898517146620609 ], [ -156.480616413517311, 20.898342226461597 ], [ -156.480601271331324, 20.898157226843345 ], [ -156.480549751762283, 20.897983139713752 ] ] } },
{ "type": "Feature", "properties": { "objectid": 278, "island": "Maui", "st_lengthshape": 1584.253739197804 }, "geometry": { "type": "LineString", "coordinates": [ [ -156.478933879569183, 20.895474994926307 ], [ -156.478861869237761, 20.895297846681927 ], [ -156.478803845978803, 20.895110168223937 ], [ -156.478723418871709, 20.894939357021631 ], [ -156.478665095193207, 20.894751905250743 ], [ -156.47856376593478, 20.894596829488453 ], [ -156.478454327346981, 20.894447857814825 ], [ -156.478338328552724, 20.894303824838968 ], [ -156.478258016175573, 20.894132927597468 ], [ -156.478121565909987, 20.89400429078627 ], [ -156.477973402133671, 20.89388447133528 ], [ -156.47779515822819, 20.893787297149302 ], [ -156.477613836758621, 20.893631520355161 ], [ -156.477347989918428, 20.893420620902827 ], [ -156.477174823604201, 20.893332316450589 ], [ -156.47702874480413, 20.893214995660568 ], [ -156.476870717784379, 20.893110473252751 ], [ -156.476709245282564, 20.893009641524717 ], [ -156.476544460319531, 20.89291235976993 ], [ -156.476379107189246, 20.892815685271451 ], [ -156.476222168984123, 20.892709997399184 ], [ -156.476082364691223, 20.892585956073841 ], [ -156.475936434264383, 20.892468476851246 ], [ -156.475805233953793, 20.892335219949022 ], [ -156.475680778538248, 20.892194739048453 ], [ -156.475562037866268, 20.892048134950034 ], [ -156.475444281602108, 20.891900478083254 ], [ -156.475294450711431, 20.891787178166044 ], [ -156.475139273430386, 20.891679604891596 ], [ -156.474991769491425, 20.891563812767103 ], [ -156.474874604100933, 20.891415523241854 ], [ -156.474790967573654, 20.891231319933787 ], [ -156.474004659609619, 20.890615910012219 ], [ -156.472969152924691, 20.890860571754413 ], [ -156.47278554808068, 20.890920706430734 ], [ -156.472614634556294, 20.891045819208962 ], [ -156.472426013766324, 20.891080270752504 ], [ -156.472234100245032, 20.891097860160897 ], [ -156.472049039281529, 20.891150538739819 ], [ -156.471873850888386, 20.89125376938199 ], [ -156.471724672524203, 20.891490181985802 ], [ -156.471506204242957, 20.891371799330312 ], [ -156.471319445617411, 20.891415784851624 ], [ -156.471129551814926, 20.891443717767682 ], [ -156.470940979921807, 20.891478421133126 ], [ -156.47075550763347, 20.891528994663862 ], [ -156.47057055733481, 20.891582239309823 ], [ -156.470390320413401, 20.891659624346641 ], [ -156.469771040651636, 20.891645356797461 ], [ -156.469145108831896, 20.892049074096207 ], [ -156.469005422280816, 20.892174696888116 ], [ -156.468854334774647, 20.89229137341173 ], [ -156.468684904623615, 20.892393655538346 ], [ -156.468516263253349, 20.892496556823886 ], [ -156.468360387962093, 20.892609475306536 ], [ -156.468208416664424, 20.892725458180877 ], [ -156.468079597436173, 20.892859608426591 ], [ -156.467959536654092, 20.893000632220108 ], [ -156.467855201663042, 20.893153995248806 ], [ -156.467771346390805, 20.893323429319185 ], [ -156.467645018428158, 20.893459534766489 ], [ -156.467544927445743, 20.893616228997004 ], [ -156.467488171862925, 20.893804001850345 ] ] } },
{ "type": "Feature", "properties": { "objectid": 279, "island": "Maui", "st_lengthshape": 652.95358266052472 }, "geometry": { "type": "LineString", "coordinates": [ [ -156.460991174515556, 20.89683043224165 ], [ -156.460785011819752, 20.896777086614243 ], [ -156.460584042240271, 20.896749730557215 ], [ -156.460370099316378, 20.896657446383475 ], [ -156.460160112476558, 20.896584960191852 ], [ -156.459976597931615, 20.896644955814665 ], [ -156.459793645914715, 20.896707770348481 ], [ -156.459615375285068, 20.896794012553904 ], [ -156.459512513448544, 20.896838933898394 ], [ -156.459339818533891, 20.896930006204929 ], [ -156.459139706522365, 20.897002003769547 ], [ -156.458945363680897, 20.897015790586678 ], [ -156.458751568421548, 20.897024049591121 ], [ -156.458561067814088, 20.896999061728117 ], [ -156.458369513857832, 20.896984702374766 ], [ -156.45817744803017, 20.896975520596211 ], [ -156.457985824796395, 20.896961857734549 ], [ -156.457794247682443, 20.896947742086727 ], [ -156.457600239718914, 20.89695814102506 ], [ -156.45741259090471, 20.896904386158891 ], [ -156.457224357576962, 20.896856531026867 ], [ -156.45703847795636, 20.896784935363733 ], [ -156.45685026818461, 20.896736840921385 ], [ -156.456660666741442, 20.896702797378605 ], [ -156.456468776737381, 20.896691831283221 ], [ -156.456279126875273, 20.896658276885994 ], [ -156.456087775347044, 20.896641881078455 ], [ -156.455899203733651, 20.896597444236459 ], [ -156.45571009717699, 20.896558413059712 ], [ -156.45552255390453, 20.896503608606022 ], [ -156.455330534628189, 20.896493953964914 ], [ -156.455142981314623, 20.896439247379419 ], [ -156.454944612308822, 20.896493650153968 ] ] } },
{ "type": "Feature", "properties": { "objectid": 280, "island": "Maui", "st_lengthshape": 744.57238715135668 }, "geometry": { "type": "LineString", "coordinates": [ [ -156.453375879984094, 20.895799653900678 ], [ -156.453189417280299, 20.895886817117951 ], [ -156.452999360288402, 20.895922571943927 ], [ -156.452807392287951, 20.8959310050192 ], [ -156.452615516375801, 20.895940755685945 ], [ -156.452424386612392, 20.895961169741756 ], [ -156.452232798595503, 20.895975036096765 ], [ -156.452045195289401, 20.89604589075315 ], [ -156.451854773499605, 20.896076429958551 ], [ -156.451663159711558, 20.896089936817518 ], [ -156.451471799084914, 20.896107055243423 ], [ -156.451281179810167, 20.896134773780755 ], [ -156.451090827357234, 20.896166316270254 ], [ -156.450900796123875, 20.896202442866176 ], [ -156.450709886435675, 20.896226015689841 ], [ -156.45051961125057, 20.896258661119681 ], [ -156.450327684761561, 20.896267690595653 ], [ -156.450134283700265, 20.896255614123497 ], [ -156.449941977320975, 20.89625921013527 ], [ -156.44975190177064, 20.896294702720265 ], [ -156.449560785333603, 20.896315320452882 ], [ -156.448994491085045, 20.896458027985108 ], [ -156.448409552994121, 20.896667147115714 ], [ -156.44821900338107, 20.896719545821355 ], [ -156.448043571203215, 20.896795686258304 ], [ -156.447896542264601, 20.896916433508522 ], [ -156.447827879732984, 20.897160246089371 ], [ -156.447511169090632, 20.89751592748215 ], [ -156.447135934676055, 20.897846691919725 ], [ -156.447119319161999, 20.898030513841164 ] ] } },
{ "type": "Feature", "properties": { "objectid": 281, "island": "Maui", "st_lengthshape": 711.71302310611043 }, "geometry": { "type": "LineString", "coordinates": [ [ -156.446619431883136, 20.898942892832107 ], [ -156.446423043772882, 20.898933710681796 ], [ -156.446234253154671, 20.898967593851836 ], [ -156.446047983748912, 20.899015774033373 ], [ -156.445629026072794, 20.898848972363115 ], [ -156.445435433114056, 20.898855630766256 ], [ -156.445248318613551, 20.898899018366571 ], [ -156.445064230219515, 20.898959561901261 ], [ -156.444881667915553, 20.899028758886413 ], [ -156.444687853018024, 20.899034158063774 ], [ -156.444494795513606, 20.899043852616867 ], [ -156.44429914232046, 20.899038831454725 ], [ -156.444106895662969, 20.899053125337336 ], [ -156.443887048339462, 20.899054192896315 ], [ -156.443495692211542, 20.898982925226665 ], [ -156.443335621274173, 20.899100826402837 ], [ -156.443165442034115, 20.899191071939669 ], [ -156.442991194783957, 20.899270187733574 ], [ -156.442813904381666, 20.899340973662948 ], [ -156.442631326555471, 20.899397297028145 ], [ -156.442450951484773, 20.899459645715744 ], [ -156.442264033898454, 20.899504092846367 ], [ -156.442074598427382, 20.89954165175379 ], [ -156.441871377579389, 20.899541492107836 ], [ -156.441690369458428, 20.89960210863542 ], [ -156.441520886702904, 20.899694259812026 ], [ -156.441329460197466, 20.899726371535067 ], [ -156.441150292704208, 20.899792025210242 ], [ -156.44106581554837, 20.900116773055526 ], [ -156.440898014040471, 20.90021352550745 ], [ -156.440731355457018, 20.900313408095801 ], [ -156.440428098559067, 20.900465784013331 ] ] } },
{ "type": "Feature", "properties": { "objectid": 282, "island": "Maui", "st_lengthshape": 2627.1087182015913 }, "geometry": { "type": "LineString", "coordinates": [ [ -156.440739593375753, 20.90157553332924 ], [ -156.440555028740704, 20.901639967622526 ], [ -156.440382359071435, 20.901721623990724 ], [ -156.440216539828413, 20.901813201863693 ], [ -156.440072873082642, 20.90193685751268 ], [ -156.439729586184569, 20.902103144991177 ], [ -156.439583247938572, 20.902222932729625 ], [ -156.439428971033635, 20.902331224779893 ], [ -156.439251434776878, 20.90240583472886 ], [ -156.439081470061581, 20.902491410846231 ], [ -156.438920325122155, 20.90258975689996 ], [ -156.43874936317863, 20.902673888407758 ], [ -156.438557584016735, 20.902727875765855 ], [ -156.438356115562641, 20.902767830093971 ], [ -156.437951007457229, 20.902512893931203 ], [ -156.437769260733916, 20.902581405926316 ], [ -156.437577713112375, 20.902635726997794 ], [ -156.437387358232627, 20.902691774922729 ], [ -156.437193666645499, 20.902742989905377 ], [ -156.437044057808066, 20.902858042816266 ], [ -156.436693294227211, 20.903180576927319 ], [ -156.436481344511776, 20.903155661926863 ], [ -156.436295112816623, 20.903201866554717 ], [ -156.43610565984136, 20.903239165194591 ], [ -156.435898134479629, 20.903226484224728 ], [ -156.435692913535519, 20.903220175034651 ], [ -156.435522603622729, 20.903310412831981 ], [ -156.435333706571669, 20.903349246631624 ], [ -156.435141276339436, 20.9033783092815 ], [ -156.434949410393386, 20.903408934969217 ], [ -156.434756192678179, 20.903435820198968 ], [ -156.434559306936279, 20.903452562050191 ], [ -156.434366872833664, 20.903481614712778 ], [ -156.434187753215014, 20.903547489529732 ], [ -156.43401540130688, 20.903632079919472 ], [ -156.433838059876621, 20.90370287023341 ], [ -156.433658722368079, 20.903768140749548 ], [ -156.43348490808475, 20.903848689790745 ], [ -156.433303341281743, 20.903907795743713 ], [ -156.433145447164037, 20.904032372270521 ], [ -156.432592642647109, 20.904325931520614 ], [ -156.432432390037974, 20.904426159597485 ], [ -156.432260215169265, 20.904511584963856 ], [ -156.432082619209666, 20.904590279707456 ], [ -156.431908157436169, 20.904672865904637 ], [ -156.431742608315261, 20.90476651728321 ], [ -156.4315718686303, 20.904853725012046 ], [ -156.431422252450574, 20.90496715881493 ], [ -156.431315237170963, 20.90513348734455 ], [ -156.431225671841275, 20.905321479566236 ], [ -156.431139959504293, 20.905514256327407 ], [ -156.431154222543654, 20.905831161698451 ], [ -156.430989320002539, 20.905925617356395 ], [ -156.430874418206542, 20.906082154145597 ], [ -156.430531897754548, 20.906255279456555 ], [ -156.430345972382611, 20.906323633251908 ], [ -156.430186102984806, 20.906424338661406 ], [ -156.430044238642864, 20.906547399644325 ], [ -156.429941044705458, 20.906718473287096 ], [ -156.429802272810463, 20.906845374522927 ], [ -156.429638658451609, 20.906941429948198 ], [ -156.429477299355739, 20.907040286513233 ], [ -156.429328140507607, 20.907154291119404 ], [ -156.429146523155623, 20.907227994744417 ], [ -156.428969871999641, 20.907307864750159 ], [ -156.428802608574586, 20.907399390501141 ], [ -156.428544062192486, 20.907377579176369 ], [ -156.428398348148249, 20.907495860284261 ], [ -156.428263467983953, 20.907627593182276 ], [ -156.428129029810634, 20.907759876149164 ], [ -156.427992573064301, 20.907889652852212 ], [ -156.427878319202819, 20.907879360633451 ], [ -156.427720392583751, 20.907989234463308 ], [ -156.427510183769982, 20.907991009992919 ], [ -156.427293202418582, 20.90797878049835 ], [ -156.427115693594544, 20.908048166463569 ], [ -156.42700422548819, 20.908102272806364 ], [ -156.426850564630428, 20.908136862871888 ], [ -156.426662875367953, 20.908181565168086 ], [ -156.426481661917506, 20.908241885546065 ], [ -156.426309020119874, 20.908322877491486 ], [ -156.426128656373692, 20.908385247194488 ], [ -156.425966860855112, 20.90849239918942 ], [ -156.425800008675168, 20.908587355274154 ], [ -156.425657810953766, 20.908741772561307 ], [ -156.425457995050834, 20.908757230164142 ], [ -156.425236464948767, 20.908720314786748 ], [ -156.424990020310844, 20.908623312564441 ], [ -156.424764389375355, 20.908576505894935 ], [ -156.424564143678765, 20.908590924877753 ], [ -156.424399828545319, 20.90869199873158 ], [ -156.424245167130266, 20.908816360003151 ], [ -156.424063944842743, 20.908876659459516 ], [ -156.423965051414683, 20.908905340201265 ], [ -156.423798270208351, 20.909018824333952 ], [ -156.423631654591105, 20.909132894044848 ], [ -156.423460930929224, 20.909232402982489 ], [ -156.423290227015542, 20.909331980645597 ], [ -156.423118808984157, 20.909429026472676 ], [ -156.422944045850301, 20.909514214539097 ], [ -156.422815177176972, 20.909524219108238 ], [ -156.422812839852156, 20.909524301202897 ], [ -156.42261925606573, 20.909551626705628 ], [ -156.422424733237619, 20.909599475811437 ], [ -156.422237054166175, 20.90949771736641 ], [ -156.422058142864245, 20.909204332975062 ], [ -156.421720942833758, 20.908889485657543 ], [ -156.421580160693395, 20.908763535816771 ], [ -156.421436007209763, 20.908642127053596 ], [ -156.421272060238238, 20.908547374970038 ], [ -156.421127373166314, 20.908426684749582 ], [ -156.420967685379225, 20.908326196586806 ], [ -156.42080861841248, 20.908224873469965 ], [ -156.420646011920809, 20.908128316367723 ], [ -156.420481399228066, 20.908034460957502 ], [ -156.420308512186494, 20.907951750236961 ], [ -156.420119661476804, 20.907890536978613 ], [ -156.419926720376594, 20.907834832531456 ], [ -156.41972511146551, 20.907790800338802 ], [ -156.419440677116, 20.907858310250045 ] ] } },
{ "type": "Feature", "properties": { "objectid": 283, "island": "Maui", "st_lengthshape": 628.85701610016838 }, "geometry": { "type": "LineString", "coordinates": [ [ -156.417555351052442, 20.907400460416966 ], [ -156.417347231722232, 20.907319640086907 ], [ -156.417144995066536, 20.907273819493753 ], [ -156.416942806646944, 20.907228276586757 ], [ -156.416741150176733, 20.907185904306836 ], [ -156.416542803016313, 20.907163217824358 ], [ -156.41634607947492, 20.907150194889088 ], [ -156.416150952581148, 20.907146668964238 ], [ -156.415959757437037, 20.907166530165195 ], [ -156.415771198897374, 20.907202087080229 ], [ -156.41558119554, 20.907229044501623 ], [ -156.415393191492655, 20.907267896779793 ], [ -156.41519904902654, 20.907270225415928 ], [ -156.415019720478114, 20.90736069650573 ], [ -156.414844208913621, 20.907473883067706 ], [ -156.414660271834549, 20.907536940102826 ], [ -156.414489857857404, 20.907680458195671 ], [ -156.414275479231151, 20.907562376723572 ], [ -156.414040350961841, 20.907320828249993 ], [ -156.413831902832527, 20.907238031435678 ], [ -156.413635362961003, 20.90722609072041 ], [ -156.413449027411474, 20.907274870717384 ], [ -156.413263120636799, 20.907326207642015 ], [ -156.413073256497171, 20.907353992263815 ], [ -156.412874077618966, 20.90732634384247 ], [ -156.412678994663423, 20.907323071912991 ], [ -156.412492943817028, 20.907373551656914 ], [ -156.412303487624229, 20.907403761311517 ], [ -156.412121015501754, 20.907475531580751 ], [ -156.411947156634568, 20.907598563366143 ] ] } },
{ "type": "Feature", "properties": { "objectid": 284, "island": "Maui", "st_lengthshape": 329.65614976898263 }, "geometry": { "type": "LineString", "coordinates": [ [ -156.410738556856501, 20.909295925342878 ], [ -156.41030693044118, 20.909335290637141 ], [ -156.409990998573051, 20.909142291709294 ], [ -156.409760407151509, 20.909111456133818 ], [ -156.409545835271672, 20.909111060184816 ], [ -156.409335408780805, 20.909118540402492 ], [ -156.409142417831447, 20.909159151627538 ], [ -156.408949236032981, 20.909199401284184 ], [ -156.408760730794768, 20.909248536517673 ], [ -156.408568456051825, 20.909290509545759 ], [ -156.408480807549807, 20.909531296706497 ], [ -156.408338375572214, 20.909667982482567 ], [ -156.408201466658426, 20.909815164883206 ], [ -156.408083221059172, 20.909997813039556 ] ] } },
{ "type": "Feature", "properties": { "objectid": 285, "island": "Maui", "st_lengthshape": 24.230098691192079 }, "geometry": { "type": "LineString", "coordinates": [ [ -156.407184343714476, 20.910326440247765 ], [ -156.406953848316562, 20.910295783700828 ] ] } },
{ "type": "Feature", "properties": { "objectid": 286, "island": "Maui", "st_lengthshape": 1399.3842124244682 }, "geometry": { "type": "LineString", "coordinates": [ [ -156.403224025663064, 20.912527946435581 ], [ -156.403022093473567, 20.912504950872833 ], [ -156.402818042160732, 20.912472779392594 ], [ -156.40262270528271, 20.912478359567249 ], [ -156.402438908130136, 20.912533934085598 ], [ -156.402230631413346, 20.912483449558081 ], [ -156.402059292010136, 20.912592996728627 ], [ -156.401887661740119, 20.912701286985669 ], [ -156.401698267872376, 20.912732613579504 ], [ -156.401502819878885, 20.912737713121807 ], [ -156.401305041893977, 20.912732715308522 ], [ -156.401105052837039, 20.912718137488199 ], [ -156.400877433620025, 20.912583848879173 ], [ -156.400659736545066, 20.912492546256242 ], [ -156.400460135098427, 20.912479644838399 ], [ -156.400270959595218, 20.91251191306263 ], [ -156.400080843396324, 20.91254011011922 ], [ -156.399881311715205, 20.912527512450421 ], [ -156.399670486393603, 20.912465975475666 ], [ -156.399465409046286, 20.912429349489233 ], [ -156.399269455659862, 20.912432252934256 ], [ -156.399074572523062, 20.912439789765866 ], [ -156.398877674181136, 20.912438597362755 ], [ -156.398683129852884, 20.912447605176038 ], [ -156.398498705969871, 20.912500463456674 ], [ -156.398300226963983, 20.912492423261693 ], [ -156.398065137047126, 20.91232574401192 ], [ -156.39784052551127, 20.912204464567157 ], [ -156.397630848698981, 20.912147899469968 ], [ -156.397432283670497, 20.912139478692492 ], [ -156.397241161120292, 20.912163312597126 ], [ -156.397054323502715, 20.912205709713493 ], [ -156.396873994002021, 20.912276309633107 ], [ -156.396695042868288, 20.912352883017412 ], [ -156.396515262909389, 20.912425861853706 ], [ -156.396336944415935, 20.912505175671271 ], [ -156.396160080164293, 20.91259079637349 ], [ -156.395981555751547, 20.912669216408503 ], [ -156.395796272730934, 20.912718355859074 ], [ -156.395602644612524, 20.91273132866699 ], [ -156.395411634831902, 20.912755649695072 ], [ -156.395123913944275, 20.912778077699176 ], [ -156.394673624366987, 20.912985711763341 ], [ -156.394334793208373, 20.913131572940738 ], [ -156.394167955693774, 20.913223387375439 ], [ -156.393993657934999, 20.913299454494176 ], [ -156.393826817265477, 20.913391263092333 ], [ -156.39366342879552, 20.913490357130058 ], [ -156.393507610451621, 20.91360543095518 ], [ -156.393299479975411, 20.913610090750833 ], [ -156.393115459389406, 20.913665637808766 ], [ -156.392935243303299, 20.913729215122316 ], [ -156.392757830467559, 20.913798710036392 ], [ -156.392567778135145, 20.913841526834599 ], [ -156.392374708186878, 20.913877974501187 ], [ -156.392163345824855, 20.913875810155389 ], [ -156.391605413147772, 20.913958476703986 ], [ -156.391428745730849, 20.914106995446993 ], [ -156.391255298755027, 20.914284444242689 ], [ -156.39108442547365, 20.91448499239516 ], [ -156.390925340598471, 20.914791410624385 ] ] } },
{ "type": "Feature", "properties": { "objectid": 287, "island": "Maui", "st_lengthshape": 812.34399831592066 }, "geometry": { "type": "LineString", "coordinates": [ [ -156.389388523332173, 20.914870845640738 ], [ -156.389192094800507, 20.914841921792458 ], [ -156.388998430381861, 20.914837818374604 ], [ -156.388808216796662, 20.91486470436995 ], [ -156.388620772824254, 20.914916469568162 ], [ -156.388435810831623, 20.914990521041251 ], [ -156.388251502964238, 20.915070454570145 ], [ -156.388064626576352, 20.915127315469725 ], [ -156.387874936382048, 20.915158906012696 ], [ -156.387683101844516, 20.915171235108598 ], [ -156.387489675822621, 20.91516927609711 ], [ -156.387302643561611, 20.915224744221153 ], [ -156.387113591693179, 20.915262070559372 ], [ -156.386923752522449, 20.915292317870435 ], [ -156.386649371944657, 20.915310813617396 ], [ -156.386309114701987, 20.915131178691091 ], [ -156.386117287674978, 20.915150669488543 ], [ -156.385931878165366, 20.915200203785687 ], [ -156.38574713232714, 20.915252852095669 ], [ -156.385563747111689, 20.915311864586076 ], [ -156.385359754289539, 20.915274394905587 ], [ -156.385171457880119, 20.915310417838946 ], [ -156.384989949290429, 20.915378222571661 ], [ -156.384799276366266, 20.915403116932961 ], [ -156.384605221932162, 20.915412178939359 ], [ -156.384412973324629, 20.91542969485786 ], [ -156.384233046212472, 20.915504903915014 ], [ -156.384044973388825, 20.915541970886455 ], [ -156.383873770111876, 20.915658025328351 ], [ -156.383696670238152, 20.915746474311202 ], [ -156.383511299426772, 20.915796196026097 ], [ -156.383322133968278, 20.915828149618353 ], [ -156.382796354475715, 20.916046092450948 ], [ -156.382311700861351, 20.916444342791429 ], [ -156.382239795864166, 20.916665712633947 ] ] } },
{ "type": "Feature", "properties": { "objectid": 288, "island": "Maui", "st_lengthshape": 205.85794202468423 }, "geometry": { "type": "LineString", "coordinates": [ [ -156.378982918874669, 20.919078490565486 ], [ -156.378693814789813, 20.918980739425614 ], [ -156.378474337374797, 20.918989763759164 ], [ -156.378292807090446, 20.919056980682278 ], [ -156.378144022677361, 20.919174414851852 ], [ -156.378001228106768, 20.919301034537874 ], [ -156.377920120620985, 20.919522255906603 ], [ -156.377802148722253, 20.919686942280226 ], [ -156.377651222812744, 20.919801091805809 ], [ -156.377533025748619, 20.91996543410297 ] ] } },
{ "type": "Feature", "properties": { "objectid": 289, "island": "Maui", "st_lengthshape": 263.0649757266815 }, "geometry": { "type": "LineString", "coordinates": [ [ -156.375824333045415, 20.92226127121668 ], [ -156.375645499264863, 20.922327532247159 ], [ -156.375447263678069, 20.922351004170746 ], [ -156.37536645984909, 20.922290884836283 ], [ -156.375270788978753, 20.922044647404338 ], [ -156.375027809147809, 20.921859952949003 ], [ -156.374820642996582, 20.921820020570827 ], [ -156.374617374714944, 20.921795848685228 ], [ -156.374418249449576, 20.921788419774305 ], [ -156.374223805625235, 20.921799918027862 ], [ -156.374044322618658, 20.921871893322443 ], [ -156.373865559448433, 20.921946775868854 ], [ -156.37371076766928, 20.922118562875319 ] ] } },
{ "type": "Feature", "properties": { "objectid": 290, "island": "Maui", "st_lengthshape": 40.145312559808133 }, "geometry": { "type": "LineString", "coordinates": [ [ -156.37122022536434, 20.923617702452574 ], [ -156.371065880762416, 20.923725715471896 ], [ -156.3709314735774, 20.923856201624172 ] ] } },
{ "type": "Feature", "properties": { "objectid": 291, "island": "Maui", "st_lengthshape": 161.37070642068718 }, "geometry": { "type": "LineString", "coordinates": [ [ -156.370699069767539, 20.924722186410825 ], [ -156.370555543451303, 20.924842395221589 ], [ -156.370395250468135, 20.924943704158277 ], [ -156.370255968341866, 20.925068696423654 ], [ -156.370094456386084, 20.925168631959014 ], [ -156.369924134573239, 20.925258637309156 ], [ -156.369774980966469, 20.925372503605722 ], [ -156.36964810195613, 20.925511475845713 ], [ -156.369526949715805, 20.925656904119492 ] ] } },
{ "type": "Feature", "properties": { "objectid": 292, "island": "Maui", "st_lengthshape": 206.75725053071687 }, "geometry": { "type": "LineString", "coordinates": [ [ -156.370045912917135, 20.928230964673226 ], [ -156.370010717319161, 20.928414132223907 ], [ -156.369919428256793, 20.928611877512505 ], [ -156.369724055216636, 20.928663642821515 ], [ -156.369536870459712, 20.928726583328128 ], [ -156.369366176781767, 20.928812034264094 ], [ -156.369202199559965, 20.928906652377506 ], [ -156.369050900752626, 20.929018575901566 ], [ -156.368892701153044, 20.929121079859833 ], [ -156.368720760267706, 20.929204827908819 ], [ -156.368552146523513, 20.929293117901569 ] ] } },
{ "type": "Feature", "properties": { "objectid": 293, "island": "Maui", "st_lengthshape": 61.474274486206724 }, "geometry": { "type": "LineString", "coordinates": [ [ -156.36783633056433, 20.929098105305158 ], [ -156.367643344087924, 20.92910887998066 ], [ -156.367443936025751, 20.929084215699557 ], [ -156.367261143290165, 20.92915124356842 ] ] } },
{ "type": "Feature", "properties": { "objectid": 294, "island": "Maui", "st_lengthshape": 221.84151279198454 }, "geometry": { "type": "LineString", "coordinates": [ [ -156.364276275089054, 20.9305202027757 ], [ -156.364082858457891, 20.930563523542201 ], [ -156.363912354758071, 20.930646853358244 ], [ -156.363761363091328, 20.930764254916152 ], [ -156.363596054816583, 20.930856656199673 ], [ -156.363418457197554, 20.93092759790331 ], [ -156.363253426418311, 20.931020485230533 ], [ -156.363093718046684, 20.931122665576282 ], [ -156.362914312735683, 20.931190453978523 ], [ -156.362737449249977, 20.931262678375095 ], [ -156.362562808601865, 20.931338785808162 ], [ -156.362378211799296, 20.931397508124984 ] ] } },
{ "type": "Feature", "properties": { "objectid": 295, "island": "Maui", "st_lengthshape": 418.04293839863419 }, "geometry": { "type": "LineString", "coordinates": [ [ -156.359384009987934, 20.933173307008705 ], [ -156.359185717068215, 20.933174804687454 ], [ -156.358987370845199, 20.933176109904597 ], [ -156.358783162765718, 20.93315647545726 ], [ -156.358581334965749, 20.933145342771752 ], [ -156.3583801411595, 20.933136474089601 ], [ -156.358180785830143, 20.933134175711221 ], [ -156.357977465173263, 20.9331177086198 ], [ -156.357780972123294, 20.933125631054779 ], [ -156.357591981974707, 20.933160363203534 ], [ -156.357410393439693, 20.933221537858049 ], [ -156.357240936830834, 20.933326052057105 ], [ -156.357074340190422, 20.933440789125186 ], [ -156.356908472154004, 20.933558130284773 ], [ -156.356747709493533, 20.933693709419494 ], [ -156.356579892247709, 20.933804086104857 ], [ -156.356409529221281, 20.933905368452397 ], [ -156.35623878346891, 20.934005284079053 ], [ -156.356063977314193, 20.934090694572156 ], [ -156.355874122240635, 20.934122336146089 ], [ -156.355697151017978, 20.934200009546082 ] ] } }
]
}
