{
"type": "FeatureCollection",
"name": "Commercial_Harbors",
"crs": { "type": "name", "properties": { "name": "urn:ogc:def:crs:OGC:1.3:CRS84" } },
"features": [
{ "type": "Feature", "properties": { "objectid": 1, "berth_length": 2605, "yard_area": 23, "shed_area": 119249, "channel_depth": 35, "harbor_name": "Hilo Harbor", "turn_basin": 35, "st_areashape": 185639.13307758854, "st_perimetershape": 3660.2642000938299 }, "geometry": { "type": "Polygon", "coordinates": [ [ [ -155.057210366145711, 19.727313169975059 ], [ -155.056855916375554, 19.727472689976043 ], [ -155.054640694334836, 19.728469883225383 ], [ -155.054565807500012, 19.728320673345081 ], [ -155.05472338056353, 19.728249760213274 ], [ -155.054666653020007, 19.728136734316074 ], [ -155.054101018695178, 19.728391286641859 ], [ -155.054100125392125, 19.728713156011167 ], [ -155.053908649625384, 19.728738135451131 ], [ -155.05255359096671, 19.729347938022887 ], [ -155.051583343195688, 19.729637791829532 ], [ -155.05146725747224, 19.72955698300283 ], [ -155.051469197145366, 19.728862223283635 ], [ -155.051265389230053, 19.728956135874817 ], [ -155.051263212234943, 19.729735864970092 ], [ -155.05136314354678, 19.729941056386455 ], [ -155.050315370159041, 19.73042065170857 ], [ -155.050430500841713, 19.730638507030598 ], [ -155.050563605057931, 19.73078172919417 ], [ -155.049900324868048, 19.731087353631043 ], [ -155.049277191246432, 19.729874769892945 ], [ -155.049172665812108, 19.729923090291695 ], [ -155.050050109079905, 19.731630540978408 ], [ -155.050133490923571, 19.7316511573109 ], [ -155.049977142663749, 19.73188329851234 ], [ -155.050345116757228, 19.732105036043361 ], [ -155.050407562435453, 19.73201212000491 ], [ -155.051256213901866, 19.732523503458321 ], [ -155.051274042594628, 19.732468871344491 ], [ -155.051239877394437, 19.732448309705013 ], [ -155.051943044792807, 19.731254772157822 ], [ -155.053297992906522, 19.731258126444921 ], [ -155.053293017505155, 19.733047820620175 ], [ -155.054272483273451, 19.733534144142318 ], [ -155.054281953377796, 19.730119956076233 ], [ -155.054555879847101, 19.72999671574253 ], [ -155.056046097706485, 19.730533218787254 ], [ -155.056568262214881, 19.73053448222046 ], [ -155.055230386147457, 19.729260979520259 ], [ -155.055552421377911, 19.729053222844282 ], [ -155.055648299731416, 19.729250376374676 ], [ -155.057275717062623, 19.728512571653166 ], [ -155.057142953448647, 19.72826470467696 ], [ -155.057310094996183, 19.728148292001524 ], [ -155.057023106406632, 19.727576499341197 ], [ -155.057273560439882, 19.727439077186453 ], [ -155.057210366145711, 19.727313169975059 ] ] ] } },
{ "type": "Feature", "properties": { "objectid": 2, "berth_length": 689, "yard_area": 3, "shed_area": 7400, "channel_depth": 23, "harbor_name": "Kaunakakai Harbor", "turn_basin": 23, "st_areashape": 527022.33314755629, "st_perimetershape": 3645.2672845320703 }, "geometry": { "type": "Polygon", "coordinates": [ [ [ -157.025214012256299, 21.084485787913511 ], [ -157.027777578033493, 21.085999156206388 ], [ -157.031709692145085, 21.080126917229016 ], [ -157.031928938141476, 21.078418649619586 ], [ -157.032921379693164, 21.076890757735871 ], [ -157.031703654590899, 21.07612365232934 ], [ -157.030173473866114, 21.079052803390081 ], [ -157.029937251330182, 21.079410304187196 ], [ -157.025270225476788, 21.07888250092207 ], [ -157.023671296085979, 21.080216217125521 ], [ -157.023004479232384, 21.08540931975579 ], [ -157.023606727036821, 21.085976597271454 ], [ -157.02366521854043, 21.085934066449219 ], [ -157.025214012256299, 21.084485787913511 ] ] ] } },
{ "type": "Feature", "properties": { "objectid": 3, "berth_length": 3255, "yard_area": 42, "shed_area": 45000, "channel_depth": 42, "harbor_name": "Kalaeloa Barbers Point Harbor", "turn_basin": 38, "st_areashape": 2073919.2003045804, "st_perimetershape": 7756.1708459275751 }, "geometry": { "type": "Polygon", "coordinates": [ [ [ -158.108101735526191, 21.330382553486892 ], [ -158.109530700382209, 21.329047020363905 ], [ -158.11176423961416, 21.331136730769042 ], [ -158.114879492681979, 21.328954906069708 ], [ -158.117677705392168, 21.328922442772555 ], [ -158.12055338683885, 21.325690645821737 ], [ -158.122392836991168, 21.323623299468991 ], [ -158.129516680959313, 21.316533194324411 ], [ -158.128165298255595, 21.315269021801328 ], [ -158.120596207749401, 21.320961550314617 ], [ -158.119284364950573, 21.321324520075489 ], [ -158.118572290231725, 21.320658308135421 ], [ -158.117760988358214, 21.320756615385374 ], [ -158.117279130154628, 21.320303872581061 ], [ -158.116703481327988, 21.319767468657759 ], [ -158.114467936845699, 21.317701518336349 ], [ -158.113771180923891, 21.315879892562744 ], [ -158.110293316143839, 21.316568706502078 ], [ -158.107117210992357, 21.319516465016253 ], [ -158.108554027519972, 21.322094360083049 ], [ -158.105504855185416, 21.324955604349149 ], [ -158.103890831362662, 21.326436604625702 ], [ -158.108101735526191, 21.330382553486892 ] ] ] } },
{ "type": "Feature", "properties": { "objectid": 4, "berth_length": 1860, "yard_area": 40, "shed_area": 50464, "channel_depth": 35, "harbor_name": "Port Allen Harbor", "turn_basin": 35, "st_areashape": 10777.209851572548, "st_perimetershape": 624.66617642339259 }, "geometry": { "type": "Polygon", "coordinates": [ [ [ -159.587933254822701, 21.900509829758885 ], [ -159.587959055843299, 21.900462291997943 ], [ -159.58798703895539, 21.900418069265086 ], [ -159.588025907815933, 21.900373525767321 ], [ -159.588064078266171, 21.900336908768004 ], [ -159.588092519280735, 21.900313936743089 ], [ -159.588139015652331, 21.900282615717224 ], [ -159.588169647348963, 21.900265525332202 ], [ -159.588221058378252, 21.90024215951912 ], [ -159.588247680486916, 21.900232439201407 ], [ -159.588401748785344, 21.900181423642877 ], [ -159.589890772708742, 21.899688437129615 ], [ -159.589765824320352, 21.899366944696389 ], [ -159.588051140584099, 21.899934027408605 ], [ -159.587430816533669, 21.899749886714467 ], [ -159.587449740672923, 21.899848656584471 ], [ -159.587565662529471, 21.90027046505989 ], [ -159.587933254822701, 21.900509829758885 ] ] ] } },
{ "type": "Feature", "properties": { "objectid": 5, "berth_length": 1562, "yard_area": 35, "shed_area": 21262, "channel_depth": 35, "harbor_name": "Kawaihae Harbor", "turn_basin": 35, "st_areashape": 899976.31092365121, "st_perimetershape": 7077.5784370848478 }, "geometry": { "type": "MultiPolygon", "coordinates": [ [ [ [ -155.839924520963223, 20.042678107020613 ], [ -155.840874493168627, 20.041120017104596 ], [ -155.834185452780048, 20.037477472106882 ], [ -155.833865805232762, 20.037499202216729 ], [ -155.833689623737371, 20.035184495796507 ], [ -155.833668043152301, 20.034942561075002 ], [ -155.833630084539237, 20.03477543043909 ], [ -155.833567878529891, 20.034614939189986 ], [ -155.833482652129902, 20.034464151058486 ], [ -155.833376046303528, 20.034326060460135 ], [ -155.830560512930361, 20.031167723317044 ], [ -155.830154201379798, 20.031236230629013 ], [ -155.830367309044533, 20.032365418120282 ], [ -155.830292432119336, 20.032282274825782 ], [ -155.829597601796735, 20.032834275201015 ], [ -155.829322474914591, 20.031376432505105 ], [ -155.825324714235535, 20.032050235144439 ], [ -155.824961623820599, 20.032111423270162 ], [ -155.824946263843088, 20.032030107761699 ], [ -155.824505119254724, 20.03210572742503 ], [ -155.824450302710204, 20.03212003373854 ], [ -155.824396702072278, 20.032137989409147 ], [ -155.824334802700605, 20.032163990672963 ], [ -155.82427544838049, 20.032194841246426 ], [ -155.8242190637813, 20.032230319500378 ], [ -155.823443906885501, 20.032764714464896 ], [ -155.824927399593662, 20.034691517085491 ], [ -155.825422021853967, 20.035333267780679 ], [ -155.825620224796893, 20.035585095432598 ], [ -155.82582371737422, 20.035833127719567 ], [ -155.826013912114774, 20.036056511229418 ], [ -155.826072191003789, 20.036122690880617 ], [ -155.826246229727218, 20.036317371261568 ], [ -155.826923728376926, 20.037062985115089 ], [ -155.826998606384393, 20.037140891210619 ], [ -155.827077958432966, 20.037214737376114 ], [ -155.827161537028218, 20.037284292611002 ], [ -155.827249083827411, 20.037349342869337 ], [ -155.827340327839181, 20.037409685611912 ], [ -155.82743498533253, 20.037465134317799 ], [ -155.827532761819157, 20.037515514909607 ], [ -155.827633355709025, 20.037560673942515 ], [ -155.82773645371816, 20.037600469496056 ], [ -155.82784173647039, 20.037634777592785 ], [ -155.82811933980139, 20.037717035318501 ], [ -155.828990495595264, 20.037975633878602 ], [ -155.829130102984408, 20.038021568760445 ], [ -155.829267161636011, 20.038073909600779 ], [ -155.829401344571124, 20.038132531398745 ], [ -155.829532327981184, 20.038197293866784 ], [ -155.829659798884137, 20.038268040665358 ], [ -155.82978344932306, 20.038344602909106 ], [ -155.829902985013376, 20.038426796614111 ], [ -155.830018116713831, 20.0385144243482 ], [ -155.830128569773706, 20.038607275402036 ], [ -155.830234078386439, 20.038705126588567 ], [ -155.830692432333677, 20.03907930430179 ], [ -155.831329130842079, 20.038011406205918 ], [ -155.831527948389038, 20.038105687071564 ], [ -155.831898353655504, 20.038408765978961 ], [ -155.832137110265393, 20.038886436178096 ], [ -155.832470418867217, 20.038618971106537 ], [ -155.839924520963223, 20.042678107020613 ] ] ], [ [ [ -155.824418256121646, 20.031985312424855 ], [ -155.824418804571451, 20.031985157100692 ], [ -155.824920691012153, 20.031894579392908 ], [ -155.824905347326506, 20.031813262371855 ], [ -155.828500642437461, 20.03120724866616 ], [ -155.827421525981094, 20.029996640434657 ], [ -155.825715788150148, 20.028086813271955 ], [ -155.82522026591414, 20.027848657583132 ], [ -155.82462519139014, 20.027912004579985 ], [ -155.823485048612156, 20.028829462545374 ], [ -155.823438801085501, 20.028905763080012 ], [ -155.823398776530951, 20.028985144031584 ], [ -155.823365201802375, 20.029067152767034 ], [ -155.82333826778617, 20.029151320662631 ], [ -155.823318129274156, 20.029237169419723 ], [ -155.823304900226077, 20.029324209174401 ], [ -155.823298655570113, 20.02941194394532 ], [ -155.823299432102374, 20.029499874357416 ], [ -155.824418728547727, 20.031985090748222 ], [ -155.824418256121646, 20.031985312424855 ] ] ], [ [ [ -155.82397572239924, 20.032227395995239 ], [ -155.823928630921074, 20.032163028915036 ], [ -155.823886823685569, 20.032095481234315 ], [ -155.823850540276254, 20.03202513905849 ], [ -155.823819989362363, 20.031952405989159 ], [ -155.823795344034266, 20.031877697624491 ], [ -155.822926173579845, 20.032095817009697 ], [ -155.823356396350221, 20.032653865714067 ], [ -155.82397572239924, 20.032227395995239 ] ] ] ] } },
{ "type": "Feature", "properties": { "objectid": 6, "berth_length": 30892, "yard_area": 203, "shed_area": 987362, "channel_depth": 45, "harbor_name": "Honolulu Harbor", "turn_basin": 40, "st_areashape": 3618350.7134702425, "st_perimetershape": 20464.087492543815 }, "geometry": { "type": "MultiPolygon", "coordinates": [ [ [ [ -157.878759900264527, 21.32073208631931 ], [ -157.878946045747767, 21.320922307472344 ], [ -157.88027751015818, 21.32229910402291 ], [ -157.880910709073419, 21.32294623688124 ], [ -157.880930546073301, 21.322966511175576 ], [ -157.880948810181224, 21.322979838673017 ], [ -157.880977200287475, 21.322995264409141 ], [ -157.881011886701032, 21.323007330731361 ], [ -157.881046437706942, 21.323013221387441 ], [ -157.881074552496273, 21.323013582840638 ], [ -157.881100785222117, 21.323011278470933 ], [ -157.881131506215354, 21.323003993691501 ], [ -157.88117219142768, 21.32298631380451 ], [ -157.881195610034979, 21.322970874188726 ], [ -157.881220393325123, 21.322948510032987 ], [ -157.881243038794963, 21.322919187191332 ], [ -157.882702869243161, 21.320594020187766 ], [ -157.886106396265745, 21.321364011541768 ], [ -157.886175952368944, 21.321093206222592 ], [ -157.886215944406388, 21.321102214263522 ], [ -157.886477564257802, 21.320082413500877 ], [ -157.88856666842733, 21.320552944968068 ], [ -157.888030274412927, 21.321111655275573 ], [ -157.886438437908026, 21.320753122711714 ], [ -157.8862718375361, 21.321401275178779 ], [ -157.887491081225249, 21.321672544051676 ], [ -157.887468405553136, 21.321695826527687 ], [ -157.887664437601529, 21.321739662925168 ], [ -157.888717711386846, 21.320642559995754 ], [ -157.889118751501741, 21.320180555263885 ], [ -157.889944075788918, 21.319762345439539 ], [ -157.890422899086218, 21.319518229933273 ], [ -157.888996171439658, 21.316790106397015 ], [ -157.888683326876105, 21.316187840536386 ], [ -157.888081244532117, 21.315028742865689 ], [ -157.888052869773588, 21.315039029358548 ], [ -157.887474134643753, 21.313922916308556 ], [ -157.887463023429376, 21.313903852334704 ], [ -157.887331710795365, 21.313651023126699 ], [ -157.887296985401406, 21.313584197091746 ], [ -157.887323401623433, 21.313572149671366 ], [ -157.887225955506551, 21.313384520028119 ], [ -157.887166854935742, 21.313270764326283 ], [ -157.887033591569548, 21.312993429782892 ], [ -157.886961303698769, 21.312816712467736 ], [ -157.886713115130476, 21.312116189437766 ], [ -157.886337765132538, 21.311050089760133 ], [ -157.885852748921224, 21.309672486211038 ], [ -157.885680171586813, 21.309179042409777 ], [ -157.885634527885117, 21.30905446312341 ], [ -157.885583125191715, 21.308938287998863 ], [ -157.885518059965506, 21.308823002545729 ], [ -157.885472012414198, 21.308754540079637 ], [ -157.885416777674067, 21.308682722919432 ], [ -157.885343504194083, 21.30860046933714 ], [ -157.885274103141995, 21.308533199968185 ], [ -157.885201435173855, 21.30847165187151 ], [ -157.885127415551011, 21.308416761015167 ], [ -157.88504435106222, 21.308363167099234 ], [ -157.884935807248951, 21.308304128383021 ], [ -157.884838252098604, 21.308260379395712 ], [ -157.884724757935174, 21.308219358673199 ], [ -157.884604375292554, 21.308186431886494 ], [ -157.8844708310763, 21.30816172365185 ], [ -157.884348939836912, 21.308149472852342 ], [ -157.884244642186076, 21.308146469362722 ], [ -157.884126672820628, 21.308150419880327 ], [ -157.884006417582867, 21.308165869048366 ], [ -157.88304146364365, 21.308298745900697 ], [ -157.8829095738337, 21.30830860535772 ], [ -157.88279677474938, 21.308308197816554 ], [ -157.882648847504811, 21.308295288661107 ], [ -157.882486930587987, 21.308264577008813 ], [ -157.882332911425749, 21.30821817223255 ], [ -157.882204775966159, 21.308165434783877 ], [ -157.882054710923114, 21.308084843197125 ], [ -157.881623259429006, 21.307818805765244 ], [ -157.881321351807088, 21.307633738993768 ], [ -157.881045228010436, 21.307482715436798 ], [ -157.880608103030056, 21.307246558532793 ], [ -157.880324453108102, 21.307106391468274 ], [ -157.879948241698145, 21.306956834800157 ], [ -157.879551611309125, 21.306839357629102 ], [ -157.877783362661489, 21.306399455740799 ], [ -157.876995937547747, 21.307407506120352 ], [ -157.875266594136406, 21.309756304641066 ], [ -157.874449339043906, 21.309228410781515 ], [ -157.87429755371852, 21.309434627621783 ], [ -157.873148444231049, 21.30870370926516 ], [ -157.873815499541337, 21.307797172105477 ], [ -157.870377850597862, 21.305574467961726 ], [ -157.870447023306127, 21.305262062506969 ], [ -157.871009171668476, 21.305050616128472 ], [ -157.871124964948336, 21.30499085064406 ], [ -157.869347598621914, 21.301957699425589 ], [ -157.869276519366224, 21.301469204811212 ], [ -157.869421929147137, 21.300879098279218 ], [ -157.870150191728442, 21.299511746092783 ], [ -157.870948644921924, 21.298676902966751 ], [ -157.870825339962266, 21.297685720153595 ], [ -157.874948942162888, 21.290404628865108 ], [ -157.873652730315854, 21.289757458694375 ], [ -157.870662853275093, 21.295074277207473 ], [ -157.869822442267008, 21.295305235843177 ], [ -157.869582999383567, 21.295694294614098 ], [ -157.869392272169534, 21.295703880603778 ], [ -157.869262647713754, 21.295639159129607 ], [ -157.868054768049717, 21.295625374174559 ], [ -157.867336850347954, 21.295079607013605 ], [ -157.864871661708122, 21.297927628495621 ], [ -157.864708324801626, 21.298053590206422 ], [ -157.864440489569233, 21.297769891270494 ], [ -157.864264317911818, 21.297973778281094 ], [ -157.864408184058277, 21.298126687653454 ], [ -157.864440578296723, 21.298161001506013 ], [ -157.864449524858259, 21.298176332970144 ], [ -157.864454010105106, 21.298188903349736 ], [ -157.864454067775767, 21.298228325471715 ], [ -157.86328646284062, 21.299150081162153 ], [ -157.863274576991984, 21.299157706892291 ], [ -157.863261528781521, 21.299163424917705 ], [ -157.863247663524533, 21.299167083088999 ], [ -157.863233348283188, 21.299168584511253 ], [ -157.863218963177331, 21.299167889292193 ], [ -157.863204888838993, 21.299165016264098 ], [ -157.863191498708005, 21.299160042028561 ], [ -157.863179146528324, 21.299153097258255 ], [ -157.863168160571291, 21.29914436575454 ], [ -157.863158831132154, 21.299134080749383 ], [ -157.863151406764814, 21.299122513135575 ], [ -157.863146083692072, 21.299109969588468 ], [ -157.863143002019655, 21.299096783506329 ], [ -157.863181686416738, 21.299474100966648 ], [ -157.863567983689251, 21.299439329958062 ], [ -157.863563006240554, 21.299391358264838 ], [ -157.864030051751541, 21.299324767086237 ], [ -157.864542180466742, 21.299714098441836 ], [ -157.865060124010711, 21.299114673782743 ], [ -157.865573827195817, 21.299504501440115 ], [ -157.865057356652443, 21.300105253871646 ], [ -157.864609261484134, 21.299764605789534 ], [ -157.864202940832513, 21.300237227427953 ], [ -157.864210466092231, 21.300494967102352 ], [ -157.864151226801454, 21.300618840048823 ], [ -157.864111943758616, 21.300681306175633 ], [ -157.864078813464346, 21.300718117479693 ], [ -157.863601758863325, 21.30013795128157 ], [ -157.863249915121742, 21.300153022386926 ], [ -157.863358390708868, 21.301202287491133 ], [ -157.86336388814118, 21.301178634739429 ], [ -157.863373455298273, 21.301156148664518 ], [ -157.863386831056488, 21.301135440007794 ], [ -157.86340365249589, 21.301117069135937 ], [ -157.863423464616261, 21.301101536169163 ], [ -157.863445728201697, 21.301089261159667 ], [ -157.863469841076096, 21.301080577911584 ], [ -157.863495146868871, 21.301075722295941 ], [ -157.863954066942114, 21.301036148889626 ], [ -157.863976210348085, 21.301039376263343 ], [ -157.863997572069422, 21.301045723221883 ], [ -157.864017654854564, 21.301055041864654 ], [ -157.864035990904767, 21.301067114928287 ], [ -157.864052153392947, 21.301081662187968 ], [ -157.86406576607547, 21.301098344135969 ], [ -157.864076511884122, 21.301116772880324 ], [ -157.864084141546499, 21.301136519430202 ], [ -157.864096472396199, 21.301251369842888 ], [ -157.864093196044479, 21.301272527063471 ], [ -157.864086566487742, 21.301292983195008 ], [ -157.864076732857825, 21.301312273992178 ], [ -157.864063919273946, 21.301329961914302 ], [ -157.863447487175335, 21.302042076478717 ], [ -157.86346963370562, 21.302256376338839 ], [ -157.863558761309122, 21.303140502530525 ], [ -157.864867384630941, 21.303308498597989 ], [ -157.864899359521075, 21.303356897196934 ], [ -157.864964132530389, 21.303472031746665 ], [ -157.863598237418472, 21.303604363716698 ], [ -157.863350905115709, 21.303995570360659 ], [ -157.86309424569734, 21.304522943649047 ], [ -157.862986124929961, 21.304755650849341 ], [ -157.86295822990013, 21.304838200279761 ], [ -157.862936736668502, 21.30492241457047 ], [ -157.862921756568397, 21.305007858134196 ], [ -157.862913365308401, 21.305094089721919 ], [ -157.862911606821228, 21.305180663352072 ], [ -157.862916491307601, 21.305267131911027 ], [ -157.862927992343884, 21.305353047133437 ], [ -157.862946051646219, 21.305437966861732 ], [ -157.862958911905395, 21.305420042676186 ], [ -157.862973191756538, 21.305406432785997 ], [ -157.862990118329435, 21.305395143548093 ], [ -157.86348700401274, 21.305122317522038 ], [ -157.863519866877027, 21.305123187235974 ], [ -157.863552189893994, 21.305128818735433 ], [ -157.863583190358725, 21.30513907574127 ], [ -157.863612121123367, 21.305153711096708 ], [ -157.863638281173166, 21.305172370452318 ], [ -157.86366103963519, 21.305194604172168 ], [ -157.863679847297504, 21.30521987373529 ], [ -157.864385066284598, 21.306362534190853 ], [ -157.863815463315944, 21.306766477262702 ], [ -157.864005788923976, 21.30685751349392 ], [ -157.864001944840965, 21.306860330539909 ], [ -157.863974017525237, 21.306881771185488 ], [ -157.863969607528588, 21.306886973000474 ], [ -157.863965562882782, 21.306892302854962 ], [ -157.863961519004675, 21.306897783582421 ], [ -157.863957841601206, 21.306903371578748 ], [ -157.863954164327907, 21.306909067983991 ], [ -157.863950854326532, 21.306914893345144 ], [ -157.863947544455328, 21.306920827115153 ], [ -157.863944602356241, 21.306926824799699 ], [ -157.863942025927685, 21.306932908969596 ], [ -157.863939449629356, 21.306939101548387 ], [ -157.863937241103201, 21.306945358041741 ], [ -157.863935032083674, 21.30695167867313 ], [ -157.8639331898585, 21.306958065019341 ], [ -157.863932268832684, 21.306961246900514 ], [ -157.863931348110953, 21.306964514606776 ], [ -157.863930795177055, 21.306967718848309 ], [ -157.86393024174302, 21.306970988131269 ], [ -157.863928765712984, 21.306978771800534 ], [ -157.863928024858211, 21.3069857284022 ], [ -157.863927284084411, 21.306992298348984 ], [ -157.863927097535139, 21.306995621603171 ], [ -157.863926911159496, 21.306998922273518 ], [ -157.863927089035172, 21.307005502940541 ], [ -157.863926899282575, 21.307012126295149 ], [ -157.863927080201762, 21.307015427638866 ], [ -157.863927260156942, 21.3070187289761 ], [ -157.863927441069166, 21.30702203122317 ], [ -157.863927621024374, 21.307025332560379 ], [ -157.863927984942336, 21.307028655918014 ], [ -157.863928349527129, 21.307031892553717 ], [ -157.863928897824593, 21.307035183730569 ], [ -157.863929445498485, 21.307038430636577 ], [ -157.863929993789043, 21.307041722716797 ], [ -157.863930540658714, 21.307044948839156 ], [ -157.863931272621869, 21.307048175307976 ], [ -157.863932003787824, 21.30705138008981 ], [ -157.863934201673629, 21.307057791006699 ], [ -157.863935665296168, 21.307064158119218 ], [ -157.863936763430758, 21.307067406032022 ], [ -157.863937861283659, 21.307070439836981 ], [ -157.863939143957651, 21.307073634791827 ], [ -157.863940426023532, 21.307076658096488 ], [ -157.863941709060384, 21.307079680504284 ], [ -157.863942991270676, 21.307082810411138 ], [ -157.863945923675686, 21.307088855893522 ], [ -157.863948856733856, 21.307094816460619 ], [ -157.863950505250784, 21.307097699502361 ], [ -157.863952154869139, 21.307100690056195 ], [ -157.864191944165952, 21.30746358344242 ], [ -157.864341925975594, 21.307688008681115 ], [ -157.864343758444704, 21.307690666207531 ], [ -157.864348897070528, 21.307695273004676 ], [ -157.864354032202982, 21.307699707228561 ], [ -157.864356968750883, 21.30770195664336 ], [ -157.864359537879693, 21.307703970500626 ], [ -157.86436210575414, 21.307705896719547 ], [ -157.864365041034006, 21.307708060302627 ], [ -157.864367976995624, 21.307710009784294 ], [ -157.86437091296429, 21.307711958362585 ], [ -157.864373848795367, 21.307713799435241 ], [ -157.86437678470287, 21.307715630570947 ], [ -157.864382657441666, 21.307719172696171 ], [ -157.864388529351061, 21.307722446505647 ], [ -157.864395136216359, 21.307725549112753 ], [ -157.864401008220142, 21.30772843446022 ], [ -157.864404678558543, 21.307729911902769 ], [ -157.864407615499147, 21.307731107050962 ], [ -157.864410919479582, 21.30773233629559 ], [ -157.864414223467037, 21.307733564636802 ], [ -157.864417527393215, 21.307734675535475 ], [ -157.864420831326385, 21.307735785530692 ], [ -157.864424501515941, 21.307736906128643 ], [ -157.864427438743888, 21.307737813093667 ], [ -157.864434413530006, 21.307739581149825 ], [ -157.864437717383566, 21.307740325266987 ], [ -157.864441388914628, 21.307741145944647 ], [ -157.864447997850903, 21.307742474285028 ], [ -157.864455340231586, 21.307743577208484 ], [ -157.864458644629195, 21.30774399971833 ], [ -157.864461949033796, 21.307744421324724 ], [ -157.864469292001303, 21.307745071647872 ], [ -157.864476268846715, 21.307745443058998 ], [ -157.864479573954895, 21.307745522280985 ], [ -157.864483246380644, 21.307745599465132 ], [ -157.864486917697718, 21.307745570040428 ], [ -157.864490589971837, 21.307745541525509 ], [ -157.864496832165827, 21.307745417430787 ], [ -157.864504544488426, 21.307744671781229 ], [ -157.864511521586763, 21.307743881419466 ], [ -157.864518499540139, 21.307742854372222 ], [ -157.8645189368834, 21.307742772404307 ], [ -157.864626017456658, 21.307899824940332 ], [ -157.864568100811312, 21.307931624943922 ], [ -157.864556266281909, 21.307950674579153 ], [ -157.864547149699519, 21.307971190708269 ], [ -157.864538971311248, 21.307996073883238 ], [ -157.864532669321591, 21.308029564674644 ], [ -157.864512138945315, 21.308210306769855 ], [ -157.864498028131521, 21.308209054273686 ], [ -157.864445366219655, 21.308729885014685 ], [ -157.864453300752018, 21.308730589020335 ], [ -157.864422147796006, 21.30900606944822 ], [ -157.864438215965691, 21.309007665810281 ], [ -157.864421428977238, 21.309204927417341 ], [ -157.864405272916258, 21.309204728923412 ], [ -157.86440386503557, 21.309247540598289 ], [ -157.864404382274472, 21.309371380407271 ], [ -157.864410777057344, 21.309471934995983 ], [ -157.864421146718172, 21.309578752587907 ], [ -157.864434586192232, 21.30966798182083 ], [ -157.864450550657295, 21.309665645885932 ], [ -157.864487293309566, 21.309842178928061 ], [ -157.864518836918421, 21.309955617718984 ], [ -157.864553996917664, 21.310061135507684 ], [ -157.864603430363758, 21.310186537707843 ], [ -157.864669691599801, 21.310333642927713 ], [ -157.864654400255688, 21.310338702658591 ], [ -157.864821408839902, 21.310689093343385 ], [ -157.86483670021596, 21.310684033598879 ], [ -157.864945845847387, 21.310913023222358 ], [ -157.865033914754889, 21.311097795481707 ], [ -157.865069002652149, 21.311171746071985 ], [ -157.865054186688326, 21.311177787425841 ], [ -157.865075584066659, 21.311224984494558 ], [ -157.865093394499723, 21.311266113612451 ], [ -157.865116589372406, 21.311322538390495 ], [ -157.865133495944093, 21.31136599759984 ], [ -157.86514709739302, 21.311402593962494 ], [ -157.865165664815066, 21.311455247438154 ], [ -157.86518775032232, 21.311522685303849 ], [ -157.865219599524011, 21.311636360921163 ], [ -157.865245986029379, 21.311738154296833 ], [ -157.865258097649047, 21.311796762790696 ], [ -157.865273787513757, 21.311876255838605 ], [ -157.865283322338684, 21.311934341947168 ], [ -157.865294259753227, 21.312013278961729 ], [ -157.865302443216024, 21.312082877017076 ], [ -157.865306380311296, 21.312124691259822 ], [ -157.865307996367846, 21.31215314391282 ], [ -157.86531576086486, 21.31228656708133 ], [ -157.86534644768642, 21.312844364468354 ], [ -157.865431530441555, 21.312840254252517 ], [ -157.865436820374839, 21.312903630938969 ], [ -157.865444688962128, 21.31296064159206 ], [ -157.865462114302062, 21.313046041916181 ], [ -157.865491483368857, 21.313146041342524 ], [ -157.865529590732478, 21.313242425572152 ], [ -157.865571229768477, 21.313326108317337 ], [ -157.865616840729444, 21.313402278965501 ], [ -157.865667054267021, 21.313473555303553 ], [ -157.865736657533517, 21.313557008322199 ], [ -157.865827219423579, 21.313646450348649 ], [ -157.865919489338978, 21.313721135058113 ], [ -157.866039209301107, 21.313799148616276 ], [ -157.866103034897691, 21.313833912628809 ], [ -157.866169352082039, 21.313865365287125 ], [ -157.866176490698109, 21.313869065855791 ], [ -157.866327321848615, 21.313922486980534 ], [ -157.866319838081949, 21.313968522604579 ], [ -157.86652922649796, 21.313998413474422 ], [ -157.866530846463263, 21.313988450850861 ], [ -157.866850039671021, 21.314033188750503 ], [ -157.866847826777501, 21.314046799831374 ], [ -157.866901567927613, 21.31405447129006 ], [ -157.866901094385042, 21.314057384276662 ], [ -157.86699198928639, 21.314038203077672 ], [ -157.867136934220213, 21.314007161063049 ], [ -157.867167782035807, 21.313995488208121 ], [ -157.867241861641418, 21.313967455927742 ], [ -157.867232247606921, 21.313945855014616 ], [ -157.867344909630731, 21.31389599437874 ], [ -157.867367140257329, 21.313885470400386 ], [ -157.867382596331254, 21.313876694050997 ], [ -157.867396434507441, 21.313865800978867 ], [ -157.867408325988578, 21.313853048246376 ], [ -157.867417991761243, 21.313838738421193 ], [ -157.867425200744151, 21.313823209626356 ], [ -157.867429785267973, 21.31380682841721 ], [ -157.867577129430032, 21.313737069765523 ], [ -157.867583735527489, 21.313740064748057 ], [ -157.867597319560559, 21.313744333527289 ], [ -157.867614208996201, 21.313747529637041 ], [ -157.867629566746729, 21.313748304257025 ], [ -157.867647577026275, 21.31374689875906 ], [ -157.867659746373647, 21.313744425867583 ], [ -157.867676642653549, 21.313738933109452 ], [ -157.867972528196731, 21.313604532012256 ], [ -157.867997439924039, 21.313593496598312 ], [ -157.868000524794411, 21.313586227818789 ], [ -157.868018621164936, 21.313580127885725 ], [ -157.86803066799709, 21.313569108874098 ], [ -157.868040910950583, 21.313556589820735 ], [ -157.868049140770751, 21.313542828593786 ], [ -157.868055187548663, 21.313528106814516 ], [ -157.868057459198525, 21.313518763773224 ], [ -157.868066736440824, 21.313465070244739 ], [ -157.868208031974802, 21.313417618638219 ], [ -157.868216091173593, 21.313431781277249 ], [ -157.868226546632513, 21.313444493819961 ], [ -157.868239107971021, 21.313455403792574 ], [ -157.868253428506449, 21.313464208932881 ], [ -157.868269109047958, 21.313470665346504 ], [ -157.868285716171698, 21.313474593050241 ], [ -157.868302787942667, 21.313475884141312 ], [ -157.868319852238699, 21.313474502017254 ], [ -157.868336435391996, 21.31347048595099 ], [ -157.868522429466452, 21.313409976213226 ], [ -157.868825354226999, 21.313310205807813 ], [ -157.869280147073169, 21.313160414555448 ], [ -157.869650441133444, 21.31303845263605 ], [ -157.8698458709124, 21.312993905564056 ], [ -157.870073837880625, 21.312946396860461 ], [ -157.870285870671268, 21.312906915050551 ], [ -157.870388844954391, 21.31288854936906 ], [ -157.870474991410674, 21.312867252010893 ], [ -157.870562874665808, 21.312806804720438 ], [ -157.870704906452488, 21.31265809091871 ], [ -157.870810103143214, 21.312745975391472 ], [ -157.870799864281764, 21.312775903200087 ], [ -157.87079793199274, 21.312794601480139 ], [ -157.870804820685322, 21.31282255289398 ], [ -157.870821155443792, 21.312850001287153 ], [ -157.870846048000715, 21.312871065874219 ], [ -157.870876848845, 21.312883504691527 ], [ -157.871218615400437, 21.312926216722307 ], [ -157.871392473764757, 21.312956803524717 ], [ -157.871389719018083, 21.31296050976605 ], [ -157.872257763323603, 21.313113222278304 ], [ -157.873741351341778, 21.311116638444425 ], [ -157.873755588821723, 21.311095133417247 ], [ -157.874389878743074, 21.311504844001107 ], [ -157.87398393324554, 21.312051168088331 ], [ -157.874707372092786, 21.31252318487752 ], [ -157.874159508570187, 21.313260500223176 ], [ -157.873430501342995, 21.313356516527719 ], [ -157.87345504179433, 21.313520118063721 ], [ -157.874399523492485, 21.313395720647392 ], [ -157.874711784208074, 21.313599457512346 ], [ -157.874693615784196, 21.313627066799729 ], [ -157.87401970405449, 21.314543090142244 ], [ -157.874487545586589, 21.315501775158257 ], [ -157.874844823191779, 21.314968477075549 ], [ -157.874904992902913, 21.315004233322917 ], [ -157.875011701456799, 21.314846615012851 ], [ -157.875663018104319, 21.314996882316571 ], [ -157.876025690156581, 21.314461175651473 ], [ -157.876394984947609, 21.31468069909306 ], [ -157.876451508674734, 21.314920236258036 ], [ -157.875519683042313, 21.316545226467596 ], [ -157.875887815370419, 21.316729180935862 ], [ -157.875680452560403, 21.317093540804432 ], [ -157.875957882640336, 21.317232170361095 ], [ -157.875935427105475, 21.317891314156732 ], [ -157.875855274161438, 21.317925658757424 ], [ -157.875982517653966, 21.318186386435769 ], [ -157.876047126019358, 21.318318375281084 ], [ -157.876077167722002, 21.318377558280428 ], [ -157.876145519409249, 21.318505055098136 ], [ -157.876208360890956, 21.318614612348611 ], [ -157.876276110960248, 21.318725669502577 ], [ -157.876339307131673, 21.31882348304384 ], [ -157.876393141077386, 21.318902887719322 ], [ -157.876451563081588, 21.318985367497788 ], [ -157.876474096995992, 21.319016227398055 ], [ -157.876490182223876, 21.31903703451659 ], [ -157.876506830859825, 21.319054247146902 ], [ -157.876527340019692, 21.319070930877821 ], [ -157.876552943722118, 21.319086713619605 ], [ -157.876574544589488, 21.319096640866189 ], [ -157.876597349426277, 21.319104316744152 ], [ -157.876616813478932, 21.319108837303297 ], [ -157.876642602093767, 21.319112483155401 ], [ -157.876663990317383, 21.319112724498872 ], [ -157.876689475166842, 21.31911080335718 ], [ -157.876710945667128, 21.319106946508462 ], [ -157.876730266724707, 21.319101622628981 ], [ -157.876751682100803, 21.319093478763254 ], [ -157.876782629784003, 21.319076841537196 ], [ -157.876801692487021, 21.319063021232491 ], [ -157.876817208863685, 21.319049110387901 ], [ -157.87683502035236, 21.319029050053636 ], [ -157.87685116012014, 21.319004924082954 ], [ -157.876980777908443, 21.31906969187931 ], [ -157.876902793705796, 21.319206718590898 ], [ -157.876877621402599, 21.319250949081631 ], [ -157.876866453753962, 21.319273154201891 ], [ -157.876858664619135, 21.319293302253744 ], [ -157.876851862087506, 21.319317973002146 ], [ -157.876847436552765, 21.319346896582172 ], [ -157.876846593205869, 21.319373478076603 ], [ -157.876848613337614, 21.319398662161099 ], [ -157.876854209625009, 21.319426860391477 ], [ -157.876864192553398, 21.319456597504292 ], [ -157.876877990893689, 21.319484766497219 ], [ -157.876895159185295, 21.319510738336582 ], [ -157.876918747728268, 21.319537707948214 ], [ -157.876973037319004, 21.319591125517679 ], [ -157.877022234768987, 21.319637779622802 ], [ -157.877107301393863, 21.319714768270131 ], [ -157.877156568460606, 21.319757350266006 ], [ -157.877240384525351, 21.319826634416138 ], [ -157.877329443680679, 21.31989616221653 ], [ -157.877335665222546, 21.319892229685749 ], [ -157.877490126877547, 21.320003645736818 ], [ -157.87766815971338, 21.320119010552798 ], [ -157.877679999460952, 21.320112005995437 ], [ -157.877741694589446, 21.320148485179161 ], [ -157.878759900264527, 21.32073208631931 ] ], [ [ -157.863942779522091, 21.303156524717444 ], [ -157.8637379126518, 21.30313004405653 ], [ -157.863712343981575, 21.303122403885478 ], [ -157.863688492215459, 21.303110878936998 ], [ -157.863667021988391, 21.303095789890509 ], [ -157.863648535455525, 21.303077559088017 ], [ -157.863633549261408, 21.30305669682744 ], [ -157.863622483097345, 21.303033785023935 ], [ -157.863615644361516, 21.303009466265369 ], [ -157.863541475116506, 21.302265973247234 ], [ -157.863526263846325, 21.302118826658834 ], [ -157.8635258355107, 21.302097432135579 ], [ -157.863528951291812, 21.302076234097719 ], [ -157.863535534945299, 21.302055745161791 ], [ -157.863545427465482, 21.302036459317172 ], [ -157.863558390039884, 21.302018843815553 ], [ -157.864119038638336, 21.30137116770906 ], [ -157.86413866422896, 21.301341769803955 ], [ -157.864153554358666, 21.301310022709025 ], [ -157.864163394455488, 21.301276593722569 ], [ -157.864167979589325, 21.30124218340509 ], [ -157.86416721359771, 21.301207513829024 ], [ -157.864161112116278, 21.301173310531055 ], [ -157.864342212983956, 21.301156853246038 ], [ -157.864332982402004, 21.301067565628351 ], [ -157.864332738280183, 21.301043634689464 ], [ -157.864336920316333, 21.301020025419557 ], [ -157.864345402516562, 21.300997452461694 ], [ -157.864357929003546, 21.300976597059737 ], [ -157.864374120896429, 21.300958089940163 ], [ -157.864393488995262, 21.300942491523038 ], [ -157.864415446464818, 21.300930272132955 ], [ -157.864487364206127, 21.300894730687496 ], [ -157.86455633144493, 21.300854376758224 ], [ -157.864621981159303, 21.30080942649543 ], [ -157.864683964491178, 21.300760116047172 ], [ -157.864741954539738, 21.300706709715463 ], [ -157.864795641631929, 21.300649488179975 ], [ -157.86499765933263, 21.300793117575484 ], [ -157.864934782629433, 21.300865751553939 ], [ -157.86501459136997, 21.300926510582318 ], [ -157.865026771119403, 21.301036024448628 ], [ -157.864980545804599, 21.30108942169332 ], [ -157.865132756464305, 21.301205132350439 ], [ -157.865005397732517, 21.301352276744769 ], [ -157.865355619200983, 21.301618433541677 ], [ -157.864639054193532, 21.302446233687487 ], [ -157.864180628099234, 21.302973842003819 ], [ -157.864133453007042, 21.302939103986798 ], [ -157.863942779522091, 21.303156524717444 ] ] ], [ [ [ -157.884089871912067, 21.306748872527091 ], [ -157.884691238216845, 21.30790387696625 ], [ -157.884810045641672, 21.307934727154727 ], [ -157.884920030525336, 21.307970247208402 ], [ -157.885027389767941, 21.308012230820125 ], [ -157.885127173766591, 21.308059805028449 ], [ -157.885227998735871, 21.308114186912348 ], [ -157.885324939559695, 21.308174452177362 ], [ -157.885417606677009, 21.308240357040219 ], [ -157.885505626105299, 21.308311637043019 ], [ -157.885578690388826, 21.308375481382551 ], [ -157.885656373164238, 21.308456628490788 ], [ -157.885728407757682, 21.308542229887223 ], [ -157.885793110204588, 21.308629951770893 ], [ -157.88585439569394, 21.308725397703366 ], [ -157.88591567341868, 21.30883351653447 ], [ -157.885962458502604, 21.308933327420156 ], [ -157.886002393829102, 21.30903571732879 ], [ -157.886070135524704, 21.309228128689284 ], [ -157.886078000450368, 21.309245374377348 ], [ -157.886088873968305, 21.309261118651495 ], [ -157.886102441373964, 21.309274905917924 ], [ -157.886118309454844, 21.309286336074109 ], [ -157.886136016035266, 21.30929507721974 ], [ -157.886155049181696, 21.309300875721402 ], [ -157.886174855831399, 21.309303562593701 ], [ -157.886194862939561, 21.309303061769896 ], [ -157.886214488110795, 21.309299386558724 ], [ -157.886233163672557, 21.309292643417468 ], [ -157.886808948728742, 21.309030028395558 ], [ -157.885330263854541, 21.306183819196175 ], [ -157.884089871912067, 21.306748872527091 ] ] ], [ [ [ -157.891376573316251, 21.320721745136535 ], [ -157.891429976551052, 21.320092609729528 ], [ -157.892120057811695, 21.319777784690736 ], [ -157.892427820501013, 21.31982108769505 ], [ -157.893518181994068, 21.319323640213014 ], [ -157.893441012454275, 21.319175134665876 ], [ -157.892399104519541, 21.319650059120498 ], [ -157.892026355045402, 21.319597619083194 ], [ -157.890828027240588, 21.31729145047694 ], [ -157.890643123979913, 21.317375807799383 ], [ -157.891437201238574, 21.318904103636758 ], [ -157.890632099828395, 21.319288936431391 ], [ -157.891376573316251, 21.320721745136535 ] ] ], [ [ [ -157.892627213737768, 21.323230814560159 ], [ -157.892520880208053, 21.323451829766675 ], [ -157.892714164922324, 21.323620947347639 ], [ -157.892864694516391, 21.323904340418331 ], [ -157.892910585289485, 21.324035125947372 ], [ -157.892920455371524, 21.32431229788482 ], [ -157.892526635264886, 21.325051142531969 ], [ -157.891123342376858, 21.326919784381555 ], [ -157.890803766778902, 21.327227628899973 ], [ -157.890896783273433, 21.327364650349413 ], [ -157.890930792037182, 21.327498583106976 ], [ -157.890919834778799, 21.327623462512115 ], [ -157.890876930535029, 21.327907647090345 ], [ -157.894861362469754, 21.325104286574209 ], [ -157.894436430187483, 21.32427918325272 ], [ -157.89385003753614, 21.323150742706886 ], [ -157.892947750405312, 21.321418040441532 ], [ -157.891757650926252, 21.321569058577662 ], [ -157.891772743635755, 21.321623901704463 ], [ -157.891791062288917, 21.321703674783596 ], [ -157.891805322606444, 21.321784382337608 ], [ -157.89271142437471, 21.321667560682769 ], [ -157.892627213737768, 21.323230814560159 ] ] ] ] } },
{ "type": "Feature", "properties": { "objectid": 7, "berth_length": 3052, "yard_area": 34, "shed_area": 56105, "channel_depth": 35, "harbor_name": "Kahului Harbor", "turn_basin": 35, "st_areashape": 1805801.5178163333, "st_perimetershape": 12121.592970832015 }, "geometry": { "type": "Polygon", "coordinates": [ [ [ -156.468090274754957, 20.898586077690567 ], [ -156.468019533141472, 20.898690621220727 ], [ -156.467893104902657, 20.898719024503947 ], [ -156.472086095078026, 20.901224389282401 ], [ -156.468177808399929, 20.928856320225687 ], [ -156.469920667923304, 20.929073946033668 ], [ -156.473944371667272, 20.900623518311885 ], [ -156.475978447029121, 20.899814861924547 ], [ -156.475894597571084, 20.899628621361245 ], [ -156.475875113137619, 20.89958534191177 ], [ -156.479780690962912, 20.898032566782206 ], [ -156.479746443146269, 20.897956502462176 ], [ -156.480118839843243, 20.897808439518215 ], [ -156.47963237576343, 20.896798035776978 ], [ -156.477891564113662, 20.897491848266483 ], [ -156.47746803319933, 20.896553425824422 ], [ -156.477468079821335, 20.896553395813637 ], [ -156.477468263412447, 20.896553276630637 ], [ -156.477468447964128, 20.896553157461813 ], [ -156.47746863155524, 20.8965530382788 ], [ -156.477468816106949, 20.896552919109983 ], [ -156.47746900065863, 20.896552799941155 ], [ -156.477469184234621, 20.896552681660832 ], [ -156.477469368786331, 20.896552562492015 ], [ -156.477469553338011, 20.896552443323184 ], [ -156.47746973788972, 20.896552324154364 ], [ -156.477469921465712, 20.896552205874041 ], [ -156.477470106017421, 20.896552086705224 ], [ -156.47747029056913, 20.896551967536389 ], [ -156.477470475105719, 20.896551849270256 ], [ -156.477470659657428, 20.896551730101432 ], [ -156.477470843233419, 20.89655161182111 ], [ -156.477471027785128, 20.896551492652286 ], [ -156.477471212321717, 20.896551374386139 ], [ -156.477471396873426, 20.896551255217329 ], [ -156.477471581410015, 20.896551136951192 ], [ -156.477471765946603, 20.896551018685063 ], [ -156.477471950498312, 20.896550899516225 ], [ -156.477472135034901, 20.896550781250099 ], [ -156.477472319571518, 20.896550662983966 ], [ -156.477472504123199, 20.896550543815138 ], [ -156.477472688659788, 20.896550425548984 ], [ -156.477472873196405, 20.896550307282858 ], [ -156.477473057732993, 20.896550189016715 ], [ -156.477473242284702, 20.896550069847901 ], [ -156.477473427781888, 20.896549951595937 ], [ -156.477473612318477, 20.896549833329807 ], [ -156.477473796855065, 20.896549715063674 ], [ -156.477473981391682, 20.896549596797545 ], [ -156.477474165928271, 20.896549478531394 ], [ -156.477474351425457, 20.896549360279447 ], [ -156.477474535962045, 20.896549242013307 ], [ -156.477474720498662, 20.896549123747175 ], [ -156.477474905035251, 20.896549005481042 ], [ -156.477475090517373, 20.896548888131775 ], [ -156.477475275053962, 20.896548769865635 ], [ -156.477475460551148, 20.896548651613681 ], [ -156.477475645087736, 20.896548533347556 ], [ -156.477475829624325, 20.896548415081419 ], [ -156.477476015106447, 20.896548297732139 ], [ -156.477476199643007, 20.896548179466013 ], [ -156.477476385140221, 20.896548061214066 ], [ -156.477476569661718, 20.896547943850617 ], [ -156.477476755158904, 20.896547825598667 ], [ -156.4774769396804, 20.896547708235236 ], [ -156.477477125177614, 20.89654758998326 ], [ -156.477477309714175, 20.896547471717124 ], [ -156.477477495196297, 20.896547354367865 ], [ -156.47747768067839, 20.896547237018606 ], [ -156.477477865214979, 20.896547118752462 ], [ -156.477478050697073, 20.896547001403185 ], [ -156.477478236194258, 20.896546883151242 ], [ -156.477478420715755, 20.896546765787793 ], [ -156.47747860619782, 20.896546648438527 ], [ -156.477478791695034, 20.89654653018658 ], [ -156.477478976216531, 20.896546412823135 ], [ -156.477479161698625, 20.896546295473883 ], [ -156.477479347180719, 20.896546178124606 ], [ -156.477479532662812, 20.896546060775343 ], [ -156.477479718159998, 20.896545942523382 ], [ -156.477479903642092, 20.896545825174119 ], [ -156.477480088163588, 20.896545707810677 ], [ -156.477480273645682, 20.896545590461415 ], [ -156.477480459127776, 20.896545473112159 ], [ -156.477480644609869, 20.896545355762886 ], [ -156.477480830091935, 20.896545238413623 ], [ -156.477481015574057, 20.896545121064349 ], [ -156.47748120105615, 20.896545003715097 ], [ -156.477481386538216, 20.896544886365835 ], [ -156.477481572005217, 20.896544769919259 ], [ -156.477481757487311, 20.896544652569997 ], [ -156.477481942969405, 20.896544535220734 ], [ -156.477482128451499, 20.896544417871457 ], [ -156.477482314879097, 20.896544301439075 ], [ -156.477482500361162, 20.896544184089802 ], [ -156.477482685843256, 20.896544066740553 ], [ -156.477482871310258, 20.896543950293971 ], [ -156.477483056792352, 20.896543832944701 ], [ -156.477483242274445, 20.896543715595445 ], [ -156.477483428702016, 20.896543599163049 ], [ -156.477483614184109, 20.896543481813794 ], [ -156.477483799651083, 20.896543365367222 ], [ -156.477483986093773, 20.896543248032135 ], [ -156.477484171560775, 20.896543131585545 ], [ -156.477484357042869, 20.896543014236283 ], [ -156.477484543470467, 20.896542897803894 ], [ -156.477484728937441, 20.896542781357319 ], [ -156.477484914419534, 20.896542664008056 ], [ -156.477485100847133, 20.896542547575674 ], [ -156.477485286314106, 20.896542431129092 ], [ -156.477485472741705, 20.896542314696713 ], [ -156.477485658223799, 20.896542197347436 ], [ -156.477485844651369, 20.896542080915047 ], [ -156.477486030118371, 20.896541964468465 ], [ -156.477486216545941, 20.896541848036076 ], [ -156.477486402012943, 20.896541731589519 ], [ -156.477486588440541, 20.896541615157119 ], [ -156.477486774868112, 20.896541498724723 ], [ -156.477486960335114, 20.896541382278155 ], [ -156.477487146762684, 20.896541265845773 ], [ -156.477487333190282, 20.896541149413366 ], [ -156.477487518657284, 20.896541032966791 ], [ -156.477487705084854, 20.896540916534381 ], [ -156.477487891512453, 20.896540800102006 ], [ -156.477488076979427, 20.89654068365542 ], [ -156.477488263391905, 20.896540568125719 ], [ -156.477488449819475, 20.896540451693312 ], [ -156.477488589640188, 20.896540364369041 ], [ -156.477488636247102, 20.89654033526093 ], [ -156.477488822674673, 20.896540218828541 ], [ -156.477489008126554, 20.896540103284664 ], [ -156.477489194554153, 20.896539986852261 ], [ -156.477489380966631, 20.89653987132256 ], [ -156.47748956739423, 20.896539754890167 ], [ -156.4774897538218, 20.896539638457774 ], [ -156.477489940234278, 20.896539522928069 ], [ -156.477490126661849, 20.89653940649567 ], [ -156.477490313074355, 20.896539290965986 ], [ -156.477490499501954, 20.89653917453359 ], [ -156.477490685914432, 20.896539059003878 ], [ -156.477490872326911, 20.896538943474184 ], [ -156.477491058754509, 20.89653882704177 ], [ -156.477491245166988, 20.896538711512097 ], [ -156.477491431579466, 20.896538595982403 ], [ -156.477491618007065, 20.896538479549989 ], [ -156.47749180538014, 20.896538364034484 ], [ -156.477491991792647, 20.896538248504786 ], [ -156.477492178205125, 20.896538132975085 ], [ -156.477492364617575, 20.896538017445376 ], [ -156.477492551030082, 20.896537901915661 ], [ -156.477492738418249, 20.896537785497454 ], [ -156.477492924830727, 20.896537669967749 ], [ -156.477493111243234, 20.896537554438048 ], [ -156.477493298616281, 20.896537438922515 ], [ -156.477493485028788, 20.89653732339282 ], [ -156.477493671441266, 20.896537207863126 ], [ -156.47749385881437, 20.896537092347604 ], [ -156.477494045211728, 20.896536977720583 ], [ -156.477494231624235, 20.896536862190889 ], [ -156.47749441899731, 20.896536746675348 ], [ -156.477494605409788, 20.896536631145644 ], [ -156.477494792782863, 20.896536515630139 ], [ -156.47749497918025, 20.896536401003139 ], [ -156.477495166553325, 20.896536285487613 ], [ -156.477495352965832, 20.896536169957901 ], [ -156.477495540323815, 20.896536055345084 ], [ -156.477495726736294, 20.896535939815376 ], [ -156.477495914109369, 20.89653582429985 ], [ -156.477496101467352, 20.896535709687026 ], [ -156.477496287879831, 20.896535594157307 ], [ -156.477496475237785, 20.896535479544486 ], [ -156.477496662610889, 20.89653536402896 ], [ -156.477496849008276, 20.896535249401932 ], [ -156.477497036381351, 20.89653513388641 ], [ -156.477497223739334, 20.896535019273603 ], [ -156.477497410136721, 20.896534904646597 ], [ -156.477497597509796, 20.896534789131071 ], [ -156.477497784867779, 20.896534674518218 ], [ -156.477497972225763, 20.896534559905401 ], [ -156.477498159583746, 20.896534445292566 ], [ -156.477498346956821, 20.896534329777047 ], [ -156.477498533354208, 20.896534215150027 ], [ -156.477498720712191, 20.896534100537217 ], [ -156.477498908070146, 20.896533985924375 ], [ -156.477499095428129, 20.896533871311544 ], [ -156.477499282786113, 20.896533756698702 ], [ -156.477499470144096, 20.896533642085874 ], [ -156.477499657502079, 20.896533527473039 ], [ -156.477499844860034, 20.896533412860212 ], [ -156.477500032218018, 20.896533298247398 ], [ -156.477500219576001, 20.896533183634549 ], [ -156.477500406933984, 20.896533069021718 ], [ -156.477500594291968, 20.89653295440889 ], [ -156.477500781649923, 20.896532839796048 ], [ -156.477500968992814, 20.896532726085908 ], [ -156.477501157311394, 20.896532611487281 ], [ -156.477501344669378, 20.89653249687445 ], [ -156.477501532027361, 20.896532382261594 ], [ -156.477501719370224, 20.896532268551468 ], [ -156.477501906728236, 20.896532153938633 ], [ -156.477502095046788, 20.896532039339974 ], [ -156.477502282389679, 20.896531925629848 ], [ -156.477502469747662, 20.896531811017013 ], [ -156.477502658051122, 20.896531697321052 ], [ -156.477502845409106, 20.89653158270821 ], [ -156.477503032751997, 20.896531468998081 ], [ -156.477503221070577, 20.896531354399436 ], [ -156.47750340841344, 20.896531240689299 ], [ -156.477503595771424, 20.89653112607645 ], [ -156.477503784074884, 20.896531012380485 ], [ -156.477503971417775, 20.896530898670346 ], [ -156.477504159721235, 20.896530784974406 ], [ -156.477504347079218, 20.896530670361557 ], [ -156.477504535382707, 20.896530556665592 ], [ -156.47750472272557, 20.896530442955452 ], [ -156.47750491102903, 20.896530329259498 ], [ -156.477505098387013, 20.896530214646674 ], [ -156.477505286690501, 20.896530100950709 ], [ -156.477505474033364, 20.896529987240562 ], [ -156.477505662336853, 20.896529873544591 ], [ -156.477505850640341, 20.896529759848644 ], [ -156.477506037983204, 20.896529646138504 ], [ -156.477506226286664, 20.896529532442557 ], [ -156.477506414590152, 20.896529418746585 ], [ -156.477506601933015, 20.896529305036424 ], [ -156.477506790236475, 20.896529191340491 ], [ -156.4775069785249, 20.896529078547218 ], [ -156.47750716682836, 20.896528964851253 ], [ -156.47750735513182, 20.896528851155281 ], [ -156.477507542474683, 20.896528737445152 ], [ -156.47750773076308, 20.896528624651889 ], [ -156.477507919066539, 20.896528510955918 ], [ -156.477508107370028, 20.896528397259967 ], [ -156.477508295673488, 20.896528283564002 ], [ -156.477508483961884, 20.89652817077074 ], [ -156.477508672265344, 20.896528057074757 ], [ -156.477508860553741, 20.896527944281502 ], [ -156.4775090488572, 20.896527830585555 ], [ -156.477509237145568, 20.896527717792271 ], [ -156.477509425449028, 20.896527604096299 ], [ -156.477509613737425, 20.896527491303036 ], [ -156.477509802040885, 20.896527377607079 ], [ -156.477509990329253, 20.896527264813798 ], [ -156.477510178617621, 20.896527152020546 ], [ -156.477510366921081, 20.896527038324574 ], [ -156.477510555209477, 20.896526925531305 ], [ -156.477510743497845, 20.896526812738056 ], [ -156.477510931786213, 20.896526699944765 ], [ -156.477511121050298, 20.896526586262986 ], [ -156.477511309338666, 20.896526473469706 ], [ -156.477511497627034, 20.89652636067645 ], [ -156.477511685915402, 20.89652624788318 ], [ -156.477511875164396, 20.896526135104079 ], [ -156.477512063452735, 20.896526022310816 ], [ -156.477512251741132, 20.896525909517543 ], [ -156.477512440990097, 20.896525796738455 ], [ -156.477512629278465, 20.896525683945196 ], [ -156.477512817566833, 20.896525571151916 ], [ -156.477513006815826, 20.896525458372817 ], [ -156.477513195104166, 20.896525345579562 ], [ -156.477513383392562, 20.896525232786288 ], [ -156.477513572641527, 20.89652512000719 ], [ -156.477513760914803, 20.896525008116619 ], [ -156.477513950163768, 20.896524895337521 ], [ -156.477514138452136, 20.896524782544244 ], [ -156.477514327686009, 20.896524670667866 ], [ -156.477514515974377, 20.896524557874585 ], [ -156.477514705223342, 20.896524445095483 ], [ -156.477514894457215, 20.896524333219098 ], [ -156.477515082745583, 20.896524220425821 ], [ -156.477515271994548, 20.896524107646741 ], [ -156.477515460267853, 20.896523995756159 ], [ -156.477515649516789, 20.896523882977064 ], [ -156.477515838750662, 20.896523771100689 ], [ -156.477516027023938, 20.896523659210089 ], [ -156.477516216272932, 20.896523546430995 ], [ -156.477516405506748, 20.896523434554613 ], [ -156.477516594755741, 20.896523321775515 ], [ -156.477516783029017, 20.89652320988495 ], [ -156.47751697226289, 20.896523098008544 ], [ -156.477517161496735, 20.89652298613213 ], [ -156.477517350745728, 20.896522873353046 ], [ -156.477517539979601, 20.896522761476646 ], [ -156.477517729213474, 20.89652264960025 ], [ -156.477517917486722, 20.896522537709657 ], [ -156.477518106720595, 20.896522425833268 ], [ -156.477518295954468, 20.896522313956872 ], [ -156.477518485188341, 20.896522202080465 ], [ -156.477518674422214, 20.896522090204076 ], [ -156.477518863656059, 20.896521978327677 ], [ -156.47751905288996, 20.896521866451277 ], [ -156.477519242123805, 20.896521754574884 ], [ -156.477519431357649, 20.896521642698477 ], [ -156.477519620591522, 20.896521530822074 ], [ -156.477519809825395, 20.896521418945667 ], [ -156.477520000019865, 20.896521307083461 ], [ -156.477520189238618, 20.896521196109749 ], [ -156.477520378472491, 20.896521084233356 ], [ -156.477520567706364, 20.896520972356953 ], [ -156.477520756925145, 20.896520861383241 ], [ -156.477520946159018, 20.896520749506848 ], [ -156.477521136353488, 20.896520637644617 ], [ -156.477521325572241, 20.89652052667093 ], [ -156.477521514806114, 20.896520414794512 ], [ -156.477521704024866, 20.896520303820814 ], [ -156.477521894219336, 20.896520191958579 ], [ -156.477522083438117, 20.896520080984889 ], [ -156.477522272671962, 20.896519969108489 ], [ -156.47752246285134, 20.896519858148967 ], [ -156.477522652085185, 20.89651974627256 ], [ -156.477522841303966, 20.896519635298848 ], [ -156.477523031483344, 20.896519524339315 ], [ -156.477523220717188, 20.896519412462908 ], [ -156.477523410896566, 20.896519301503382 ], [ -156.477523600115347, 20.896519190529677 ], [ -156.477523790294697, 20.896519079570162 ], [ -156.47752397952857, 20.896518967693748 ], [ -156.47752416970792, 20.896518856734211 ], [ -156.477524358926672, 20.896518745760513 ], [ -156.47752454910605, 20.896518634800987 ], [ -156.477524738324831, 20.896518523827275 ], [ -156.477524928504181, 20.896518412867756 ], [ -156.477525118683531, 20.896518301908202 ], [ -156.477525307902312, 20.896518190934515 ], [ -156.47752549808169, 20.896518079974975 ], [ -156.477525688261039, 20.896517969015466 ], [ -156.47752587747982, 20.896517858041761 ], [ -156.47752606765917, 20.896517747082225 ], [ -156.477526257823428, 20.896517637025383 ], [ -156.477526448002806, 20.89651752606585 ], [ -156.477526637221558, 20.896517415092148 ], [ -156.477526827400908, 20.896517304132605 ], [ -156.477527017565194, 20.896517194075784 ], [ -156.477527207744544, 20.896517083116247 ], [ -156.477527397923893, 20.896516972156729 ], [ -156.477527588088179, 20.896516862099887 ], [ -156.477527777306932, 20.896516751126171 ], [ -156.47752796747119, 20.896516641069329 ], [ -156.477528157650568, 20.89651653010981 ], [ -156.477528347814825, 20.896516420052983 ], [ -156.477528537994175, 20.896516309093442 ], [ -156.477528728158461, 20.896516199036608 ], [ -156.477528918337811, 20.896516088077068 ], [ -156.477529108502068, 20.896515978020243 ], [ -156.477529298666326, 20.896515867963391 ], [ -156.477529488845704, 20.896515757003872 ], [ -156.477529679009962, 20.896515646947034 ], [ -156.477529870134816, 20.896515536904378 ], [ -156.477530060299074, 20.896515426847543 ], [ -156.477530250478452, 20.896515315887996 ], [ -156.47753044064271, 20.896515205831179 ], [ -156.477530630806967, 20.896515095774323 ], [ -156.477530820971225, 20.896514985717491 ], [ -156.477531012096108, 20.896514875674843 ], [ -156.477531202260337, 20.896514765617997 ], [ -156.477531392424623, 20.896514655561155 ], [ -156.477531582588881, 20.896514545504306 ], [ -156.477531773713736, 20.896514435461668 ], [ -156.477531963877993, 20.896514325404837 ], [ -156.477532154042251, 20.896514215347985 ], [ -156.477532345167134, 20.896514105305329 ], [ -156.477532535331363, 20.896513995248476 ], [ -156.477532725480557, 20.896513886094347 ], [ -156.477532916605412, 20.896513776051695 ], [ -156.47753310676967, 20.896513665994839 ], [ -156.477533297894524, 20.896513555952186 ], [ -156.477533488043662, 20.896513446798039 ], [ -156.477533679168545, 20.89651333675538 ], [ -156.477533869332802, 20.896513226698541 ], [ -156.477534060442565, 20.89651311755857 ], [ -156.477534250606823, 20.896513007501728 ], [ -156.477534441716585, 20.89651289836177 ], [ -156.477534631880815, 20.896512788304918 ], [ -156.477534822990577, 20.896512679164967 ], [ -156.477535014115432, 20.896512569122308 ], [ -156.477535204264626, 20.896512459968147 ], [ -156.477535395389481, 20.896512349925498 ], [ -156.477535586499215, 20.896512240785547 ], [ -156.477535776648381, 20.896512131631379 ], [ -156.477535967773264, 20.89651202158872 ], [ -156.477536158883026, 20.896511912448759 ], [ -156.477536349032164, 20.896511803294601 ], [ -156.477536540141898, 20.896511694154643 ], [ -156.477536731251661, 20.896511585014675 ], [ -156.477536922376544, 20.896511474972012 ], [ -156.477537113486306, 20.896511365832044 ], [ -156.477537304596069, 20.896511256692094 ], [ -156.477537494745206, 20.896511147537932 ], [ -156.477537685854969, 20.896511038397954 ], [ -156.477537876964732, 20.896510929257989 ], [ -156.477538068074495, 20.896510820118014 ], [ -156.477538259184229, 20.896510710978056 ], [ -156.477538450293991, 20.896510601838095 ], [ -156.477538641388662, 20.896510493600825 ], [ -156.477538832498396, 20.896510384460843 ], [ -156.477539023608159, 20.896510275320889 ], [ -156.477539214717922, 20.896510166180924 ], [ -156.477539405827685, 20.896510057040938 ], [ -156.477539596922355, 20.896509948803665 ], [ -156.47753978803209, 20.896509839663704 ], [ -156.477539979141852, 20.896509730523736 ], [ -156.47754017119712, 20.896509622300623 ], [ -156.477540362306854, 20.89650951316067 ], [ -156.477540553416617, 20.896509404020701 ], [ -156.477540744511288, 20.896509295783421 ], [ -156.477540935621022, 20.896509186643453 ], [ -156.477541126715693, 20.896509078406186 ], [ -156.477541318786024, 20.896508969280408 ], [ -156.477541509880695, 20.896508861043113 ], [ -156.477541700975365, 20.896508752805843 ], [ -156.477541893045725, 20.896508643680054 ], [ -156.477542084140367, 20.896508535442774 ], [ -156.477542275235038, 20.8965084272055 ], [ -156.477542467305369, 20.89650831807969 ], [ -156.47754265840004, 20.896508209842438 ], [ -156.477542849494682, 20.896508101605157 ], [ -156.47754304154995, 20.896507993382073 ], [ -156.477543232644621, 20.896507885144782 ], [ -156.47754342469986, 20.896507776921688 ], [ -156.477543615809623, 20.896507667781716 ], [ -156.477543807864862, 20.896507559558618 ], [ -156.477543998959504, 20.896507451321337 ], [ -156.477544191014772, 20.89650734309825 ], [ -156.477544382109443, 20.89650723486098 ], [ -156.477544574164682, 20.896507126637879 ], [ -156.477544765244261, 20.896507019303286 ], [ -156.4775449572995, 20.896506911080177 ], [ -156.477545149354739, 20.896506802857086 ], [ -156.477545340449382, 20.896506694619813 ], [ -156.477545532504649, 20.896506586396722 ], [ -156.47754572359932, 20.896506478159431 ], [ -156.477545915639439, 20.896506370839017 ], [ -156.477546107694707, 20.896506262615922 ], [ -156.477546299749946, 20.896506154392842 ], [ -156.477546490829496, 20.896506047058253 ], [ -156.477546682884764, 20.896505938835162 ], [ -156.47754687492494, 20.896505831514734 ], [ -156.477547066980179, 20.896505723291646 ], [ -156.477547259035418, 20.896505615068545 ], [ -156.477547450114969, 20.896505507733952 ], [ -156.477547642155145, 20.896505400413552 ], [ -156.477547834210384, 20.896505292190465 ], [ -156.47754802625056, 20.896505184870044 ], [ -156.477548218305799, 20.896505076646946 ], [ -156.477548410345946, 20.896504969326539 ], [ -156.477548602386094, 20.896504862006147 ], [ -156.477548794441361, 20.896504753783052 ], [ -156.477548986481509, 20.896504646462642 ], [ -156.477549178521684, 20.896504539142228 ], [ -156.477549370561803, 20.896504431821821 ], [ -156.477549562601979, 20.896504324501411 ], [ -156.477549754657218, 20.896504216278323 ], [ -156.477549946697366, 20.896504108957913 ], [ -156.477550138737513, 20.896504001637513 ], [ -156.47755033077766, 20.896503894317089 ], [ -156.477550522817808, 20.896503786996686 ], [ -156.47755071581858, 20.896503679690458 ], [ -156.477550907858728, 20.896503572370055 ], [ -156.477551099898875, 20.896503465049644 ], [ -156.47755129192393, 20.896503358631936 ], [ -156.477551483964078, 20.896503251311525 ], [ -156.477551676964822, 20.896503144005301 ], [ -156.477551869004998, 20.896503036684894 ], [ -156.477552061045117, 20.896502929364498 ], [ -156.477552254030769, 20.896502822960958 ], [ -156.477552446070945, 20.896502715640544 ], [ -156.477552638111064, 20.89650260832012 ], [ -156.477552831096716, 20.896502501916601 ], [ -156.477553023136892, 20.896502394596194 ], [ -156.477553215177011, 20.896502287275776 ], [ -156.477553408162663, 20.896502180872258 ], [ -156.477553600202839, 20.896502073551837 ], [ -156.477553793188491, 20.896501967148307 ], [ -156.47755398522861, 20.8965018598279 ], [ -156.477554178214262, 20.896501753424378 ], [ -156.477554370239318, 20.896501647006648 ], [ -156.477554563240091, 20.896501539700409 ], [ -156.477554755265118, 20.896501433282687 ], [ -156.47755494825077, 20.896501326879161 ], [ -156.477555140290917, 20.896501219558743 ], [ -156.47755533327657, 20.896501113155217 ], [ -156.477555526262222, 20.896501006751677 ], [ -156.477555718287277, 20.896500900333958 ], [ -156.47755591127293, 20.896500793930429 ], [ -156.477556104273674, 20.896500686624211 ], [ -156.477556296298701, 20.896500580206474 ], [ -156.477556489284353, 20.896500473802941 ], [ -156.477556682270006, 20.896500367399423 ], [ -156.477556875255658, 20.896500260995886 ], [ -156.477557067280713, 20.896500154578167 ], [ -156.477557260266366, 20.89650004817463 ], [ -156.477557453252018, 20.89649994177109 ], [ -156.47755764623767, 20.896499835367546 ], [ -156.477557839208202, 20.896499729866722 ], [ -156.477558031233258, 20.896499623448999 ], [ -156.47755822421891, 20.896499517045456 ], [ -156.477558417204563, 20.896499410641923 ], [ -156.477558610175123, 20.896499305141081 ], [ -156.477558803160747, 20.896499198737544 ], [ -156.477558996146399, 20.896499092334004 ], [ -156.47755918911696, 20.896498986833148 ], [ -156.477559382102584, 20.896498880429625 ], [ -156.477559575088236, 20.896498774026078 ], [ -156.477559768058768, 20.896498668525229 ], [ -156.47755996104442, 20.896498562121685 ], [ -156.477560154014981, 20.896498456620858 ], [ -156.477560347000605, 20.896498350217311 ], [ -156.477560539971165, 20.896498244716454 ], [ -156.477560733917386, 20.896498138327107 ], [ -156.477560926887975, 20.896498032826266 ], [ -156.477561119858507, 20.89649792732542 ], [ -156.477561312844159, 20.896497820921883 ], [ -156.477561505814691, 20.896497715421031 ], [ -156.477561698785252, 20.896497609920196 ], [ -156.47756189271638, 20.896497504433519 ], [ -156.477562085686941, 20.896497398932684 ], [ -156.477562278672593, 20.896497292529133 ], [ -156.477562471643125, 20.896497187028281 ], [ -156.477562665574254, 20.896497081541614 ], [ -156.477562858544815, 20.896496976040776 ], [ -156.477563051515347, 20.896496870539924 ], [ -156.477563245446532, 20.896496765053257 ], [ -156.477563438417064, 20.896496659552412 ], [ -156.477563632348193, 20.896496554065749 ], [ -156.477563825318754, 20.896496448564886 ], [ -156.477564018289314, 20.896496343064047 ], [ -156.477564212205323, 20.896496238480097 ], [ -156.477564405175883, 20.896496132979241 ], [ -156.477564599107041, 20.896496027492574 ], [ -156.477564792077573, 20.896495921991725 ], [ -156.477564986008701, 20.896495816505048 ], [ -156.47756517896417, 20.896495711906898 ], [ -156.477565372895299, 20.896495606420231 ], [ -156.477565566826456, 20.896495500933554 ], [ -156.477565759781896, 20.896495396335407 ], [ -156.477565953713025, 20.89649529084873 ], [ -156.477566146668494, 20.896495186250576 ], [ -156.477566340599623, 20.896495080763934 ], [ -156.477566534515688, 20.896494976179959 ], [ -156.47756672748622, 20.896494870679096 ], [ -156.477566921402257, 20.896494766095131 ], [ -156.477567115333414, 20.89649466060845 ], [ -156.477567309249451, 20.896494556024489 ], [ -156.477567502204892, 20.89649445142631 ], [ -156.47756769613602, 20.896494345939651 ], [ -156.477567890052086, 20.896494241355676 ], [ -156.477568083968123, 20.896494136771725 ], [ -156.47756827788416, 20.896494032187736 ], [ -156.4775684708396, 20.896493927589574 ], [ -156.477568664770757, 20.896493822102912 ], [ -156.477568858686794, 20.896493717518929 ], [ -156.47756905260286, 20.896493612934947 ], [ -156.477569246518868, 20.896493508350961 ], [ -156.477569440434934, 20.896493403767007 ], [ -156.477569634350971, 20.896493299183028 ], [ -156.477569828267008, 20.896493194599049 ], [ -156.477570022183045, 20.89649309001507 ], [ -156.477570216099082, 20.896492985431085 ], [ -156.477570410015147, 20.896492880847116 ], [ -156.477570603916092, 20.896492777165825 ], [ -156.477570797832129, 20.896492672581864 ], [ -156.477570991748166, 20.896492567997885 ], [ -156.477571185664203, 20.8964924634139 ], [ -156.477571379565148, 20.896492359732616 ], [ -156.477571574441782, 20.896492255162823 ], [ -156.477571768357848, 20.89649215057884 ], [ -156.477571962258764, 20.896492046897567 ], [ -156.47757215617483, 20.896491942313585 ], [ -156.477572350090867, 20.896491837729602 ], [ -156.477572544952409, 20.896491734062497 ], [ -156.477572738868446, 20.896491629478515 ], [ -156.477572932769391, 20.896491525797241 ], [ -156.477573126685428, 20.896491421213256 ], [ -156.47757332154697, 20.896491317546158 ], [ -156.477573515447887, 20.89649121386487 ], [ -156.477573709363952, 20.896491109280884 ], [ -156.477573904225494, 20.896491005613797 ], [ -156.477574098126439, 20.896490901932498 ], [ -156.477574293003073, 20.896490797362699 ], [ -156.47757448690399, 20.896490693681415 ], [ -156.477574680804963, 20.896490590000127 ], [ -156.477574875666477, 20.896490486333029 ], [ -156.47757506956745, 20.896490382651738 ], [ -156.477575264428992, 20.896490278984636 ], [ -156.477575458345029, 20.896490174400654 ], [ -156.477575653206571, 20.896490070733556 ], [ -156.477575847107488, 20.896489967052275 ], [ -156.47757604196903, 20.89648986338516 ], [ -156.477576235869975, 20.896489759703869 ], [ -156.477576430716425, 20.896489656939465 ], [ -156.477576625577967, 20.89648955327236 ], [ -156.477576819478884, 20.896489449591066 ], [ -156.477577014340426, 20.89648934592395 ], [ -156.477577209201968, 20.896489242256859 ], [ -156.477577403102913, 20.896489138575568 ], [ -156.477577597949363, 20.896489035811147 ], [ -156.477577792810905, 20.896488932144045 ], [ -156.47757798671185, 20.896488828462754 ], [ -156.477578181558272, 20.896488725698358 ], [ -156.477578376419814, 20.896488622031224 ], [ -156.477578571281356, 20.896488518364119 ], [ -156.477578766127777, 20.896488415599723 ], [ -156.477578960028723, 20.896488311918425 ], [ -156.477579154875173, 20.896488209154004 ], [ -156.477579349736686, 20.896488105486906 ], [ -156.477579544583165, 20.896488002722499 ], [ -156.477579739429586, 20.896487899958075 ], [ -156.477579934291128, 20.896487796290955 ], [ -156.477580129137579, 20.896487693526556 ], [ -156.477580323999092, 20.89648758985944 ], [ -156.477580518845542, 20.896487487095012 ], [ -156.477580713691964, 20.896487384330616 ], [ -156.477580908538442, 20.896487281566202 ], [ -156.477581103384864, 20.896487178801785 ], [ -156.477581298246406, 20.896487075134672 ], [ -156.477581493092828, 20.896486972370258 ], [ -156.477581687939278, 20.896486869605841 ], [ -156.477581882785699, 20.896486766841445 ], [ -156.47758207763215, 20.896486664077017 ], [ -156.4775822724786, 20.896486561312578 ], [ -156.477582467325021, 20.896486458548189 ], [ -156.47758266313204, 20.896486355797951 ], [ -156.47758285797849, 20.896486253033515 ], [ -156.47758305282494, 20.896486150269112 ], [ -156.477583247671362, 20.896486047504698 ], [ -156.477583442502691, 20.896485945642965 ], [ -156.477583638309738, 20.896485842892741 ], [ -156.477583833156189, 20.896485740128323 ], [ -156.47758402800261, 20.896485637363892 ], [ -156.477584223794565, 20.896485535516362 ], [ -156.477584418640987, 20.896485432751934 ], [ -156.477584613487437, 20.89648532998751 ], [ -156.477584809279364, 20.896485228139984 ], [ -156.477585004125814, 20.896485125375555 ], [ -156.477585198957144, 20.896485023513844 ], [ -156.477585394764191, 20.896484920763598 ], [ -156.47758558959552, 20.896484818901872 ], [ -156.477585785402567, 20.89648471615163 ], [ -156.477585980233897, 20.896484614289911 ], [ -156.477586176040944, 20.896484511539658 ], [ -156.477586370872245, 20.896484409677939 ], [ -156.477586566664201, 20.896484307830395 ], [ -156.477586761510651, 20.896484205065988 ], [ -156.477586957302577, 20.896484103218437 ], [ -156.477587152133907, 20.896484001356701 ], [ -156.477587347925862, 20.89648389950916 ], [ -156.477587543732881, 20.896483796758925 ], [ -156.47758773856421, 20.896483694897203 ], [ -156.477587934356166, 20.89648359304967 ], [ -156.477588130148092, 20.896483491202108 ], [ -156.477588324979422, 20.896483389340389 ], [ -156.477588520771377, 20.896483287492838 ], [ -156.477588716563275, 20.896483185645302 ], [ -156.477588911394633, 20.896483083783554 ], [ -156.47758910718656, 20.896482981936032 ], [ -156.477589302978487, 20.896482880088477 ], [ -156.477589498770442, 20.896482778240927 ], [ -156.477589694547248, 20.896482677296074 ], [ -156.477589889378606, 20.896482575434348 ], [ -156.477590085170533, 20.896482473586801 ], [ -156.47759028096246, 20.896482371739246 ], [ -156.477590476739323, 20.896482270794408 ], [ -156.477590672531221, 20.89648216894685 ], [ -156.477590868323176, 20.896482067099299 ], [ -156.477591064100011, 20.896481966154454 ], [ -156.477591259891966, 20.896481864306896 ], [ -156.477591455683864, 20.896481762459352 ], [ -156.477591651460727, 20.896481661514496 ], [ -156.477591847252654, 20.89648155966696 ], [ -156.47759204302946, 20.896481458722086 ], [ -156.477592238821416, 20.896481356874556 ], [ -156.47759243459825, 20.896481255929693 ], [ -156.477592630375085, 20.896481154984848 ], [ -156.477592826167012, 20.89648105313729 ], [ -156.477593021943846, 20.896480952192448 ], [ -156.477593217720681, 20.896480851247592 ], [ -156.477593413497544, 20.896480750302736 ], [ -156.477593609289443, 20.896480648455171 ], [ -156.477593806026874, 20.896480547524508 ], [ -156.477594001803709, 20.896480446579645 ], [ -156.477594197580544, 20.896480345634803 ], [ -156.477594393357407, 20.896480244689933 ], [ -156.477594590094839, 20.896480143759273 ], [ -156.477594785871673, 20.8964800428144 ], [ -156.477594981648508, 20.896479941869558 ], [ -156.477595177425314, 20.896479840924684 ], [ -156.477595374162746, 20.89647973999401 ], [ -156.477595569939581, 20.896479639049158 ], [ -156.477595765716416, 20.896479538104305 ], [ -156.477595962453847, 20.896479437173625 ], [ -156.477596158230682, 20.896479336228776 ], [ -156.477596354968114, 20.896479235298091 ], [ -156.477596550729857, 20.896479135255923 ], [ -156.477596746506691, 20.896479034311071 ], [ -156.477596943244123, 20.896478933380394 ], [ -156.477597139005866, 20.896478833338239 ], [ -156.477597335743297, 20.896478732407552 ], [ -156.477597531520132, 20.896478631462713 ], [ -156.477597728242444, 20.896478531434706 ], [ -156.477597924019278, 20.896478430489864 ], [ -156.477598120741618, 20.896478330461868 ], [ -156.47759831747905, 20.896478229531201 ], [ -156.477598513240764, 20.896478129489019 ], [ -156.477598709978196, 20.896478028558352 ], [ -156.477598905739939, 20.896477928516177 ], [ -156.47759910246225, 20.896477828488198 ], [ -156.47759929919971, 20.896477727557521 ], [ -156.477599494961424, 20.896477627515349 ], [ -156.477599691683764, 20.89647752748737 ], [ -156.477599888406104, 20.896477427459374 ], [ -156.477600085143536, 20.896477326528704 ], [ -156.47760028090525, 20.896477226486546 ], [ -156.47760047762759, 20.896477126458546 ], [ -156.477600674349929, 20.896477026430578 ], [ -156.477600871072269, 20.896476926402581 ], [ -156.477601067794581, 20.896476826374602 ], [ -156.477601263556323, 20.896476726332434 ], [ -156.477601460278635, 20.896476626304441 ], [ -156.477601657000974, 20.896476526276459 ], [ -156.477601853723314, 20.896476426248469 ], [ -156.477602050445654, 20.89647632622048 ], [ -156.477602247167965, 20.896476226192505 ], [ -156.477602443890277, 20.896476126164508 ], [ -156.477602640597524, 20.896476027039224 ], [ -156.477602837319864, 20.896475927011217 ], [ -156.477603034042176, 20.896475826983242 ], [ -156.477603230764544, 20.896475726955256 ], [ -156.477603427471763, 20.896475627829957 ], [ -156.477603624194074, 20.896475527801968 ], [ -156.477603820916414, 20.896475427773989 ], [ -156.477604017623634, 20.896475328648691 ], [ -156.477604214345973, 20.896475228620705 ], [ -156.477604411053221, 20.896475129495418 ], [ -156.477604607775532, 20.896475029467407 ], [ -156.477604805443349, 20.896474930356305 ], [ -156.477605002165717, 20.896474830328305 ], [ -156.477605198872936, 20.896474731203021 ], [ -156.477605395580156, 20.89647463207773 ], [ -156.477605592302496, 20.896474532049723 ], [ -156.477605789970312, 20.896474432938618 ], [ -156.47760598667756, 20.896474333813323 ], [ -156.477606183399871, 20.89647423378533 ], [ -156.477606380107119, 20.896474134660025 ], [ -156.477606577774935, 20.896474035548934 ], [ -156.477606774482183, 20.896473936423632 ], [ -156.477606971189374, 20.896473837298334 ], [ -156.477607168857247, 20.896473738187218 ], [ -156.477607365564438, 20.896473639061931 ], [ -156.477607563232283, 20.896473539950808 ], [ -156.477607759939502, 20.896473440825506 ], [ -156.47760795664675, 20.896473341700212 ], [ -156.477608154314566, 20.896473242589092 ], [ -156.477608351021814, 20.896473143463798 ], [ -156.477608548689602, 20.896473044352685 ], [ -156.47760874539685, 20.896472945227377 ], [ -156.477608943064695, 20.896472846116264 ], [ -156.477609139756822, 20.896472747893661 ], [ -156.477609337424639, 20.896472648782556 ], [ -156.477609534131858, 20.896472549657229 ], [ -156.477609731799703, 20.896472450546138 ], [ -156.477609929452427, 20.896472352337707 ], [ -156.477610126159647, 20.896472253212419 ], [ -156.477610323812371, 20.896472155003984 ], [ -156.477610521480216, 20.896472055892875 ], [ -156.477610718187435, 20.896471956767577 ], [ -156.47761091584016, 20.896471858559142 ], [ -156.477611113492912, 20.896471760350725 ], [ -156.477611310200103, 20.896471661225423 ], [ -156.477611507852856, 20.896471563016995 ], [ -156.477611705520701, 20.896471463905876 ], [ -156.477611903173425, 20.896471365697455 ], [ -156.477612099865524, 20.896471267474837 ], [ -156.477612297533369, 20.896471168363735 ], [ -156.477612495186094, 20.896471070155293 ], [ -156.477612692838818, 20.896470971946869 ], [ -156.477612890491542, 20.896470873738455 ], [ -156.477613088144267, 20.89647077553003 ], [ -156.477613285812083, 20.896470676418904 ], [ -156.477613483464836, 20.896470578210479 ], [ -156.477613680156935, 20.896470479987869 ], [ -156.477613877809688, 20.896470381779444 ], [ -156.477614075462412, 20.896470283571027 ], [ -156.477614273115137, 20.896470185362578 ], [ -156.477614470767861, 20.896470087154157 ], [ -156.477614668420586, 20.896469988945732 ], [ -156.477614866058246, 20.896469891640002 ], [ -156.477615063710942, 20.896469793431582 ], [ -156.477615261363667, 20.896469695223146 ], [ -156.477615459976988, 20.896469597028897 ], [ -156.477615657629713, 20.896469498820473 ], [ -156.477615855267345, 20.896469401514736 ], [ -156.477616052920069, 20.896469303306311 ], [ -156.477616250572794, 20.896469205097873 ], [ -156.477616448210426, 20.896469107792136 ], [ -156.477616645863151, 20.896469009583718 ], [ -156.47761684446138, 20.896468912292175 ], [ -156.477617042114105, 20.89646881408374 ], [ -156.477617239751737, 20.896468716778003 ], [ -156.477617437404461, 20.896468618569575 ], [ -156.477617636002691, 20.896468521278017 ], [ -156.477617833655415, 20.896468423069585 ], [ -156.477618031293048, 20.896468325763834 ], [ -156.477618229906369, 20.896468227569599 ], [ -156.477618427543973, 20.89646813026388 ], [ -156.477618625181606, 20.896468032958133 ], [ -156.477618823779864, 20.896467935666571 ], [ -156.47761902143256, 20.896467837458143 ], [ -156.477619219070192, 20.896467740152403 ], [ -156.477619417668421, 20.896467642860845 ], [ -156.477619615306054, 20.896467545555105 ], [ -156.477619813904283, 20.896467448263557 ], [ -156.477620011541887, 20.896467350957835 ], [ -156.477620210140117, 20.896467253666252 ], [ -156.477620407777749, 20.896467156360526 ], [ -156.477620606375979, 20.896467059068975 ], [ -156.477620804013611, 20.896466961763231 ], [ -156.477621002611841, 20.896466864471677 ], [ -156.477621200249445, 20.896466767165936 ], [ -156.477621398847674, 20.896466669874386 ], [ -156.477621597445903, 20.896466572582838 ], [ -156.477621795068444, 20.896466476179786 ], [ -156.477621993666645, 20.89646637888821 ], [ -156.477622192264874, 20.896466281596663 ], [ -156.477622389902479, 20.896466184290919 ], [ -156.477622588485644, 20.896466087902059 ], [ -156.477622787083845, 20.896465990610501 ], [ -156.477622984706386, 20.896465894207456 ], [ -156.477623183304615, 20.896465796915908 ], [ -156.477623381887724, 20.896465700527045 ], [ -156.477623580485954, 20.896465603235487 ], [ -156.477623778108466, 20.896465506832435 ], [ -156.477623976706724, 20.896465409540873 ], [ -156.477624175289833, 20.896465313152017 ], [ -156.477624373888034, 20.896465215860434 ], [ -156.477624572471171, 20.896465119471575 ], [ -156.47762477105428, 20.896465023082715 ], [ -156.477624969652538, 20.896464925791161 ], [ -156.477625168235647, 20.896464829402305 ], [ -156.47762536585816, 20.896464732999231 ], [ -156.477625564441297, 20.896464636610375 ], [ -156.477625763024406, 20.896464540221501 ], [ -156.477625961622664, 20.89646444292994 ], [ -156.477626160205773, 20.896464346541084 ], [ -156.477626358788882, 20.896464250152217 ], [ -156.47762655737202, 20.896464153763336 ], [ -156.477626755955129, 20.896464057374477 ], [ -156.477626954538266, 20.896463960985617 ], [ -156.477627154082001, 20.896463864610922 ], [ -156.47762735266511, 20.896463768222056 ], [ -156.477627551233155, 20.896463672735887 ], [ -156.477627749816264, 20.896463576347017 ], [ -156.477627948399373, 20.896463479958161 ], [ -156.477628146982511, 20.896463383569287 ], [ -156.47762834556562, 20.896463287180421 ], [ -156.477628545094234, 20.896463191708424 ], [ -156.477628743677371, 20.896463095319554 ], [ -156.47762894226048, 20.89646299893068 ], [ -156.477629140828526, 20.896462903444498 ], [ -156.47762934037226, 20.896462807069817 ], [ -156.477629538940278, 20.896462711583649 ], [ -156.477629737523415, 20.896462615194775 ], [ -156.477629936106524, 20.896462518805897 ], [ -156.477630135635138, 20.896462423333904 ], [ -156.477630334203184, 20.896462327847736 ], [ -156.47763053374689, 20.896462231473034 ], [ -156.477630732314907, 20.896462135986862 ], [ -156.477630930898016, 20.896462039597996 ], [ -156.477631130426659, 20.89646194412601 ], [ -156.477631328994676, 20.89646184863982 ], [ -156.477631528523318, 20.896461753167824 ], [ -156.477631727106399, 20.89646165677895 ], [ -156.477631926635041, 20.896461561306953 ], [ -156.477632125203058, 20.896461465820781 ], [ -156.477632324731701, 20.896461370348781 ], [ -156.477632523299718, 20.896461274862606 ], [ -156.477632722828332, 20.896461179390606 ], [ -156.477632921396349, 20.89646108390443 ], [ -156.477633120924992, 20.89646098843243 ], [ -156.47763331949298, 20.896460892946244 ], [ -156.477633519021623, 20.896460797474266 ], [ -156.477633718550237, 20.896460702002265 ], [ -156.477633917118283, 20.89646060651609 ], [ -156.477634116646897, 20.896460511044083 ], [ -156.477634316175511, 20.896460415572093 ], [ -156.477634514728436, 20.896460320988609 ], [ -156.47763471425705, 20.896460225516606 ], [ -156.477634913785664, 20.896460130044595 ], [ -156.477635113299215, 20.896460035475297 ], [ -156.477635311867232, 20.896459939989107 ], [ -156.477635511395846, 20.896459844517114 ], [ -156.477635710909368, 20.896459749947805 ], [ -156.477635910438011, 20.896459654475823 ], [ -156.477636109951533, 20.896459559906511 ], [ -156.477636308519521, 20.896459464420335 ], [ -156.477636508033044, 20.896459369851023 ], [ -156.477636707561658, 20.896459274379023 ], [ -156.47763690707518, 20.896459179809714 ], [ -156.477637106603794, 20.896459084337693 ], [ -156.477637306117344, 20.896458989768394 ], [ -156.477637505630838, 20.896458895199096 ], [ -156.477637705159481, 20.896458799727103 ], [ -156.477637904673003, 20.896458705157791 ], [ -156.477638104186525, 20.896458610588486 ], [ -156.477638303700047, 20.896458516019184 ], [ -156.477638503213569, 20.896458421449861 ], [ -156.477638702727091, 20.896458326880563 ], [ -156.477638902255705, 20.896458231408552 ], [ -156.477639101769228, 20.896458136839254 ], [ -156.47763930128275, 20.896458042269952 ], [ -156.477639500796272, 20.89645794770064 ], [ -156.477639700309794, 20.896457853131327 ], [ -156.477639900768821, 20.896457759478903 ], [ -156.477640100282343, 20.896457664909583 ], [ -156.477640299795866, 20.89645757034026 ], [ -156.477640499309359, 20.896457475770966 ], [ -156.477640698822881, 20.896457381201664 ], [ -156.477640899297029, 20.89645728664653 ], [ -156.477641098795431, 20.896457192979916 ], [ -156.477641298308953, 20.896457098410597 ], [ -156.477641497822475, 20.896457003841284 ], [ -156.477641698281502, 20.896456910188874 ], [ -156.477641897795024, 20.896456815619562 ], [ -156.477642097308546, 20.896456721050242 ], [ -156.477642297767574, 20.896456627397807 ], [ -156.477642497281096, 20.896456532828488 ], [ -156.477642696779498, 20.896456439161891 ], [ -156.477642897253645, 20.896456344606751 ], [ -156.477643096752047, 20.896456250940126 ], [ -156.477643297211046, 20.896456157287702 ], [ -156.477643496724568, 20.896456062718382 ], [ -156.477643696223026, 20.896455969051775 ], [ -156.477643896682025, 20.896455875399347 ], [ -156.477644096195547, 20.896455780830021 ], [ -156.477644296654574, 20.896455687177582 ], [ -156.477644496152976, 20.896455593510964 ], [ -156.477644696612003, 20.896455499858529 ], [ -156.477644897086122, 20.896455405303399 ], [ -156.477645096584553, 20.896455311636782 ], [ -156.477645297043551, 20.896455217984332 ], [ -156.477645496541982, 20.896455124317725 ], [ -156.477645697001009, 20.896455030665276 ], [ -156.477645897460036, 20.896454937012841 ], [ -156.477646096958438, 20.896454843346227 ], [ -156.477646297417436, 20.896454749693788 ], [ -156.477646497876492, 20.896454656041339 ], [ -156.477646697359802, 20.89645456327743 ], [ -156.477646897818829, 20.896454469624974 ], [ -156.477647098277828, 20.896454375972549 ], [ -156.477647297776258, 20.896454282305918 ], [ -156.477647498220165, 20.896454189556177 ], [ -156.47764769867922, 20.896454095903731 ], [ -156.477647899138219, 20.8964540022513 ], [ -156.477648099582154, 20.896453909501567 ], [ -156.477648299080556, 20.896453815834921 ], [ -156.477648499539555, 20.896453722182496 ], [ -156.47764869998349, 20.896453629432752 ], [ -156.477648900442517, 20.896453535780307 ], [ -156.477649100886424, 20.896453443030552 ], [ -156.477649301345451, 20.896453349378117 ], [ -156.477649501789358, 20.896453256628366 ], [ -156.477649702233293, 20.896453163878618 ], [ -156.47764990269232, 20.896453070226176 ], [ -156.477650103136227, 20.896452977476432 ], [ -156.477650303580162, 20.896452884726678 ], [ -156.477650504039161, 20.896452791074239 ], [ -156.477650704483068, 20.896452698324492 ], [ -156.477650904927003, 20.896452605574751 ], [ -156.47765110537091, 20.896452512824993 ], [ -156.477651305814845, 20.896452420075253 ], [ -156.477651506273844, 20.896452326422803 ], [ -156.477651706717779, 20.896452233673052 ], [ -156.477651907161714, 20.896452140923309 ], [ -156.477652107605593, 20.896452048173565 ], [ -156.477652309010125, 20.896451955437989 ], [ -156.477652509454032, 20.896451862688252 ], [ -156.477652709882875, 20.896451770841185 ], [ -156.477652910326782, 20.896451678091424 ], [ -156.477653110770717, 20.896451585341683 ], [ -156.477653312175221, 20.896451492606108 ], [ -156.477653512619156, 20.896451399856357 ], [ -156.477653713063035, 20.896451307106627 ], [ -156.477653913491878, 20.896451215259567 ], [ -156.47765411489641, 20.896451122523988 ], [ -156.477654315340317, 20.89645102977423 ], [ -156.47765451576916, 20.896450937927174 ], [ -156.477654717173664, 20.89645084519162 ], [ -156.477654917602479, 20.896450753344553 ], [ -156.477655118046385, 20.896450660594805 ], [ -156.477655319435797, 20.896450568761928 ], [ -156.477655519879733, 20.896450476012163 ], [ -156.477655721269144, 20.896450384179307 ], [ -156.47765592171308, 20.896450291429545 ], [ -156.477656123102491, 20.896450199596661 ], [ -156.477656323531278, 20.896450107749612 ], [ -156.47765652493581, 20.896450015014036 ], [ -156.477656725364625, 20.896449923166987 ], [ -156.477656926754037, 20.896449831334102 ], [ -156.47765712718288, 20.896449739487032 ], [ -156.477657328587384, 20.896449646751467 ], [ -156.477657529016199, 20.896449554904404 ], [ -156.477657730405639, 20.896449463071544 ], [ -156.477657931795051, 20.896449371238656 ], [ -156.477658132223866, 20.896449279391593 ], [ -156.477658333613277, 20.896449187558719 ], [ -156.477658534042092, 20.896449095711645 ], [ -156.477658735431504, 20.896449003878775 ], [ -156.477658936820916, 20.896448912045901 ], [ -156.477659138210356, 20.896448820213017 ], [ -156.477659338639171, 20.896448728365957 ], [ -156.477659540028583, 20.896448636533073 ], [ -156.477659741402903, 20.896448545602887 ], [ -156.477659942792314, 20.896448453770009 ], [ -156.477660143221129, 20.896448361922953 ], [ -156.477660344610541, 20.896448270090062 ], [ -156.477660545984861, 20.896448179159883 ], [ -156.477660747374301, 20.896448087326991 ], [ -156.477660948763713, 20.896447995494121 ], [ -156.477661149177436, 20.896447904549753 ], [ -156.477661350566848, 20.896447812716865 ], [ -156.477661551941168, 20.896447721786675 ], [ -156.47766175333058, 20.896447629953787 ], [ -156.477661954704871, 20.896447539023612 ], [ -156.477662156094283, 20.896447447190724 ], [ -156.477662357468631, 20.896447356260545 ], [ -156.477662558842951, 20.896447265330348 ], [ -156.477662760232363, 20.896447173497471 ], [ -156.477662961606654, 20.896447082567278 ], [ -156.477663162981003, 20.896446991637095 ], [ -156.477663364355323, 20.896446900706898 ], [ -156.477663565744734, 20.896446808874021 ], [ -156.477663767119026, 20.896446717943814 ], [ -156.477663968493346, 20.896446627013635 ], [ -156.477664169867694, 20.896446536083435 ], [ -156.477664371241985, 20.896446445153263 ], [ -156.477664573576902, 20.896446354237252 ], [ -156.477664774951222, 20.89644626330707 ], [ -156.477664976325542, 20.896446172376859 ], [ -156.477665177699862, 20.896446081446673 ], [ -156.477665379074182, 20.896445990516487 ], [ -156.477665581409099, 20.896445899600483 ], [ -156.47766578278339, 20.896445808670276 ], [ -156.477665984157738, 20.896445717740093 ], [ -156.477666185516938, 20.896445627712605 ], [ -156.477666387851855, 20.89644553679658 ], [ -156.477666589226175, 20.896445445866398 ], [ -156.477666790600495, 20.896445354936198 ], [ -156.477666991959694, 20.896445264908714 ], [ -156.477667194294639, 20.896445173992696 ], [ -156.477667395653839, 20.896445083965194 ], [ -156.477667597988756, 20.896444993049172 ], [ -156.477667799363076, 20.89644490211899 ], [ -156.477668000722304, 20.896444812091481 ], [ -156.4776682030421, 20.896444722078172 ], [ -156.47766840441642, 20.896444631147975 ], [ -156.477668606736245, 20.896444541134656 ], [ -156.477668808110536, 20.896444450204477 ], [ -156.477669010430361, 20.896444360191147 ], [ -156.477669211789589, 20.896444270163656 ], [ -156.477669414124506, 20.896444179247631 ], [ -156.477669615483705, 20.89644408922014 ], [ -156.47766981780353, 20.896443999206824 ], [ -156.477670019162758, 20.896443909179318 ], [ -156.477670221482555, 20.896443819165995 ], [ -156.477670422856903, 20.896443728235788 ], [ -156.4776706251767, 20.896443638222475 ], [ -156.477670827496524, 20.896443548209167 ], [ -156.477671028855724, 20.896443458181654 ], [ -156.477671231175549, 20.896443368168345 ], [ -156.478079671273179, 20.896261396241723 ], [ -156.478011037813559, 20.896109322859083 ], [ -156.478011062970182, 20.896109312395424 ], [ -156.478226806736814, 20.896023326826455 ], [ -156.478295441355613, 20.896175400156018 ], [ -156.478809727544956, 20.895970426631536 ], [ -156.478809729048635, 20.895970394148645 ], [ -156.478815666318866, 20.895786055067926 ], [ -156.478727909926903, 20.895462647042478 ], [ -156.47851881730918, 20.8950852142843 ], [ -156.478195208286309, 20.89452397940688 ], [ -156.478194895391738, 20.894523614523457 ], [ -156.478194582482075, 20.894523250542722 ], [ -156.478194270548073, 20.894522885673457 ], [ -156.478193957653502, 20.894522520790026 ], [ -156.478193644758932, 20.894522155906589 ], [ -156.478193331849297, 20.894521791925847 ], [ -156.478193018954727, 20.894521427042424 ], [ -156.478192706060156, 20.894521062158976 ], [ -156.478192393150493, 20.894520698178241 ], [ -156.478192080255923, 20.894520333294807 ], [ -156.478191767346289, 20.894519969314054 ], [ -156.478191454451718, 20.894519604430631 ], [ -156.478191141557147, 20.894519239547193 ], [ -156.478190828647513, 20.894518875566447 ], [ -156.478190515752942, 20.894518510683007 ], [ -156.478190202843308, 20.894518146702278 ], [ -156.478189889948766, 20.89451778181882 ], [ -156.478189577039132, 20.894517417838085 ], [ -156.4781892631689, 20.894517053843156 ], [ -156.47818895027433, 20.894516688959715 ], [ -156.478188637364696, 20.894516324978987 ], [ -156.478188324455061, 20.894515960998234 ], [ -156.478188010599951, 20.894515596100607 ], [ -156.478187697690316, 20.894515232119861 ], [ -156.478187383820085, 20.894514868124936 ], [ -156.478187070925543, 20.894514503241481 ], [ -156.478186758015909, 20.894514139260757 ], [ -156.478186444145734, 20.894513775265821 ], [ -156.478186131236072, 20.894513411285068 ], [ -156.478185817365869, 20.894513047290147 ], [ -156.478185504456263, 20.894512683309401 ], [ -156.478185190601124, 20.894512318411763 ], [ -156.478184876730921, 20.894511954416842 ], [ -156.478184563821316, 20.894511590436093 ], [ -156.478184249951113, 20.89451122644115 ], [ -156.478183937041479, 20.8945108624604 ], [ -156.478183623171304, 20.894510498465483 ], [ -156.478183309301102, 20.894510134470547 ], [ -156.478182995430899, 20.894509770475604 ], [ -156.478182682521293, 20.894509406494848 ], [ -156.47818236865109, 20.894509042499934 ], [ -156.478182054765824, 20.894508679407689 ], [ -156.478181740895621, 20.894508315412761 ], [ -156.478181427025447, 20.894507951417829 ], [ -156.478181113155244, 20.8945075874229 ], [ -156.47818079928507, 20.894507223427951 ], [ -156.478180485399776, 20.894506860335714 ], [ -156.478180171529601, 20.894506496340785 ], [ -156.478179857659427, 20.894506132345825 ], [ -156.478179543789253, 20.894505768350896 ], [ -156.478179229903958, 20.894505405258659 ], [ -156.478178916033812, 20.894505041263734 ], [ -156.478178602163609, 20.894504677268785 ], [ -156.478178288278372, 20.89450431417654 ], [ -156.4781779734476, 20.894503950167426 ], [ -156.478177659562334, 20.894503587075178 ], [ -156.478177345692188, 20.894503223080235 ], [ -156.478177031806894, 20.894502859988002 ], [ -156.478176716976151, 20.894502495978884 ], [ -156.478176403090913, 20.89450213288664 ], [ -156.478176089220739, 20.894501768891672 ], [ -156.478175774374876, 20.89450140578527 ], [ -156.47817546050473, 20.894501041790321 ], [ -156.478175145658895, 20.894500678683908 ], [ -156.478174831773629, 20.89450031559165 ], [ -156.478174516942886, 20.894499951582535 ], [ -156.478174203057677, 20.894499588490287 ], [ -156.478173888211842, 20.894499225383861 ], [ -156.478173574341668, 20.8944988613889 ], [ -156.478173259495833, 20.894498498282481 ], [ -156.478172945610623, 20.894498135190233 ], [ -156.478172630764789, 20.894497772083806 ], [ -156.478172315918982, 20.894497408977383 ], [ -156.478172002048808, 20.894497044982419 ], [ -156.478171687203002, 20.894496681875992 ], [ -156.478171372357195, 20.894496318769562 ], [ -156.478171057511389, 20.894495955663142 ], [ -156.478170742665554, 20.894495592556694 ], [ -156.478170428780317, 20.894495229464439 ], [ -156.47817011393451, 20.894494866358009 ], [ -156.478169799088704, 20.894494503251579 ], [ -156.478169484242898, 20.894494140145152 ], [ -156.478169169397091, 20.894493777038708 ], [ -156.478168854551285, 20.894493413932267 ], [ -156.478168539705479, 20.894493050825847 ], [ -156.478168224859672, 20.894492687719417 ], [ -156.478167910013894, 20.89449232461298 ], [ -156.478167595152996, 20.894491962409216 ], [ -156.47816728030719, 20.894491599302793 ], [ -156.478166964500787, 20.894491236182176 ], [ -156.47816664965498, 20.894490873075743 ], [ -156.478166334794139, 20.894490510872 ], [ -156.478166019948333, 20.894490147765566 ], [ -156.478165705102555, 20.894489784659111 ], [ -156.478165389296151, 20.894489421538513 ], [ -156.478165074435282, 20.894489059334763 ], [ -156.478164759589475, 20.894488696228319 ], [ -156.478164443768037, 20.894488334010397 ], [ -156.478164128922259, 20.894487970903945 ], [ -156.478163813115884, 20.894487607783326 ], [ -156.478163498255014, 20.894487245579587 ], [ -156.478163183409237, 20.894486882473149 ], [ -156.47816286758777, 20.894486520255217 ], [ -156.478162551781423, 20.894486157134612 ], [ -156.478162236920554, 20.894485794930851 ], [ -156.478161921099115, 20.894485432712916 ], [ -156.478161606253337, 20.894485069606478 ], [ -156.478161290431871, 20.894484707388546 ], [ -156.478160974625524, 20.894484344267916 ], [ -156.478160659764683, 20.894483982064173 ], [ -156.478160343943244, 20.894483619846248 ], [ -156.47816002813687, 20.894483256725614 ], [ -156.478159713276028, 20.894482894521861 ], [ -156.47815939745459, 20.894482532303932 ], [ -156.47815908163318, 20.894482170086007 ], [ -156.478158765811713, 20.894481807868065 ], [ -156.478158450005395, 20.894481444747441 ], [ -156.478158134183928, 20.894481082529513 ], [ -156.478157818362519, 20.894480720311591 ], [ -156.478157502541109, 20.894480358093638 ], [ -156.478157186719642, 20.894479995875699 ], [ -156.478156870898232, 20.894479633657767 ], [ -156.478156555076822, 20.894479271439831 ], [ -156.478156239255384, 20.894478909221906 ], [ -156.478155923433974, 20.894478547003974 ], [ -156.478155607612536, 20.894478184786028 ], [ -156.478155291791126, 20.894477822568099 ], [ -156.478154975969716, 20.89447746035016 ], [ -156.478154659187709, 20.894477098118038 ], [ -156.478154343366299, 20.894476735900099 ], [ -156.478154027544889, 20.894476373682153 ], [ -156.478153711708387, 20.894476012366923 ], [ -156.478153394926409, 20.894475650134794 ], [ -156.47815307910497, 20.894475287916872 ], [ -156.478152763283589, 20.894474925698926 ], [ -156.47815244648649, 20.894474564369514 ], [ -156.478152130665109, 20.89447420215156 ], [ -156.478151813883102, 20.894473839919449 ], [ -156.47815149806172, 20.894473477701482 ], [ -156.478151181264622, 20.894473116372069 ], [ -156.478150865443212, 20.894472754154123 ], [ -156.47815054864617, 20.894472392824692 ], [ -156.47815023282476, 20.894472030606746 ], [ -156.478149916042781, 20.894471668374624 ], [ -156.478149600206308, 20.894471307059376 ], [ -156.478149283424329, 20.894470944827265 ], [ -156.478148966627259, 20.894470583497831 ], [ -156.478148649845309, 20.89447022126571 ], [ -156.478148334008807, 20.894469859950458 ], [ -156.478148017211765, 20.894469498621039 ], [ -156.478147700429815, 20.894469136388899 ], [ -156.478147383632745, 20.894468775059472 ], [ -156.478147066835675, 20.894468413730049 ], [ -156.478146751014293, 20.894468051512078 ], [ -156.478146434217251, 20.894467690182651 ], [ -156.478146117420209, 20.894467328853217 ], [ -156.478145800638231, 20.894466966621081 ], [ -156.478145483841189, 20.894466605291658 ], [ -156.478145167044147, 20.894466243962217 ], [ -156.478144850247105, 20.894465882632787 ], [ -156.478144533450063, 20.894465521303356 ], [ -156.478144216668113, 20.894465159071224 ], [ -156.478143898910474, 20.894464797727611 ], [ -156.478143582113432, 20.89446443639817 ], [ -156.47814326531639, 20.894464075068729 ], [ -156.478142948519348, 20.894463713739292 ], [ -156.478142631722335, 20.894463352409854 ], [ -156.478142313964696, 20.894462991066252 ], [ -156.478141997167683, 20.894462629736797 ], [ -156.478141680370669, 20.894462268407366 ], [ -156.47814136261303, 20.894461907063747 ], [ -156.478141045816017, 20.894461545734316 ], [ -156.478140729019003, 20.894461184404864 ], [ -156.478140411246301, 20.894460823963946 ], [ -156.478140094449259, 20.894460462634498 ], [ -156.478139776691648, 20.894460101290875 ], [ -156.478139459894663, 20.894459739961437 ], [ -156.478139142137024, 20.894459378617828 ], [ -156.478138825324947, 20.894459018191071 ], [ -156.478138507567309, 20.894458656847448 ], [ -156.478138190770295, 20.894458295518007 ], [ -156.478137872997621, 20.894457935077078 ], [ -156.478137555240011, 20.894457573733458 ], [ -156.478137238443026, 20.894457212404006 ], [ -156.478136920670352, 20.894456851963078 ], [ -156.478136602912741, 20.894456490619447 ], [ -156.478136285140039, 20.894456130178522 ], [ -156.478135967382457, 20.894455768834895 ], [ -156.478135650585472, 20.894455407505443 ], [ -156.478135332812798, 20.894455047064508 ], [ -156.478135015040124, 20.894454686623575 ], [ -156.478134697282542, 20.894454325279959 ], [ -156.478134379509839, 20.89445396483902 ], [ -156.478134061752286, 20.894453603495393 ], [ -156.478133743979612, 20.894453243054461 ], [ -156.478133426206966, 20.894452882613511 ], [ -156.478133108449356, 20.894452521269891 ], [ -156.47813279067671, 20.894452160828951 ], [ -156.478132472904036, 20.894451800388023 ], [ -156.478132155146454, 20.894451439044381 ], [ -156.478131837373809, 20.894451078603453 ], [ -156.478131518640595, 20.894450718148335 ], [ -156.478131200867892, 20.894450357707381 ], [ -156.478130883095247, 20.894449997266456 ], [ -156.478130565337693, 20.894449635922825 ], [ -156.478130246604451, 20.894449275467718 ], [ -156.478129928831805, 20.894448915026778 ], [ -156.47812961105916, 20.894448554585846 ], [ -156.478129292325917, 20.894448194130721 ], [ -156.478128974553272, 20.894447833689778 ], [ -156.478128656780626, 20.894447473248832 ], [ -156.478128338047412, 20.89444711279371 ], [ -156.478128020274738, 20.894446752352771 ], [ -156.478127701541524, 20.894446391897645 ], [ -156.478127383768879, 20.89444603145671 ], [ -156.478127065035665, 20.894445671001584 ], [ -156.478126747263019, 20.894445310560631 ], [ -156.478126428514713, 20.894444951008211 ], [ -156.478126109781499, 20.894444590553086 ], [ -156.478125792008882, 20.894444230112153 ], [ -156.478125473275639, 20.894443869657035 ], [ -156.478125154542425, 20.894443509201896 ], [ -156.478124835794148, 20.894443149649469 ], [ -156.478124518021531, 20.894442789208519 ], [ -156.478124199288317, 20.89444242875339 ], [ -156.478123880540011, 20.894442069200956 ], [ -156.478123561806797, 20.894441708745831 ], [ -156.478123243073611, 20.894441348290698 ], [ -156.478122924325305, 20.894440988738261 ], [ -156.478122606552688, 20.894440628297328 ], [ -156.478122287804382, 20.894440268744898 ], [ -156.478121969071168, 20.894439908289769 ], [ -156.478121650322919, 20.894439548737328 ], [ -156.478121331589705, 20.894439188282199 ], [ -156.47812101188083, 20.894438828715582 ], [ -156.478120693147645, 20.894438468260439 ], [ -156.478120374399367, 20.894438108708012 ], [ -156.478120055666182, 20.894437748252887 ], [ -156.478119736917904, 20.894437388700453 ], [ -156.478119418169598, 20.894437029148012 ], [ -156.478119098475815, 20.894436668678701 ], [ -156.478118779727566, 20.894436309126263 ], [ -156.478118460979289, 20.894435949573818 ], [ -156.478118142231011, 20.89443559002137 ], [ -156.478117822537257, 20.894435229552059 ], [ -156.47811750378898, 20.894434869999621 ], [ -156.47811718504073, 20.894434510447184 ], [ -156.478116865331884, 20.894434150880571 ], [ -156.478116546583607, 20.89443379132813 ], [ -156.478116226874761, 20.894433431761502 ], [ -156.478115908126483, 20.894433072209051 ], [ -156.478115588417637, 20.894432712642423 ], [ -156.47811526968448, 20.894432352187305 ], [ -156.478114949975634, 20.894431992620685 ], [ -156.478114630266788, 20.894431633054051 ], [ -156.478114311503447, 20.89443127440429 ], [ -156.478113991794601, 20.894430914837674 ], [ -156.478113672085783, 20.894430555271057 ], [ -156.478113353337534, 20.89443019571862 ], [ -156.478113033628688, 20.894429836151978 ], [ -156.47811271391987, 20.894429476585355 ], [ -156.478112394211024, 20.894429117018721 ], [ -156.478112075462803, 20.894428757466279 ], [ -156.478111755738865, 20.894428398802347 ], [ -156.478111436030048, 20.894428039235731 ], [ -156.47811111632123, 20.894427679669089 ], [ -156.478110796612413, 20.894427320102466 ], [ -156.478110476888503, 20.894426961438523 ], [ -156.478110157179657, 20.894426601871903 ], [ -156.478109837470839, 20.894426242305268 ], [ -156.47810951774693, 20.894425883641343 ], [ -156.478109198038112, 20.894425524074702 ], [ -156.478108878314231, 20.894425165410762 ], [ -156.478108558605413, 20.894424805844128 ], [ -156.478108238881532, 20.894424447180196 ], [ -156.478107919172686, 20.894424087613576 ], [ -156.478107598488208, 20.894423728935447 ], [ -156.478107278779419, 20.894423369368809 ], [ -156.478106959055509, 20.894423010704873 ], [ -156.47810663934672, 20.89442265113825 ], [ -156.478106318662242, 20.894422292460135 ], [ -156.478105998938361, 20.894421933796181 ], [ -156.478105679229571, 20.894421574229536 ], [ -156.478105358545065, 20.894421215551429 ], [ -156.478105038821184, 20.894420856887493 ], [ -156.478104718151798, 20.894420497306669 ], [ -156.478104398427917, 20.894420138642715 ], [ -156.478104077743467, 20.894419779964593 ], [ -156.478103758019586, 20.894419421300668 ], [ -156.4781034373502, 20.894419061719852 ], [ -156.478103117626318, 20.894418703055905 ], [ -156.47810279694184, 20.894418344377769 ], [ -156.478102477217988, 20.894417985713826 ], [ -156.478102156533538, 20.894417627035704 ], [ -156.47810183584906, 20.894417268357575 ], [ -156.478101515164639, 20.894416909679457 ], [ -156.478101195440757, 20.894416551015496 ], [ -156.478100874756308, 20.894416192337381 ], [ -156.478100554071858, 20.894415833659256 ], [ -156.478100233387408, 20.89441547498112 ], [ -156.478099913663527, 20.894415116317173 ], [ -156.478099592979106, 20.894414757639051 ], [ -156.478099272294628, 20.894414398960919 ], [ -156.478098951610207, 20.894414040282783 ], [ -156.478098630910665, 20.89441368250737 ], [ -156.478098310226244, 20.894413323829227 ], [ -156.478097989541794, 20.894412965151101 ], [ -156.478097668857345, 20.894412606472958 ], [ -156.478097348172923, 20.894412247794843 ], [ -156.478097027473382, 20.894411890019391 ], [ -156.478096706788961, 20.894411531341266 ], [ -156.478096386104539, 20.894411172663126 ], [ -156.478096064444401, 20.89441081487351 ], [ -156.478095743760008, 20.894410456195381 ], [ -156.478095423060466, 20.894410098419936 ], [ -156.478095102376045, 20.89440973974181 ], [ -156.478094780731055, 20.894409381049499 ], [ -156.478094460031542, 20.894409023274051 ], [ -156.478094139347093, 20.894408664595908 ], [ -156.478093818647608, 20.894408306820477 ], [ -156.47809349700259, 20.894407948128155 ], [ -156.478093176303076, 20.894407590352706 ], [ -156.478092854642995, 20.894407232563097 ], [ -156.478092533958602, 20.894406873884968 ], [ -156.478092212298492, 20.894406516095334 ], [ -156.478091891614071, 20.894406157417205 ], [ -156.478091569953989, 20.89440579962757 ], [ -156.478091249254504, 20.894405441852125 ], [ -156.478090927594423, 20.894405084062509 ], [ -156.47809060691003, 20.894404725384369 ], [ -156.478090285249948, 20.894404367594735 ], [ -156.478089963589866, 20.894404009805108 ], [ -156.478089642890382, 20.894403652029659 ], [ -156.4780893212303, 20.894403294240036 ], [ -156.47808899958531, 20.89440293554771 ], [ -156.478088677925228, 20.894402577758097 ], [ -156.478088356265175, 20.894402219968459 ], [ -156.478088035565719, 20.894401862193007 ], [ -156.478087713905637, 20.89440150440338 ], [ -156.478087392245556, 20.894401146613745 ], [ -156.478087070585502, 20.894400788824111 ], [ -156.478086748925449, 20.894400431034491 ], [ -156.478086427265396, 20.894400073244856 ], [ -156.478086105605342, 20.894399715455208 ], [ -156.478085783945261, 20.894399357665588 ], [ -156.478085462270116, 20.894399000778662 ], [ -156.478085140610062, 20.894398642989032 ], [ -156.478084818950009, 20.89439828519939 ], [ -156.478084497289956, 20.894397927409763 ], [ -156.478084175629903, 20.894397569620132 ], [ -156.47808385299416, 20.894397212719007 ], [ -156.478083531334136, 20.894396854929369 ], [ -156.478083209674082, 20.894396497139745 ], [ -156.478082888014029, 20.8943961393501 ], [ -156.478082565378315, 20.894395782448996 ], [ -156.478082243718291, 20.89439542465934 ], [ -156.478081922058237, 20.894395066869698 ], [ -156.478081599422524, 20.894394709968594 ], [ -156.478081277762499, 20.894394352178953 ], [ -156.478080956087354, 20.894393995291995 ], [ -156.47808063346676, 20.894393637488179 ], [ -156.478080311791643, 20.894393280601225 ], [ -156.478079989170993, 20.894392922797426 ], [ -156.478079667495876, 20.894392565910479 ], [ -156.478079344875283, 20.894392208106655 ], [ -156.478079022239569, 20.89439185120553 ], [ -156.478078700564453, 20.894391494318576 ], [ -156.478078377943859, 20.894391136514759 ], [ -156.478078056268743, 20.894390779627813 ], [ -156.478077733633029, 20.894390422726687 ], [ -156.478077411012436, 20.894390064922874 ], [ -156.47807708837675, 20.894389708021738 ], [ -156.478076766701633, 20.894389351134794 ], [ -156.478076444065948, 20.894388994233655 ], [ -156.478076121445355, 20.894388636429834 ], [ -156.47807579880967, 20.894388279528709 ], [ -156.478075476173984, 20.894387922627573 ], [ -156.478075153538299, 20.894387565726451 ], [ -156.478074831863182, 20.89438720883949 ], [ -156.478074509227525, 20.894386851938354 ], [ -156.47807418659184, 20.894386495037224 ], [ -156.478073863956155, 20.894386138136085 ], [ -156.47807354132047, 20.894385781234963 ], [ -156.478073217724244, 20.894385424319644 ], [ -156.47807289508853, 20.894385067418515 ], [ -156.478072572452874, 20.894384710517375 ], [ -156.478072249817217, 20.894384353616264 ], [ -156.478071927181531, 20.894383996715106 ], [ -156.478071604545875, 20.89438363981397 ], [ -156.478071281910218, 20.894383282912845 ], [ -156.478070958313964, 20.894382925997519 ], [ -156.478070635663215, 20.894382569999078 ], [ -156.47807031302753, 20.894382213097938 ], [ -156.478069989431276, 20.894381856182626 ], [ -156.478069666795648, 20.894381499281479 ], [ -156.478069344144899, 20.894381143283059 ], [ -156.478069020548645, 20.89438078636773 ], [ -156.478068697913017, 20.894380429466583 ], [ -156.478068374301671, 20.894380073453949 ], [ -156.478068051666014, 20.894379716552809 ], [ -156.478067728069789, 20.894379359637494 ], [ -156.47806740541904, 20.894379003639052 ], [ -156.478067081822786, 20.894378646723723 ], [ -156.478066759172094, 20.894378290725278 ], [ -156.47806643557584, 20.894377933809952 ], [ -156.478066111964523, 20.894377577797318 ], [ -156.478065789328895, 20.894377220896185 ], [ -156.478065465717577, 20.894376864883551 ], [ -156.47806514210626, 20.894376508870931 ], [ -156.478064819470632, 20.894376151969773 ], [ -156.478064495859314, 20.89437579595716 ], [ -156.478064172263117, 20.894375439041827 ], [ -156.4780638486518, 20.8943750830292 ], [ -156.478063525040483, 20.894374727016555 ], [ -156.478063201429194, 20.894374371003941 ], [ -156.478062877832969, 20.894374014088601 ], [ -156.478062555182248, 20.894373658090164 ], [ -156.478062231570959, 20.894373302077518 ], [ -156.47806190795967, 20.894372946064895 ], [ -156.478061584348353, 20.894372590052246 ], [ -156.478061260737064, 20.894372234039622 ], [ -156.478060936180299, 20.894371877110103 ], [ -156.478060612568981, 20.894371521097472 ], [ -156.478060288957693, 20.894371165084827 ], [ -156.478059965346404, 20.894370809072193 ], [ -156.478059641735115, 20.894370453059562 ], [ -156.478059318123826, 20.89437009704692 ], [ -156.478058993551969, 20.894369741020096 ], [ -156.47805866994068, 20.894369385007472 ], [ -156.478058346314299, 20.894369029897522 ], [ -156.478058022703038, 20.89436867388488 ], [ -156.478057698131153, 20.894368317858067 ], [ -156.478057374519892, 20.894367961845418 ], [ -156.478057049948035, 20.894367605818601 ], [ -156.478056726336746, 20.89436724980597 ], [ -156.478056402710394, 20.894366894696027 ], [ -156.478056078138536, 20.8943665386692 ], [ -156.478055754527276, 20.894366182656562 ], [ -156.478055429955418, 20.894365826629731 ], [ -156.478055106329037, 20.89436547151978 ], [ -156.478054781757209, 20.894365115492953 ], [ -156.47805445718538, 20.894364759466143 ], [ -156.478054133558999, 20.894364404356189 ], [ -156.47805380898717, 20.894364048329361 ], [ -156.47805348440022, 20.894363693205239 ], [ -156.47805316078896, 20.894363337192576 ], [ -156.478052836202039, 20.894362982068454 ], [ -156.47805251163021, 20.894362626041634 ], [ -156.478052187043261, 20.894362270917487 ], [ -156.478051863432, 20.894361914904835 ], [ -156.478051538845079, 20.89436155978072 ], [ -156.478051214273279, 20.894361203753892 ], [ -156.47805088968633, 20.894360848629752 ], [ -156.478050565099409, 20.894360493505623 ], [ -156.47805024052758, 20.894360137478778 ], [ -156.478049915940659, 20.894359782354648 ], [ -156.478049591353738, 20.894359427230526 ], [ -156.478049266766845, 20.894359072106386 ], [ -156.478048942195016, 20.894358716079562 ], [ -156.478048617608096, 20.894358360955412 ], [ -156.478048293021203, 20.894358005831279 ], [ -156.478047968434254, 20.894357650707146 ], [ -156.47804764384739, 20.894357295583003 ], [ -156.478047318299872, 20.894356940444684 ], [ -156.478046993712979, 20.894356585320537 ], [ -156.478046669141179, 20.894356229293702 ], [ -156.478046344554258, 20.894355874169573 ], [ -156.478046019006797, 20.894355519031247 ], [ -156.478045694419876, 20.894355163907111 ], [ -156.478045369832984, 20.89435480878295 ], [ -156.478045044285494, 20.894354453644642 ], [ -156.47804471968351, 20.894354099423197 ], [ -156.478044394136049, 20.894353744284871 ], [ -156.478044069549156, 20.894353389160734 ], [ -156.478043744962264, 20.894353034036588 ], [ -156.478043419414803, 20.894352678898265 ], [ -156.478043093867313, 20.894352323759943 ], [ -156.478042769265357, 20.894351969538484 ], [ -156.478042443717868, 20.894351614400151 ], [ -156.478042119130976, 20.894351259276025 ], [ -156.478041793583543, 20.894350904137688 ], [ -156.47804146802099, 20.894350549902047 ], [ -156.478041143434098, 20.894350194777921 ], [ -156.478040817886637, 20.894349839639581 ], [ -156.478040492324084, 20.894349485403954 ], [ -156.478040166776623, 20.894349130265631 ], [ -156.478039842174667, 20.894348776044161 ], [ -156.478039516627206, 20.894348420905835 ], [ -156.478039191064653, 20.894348066670208 ], [ -156.47803886551722, 20.894347711531871 ], [ -156.478038539954667, 20.894347357296244 ], [ -156.478038214407235, 20.894347002157922 ], [ -156.478037888844682, 20.894346647922262 ], [ -156.478037563297221, 20.89434629278394 ], [ -156.478037237734725, 20.894345938548302 ], [ -156.478036912172172, 20.894345584312653 ], [ -156.478036586624739, 20.894345229174331 ], [ -156.478036261062186, 20.894344874938696 ], [ -156.47803593549969, 20.894344520703047 ], [ -156.478035609952229, 20.894344165564721 ], [ -156.478035284389705, 20.89434381132908 ], [ -156.478034957866612, 20.894343457079248 ], [ -156.478034632304059, 20.894343102843614 ], [ -156.478034306741534, 20.894342748607983 ], [ -156.47803398119413, 20.894342393469639 ], [ -156.478033654671009, 20.894342039219815 ], [ -156.478033329108484, 20.894341684984184 ], [ -156.478033003546017, 20.894341330748517 ], [ -156.478032677022895, 20.894340976498693 ], [ -156.478032351460399, 20.894340622263066 ], [ -156.478032025897875, 20.894340268027427 ], [ -156.478031699374782, 20.894339913777589 ], [ -156.478031373812286, 20.894339559541933 ], [ -156.478031047289193, 20.894339205292116 ], [ -156.4780307207661, 20.894338851042285 ], [ -156.478030395203575, 20.89433849680664 ], [ -156.478030068665419, 20.894338143459517 ], [ -156.478029743102923, 20.894337789223862 ], [ -156.47802941657983, 20.894337434974027 ], [ -156.478029090056737, 20.894337080724203 ], [ -156.47802876449424, 20.894336726488554 ], [ -156.478028437956056, 20.894336373141432 ], [ -156.478028111432991, 20.89433601889159 ], [ -156.478027784909926, 20.894335664641762 ], [ -156.478027459332338, 20.894335311308815 ], [ -156.478027132809274, 20.894334957058959 ], [ -156.478026806286209, 20.894334602809128 ], [ -156.478026479748053, 20.894334249461998 ], [ -156.47802615322496, 20.894333895212178 ], [ -156.478025826686803, 20.894333541865027 ], [ -156.478025500163739, 20.894333187615199 ], [ -156.47802517362561, 20.894332834268063 ], [ -156.478024847102517, 20.894332480018228 ], [ -156.478024520564361, 20.894332126671078 ], [ -156.478024194041325, 20.894331772421236 ], [ -156.478023867503168, 20.894331419074103 ], [ -156.478023540980104, 20.894331064824271 ], [ -156.478023214441976, 20.894330711477114 ], [ -156.478022887903819, 20.894330358129984 ], [ -156.478022560420186, 20.894330003865971 ], [ -156.478022233882029, 20.894329650518827 ], [ -156.478021907343901, 20.894329297171694 ], [ -156.478021580805773, 20.894328943824533 ], [ -156.47802125332214, 20.894328589560509 ], [ -156.478020926784012, 20.894328236213369 ], [ -156.478020600245884, 20.894327882866246 ], [ -156.478020272747159, 20.894327529504888 ], [ -156.478019946209031, 20.894327176157748 ], [ -156.478019618710306, 20.894326822796433 ], [ -156.47801929218727, 20.894326468546588 ], [ -156.478018964688545, 20.894326115185262 ], [ -156.478018638150445, 20.89432576183809 ], [ -156.47801831065172, 20.894325408476778 ], [ -156.478017984113592, 20.894325055129624 ], [ -156.478017656614895, 20.894324701768301 ], [ -156.478017330061675, 20.894324349323853 ], [ -156.478017002563007, 20.894323995962512 ], [ -156.478016675064282, 20.894323642601183 ], [ -156.478016347565585, 20.89432328923985 ], [ -156.478016021027457, 20.894322935892706 ], [ -156.478015693528761, 20.894322582531366 ], [ -156.478015366030093, 20.894322229170015 ], [ -156.478015038516304, 20.894321876711391 ], [ -156.478014711978204, 20.894321523364237 ], [ -156.478014384479508, 20.894321170002911 ], [ -156.47801405698084, 20.894320816641574 ], [ -156.478013729467051, 20.894320464182936 ], [ -156.478013401968354, 20.894320110821596 ], [ -156.478013074454594, 20.894319758362947 ], [ -156.478012746955898, 20.89431940500161 ], [ -156.478012419457201, 20.894319051640288 ], [ -156.478012091943469, 20.894318699181643 ], [ -156.478011764444773, 20.894318345820306 ], [ -156.478011436930984, 20.894317993361653 ], [ -156.478011109432344, 20.89431764000032 ], [ -156.478010780957987, 20.894317287527489 ], [ -156.478010453459319, 20.894316934166156 ], [ -156.478010125945531, 20.894316581707507 ], [ -156.478009798431799, 20.894316229248858 ], [ -156.478009470933131, 20.894315875887511 ], [ -156.478009142458774, 20.894315523414686 ], [ -156.478008814945014, 20.894315170956052 ], [ -156.478008487446374, 20.894314817594704 ], [ -156.478008158972045, 20.894314465121877 ], [ -156.478007831458285, 20.894314112663231 ], [ -156.478007502983957, 20.894313760190407 ], [ -156.478007175485288, 20.894313406829074 ], [ -156.478006847971528, 20.894313054370397 ], [ -156.4780065194972, 20.894312701897576 ], [ -156.478006191983496, 20.894312349438923 ], [ -156.478005863509168, 20.894311996966096 ], [ -156.478005535034839, 20.894311644493257 ], [ -156.478005207521107, 20.894311292034619 ], [ -156.478004879046779, 20.894310939561784 ], [ -156.478004551533019, 20.894310587103121 ], [ -156.478004223058718, 20.8943102346303 ], [ -156.47800389458439, 20.894309882157447 ], [ -156.47800356611009, 20.894309529684623 ], [ -156.478003238596358, 20.89430917722596 ], [ -156.478002910122029, 20.894308824753118 ], [ -156.478002581647729, 20.894308472280294 ], [ -156.478002253173429, 20.894308119807459 ], [ -156.478001924699129, 20.894307767334634 ], [ -156.478001596209737, 20.894307415764477 ], [ -156.478001268696005, 20.894307063305828 ], [ -156.478000940221705, 20.894306710832979 ], [ -156.478000611747404, 20.894306358360122 ], [ -156.478000283258012, 20.894306006789993 ], [ -156.477999954783684, 20.894305654317151 ], [ -156.477999626309384, 20.894305301844327 ], [ -156.477999296859423, 20.89430495025999 ], [ -156.477998968385151, 20.894304597787155 ], [ -156.477998639910851, 20.89430424531432 ], [ -156.477998311421487, 20.894303893744169 ], [ -156.477997982947159, 20.894303541271324 ], [ -156.477997654457795, 20.894303189701183 ], [ -156.477997325022926, 20.894302837214166 ], [ -156.477996996533562, 20.894302485644012 ], [ -156.477996668059262, 20.894302133171156 ], [ -156.47799633956987, 20.894301781600998 ], [ -156.477996010119938, 20.894301430016675 ], [ -156.477995681645666, 20.894301077543826 ], [ -156.477995353156302, 20.894300725973682 ], [ -156.477995023706342, 20.894300374389349 ], [ -156.47799469523207, 20.894300021916511 ], [ -156.477994365782138, 20.894299670332177 ], [ -156.477994037292746, 20.894299318762013 ], [ -156.477993707842813, 20.894298967177683 ], [ -156.477993379368542, 20.89429861470483 ], [ -156.477993049918581, 20.894298263120511 ], [ -156.477992720468677, 20.894297911536174 ], [ -156.477992391979313, 20.894297559966009 ], [ -156.477992062529353, 20.894297208381676 ], [ -156.477991733079449, 20.894296856797343 ], [ -156.477991404590057, 20.894296505227182 ], [ -156.477991075140153, 20.894296153642848 ], [ -156.477990745690192, 20.894295802058515 ], [ -156.477990417200857, 20.894295450488357 ], [ -156.477990087750953, 20.894295098904006 ], [ -156.477989758300993, 20.894294747319677 ], [ -156.477989428851089, 20.894294395735326 ], [ -156.477989099401157, 20.894294044150989 ], [ -156.477988769951253, 20.894293692566652 ], [ -156.477988440501321, 20.894293340982308 ], [ -156.477988111051388, 20.894292989397968 ], [ -156.477987781586393, 20.894292638716326 ], [ -156.47798745213646, 20.894292287131982 ], [ -156.477987122686557, 20.894291935547646 ], [ -156.477986793236624, 20.894291583963291 ], [ -156.477986463771657, 20.894291233281646 ], [ -156.477986134321725, 20.894290881697295 ], [ -156.477985804871821, 20.894290530112958 ], [ -156.477985475406825, 20.894290179431309 ], [ -156.477985144996325, 20.894289827832772 ], [ -156.477984815531357, 20.894289477151119 ], [ -156.477984486081453, 20.89428912556679 ], [ -156.477984156616429, 20.894288774885133 ], [ -156.477983826205957, 20.894288423286593 ], [ -156.477983496740961, 20.89428807260494 ], [ -156.477983167291057, 20.894287721020596 ], [ -156.477982836865493, 20.894287370324768 ], [ -156.477982507415618, 20.894287018740407 ], [ -156.477982176990025, 20.894286668044572 ], [ -156.47798184754015, 20.894286316460231 ], [ -156.477981517114586, 20.894285965764389 ], [ -156.477981187649618, 20.894285615082744 ], [ -156.477980857224054, 20.894285264386898 ], [ -156.47798052777415, 20.894284912802551 ], [ -156.477980197348586, 20.894284562106701 ], [ -156.477979867883647, 20.894284211425052 ], [ -156.477979537458083, 20.894283860729214 ], [ -156.477979207047611, 20.894283509130677 ], [ -156.477978876622075, 20.894283158434824 ], [ -156.477978547157079, 20.894282807753186 ], [ -156.477978216731543, 20.894282457057344 ], [ -156.477977886305979, 20.894282106361498 ], [ -156.477977555880443, 20.894281755665659 ], [ -156.477977226415504, 20.894281404984 ], [ -156.47797689598994, 20.894281054288143 ], [ -156.477976565564404, 20.894280703592315 ], [ -156.477976235138868, 20.894280352896462 ], [ -156.477975904713333, 20.894280002200627 ], [ -156.477975574287797, 20.894279651504771 ], [ -156.477975243862261, 20.894279300808932 ], [ -156.477974913436725, 20.89427895011308 ], [ -156.477974582996097, 20.894278600319918 ], [ -156.477974252570561, 20.894278249624094 ], [ -156.477973922145026, 20.894277898928255 ], [ -156.477973591719518, 20.894277548232406 ], [ -156.477973261293982, 20.894277197536553 ], [ -156.477972929892786, 20.894276847729209 ], [ -156.47797259946725, 20.894276497033363 ], [ -156.477972269041715, 20.894276146337511 ], [ -156.477971938601115, 20.894275796544353 ], [ -156.477971607215011, 20.894275445834328 ], [ -156.477971276789503, 20.894275095138468 ], [ -156.477970946348904, 20.894274745345335 ], [ -156.4779706149628, 20.894274394635289 ], [ -156.4779702845222, 20.894274044842142 ], [ -156.477969954096693, 20.894273694146285 ], [ -156.477969622695497, 20.894273344338934 ], [ -156.477969292269989, 20.894272993643089 ], [ -156.477968960868793, 20.894272643835755 ], [ -156.477968630428194, 20.89427229404258 ], [ -156.477968299042089, 20.894271943332551 ], [ -156.477967968601519, 20.894271593539411 ], [ -156.477967637200351, 20.894271243732064 ], [ -156.477967305814275, 20.894270893022021 ], [ -156.477966975373675, 20.894270543228846 ], [ -156.477966643972479, 20.894270193421516 ], [ -156.477966312586432, 20.894269842711473 ], [ -156.477965982145832, 20.894269492918315 ], [ -156.477965650744665, 20.894269143110982 ], [ -156.477965319343497, 20.894268793303628 ], [ -156.477964987942329, 20.894268443496276 ], [ -156.477964656541161, 20.894268093688943 ], [ -156.47796432611571, 20.894267742993065 ], [ -156.477963994714514, 20.894267393185721 ], [ -156.477963663313375, 20.894267043378381 ], [ -156.477963331912235, 20.894266693571048 ], [ -156.477963000511039, 20.894266343763693 ], [ -156.4779626691099, 20.894265993956349 ], [ -156.477962337708732, 20.894265644148984 ], [ -156.477962006307592, 20.894265294341647 ], [ -156.47796167489139, 20.89426494543698 ], [ -156.477961343490222, 20.894264595629647 ], [ -156.477961012089082, 20.894264245822292 ], [ -156.477960679727346, 20.894263896000759 ], [ -156.477960348326178, 20.8942635461934 ], [ -156.477960016925067, 20.894263196386049 ], [ -156.477959685508836, 20.894262847481407 ], [ -156.477959354107696, 20.894262497674056 ], [ -156.47795902174596, 20.894262147852512 ], [ -156.477958690329757, 20.894261798947849 ], [ -156.477958358928618, 20.894261449140487 ], [ -156.477958026566881, 20.894261099318957 ], [ -156.477957695150678, 20.894260750414315 ], [ -156.477957363749539, 20.894260400606942 ], [ -156.477957031387831, 20.894260050785416 ], [ -156.4779566999716, 20.894259701880735 ], [ -156.477956367609892, 20.894259352059191 ], [ -156.477956036193689, 20.894259003154549 ], [ -156.477955703831981, 20.894258653333011 ], [ -156.477955372415778, 20.894258304428341 ], [ -156.477955040038978, 20.894257955509499 ], [ -156.47795470767727, 20.894257605687976 ], [ -156.477954376261067, 20.894257256783302 ], [ -156.477954043899388, 20.894256906961758 ], [ -156.477953711522588, 20.894256558042915 ], [ -156.477953380106385, 20.894256209138252 ], [ -156.477953047729585, 20.894255860219399 ], [ -156.477952715367906, 20.894255510397855 ], [ -156.477952382991134, 20.894255161479002 ], [ -156.477952051574931, 20.894254812574328 ], [ -156.477951719198131, 20.894254463655493 ], [ -156.477951386821388, 20.89425411473664 ], [ -156.477951054459709, 20.894253764915103 ], [ -156.477950722082937, 20.894253415996232 ], [ -156.477950389706137, 20.894253067077393 ], [ -156.477950057329366, 20.894252718158544 ], [ -156.477949724952595, 20.89425236923968 ], [ -156.477949392575823, 20.894252020320835 ], [ -156.477949060199052, 20.894251671401982 ], [ -156.47794872782228, 20.894251322483139 ], [ -156.477948395445537, 20.894250973564283 ], [ -156.477948063068794, 20.894250624645412 ], [ -156.477947730692023, 20.894250275726574 ], [ -156.477947397339591, 20.894249927696226 ], [ -156.477947064962819, 20.894249578777369 ], [ -156.477946732586076, 20.894249229858506 ], [ -156.477946400209333, 20.894248880939656 ], [ -156.477946066871993, 20.894248532006618 ], [ -156.47794573448013, 20.894248183990456 ], [ -156.477945402103387, 20.894247835071617 ], [ -156.477945068766047, 20.894247486138561 ], [ -156.477944736389304, 20.894247137219697 ], [ -156.477944403036872, 20.894246789189353 ], [ -156.477944070660129, 20.894246440270507 ], [ -156.477943738268323, 20.894246092254331 ], [ -156.477943404930983, 20.894245743321278 ], [ -156.47794307255424, 20.894245394402418 ], [ -156.477942739201836, 20.894245046372092 ], [ -156.477942405864525, 20.894244697439042 ], [ -156.47794207347269, 20.894244349422852 ], [ -156.477941740120286, 20.894244001392529 ], [ -156.477941407743543, 20.894243652473662 ], [ -156.47794107439114, 20.894243304443307 ], [ -156.477940741053828, 20.894242955510265 ], [ -156.477940407701425, 20.894242607479917 ], [ -156.477940075309618, 20.894242259463734 ], [ -156.477939741972278, 20.894241910530695 ], [ -156.477939408619903, 20.894241562500348 ], [ -156.4779390752675, 20.894241214469989 ], [ -156.477938741930188, 20.894240865536929 ], [ -156.477938408577813, 20.894240517506585 ], [ -156.477938076186007, 20.894240169490409 ], [ -156.477937742833603, 20.894239821460065 ], [ -156.477937409481228, 20.894239473429707 ], [ -156.477937076128825, 20.894239125399352 ], [ -156.47793674277645, 20.894238777368994 ], [ -156.477936409439167, 20.894238428435941 ], [ -156.477936075126195, 20.894238080391396 ], [ -156.47793574177382, 20.894237732361038 ], [ -156.477935408421416, 20.894237384330687 ], [ -156.477935075069041, 20.894237036300318 ], [ -156.477934741716695, 20.894236688269974 ], [ -156.477934408349199, 20.894236341142307 ], [ -156.477934074996824, 20.894235993111945 ], [ -156.477933740683852, 20.894235645067418 ], [ -156.477933407331506, 20.894235297037042 ], [ -156.477933073979159, 20.89423494900667 ], [ -156.477932739666187, 20.894234600962154 ], [ -156.477932406313812, 20.894234252931774 ], [ -156.477932072946345, 20.894233905804107 ], [ -156.477931738633401, 20.894233557759577 ], [ -156.477931405281055, 20.894233209729212 ], [ -156.477931070953019, 20.894232862587366 ], [ -156.477930737600673, 20.894232514556986 ], [ -156.477930403287729, 20.894232166512438 ], [ -156.477930069920262, 20.894231819384785 ], [ -156.477929735607347, 20.894231471340223 ], [ -156.477929402239909, 20.894231124212549 ], [ -156.477929067926965, 20.894230776168012 ], [ -156.477928733614021, 20.894230428123461 ], [ -156.477928400246583, 20.894230080995797 ], [ -156.477928065918547, 20.894229733853937 ], [ -156.477927731605632, 20.894229385809375 ], [ -156.477927398238194, 20.894229038681708 ], [ -156.477927063925279, 20.894228690637156 ], [ -156.477926729597272, 20.89422834349531 ], [ -156.477926395269265, 20.89422799635344 ], [ -156.477926060956321, 20.894227648308892 ], [ -156.477925726628314, 20.894227301167049 ], [ -156.477925392300335, 20.894226954025168 ], [ -156.477925058947989, 20.89422660599482 ], [ -156.477924724619953, 20.894226258852949 ], [ -156.477924390291975, 20.894225911711086 ], [ -156.477924055963967, 20.894225564569229 ], [ -156.47792372163596, 20.894225217427358 ], [ -156.477923387307953, 20.894224870285509 ], [ -156.47792305203447, 20.894224522226779 ], [ -156.477922717706463, 20.894224175084915 ], [ -156.477922383378484, 20.894223827943051 ], [ -156.477922049050477, 20.89422348080117 ], [ -156.477921714722498, 20.894223133659324 ], [ -156.477921380394491, 20.894222786517457 ], [ -156.477921045105916, 20.894222439361421 ], [ -156.477920710777937, 20.894222092219543 ], [ -156.477920376449958, 20.89422174507769 ], [ -156.477920042106888, 20.894221398838507 ], [ -156.477919706818312, 20.894221051682468 ], [ -156.477919372490334, 20.894220704540587 ], [ -156.477919037201787, 20.894220357384544 ], [ -156.477918702873779, 20.894220010242684 ], [ -156.477918368530709, 20.894219664003511 ], [ -156.477918033242162, 20.894219316847458 ], [ -156.477917698914183, 20.894218969705584 ], [ -156.477917363625636, 20.894218622549552 ], [ -156.477917028321997, 20.894218276296186 ], [ -156.477916693994018, 20.894217929154319 ], [ -156.477916358705471, 20.894217581998273 ], [ -156.477916024362401, 20.894217235759097 ], [ -156.477915689073853, 20.894216888603037 ], [ -156.477915353770214, 20.894216542349689 ], [ -156.477915019442264, 20.894216195207811 ], [ -156.477914684138625, 20.894215848954456 ], [ -156.477914348850078, 20.894215501798385 ], [ -156.477914013546439, 20.894215155545027 ], [ -156.477913679218489, 20.894214808403166 ], [ -156.47791334391485, 20.894214462149794 ], [ -156.477913008611239, 20.894214115896439 ], [ -156.47791267332272, 20.894213768740379 ], [ -156.477912338019081, 20.894213422487024 ], [ -156.477912002715442, 20.89421307623364 ], [ -156.477911667426923, 20.894212729077609 ], [ -156.477911332123313, 20.894212382824215 ], [ -156.477910996819702, 20.894212036570867 ], [ -156.477910661516063, 20.894211690317494 ], [ -156.477910326227516, 20.894211343161448 ], [ -156.477909990923933, 20.894210996908065 ], [ -156.477909655620323, 20.894210650654706 ], [ -156.477909320316712, 20.894210304401334 ], [ -156.477908985013073, 20.894209958147982 ], [ -156.477908648748894, 20.894209611880434 ], [ -156.477908313445312, 20.894209265627062 ], [ -156.477907978141673, 20.894208919373686 ], [ -156.47790764283809, 20.89420857312032 ], [ -156.477907306573911, 20.89420822685279 ], [ -156.477906971270272, 20.894207880599396 ], [ -156.47790663596669, 20.89420753434603 ], [ -156.477906299702511, 20.894207188078479 ], [ -156.477905964398929, 20.89420684182512 ], [ -156.477905628134749, 20.894206495557555 ], [ -156.477905292816047, 20.894206150206887 ], [ -156.477904956551896, 20.894205803939318 ], [ -156.477904621248285, 20.894205457685949 ], [ -156.477904284984135, 20.894205111418401 ], [ -156.47790394966546, 20.894204766067716 ], [ -156.477903613401281, 20.894204419800168 ], [ -156.477903278097699, 20.894204073546785 ], [ -156.477902941818428, 20.894203728181928 ], [ -156.477902605554249, 20.894203381914362 ], [ -156.477902270250695, 20.894203035660997 ], [ -156.477901933971452, 20.894202690296115 ], [ -156.477901597707273, 20.894202344028582 ], [ -156.47790126142803, 20.894201998663704 ], [ -156.477900926124448, 20.894201652410324 ], [ -156.477900589845206, 20.894201307045471 ], [ -156.477900253581055, 20.894200960777901 ], [ -156.477899917301812, 20.894200615413034 ], [ -156.477899581037633, 20.894200269145461 ], [ -156.477899244758419, 20.894199923780619 ], [ -156.477898908479176, 20.894199578415741 ], [ -156.477898572215025, 20.894199232148168 ], [ -156.477898235935811, 20.894198886783315 ], [ -156.477897899656568, 20.894198541418437 ], [ -156.477897563377326, 20.894198196053569 ], [ -156.477897227113203, 20.894197849786018 ], [ -156.477896890833961, 20.894197504421136 ], [ -156.477896554554718, 20.894197159056272 ], [ -156.477896218275504, 20.894196813691387 ], [ -156.477895881996261, 20.894196468326516 ], [ -156.477895544756478, 20.894196122947477 ], [ -156.477895208492328, 20.894195776679897 ], [ -156.477894872213113, 20.894195431315037 ], [ -156.477894535933899, 20.894195085950145 ], [ -156.477894198694088, 20.894194740571102 ], [ -156.477893862414874, 20.894194395206231 ], [ -156.477893526135688, 20.894194049841349 ], [ -156.477893188895877, 20.894193704462293 ], [ -156.47789285260157, 20.894193360000116 ], [ -156.477892515361788, 20.894193014621056 ], [ -156.477892179082573, 20.894192669256185 ], [ -156.477891841842762, 20.894192323877103 ], [ -156.477891505563548, 20.894191978512225 ], [ -156.477891168323765, 20.894191633133179 ], [ -156.477890832029487, 20.894191288670996 ], [ -156.477890494789705, 20.894190943291932 ], [ -156.477890158510519, 20.894190597927061 ], [ -156.477889821270736, 20.894190252547993 ], [ -156.477889484015861, 20.894189908071631 ], [ -156.477889147736647, 20.89418956270676 ], [ -156.477888810496893, 20.894189217327682 ], [ -156.477888473242018, 20.89418887285132 ], [ -156.477888136002235, 20.894188527472242 ], [ -156.477887799707958, 20.894188183010051 ], [ -156.477887462468175, 20.894187837630991 ], [ -156.477887125213329, 20.894187493154632 ], [ -156.477886787973574, 20.894187147775558 ], [ -156.4778864507187, 20.894186803299181 ], [ -156.477886113478917, 20.894186457920114 ], [ -156.47788577622407, 20.894186113443752 ], [ -156.477885438969224, 20.894185768967386 ], [ -156.47788510172947, 20.894185423588286 ], [ -156.477884764474624, 20.894185079111928 ], [ -156.477884427219777, 20.894184734635566 ], [ -156.477884089980023, 20.894184389256498 ], [ -156.477883752725177, 20.894184044780104 ], [ -156.47788341547033, 20.894183700303739 ], [ -156.477883078215484, 20.894183355827373 ], [ -156.47788274097573, 20.89418301044828 ], [ -156.477882402760315, 20.894182665957732 ], [ -156.477882065505469, 20.89418232148136 ], [ -156.477881728250651, 20.894181977004969 ], [ -156.477881390995805, 20.894181632528593 ], [ -156.47788105278039, 20.894181288038041 ], [ -156.477880715525544, 20.894180943561654 ], [ -156.477880378270726, 20.894180599085271 ], [ -156.477880040055311, 20.894180254594719 ], [ -156.477879702800465, 20.894179910118336 ], [ -156.477879364585078, 20.894179565627759 ], [ -156.477879027330232, 20.894179221151393 ], [ -156.477878689114846, 20.894178876660831 ], [ -156.477878351860028, 20.894178532184441 ], [ -156.477878013644613, 20.894178187693875 ], [ -156.477877676374703, 20.894177844120186 ], [ -156.477877338159317, 20.89417749962962 ], [ -156.477876999943902, 20.894177155139054 ], [ -156.477876662689084, 20.894176810662664 ], [ -156.477876324458606, 20.894176467074796 ], [ -156.47787598624322, 20.894176122584234 ], [ -156.477875648988402, 20.894175778107844 ], [ -156.477875310757923, 20.894175434519966 ], [ -156.477874972542537, 20.89417509002941 ], [ -156.477874634327151, 20.894174745538844 ], [ -156.477874297057241, 20.894174401965131 ], [ -156.477873958841855, 20.894174057474562 ], [ -156.477873620611405, 20.894173713886698 ], [ -156.477873282396018, 20.894173369396128 ], [ -156.47787294416554, 20.894173025808236 ], [ -156.477872605950154, 20.894172681317674 ], [ -156.477872267719704, 20.894172337729806 ], [ -156.477871929504317, 20.89417199323923 ], [ -156.477871591273868, 20.894171649651337 ], [ -156.477871253043389, 20.894171306063456 ], [ -156.477870914828003, 20.894170961572883 ], [ -156.477870576597553, 20.894170617985008 ], [ -156.477870238367075, 20.894170274397133 ], [ -156.477869899176056, 20.894169930795066 ], [ -156.477869560960698, 20.894169586304486 ], [ -156.47786922273022, 20.894169242716607 ], [ -156.47786888449977, 20.894168899128729 ], [ -156.47786854626932, 20.894168555540816 ], [ -156.477868207078274, 20.894168211938766 ], [ -156.477867868862944, 20.894167867448189 ], [ -156.477867530632494, 20.894167523860311 ], [ -156.477867191441447, 20.894167180258247 ], [ -156.477866853211026, 20.894166836670347 ], [ -156.477866514020008, 20.894166493068283 ], [ -156.477866175789558, 20.894166149480405 ], [ -156.477865837559108, 20.894165805892513 ], [ -156.477865498368089, 20.894165462290459 ], [ -156.477865159161979, 20.894165119591062 ], [ -156.477864820931529, 20.89416477600318 ], [ -156.477864481740511, 20.894164432401109 ], [ -156.477864143510089, 20.894164088813213 ], [ -156.477863804319071, 20.894163745211163 ], [ -156.47786346608865, 20.894163401623249 ], [ -156.477863126882539, 20.894163058923873 ], [ -156.477862787691521, 20.894162715321809 ], [ -156.477862448500531, 20.894162371719737 ], [ -156.477862110270109, 20.894162028131849 ], [ -156.477861771063999, 20.894161685432476 ], [ -156.477861431873009, 20.894161341830376 ], [ -156.477861092681991, 20.894160998228308 ], [ -156.477860753475909, 20.894160655528928 ], [ -156.477860415245516, 20.894160311941047 ], [ -156.477860076039406, 20.894159969241663 ], [ -156.477859736848416, 20.894159625639592 ], [ -156.477859397642334, 20.894159282940187 ], [ -156.477859058451344, 20.894158939338105 ], [ -156.477858719245262, 20.894158596638732 ], [ -156.477858380054272, 20.894158253036668 ], [ -156.47785804084819, 20.894157910337263 ], [ -156.477857701642108, 20.894157567637887 ], [ -156.477857361490521, 20.894157224021633 ], [ -156.477857022284439, 20.894156881322235 ], [ -156.477856683078386, 20.894156538622852 ], [ -156.477856343887396, 20.894156195020759 ], [ -156.477856004681342, 20.894155852321383 ], [ -156.477855665475261, 20.894155509621989 ], [ -156.47785532530861, 20.89415516690843 ], [ -156.477854986102557, 20.894154824209036 ], [ -156.477854646911595, 20.894154480606936 ], [ -156.477854306744916, 20.89415413789337 ], [ -156.477853967538863, 20.894153795193979 ], [ -156.477853628332809, 20.894153452494599 ], [ -156.477853288166187, 20.894153109781016 ], [ -156.477852948960106, 20.894152767081628 ], [ -156.477852608793484, 20.894152424368063 ], [ -156.47785226958743, 20.894152081668672 ], [ -156.47785192942078, 20.894151738955102 ], [ -156.477851590214726, 20.894151396255705 ], [ -156.477851250048104, 20.89415105354211 ], [ -156.477850909881454, 20.89415071082853 ], [ -156.477850570660337, 20.894150369031838 ], [ -156.477850230493715, 20.894150026318272 ], [ -156.477849891287661, 20.894149683618856 ], [ -156.477849551121039, 20.894149340905287 ], [ -156.477849210954417, 20.89414899819171 ], [ -156.477848870772704, 20.894148656380832 ], [ -156.47784853156665, 20.894148313681431 ], [ -156.477848191400057, 20.89414797096785 ], [ -156.477847851218343, 20.894147629156969 ], [ -156.477847511051721, 20.894147286443363 ], [ -156.477847170885127, 20.894146943729794 ], [ -156.477846830703385, 20.894146601918905 ], [ -156.477846490536791, 20.894146259205321 ], [ -156.477846150355077, 20.894145917394439 ], [ -156.477845810188484, 20.894145574680863 ], [ -156.477845470006798, 20.89414523286996 ], [ -156.477845129840176, 20.894144890156387 ], [ -156.477844789658491, 20.894144548345491 ], [ -156.477844449491869, 20.89414420563191 ], [ -156.477844109310212, 20.894143863821025 ], [ -156.477843769128498, 20.894143522010125 ], [ -156.477843428961904, 20.894143179296535 ], [ -156.477843088780219, 20.894142837485642 ], [ -156.477842748598533, 20.89414249567475 ], [ -156.477842407471371, 20.89414215294698 ], [ -156.477842067289686, 20.894141811136102 ], [ -156.477841727108, 20.894141469325188 ], [ -156.477841385965718, 20.894141127500117 ], [ -156.477841045784061, 20.894140785689235 ], [ -156.477840705617467, 20.894140442975623 ], [ -156.477840364475213, 20.894140101150541 ], [ -156.477840024293528, 20.894139759339645 ], [ -156.477839683151274, 20.89413941751457 ], [ -156.477839342969617, 20.894139075703677 ], [ -156.477839002787931, 20.89413873389276 ], [ -156.477838661645677, 20.894138392067688 ], [ -156.477838320503423, 20.894138050242603 ], [ -156.477837980321794, 20.894137708431696 ], [ -156.47783763917954, 20.894137366606632 ], [ -156.477837298997883, 20.894137024795725 ], [ -156.477836957840537, 20.894136683873342 ], [ -156.477836616698312, 20.894136342048245 ], [ -156.477836276516626, 20.894136000237349 ], [ -156.477835935374401, 20.894135658412267 ], [ -156.477835594232175, 20.894135316587175 ], [ -156.477835253074829, 20.89413497566478 ], [ -156.477834912893172, 20.894134633853884 ], [ -156.477834571750947, 20.894134292028799 ], [ -156.477834230593658, 20.894133951106401 ], [ -156.477833889451404, 20.894133609281319 ], [ -156.477833548309178, 20.894133267456237 ], [ -156.477833207151861, 20.894132926533835 ], [ -156.477832866009635, 20.894132584708743 ], [ -156.477832524852317, 20.894132243786352 ], [ -156.477832183710092, 20.894131901961256 ], [ -156.477831842567866, 20.894131560136163 ], [ -156.477831501410549, 20.894131219213779 ], [ -156.47783116025326, 20.894130878291385 ], [ -156.477830819111063, 20.894130536466303 ], [ -156.477830477953745, 20.894130195543909 ], [ -156.477830136811548, 20.894129853718816 ], [ -156.47782979565423, 20.894129512796408 ], [ -156.477829453536344, 20.894129171859834 ], [ -156.477829112394147, 20.894128830034731 ], [ -156.47782877123683, 20.894128489112333 ], [ -156.477828430079541, 20.894128148189928 ], [ -156.477828087961655, 20.894127807253344 ], [ -156.477827746819486, 20.894127465428245 ], [ -156.477827405662168, 20.894127124505832 ], [ -156.477827063544282, 20.894126783569266 ], [ -156.477826722386993, 20.894126442646861 ], [ -156.477826380269136, 20.894126101710267 ], [ -156.477826039111847, 20.894125760787865 ], [ -156.477825696993989, 20.894125419851282 ], [ -156.4778253558367, 20.894125078928877 ], [ -156.477825013718842, 20.8941247379923 ], [ -156.477824672561553, 20.894124397069891 ], [ -156.477824330443696, 20.894124056133311 ], [ -156.477823989286435, 20.894123715210899 ], [ -156.477823647168549, 20.894123374274308 ], [ -156.477823305050691, 20.89412303333771 ], [ -156.477822963893431, 20.894122692415298 ], [ -156.477822621775573, 20.894122351478703 ], [ -156.477822279642623, 20.894122011444818 ], [ -156.477821937524766, 20.894121670508227 ], [ -156.477821596367505, 20.894121329585811 ], [ -156.477821254249676, 20.89412098864922 ], [ -156.477820912116727, 20.894120648615342 ], [ -156.477820569998897, 20.89412030767873 ], [ -156.47782022788104, 20.894119966742142 ], [ -156.47781988574809, 20.894119626708239 ], [ -156.477819543630261, 20.894119285771641 ], [ -156.477819201512432, 20.894118944835046 ], [ -156.477818859379482, 20.89411860480115 ], [ -156.477818517261682, 20.894118263864552 ], [ -156.47781817512876, 20.894117923830635 ], [ -156.477817833010903, 20.894117582894054 ], [ -156.477817490877982, 20.894117242860148 ], [ -156.477817148760181, 20.89411690192356 ], [ -156.477816806627231, 20.894116561889639 ], [ -156.477816464494339, 20.894116221855739 ], [ -156.47781612237651, 20.894115880919138 ], [ -156.47781577928302, 20.894115540871052 ], [ -156.477815437150099, 20.894115200837142 ], [ -156.47781509503227, 20.894114859900554 ], [ -156.477814752899377, 20.894114519866648 ], [ -156.477814409805859, 20.894114179818555 ], [ -156.477814067672966, 20.894113839784641 ], [ -156.477813725555137, 20.894113498848032 ], [ -156.477813382461676, 20.894113158799939 ], [ -156.477813040328755, 20.894112818766022 ], [ -156.477812697235265, 20.894112478717954 ], [ -156.477812355102373, 20.894112138684029 ], [ -156.477812012008883, 20.894111798635947 ], [ -156.477811669876019, 20.894111458602016 ], [ -156.477811326782501, 20.894111118553937 ], [ -156.477810984649636, 20.894110778520012 ], [ -156.477810641556147, 20.894110438471937 ], [ -156.477810298462686, 20.89411009842383 ], [ -156.477809956329793, 20.894109758389916 ], [ -156.477809613236332, 20.89410941834182 ], [ -156.477809270142842, 20.894109078293724 ], [ -156.477808928009978, 20.894108738259813 ], [ -156.477808584901396, 20.894108399114423 ], [ -156.477808241807935, 20.894108059066319 ], [ -156.477807898714502, 20.894107719018212 ], [ -156.477807555621041, 20.894107378970109 ], [ -156.477807213473056, 20.894107039838886 ], [ -156.477806870379595, 20.894106699790797 ], [ -156.477806527286162, 20.894106359742683 ], [ -156.477806184177609, 20.894106020597274 ], [ -156.477805841084148, 20.894105680549174 ], [ -156.477805497990687, 20.894105340501067 ], [ -156.477805154882162, 20.894105001355683 ], [ -156.477804811788701, 20.894104661307562 ], [ -156.477804468680176, 20.894104322162164 ], [ -156.477804125586715, 20.894103982114039 ], [ -156.47780378247819, 20.894103642968631 ], [ -156.477803438424161, 20.894103302906363 ], [ -156.477803095315636, 20.894102963760954 ], [ -156.477802752207111, 20.894102624615531 ], [ -156.47780240911365, 20.894102284567431 ], [ -156.477802066005125, 20.894101945422026 ], [ -156.477801721936032, 20.894101606262424 ], [ -156.477801378842599, 20.894101266214314 ], [ -156.477801035734046, 20.894100927068902 ], [ -156.477800691664953, 20.8941005879093 ], [ -156.47780034857152, 20.894100247861196 ], [ -156.477800005462996, 20.894099908715781 ], [ -156.477799661393902, 20.894099569556179 ], [ -156.477799318285406, 20.89409923041076 ], [ -156.477798974216284, 20.894098891251176 ], [ -156.477798631107788, 20.894098552105753 ], [ -156.477798287038667, 20.894098212946155 ], [ -156.47779794393017, 20.894097873800725 ], [ -156.477797599861077, 20.894097534641141 ], [ -156.477797256752581, 20.894097195495711 ], [ -156.477796912683488, 20.894096856336109 ], [ -156.477796568614394, 20.8940965171765 ], [ -156.477796225505898, 20.894096178031084 ], [ -156.477795881436833, 20.894095838871483 ], [ -156.47779553736774, 20.894095499711874 ], [ -156.477795194259244, 20.894095160566458 ], [ -156.477794850190179, 20.894094821406856 ], [ -156.477794506105994, 20.894094483149946 ], [ -156.477794162036901, 20.894094143990337 ], [ -156.477793817967836, 20.894093804830742 ], [ -156.47779347485934, 20.894093465685312 ], [ -156.477793130775183, 20.894093127428391 ], [ -156.477792786706146, 20.894092788268775 ], [ -156.477792442637053, 20.894092449109177 ], [ -156.477792098552897, 20.894092110852267 ], [ -156.477791754483832, 20.894091771692651 ], [ -156.477791410399675, 20.894091433435747 ], [ -156.47779106633061, 20.894091094276135 ], [ -156.477790722261545, 20.894090755116515 ], [ -156.477790378177417, 20.894090416859612 ], [ -156.477790033147755, 20.89409007768581 ], [ -156.477789689063599, 20.894089739428896 ], [ -156.47778934497947, 20.894089401171982 ], [ -156.477789000910434, 20.89408906201237 ], [ -156.477788656826277, 20.894088723755445 ], [ -156.477788311796644, 20.89408838458165 ], [ -156.477787967712487, 20.894088046324732 ], [ -156.477787623628359, 20.894087708067804 ], [ -156.477787279544231, 20.89408736981089 ], [ -156.477786934514597, 20.894087030637088 ], [ -156.477786590430469, 20.894086692380174 ], [ -156.477786245385744, 20.89408635410906 ], [ -156.477785901301615, 20.894086015852146 ], [ -156.477785557217487, 20.894085677595214 ], [ -156.477785212187854, 20.894085338421402 ], [ -156.477784868103754, 20.894085000164484 ], [ -156.477784523059029, 20.89408466189338 ], [ -156.47778417801436, 20.894084323622266 ], [ -156.477783833930204, 20.894083985365373 ], [ -156.477783488885507, 20.894083647094238 ], [ -156.477783144801379, 20.894083308837306 ], [ -156.47778279975671, 20.894082970566206 ], [ -156.477782454711985, 20.894082632295099 ], [ -156.477782110627885, 20.894082294038167 ], [ -156.477781765568096, 20.894081956669755 ], [ -156.477781420523399, 20.894081618398634 ], [ -156.477781075478703, 20.894081280127534 ], [ -156.477780731394574, 20.894080941870602 ], [ -156.477780386349906, 20.894080603599491 ], [ -156.477780041290117, 20.894080266231079 ], [ -156.477779696245449, 20.894079927959954 ], [ -156.477779351200752, 20.89407958968884 ], [ -156.477779006140992, 20.894079252320427 ], [ -156.477778661096295, 20.89407891404931 ], [ -156.477778316051626, 20.894078575778181 ], [ -156.477777970991838, 20.894078238409765 ], [ -156.477777625947169, 20.894077900138644 ], [ -156.477777280887409, 20.894077562770242 ], [ -156.477776935842741, 20.894077224499103 ], [ -156.477776590798072, 20.894076886227992 ], [ -156.477776245738312, 20.894076548859569 ], [ -156.477775900678523, 20.894076211491143 ], [ -156.477775554673286, 20.894075873205843 ], [ -156.477775209613526, 20.894075535837413 ], [ -156.477774864568858, 20.894075197566288 ], [ -156.477774519509126, 20.894074860197875 ], [ -156.477774173488768, 20.894074522815252 ], [ -156.477773828444128, 20.894074184544145 ], [ -156.477773483384368, 20.894073847175715 ], [ -156.477773137364011, 20.89407350979311 ], [ -156.477772792304279, 20.894073172424676 ], [ -156.477772447259639, 20.894072834153551 ], [ -156.47777210123931, 20.894072496770942 ], [ -156.477771756179578, 20.894072159402509 ], [ -156.477771410159249, 20.89407182201991 ], [ -156.477771065099489, 20.894071484651459 ], [ -156.477770719079189, 20.894071147268846 ], [ -156.477770374019428, 20.89407080990042 ], [ -156.477770027999128, 20.8940704725178 ], [ -156.477769682939368, 20.894070135149374 ], [ -156.477769336919067, 20.894069797766743 ], [ -156.477768990898767, 20.894069460384134 ], [ -156.477768645839035, 20.894069123015701 ], [ -156.477768299818706, 20.894068785633085 ], [ -156.477767954743911, 20.894068449167339 ], [ -156.47776760872361, 20.894068111784726 ], [ -156.477767263648786, 20.89406777531898 ], [ -156.477766918573991, 20.894067438853238 ], [ -156.477766573499167, 20.894067102387485 ], [ -156.477766228424372, 20.894066765921753 ], [ -156.477765882388979, 20.894066429441832 ], [ -156.477765537329248, 20.894066092073388 ], [ -156.477765192254452, 20.894065755607642 ], [ -156.47776484621906, 20.894065419127717 ], [ -156.477764501144264, 20.894065082661974 ], [ -156.477764155108872, 20.894064746182046 ], [ -156.477763810034105, 20.894064409716279 ], [ -156.477763463998713, 20.894064073236368 ], [ -156.477763118923917, 20.894063736770615 ], [ -156.477762772888553, 20.894063400290694 ], [ -156.477762427798638, 20.894063064727629 ], [ -156.477762081763274, 20.894062728247711 ], [ -156.477761736688478, 20.894062391781965 ], [ -156.477761390653114, 20.894062055302012 ], [ -156.47776104461775, 20.894061718822083 ], [ -156.477760699542955, 20.894061382356337 ], [ -156.477760353492499, 20.894061046779107 ], [ -156.477760007457135, 20.894060710299158 ], [ -156.477759662382368, 20.894060373833415 ], [ -156.477759316331912, 20.894060038256153 ], [ -156.477758970296549, 20.894059701776236 ], [ -156.477758624261185, 20.89405936529629 ], [ -156.477758278210757, 20.894059029719049 ], [ -156.477757932175393, 20.894058693239131 ], [ -156.477757586124966, 20.894058357661869 ], [ -156.47775724105017, 20.894058021196123 ], [ -156.477756894999743, 20.894057685618858 ], [ -156.477756548964379, 20.894057349138937 ], [ -156.477756202913952, 20.894057013561703 ], [ -156.477755856878588, 20.894056677081743 ], [ -156.47775551082816, 20.894056341504498 ], [ -156.477755163817164, 20.894056005913072 ], [ -156.477754817781801, 20.894055669433129 ], [ -156.477754471731373, 20.894055333855878 ], [ -156.477754125680946, 20.894054998278634 ], [ -156.47775377964561, 20.894054661798695 ], [ -156.477753433595183, 20.89405432622144 ], [ -156.477753086584158, 20.894053990630002 ], [ -156.477752740533759, 20.894053655052755 ], [ -156.477752394483332, 20.89405331947551 ], [ -156.477752048432933, 20.894052983898256 ], [ -156.477751701437001, 20.894052647404127 ], [ -156.477751355386573, 20.894052311826872 ], [ -156.477751009336174, 20.894051976249632 ], [ -156.47775066232515, 20.89405164065818 ], [ -156.477750316274751, 20.894051305080946 ], [ -156.477749969263783, 20.894050969489495 ], [ -156.477749623213356, 20.894050633912236 ], [ -156.47774927620236, 20.894050298320821 ], [ -156.477748930151961, 20.894049962743551 ], [ -156.477748583125873, 20.894049628054809 ], [ -156.477748237075474, 20.894049292477554 ], [ -156.477747890064506, 20.894048956886099 ], [ -156.477747543053511, 20.894048621294676 ], [ -156.477747197003112, 20.894048285717403 ], [ -156.477746849992116, 20.894047950125966 ], [ -156.477746502966056, 20.894047615437223 ], [ -156.477746156915657, 20.894047279859958 ], [ -156.47774580990469, 20.894046944268521 ], [ -156.477745462878602, 20.894046609579785 ], [ -156.477745115867663, 20.894046273988334 ], [ -156.477744768856667, 20.894045938396886 ], [ -156.477744422791204, 20.894045603722322 ], [ -156.477744075780208, 20.894045268130867 ], [ -156.477743728754177, 20.894044933442121 ], [ -156.47774338174321, 20.894044597850684 ], [ -156.47774303471715, 20.894044263161931 ], [ -156.477742687706183, 20.894043927570486 ], [ -156.477742340680152, 20.894043592881715 ], [ -156.477741993669184, 20.894043257290271 ], [ -156.477741646643125, 20.894042922601514 ], [ -156.477741299617094, 20.894042587912775 ], [ -156.477740952606126, 20.894042252321327 ], [ -156.477740605580095, 20.89404191763256 ], [ -156.477740257593467, 20.894041582929624 ], [ -156.4777399105825, 20.894041247338158 ], [ -156.47773956355644, 20.89404091264942 ], [ -156.477739216530438, 20.894040577960663 ], [ -156.477738869504378, 20.89404024327192 ], [ -156.47773852151775, 20.894039908568953 ], [ -156.477738174491748, 20.89403957388021 ], [ -156.477737827480809, 20.894039238288759 ], [ -156.477737479494181, 20.894038903585798 ], [ -156.47773713246815, 20.894038568897034 ], [ -156.477736785442119, 20.894038234208288 ], [ -156.477736437455519, 20.894037899505342 ], [ -156.477736090429488, 20.894037564816571 ], [ -156.477735742442889, 20.894037230113629 ], [ -156.477735395416886, 20.894036895424875 ], [ -156.477735047430286, 20.894036560721919 ], [ -156.477734700389163, 20.894036226935842 ], [ -156.477734352402564, 20.894035892232907 ], [ -156.477734004415964, 20.894035557529939 ], [ -156.477733657389933, 20.894035222841197 ], [ -156.477733309403334, 20.894034888138243 ], [ -156.477732961401642, 20.894034554337992 ], [ -156.477732614375668, 20.894034219649221 ], [ -156.477732266389069, 20.894033884946271 ], [ -156.477731918402498, 20.894033550243332 ], [ -156.477731570400806, 20.89403321644307 ], [ -156.477731223374803, 20.894032881754292 ], [ -156.477730875373112, 20.894032547954041 ], [ -156.477730527386541, 20.894032213251091 ], [ -156.477730179399941, 20.894031878548141 ], [ -156.477729831398278, 20.894031544747879 ], [ -156.477729483411707, 20.894031210044922 ], [ -156.477729135410044, 20.894030876244674 ], [ -156.477728787423473, 20.894030541541721 ], [ -156.47772843942181, 20.894030207741434 ], [ -156.477728091420119, 20.894029873941179 ], [ -156.477727743433576, 20.894029539238225 ], [ -156.477727395431913, 20.894029205437974 ], [ -156.47772704743025, 20.894028871637708 ], [ -156.477726699443679, 20.894028536934748 ], [ -156.477726351442016, 20.894028203134479 ], [ -156.477726003440381, 20.894027869334231 ], [ -156.477725654493213, 20.894027534617084 ], [ -156.47772530649155, 20.894027200816801 ], [ -156.477724958489915, 20.894026867016528 ], [ -156.477724610488281, 20.89402653321628 ], [ -156.477724261526049, 20.894026199401829 ], [ -156.477723913524386, 20.894025865601563 ], [ -156.477723565522723, 20.894025531801297 ], [ -156.47772321656052, 20.894025197986831 ], [ -156.477722868573977, 20.894024863283878 ], [ -156.477722520572343, 20.894024529483605 ], [ -156.477722171595019, 20.894024196571856 ], [ -156.477721823593356, 20.894023862771579 ], [ -156.477721474631153, 20.894023528957128 ], [ -156.477721126629547, 20.894023195156862 ], [ -156.477720777667315, 20.89402286134241 ], [ -156.477720429665681, 20.894022527542141 ], [ -156.477720080703477, 20.894022193727672 ], [ -156.477719731741246, 20.894021859913213 ], [ -156.477719383724548, 20.894021527015642 ], [ -156.477719034762345, 20.894021193201187 ], [ -156.477718685800113, 20.894020859386735 ], [ -156.477718337798507, 20.894020525586456 ], [ -156.47771798882124, 20.894020192674677 ], [ -156.477717639859009, 20.894019858860229 ], [ -156.477717290896834, 20.894019525045771 ], [ -156.47771694191951, 20.894019192133999 ], [ -156.477716593917904, 20.89401885833373 ], [ -156.477716244940638, 20.894018525421959 ], [ -156.477715895978434, 20.894018191607472 ], [ -156.477715547001168, 20.894017858695722 ], [ -156.477715198038965, 20.894017524881267 ], [ -156.477714849061698, 20.8940171919695 ], [ -156.477714500099495, 20.894016858155037 ], [ -156.477714151122228, 20.894016525243263 ], [ -156.477713802144962, 20.894016192331499 ], [ -156.477713453182758, 20.894015858517019 ], [ -156.477713104205492, 20.894015525605244 ], [ -156.477712755228225, 20.894015192693487 ], [ -156.477712406266022, 20.894014858879032 ], [ -156.477712056328215, 20.894014525953068 ], [ -156.47771170735092, 20.894014193041293 ], [ -156.477711358373682, 20.894013860129533 ], [ -156.477711009411507, 20.894013526315032 ], [ -156.477710659473644, 20.894013193389082 ], [ -156.477710310496406, 20.894012860477311 ], [ -156.477709961519139, 20.894012527565543 ], [ -156.477709611581275, 20.894012194639579 ], [ -156.477709262604037, 20.894011861727812 ], [ -156.47770891362677, 20.89401152881603 ], [ -156.477708563688935, 20.894011195890084 ], [ -156.477708214711697, 20.894010862978298 ], [ -156.477707864773862, 20.894010530052334 ], [ -156.477707515796595, 20.894010197140545 ], [ -156.477707165858789, 20.894009864214585 ], [ -156.477706816881522, 20.894009531302814 ], [ -156.477706466928623, 20.894009199279537 ], [ -156.477706117951385, 20.894008866367756 ], [ -156.47770576801355, 20.894008533441788 ], [ -156.477705418075743, 20.894008200515831 ], [ -156.477705069098477, 20.894007867604049 ], [ -156.477704719145578, 20.894007535580783 ], [ -156.477704369207771, 20.894007202654816 ], [ -156.477704020230533, 20.894006869743027 ], [ -156.477703670277634, 20.894006537719761 ], [ -156.477703320339828, 20.894006204793779 ], [ -156.477702970401992, 20.894005871867812 ], [ -156.477702620449094, 20.894005539844539 ], [ -156.477702271471884, 20.89400520693275 ], [ -156.477701921518985, 20.894004874909477 ], [ -156.477701571581179, 20.894004541983513 ], [ -156.47770122162828, 20.894004209960233 ], [ -156.477700871690502, 20.894003877034258 ], [ -156.477700521737603, 20.894003545010989 ], [ -156.477700171784704, 20.894003212987712 ], [ -156.477699821846898, 20.894002880061734 ], [ -156.477699471894027, 20.894002548038447 ], [ -156.477699121941129, 20.894002216015181 ], [ -156.477698772003322, 20.894001883089199 ], [ -156.477698421089883, 20.894001551051737 ], [ -156.477698071136984, 20.894001219028457 ], [ -156.477697721184114, 20.894000887005173 ], [ -156.477697371246336, 20.894000554079206 ], [ -156.477697021293437, 20.894000222055929 ], [ -156.477696670379999, 20.893999890018453 ], [ -156.477696320427128, 20.893999557995169 ], [ -156.477695970474258, 20.893999225971875 ], [ -156.477695619560819, 20.893998893934405 ], [ -156.477695269607921, 20.893998561911115 ], [ -156.477694919655079, 20.893998229887828 ], [ -156.477694568741612, 20.893997897850369 ], [ -156.477694218788741, 20.893997565827078 ], [ -156.477693867875303, 20.893997233789612 ], [ -156.477693517922432, 20.893996901766322 ], [ -156.477693167008994, 20.893996569728852 ], [ -156.477692817056152, 20.893996237705572 ], [ -156.477692466142685, 20.893995905668099 ], [ -156.477692116174751, 20.89399557454751 ], [ -156.477691765261312, 20.893995242510019 ], [ -156.47769141530847, 20.893994910486729 ], [ -156.477691064395032, 20.893994578449263 ], [ -156.477690713466501, 20.893994247314478 ], [ -156.477690363513659, 20.89399391529119 ], [ -156.47769001260022, 20.893993583253714 ], [ -156.477689661671718, 20.89399325211895 ], [ -156.477689310758279, 20.893992920081452 ], [ -156.477688959844869, 20.893992588043979 ], [ -156.477688609876935, 20.89399225692339 ], [ -156.477688258963525, 20.89399192488591 ], [ -156.477687908034994, 20.893991593751135 ], [ -156.477687557121584, 20.893991261713651 ], [ -156.477687206193082, 20.893990930578859 ], [ -156.477686855264579, 20.893990599444088 ], [ -156.477686504351169, 20.893990267406604 ], [ -156.477686153422638, 20.893989936271808 ], [ -156.477685802509257, 20.893989604234335 ], [ -156.477685451580754, 20.893989273099539 ], [ -156.477685100652252, 20.893988941964754 ], [ -156.477684749738842, 20.893988609927277 ], [ -156.477684398810339, 20.893988278792477 ], [ -156.477684047881866, 20.893987947657696 ], [ -156.477683695992766, 20.893987616508717 ], [ -156.477683345064293, 20.893987285373925 ], [ -156.477682994150882, 20.893986953336437 ], [ -156.477682643222408, 20.893986622201645 ], [ -156.477682292293935, 20.893986291066845 ], [ -156.477681940404864, 20.893985959917877 ], [ -156.477681589476362, 20.893985628783099 ], [ -156.477681238547888, 20.893985297648303 ], [ -156.477680886658817, 20.893984966499321 ], [ -156.477680535730343, 20.893984635364532 ], [ -156.477680183841272, 20.893984304215543 ], [ -156.477679832912798, 20.893983973080751 ], [ -156.477679481023756, 20.893983641931769 ], [ -156.477679130080162, 20.893983311699671 ], [ -156.477678778191148, 20.893982980550675 ], [ -156.477678427262646, 20.893982649415879 ], [ -156.477678075373603, 20.8939823182669 ], [ -156.477677724445158, 20.893981987132097 ], [ -156.477677372540995, 20.893981656885831 ], [ -156.47767702161255, 20.893981325751021 ], [ -156.477676669723508, 20.893980994602039 ], [ -156.477676317834465, 20.893980663453064 ], [ -156.477675965930302, 20.89398033320677 ], [ -156.477675615001857, 20.893980002071967 ], [ -156.477675263097723, 20.893979671825665 ], [ -156.47767491120868, 20.89397934067668 ], [ -156.477674559304575, 20.893979010430392 ], [ -156.477674207415532, 20.89397867928141 ], [ -156.477673856471995, 20.893978349049302 ], [ -156.477673504582953, 20.893978017900313 ], [ -156.477673152678818, 20.893977687654015 ], [ -156.477672800789833, 20.893977356505019 ], [ -156.477672448885698, 20.893977026258728 ], [ -156.477672096996685, 20.893976695109735 ], [ -156.47767174509255, 20.893976364863452 ], [ -156.477671393188444, 20.893976034617154 ], [ -156.477671041299402, 20.893975703468158 ], [ -156.477670689395296, 20.89397537322186 ], [ -156.477670337491219, 20.893975042975569 ], [ -156.477669985587113, 20.893974712729261 ], [ -156.47766963272241, 20.893974382468777 ], [ -156.477669280833396, 20.893974051319802 ], [ -156.47766892892929, 20.893973721073497 ], [ -156.477668577025185, 20.893973390827195 ], [ -156.47766822416051, 20.893973060566708 ], [ -156.477667872256404, 20.893972730320399 ], [ -156.477667520352298, 20.893972400074105 ], [ -156.477667168448221, 20.893972069827804 ], [ -156.477666815583547, 20.893971739567309 ], [ -156.477666463679469, 20.893971409321018 ], [ -156.477666110814795, 20.893971079060524 ], [ -156.477665758910689, 20.893970748814212 ], [ -156.477665407006612, 20.89397041856791 ], [ -156.477665054126845, 20.893970089210121 ], [ -156.477664702222768, 20.893969758963816 ], [ -156.477664349358093, 20.893969428703326 ], [ -156.477663996493447, 20.893969098442824 ], [ -156.47766364458937, 20.893968768196519 ], [ -156.477663291709604, 20.89396843883873 ], [ -156.477662939805526, 20.893968108592421 ], [ -156.477662586940852, 20.89396777833193 ], [ -156.477662234061114, 20.893967448974124 ], [ -156.477661882157037, 20.893967118727819 ], [ -156.477661529292391, 20.893966788467324 ], [ -156.477661176412653, 20.893966459109521 ], [ -156.477660823548007, 20.893966128849023 ], [ -156.477660471628838, 20.893965799505406 ], [ -156.477660118764192, 20.893965469244911 ], [ -156.477659765884454, 20.893965139887118 ], [ -156.477659413019836, 20.893964809626624 ], [ -156.47765906014007, 20.89396448026881 ], [ -156.477658707275452, 20.893964150008312 ], [ -156.477658354395714, 20.893963820650509 ], [ -156.477658001515977, 20.893963491292705 ], [ -156.477657648651359, 20.893963161032211 ], [ -156.477657295771621, 20.893962831674404 ], [ -156.477656942891912, 20.893962502316587 ], [ -156.477656590012174, 20.893962172958794 ], [ -156.477656237147556, 20.893961842698289 ], [ -156.477655884267847, 20.893961513340486 ], [ -156.477655531388109, 20.893961183982672 ], [ -156.4776551785084, 20.893960854624872 ], [ -156.47765482562869, 20.893960525267055 ], [ -156.477654471788384, 20.893960195895065 ], [ -156.477654118908674, 20.893959866537248 ], [ -156.477653766028965, 20.893959537179459 ], [ -156.477653413149227, 20.893959207821634 ], [ -156.477653059308977, 20.893958878449634 ], [ -156.47765270642924, 20.893958549091817 ], [ -156.477652353549558, 20.893958219734017 ], [ -156.477651999709252, 20.893957890362024 ], [ -156.477651646829571, 20.893957561004203 ], [ -156.477651292989265, 20.893957231632196 ], [ -156.477650940109584, 20.89395690227439 ], [ -156.477650586269277, 20.89395657290239 ], [ -156.477650233374504, 20.89395624444726 ], [ -156.477649879534226, 20.893955915075292 ], [ -156.477649526654545, 20.893955585717464 ], [ -156.477649172814267, 20.893955256345443 ], [ -156.477648819919494, 20.893954927890324 ], [ -156.477648466079216, 20.893954598518334 ], [ -156.477648112238938, 20.89395426914632 ], [ -156.477647759344165, 20.893953940691208 ], [ -156.477647405503888, 20.893953611319212 ], [ -156.477647051648574, 20.893953282849893 ], [ -156.477646697808296, 20.893952953477882 ], [ -156.477646344913524, 20.893952625022767 ], [ -156.477645991073246, 20.893952295650752 ], [ -156.477645637217904, 20.893951967181437 ], [ -156.477645283377655, 20.89395163780943 ], [ -156.477644929522313, 20.893951309340135 ], [ -156.477644575666972, 20.893950980870816 ], [ -156.477644221826694, 20.893950651498798 ], [ -156.477643868931949, 20.893950323043679 ], [ -156.477643515076608, 20.893949994574363 ], [ -156.477643161236358, 20.893949665202349 ], [ -156.477642807381017, 20.893949336733041 ], [ -156.477642452565107, 20.893949008249539 ], [ -156.477642098709765, 20.89394867978022 ], [ -156.477641744869544, 20.89394835040822 ], [ -156.477641391014203, 20.893948021938893 ], [ -156.477641037158861, 20.89394769346957 ], [ -156.477640683303548, 20.893947365000265 ], [ -156.477640329448207, 20.893947036530939 ], [ -156.477639974632325, 20.893946708047434 ], [ -156.477639620776984, 20.893946379578114 ], [ -156.477639266921642, 20.893946051108792 ], [ -156.477638913066357, 20.893945722639465 ], [ -156.477638558250419, 20.893945394155967 ], [ -156.477638204395134, 20.893945065686637 ], [ -156.477637850539793, 20.893944737217321 ], [ -156.477637495723911, 20.893944408733816 ], [ -156.477637141853506, 20.893944081167177 ], [ -156.477636787037596, 20.893943752683686 ], [ -156.477636433182283, 20.893943424214356 ], [ -156.477636078366402, 20.89394309573084 ], [ -156.477635724511089, 20.893942767261521 ], [ -156.477635369680115, 20.8939424396807 ], [ -156.477635015824831, 20.89394211121137 ], [ -156.477634661008921, 20.893941782727872 ], [ -156.477634307138544, 20.893941455161233 ], [ -156.477633952322662, 20.893941126677731 ], [ -156.477633597491689, 20.893940799096907 ], [ -156.477633243636376, 20.893940470627566 ], [ -156.477632888820523, 20.893940142144064 ], [ -156.477632533989549, 20.893939814563229 ], [ -156.477632179173696, 20.893939486079738 ], [ -156.477631825303291, 20.893939158513092 ], [ -156.477631470472346, 20.893938830932264 ], [ -156.477631115656436, 20.893938502448762 ], [ -156.477630760825491, 20.893938174867927 ], [ -156.477630406009638, 20.893937846384418 ], [ -156.477630051178693, 20.893937518803583 ], [ -156.477629696347719, 20.893937191222768 ], [ -156.477629342477343, 20.893936863656137 ], [ -156.477628987661518, 20.893936535172593 ], [ -156.477628632830545, 20.893936207591796 ], [ -156.477628277999571, 20.893935880010954 ], [ -156.477627922208057, 20.893935552415961 ], [ -156.477627567377141, 20.893935224835126 ], [ -156.477627212561259, 20.893934896351592 ], [ -156.477626857730314, 20.893934568770774 ], [ -156.477626502899398, 20.893934241189942 ], [ -156.477626148068452, 20.893933913609125 ], [ -156.477625793237507, 20.893933586028293 ], [ -156.477625437445994, 20.893933258433282 ], [ -156.477625082615049, 20.893932930852447 ], [ -156.477624727784132, 20.893932603271601 ], [ -156.477624372953187, 20.893932275690787 ], [ -156.477624017161673, 20.893931948095769 ], [ -156.477623662315665, 20.893931621417636 ], [ -156.47762330748472, 20.8939312938368 ], [ -156.477622951693206, 20.893930966241786 ], [ -156.47762259686229, 20.89393063866094 ], [ -156.477622241070776, 20.89393031106593 ], [ -156.477621886224796, 20.893929984387785 ], [ -156.477621530433254, 20.893929656792775 ], [ -156.477621175602366, 20.893929329211932 ], [ -156.47762081979576, 20.893929002519606 ], [ -156.477620464964843, 20.89392867493877 ], [ -156.47762010917333, 20.893928347343738 ], [ -156.47761975432735, 20.893928020665612 ], [ -156.477619398535865, 20.89392769307058 ], [ -156.477619042729287, 20.893927366378264 ], [ -156.477618687898371, 20.893927038797415 ], [ -156.477618332091794, 20.893926712105092 ], [ -156.47761797630028, 20.893926384510056 ], [ -156.477617620493731, 20.893926057817744 ], [ -156.477617265662815, 20.893925730236898 ], [ -156.477616909856238, 20.893925403544571 ], [ -156.477616554049661, 20.893925076852227 ], [ -156.477616198258204, 20.893924749257216 ], [ -156.477615842451627, 20.893924422564872 ], [ -156.47761548664505, 20.893924095872542 ], [ -156.477615130838501, 20.893923769180194 ], [ -156.477614776007584, 20.893923441599362 ], [ -156.477614420201036, 20.893923114907029 ], [ -156.477614064394459, 20.893922788214695 ], [ -156.47761370858791, 20.893922461522369 ], [ -156.477613352781361, 20.893922134830024 ], [ -156.477612996014216, 20.893921808123508 ], [ -156.477612640222731, 20.893921480528469 ], [ -156.47761228441621, 20.893921153836139 ], [ -156.477611928609633, 20.893920827143781 ], [ -156.477611572803085, 20.893920500451465 ], [ -156.477611216996564, 20.893920173759103 ], [ -156.477610860214327, 20.893919847955292 ], [ -156.477610504407778, 20.893919521262934 ], [ -156.477610148601229, 20.893919194570604 ], [ -156.477609792794709, 20.893918867878259 ], [ -156.477609436027592, 20.893918541171747 ], [ -156.477609080221015, 20.893918214479392 ], [ -156.477608724414495, 20.893917887787055 ], [ -156.477608367632257, 20.893917561983226 ], [ -156.477608011825765, 20.893917235290871 ], [ -156.47760765505862, 20.893916908584355 ], [ -156.477607299252099, 20.893916581892004 ], [ -156.47760694246989, 20.893916256088168 ], [ -156.47760658666337, 20.893915929395821 ], [ -156.477606229881161, 20.893915603591985 ], [ -156.477605874074612, 20.893915276899662 ], [ -156.477605517307524, 20.893914950193111 ], [ -156.477605161485911, 20.893914624403454 ], [ -156.477604804718794, 20.893914297696913 ], [ -156.477604447936613, 20.893913971893088 ], [ -156.477604092130093, 20.893913645200723 ], [ -156.477603735347913, 20.893913319396901 ], [ -156.477603378565703, 20.893912993593069 ], [ -156.477603022759212, 20.8939126669007 ], [ -156.477602665031498, 20.893912340179998 ], [ -156.477602308264409, 20.893912013473443 ], [ -156.477601950536751, 20.893911686752734 ], [ -156.477601592809066, 20.893911360032 ], [ -156.477601236041977, 20.893911033325473 ], [ -156.477600878299228, 20.893910707507434 ], [ -156.477600521532139, 20.893910380800904 ], [ -156.477600163804482, 20.89391005408017 ], [ -156.477599806076796, 20.893909727359464 ], [ -156.477599449309736, 20.893909400652912 ], [ -156.477599091566987, 20.89390907483488 ], [ -156.477598733839301, 20.893908748114168 ], [ -156.477598376111672, 20.89390842139343 ], [ -156.477598019344555, 20.893908094686886 ], [ -156.477597661601834, 20.893907768868853 ], [ -156.477597303874148, 20.893907442148123 ], [ -156.477596946131428, 20.893907116330105 ], [ -156.47759658840377, 20.893906789609364 ], [ -156.477596230676141, 20.893906462888648 ], [ -156.477595872933392, 20.893906137070594 ], [ -156.477595515205763, 20.893905810349874 ], [ -156.477595157463014, 20.893905484531835 ], [ -156.477594799720293, 20.8939051587138 ], [ -156.477594441992636, 20.89390483199308 ], [ -156.477594084249915, 20.893904506175037 ], [ -156.477593726522258, 20.893904179454303 ], [ -156.477593368779509, 20.893903853636253 ], [ -156.477593011036817, 20.893903527818221 ], [ -156.477592653309159, 20.893903201097501 ], [ -156.477592295566438, 20.893902875279451 ], [ -156.477591936863149, 20.893902549447226 ], [ -156.4775915791204, 20.89390222362918 ], [ -156.477591221377708, 20.893901897811141 ], [ -156.477590863650079, 20.893901571090417 ], [ -156.477590504946761, 20.893901245258178 ], [ -156.477590147204069, 20.893900919440139 ], [ -156.477589789461348, 20.893900593622082 ], [ -156.47758943075803, 20.89390026778986 ], [ -156.477589073015338, 20.893899941971821 ], [ -156.477588714312049, 20.893899616139592 ], [ -156.477588356569328, 20.893899290321553 ], [ -156.477587997866038, 20.893898964489328 ], [ -156.477587640123318, 20.893898638671264 ], [ -156.477587281420057, 20.893898312839028 ], [ -156.477586923677364, 20.893897987020981 ], [ -156.477586564974075, 20.893897661188756 ], [ -156.477586207216262, 20.893897336273408 ], [ -156.477585848513002, 20.893897010441158 ], [ -156.477585489809712, 20.89389668460894 ], [ -156.477585132067048, 20.893896358790879 ], [ -156.477584773348667, 20.893896033861342 ], [ -156.477584414645406, 20.89389570802911 ], [ -156.477584056902685, 20.89389538221106 ], [ -156.477583698184333, 20.893895057281508 ], [ -156.477583339481072, 20.893894731449276 ], [ -156.477582980777811, 20.893894405617047 ], [ -156.47758262205943, 20.893894080687488 ], [ -156.477582264316766, 20.893893754869435 ], [ -156.477581905598413, 20.893893429939901 ], [ -156.477581546895181, 20.893893104107651 ], [ -156.477581188176828, 20.893892779178113 ], [ -156.477580829473538, 20.893892453345874 ], [ -156.477580470755214, 20.893892128416311 ], [ -156.477580112036861, 20.893891803486774 ], [ -156.4775797533336, 20.893891477654538 ], [ -156.477579394615276, 20.893891152724969 ], [ -156.477579035896923, 20.893890827795428 ], [ -156.477578677193691, 20.893890501963195 ], [ -156.477578317514741, 20.893890177019451 ], [ -156.477577958796388, 20.893889852089909 ], [ -156.477577600078064, 20.893889527160354 ], [ -156.477577241374831, 20.893889201328086 ], [ -156.477576882656507, 20.893888876398549 ], [ -156.477576522977586, 20.893888551454818 ], [ -156.477576164259261, 20.89388822652527 ], [ -156.477575805540937, 20.893887901595697 ], [ -156.477575446822613, 20.893887576666156 ], [ -156.477575087143691, 20.893887251722425 ], [ -156.477574728425367, 20.893886926792856 ], [ -156.477574368746474, 20.893886601849125 ], [ -156.47757401002815, 20.89388627691957 ], [ -156.477573651309825, 20.893885951990011 ], [ -156.477573291630904, 20.893885627046259 ], [ -156.477572932912608, 20.893885302116704 ], [ -156.477572573218623, 20.893884978075672 ], [ -156.477572214500299, 20.893884653146117 ], [ -156.477571854821434, 20.893884328202351 ], [ -156.477571495142513, 20.893884003258613 ], [ -156.477571136424217, 20.893883678329068 ], [ -156.477570776730232, 20.89388335428799 ], [ -156.477570417051339, 20.893883029344256 ], [ -156.477570058333043, 20.893882704414693 ], [ -156.477569698639087, 20.893882380373654 ], [ -156.477569338960194, 20.893882055429891 ], [ -156.477568980226806, 20.893881731403035 ], [ -156.477568620547942, 20.893881406459279 ], [ -156.477568260853928, 20.893881082418222 ], [ -156.477567901175064, 20.893880757474463 ], [ -156.477567541481108, 20.893880433433409 ], [ -156.477567181802243, 20.893880108489668 ], [ -156.477566822108287, 20.893879784448615 ], [ -156.477566463389962, 20.893879459519052 ], [ -156.477566103696034, 20.893879135477981 ], [ -156.477565744002078, 20.893878811436924 ], [ -156.477565384323185, 20.893878486493179 ], [ -156.477565024629257, 20.893878162452122 ], [ -156.477564664935272, 20.893877838411051 ], [ -156.477564304295839, 20.893877513453123 ], [ -156.477563944601911, 20.893877189412056 ], [ -156.477563584907955, 20.893876865371006 ], [ -156.477563225213999, 20.893876541329949 ], [ -156.477562865520071, 20.893876217288867 ], [ -156.477562505826086, 20.893875893247806 ], [ -156.477562145171561, 20.893875569192559 ], [ -156.477561785477633, 20.893875245151492 ], [ -156.477561425783676, 20.893874921110442 ], [ -156.477561066089777, 20.893874597069352 ], [ -156.477560705435224, 20.893874273014124 ], [ -156.477560345741324, 20.893873948973056 ], [ -156.477559986047368, 20.893873624931988 ], [ -156.477559625392843, 20.893873300876741 ], [ -156.477559265698943, 20.893872976835659 ], [ -156.477558905044418, 20.893872652780409 ], [ -156.477558545350462, 20.893872328739338 ], [ -156.477558184695965, 20.893872004684095 ], [ -156.477557824986945, 20.893871681545722 ], [ -156.477557464332449, 20.893871357490472 ], [ -156.477557104638549, 20.893871033449383 ], [ -156.477556743984024, 20.893870709394122 ], [ -156.477556384275005, 20.893870386255752 ], [ -156.477556023620508, 20.893870062200499 ], [ -156.477555662950948, 20.893869739047947 ], [ -156.47755530325702, 20.893869415006868 ], [ -156.477554942602524, 20.8938690909516 ], [ -156.477554581932935, 20.893868767799027 ], [ -156.477554222239036, 20.89386844375796 ], [ -156.477553861569447, 20.893868120605394 ], [ -156.477553500914951, 20.89386779655014 ], [ -156.477553140245391, 20.893867473397584 ], [ -156.477552779575802, 20.893867150245022 ], [ -156.477552418921306, 20.89386682618974 ], [ -156.477552059212343, 20.893866503051356 ], [ -156.477551698542754, 20.893866179898797 ], [ -156.477551337888286, 20.893865855843529 ], [ -156.477550977218698, 20.893865532690967 ], [ -156.477550616549138, 20.89386520953839 ], [ -156.47755025589467, 20.893864885483129 ], [ -156.477549895225081, 20.89386456233056 ], [ -156.477549534555521, 20.893864239177976 ], [ -156.477549172925393, 20.893863916011224 ], [ -156.477548812255833, 20.893863592858651 ], [ -156.477548451586244, 20.893863269706081 ], [ -156.477548090916713, 20.893862946553515 ], [ -156.477547730247153, 20.893862623400942 ], [ -156.477547369577621, 20.893862300248362 ], [ -156.477547007947464, 20.893861977081599 ], [ -156.477546647277904, 20.893861653929029 ], [ -156.477546286608344, 20.893861330776453 ], [ -156.477545925938813, 20.893861007623869 ], [ -156.477545564308684, 20.893860684457096 ], [ -156.477545203639124, 20.89386036130453 ], [ -156.477544842969593, 20.893860038151939 ], [ -156.477544481339464, 20.893859714985172 ], [ -156.477544120654841, 20.893859392735298 ], [ -156.477543759024741, 20.893859069568535 ], [ -156.477543398355209, 20.893858746415951 ], [ -156.477543036725052, 20.893858423249192 ], [ -156.477542676040457, 20.893858100999303 ], [ -156.477542314410329, 20.893857777832537 ], [ -156.477541953725705, 20.893857455582658 ], [ -156.477541592095605, 20.893857132415867 ], [ -156.477541230465505, 20.893856809249101 ], [ -156.477540869780881, 20.893856486999219 ], [ -156.477540508150753, 20.893856163832456 ], [ -156.477540146505561, 20.893855841568378 ], [ -156.477539785836058, 20.89385551841578 ], [ -156.477539424190866, 20.893855196151719 ], [ -156.477539062560737, 20.893854872984942 ], [ -156.477538700915545, 20.893854550720871 ], [ -156.47753834023095, 20.893854228470971 ], [ -156.47753797860085, 20.893853905304201 ], [ -156.477537616955658, 20.893853583040126 ], [ -156.477537255310466, 20.893853260776034 ], [ -156.477536893665302, 20.893852938511962 ], [ -156.477536532035202, 20.893852615345189 ], [ -156.477536170390039, 20.893852293081107 ], [ -156.477535808744847, 20.893851970817011 ], [ -156.477535447099655, 20.893851648552943 ], [ -156.477535085454491, 20.893851326288857 ], [ -156.477534723809327, 20.893851004024775 ], [ -156.477534362179227, 20.893850680858002 ], [ -156.477534000534064, 20.893850358593909 ], [ -156.477533638888872, 20.89385003632983 ], [ -156.477533277243737, 20.893849714065745 ], [ -156.477532915598573, 20.893849391801659 ], [ -156.477532552992812, 20.893849069523384 ], [ -156.477532191332557, 20.893848748162004 ], [ -156.477531829687393, 20.8938484258979 ], [ -156.47753146804223, 20.893848103633822 ], [ -156.477531105436498, 20.893847781355554 ], [ -156.477530743791334, 20.893847459091457 ], [ -156.47753038214617, 20.893847136827365 ], [ -156.477530019525375, 20.893846815451784 ], [ -156.477529657880183, 20.893846493187688 ], [ -156.477529296235076, 20.893846170923599 ], [ -156.477528933629316, 20.89384584864532 ], [ -156.477528571969088, 20.893845527283933 ], [ -156.477528209363356, 20.893845205005654 ], [ -156.477527847703101, 20.893844883644245 ], [ -156.477527485097397, 20.893844561365967 ], [ -156.477527123452234, 20.89384423910187 ], [ -156.477526760831438, 20.893843917726286 ], [ -156.477526398225734, 20.893843595448008 ], [ -156.477526036565479, 20.893843274086596 ], [ -156.477525673944683, 20.893842952711012 ], [ -156.477525311338979, 20.89384263043274 ], [ -156.477524949678724, 20.893842309071335 ], [ -156.47752458707302, 20.893841986793049 ], [ -156.477524224452225, 20.893841665417455 ], [ -156.477523861831429, 20.893841344041853 ], [ -156.477523500186265, 20.893841021777771 ], [ -156.477523137565498, 20.893840700402169 ], [ -156.477522774944703, 20.893840379026571 ], [ -156.477522412323879, 20.893840057650991 ], [ -156.477522049718175, 20.893839735372705 ], [ -156.477521687097408, 20.89383941399711 ], [ -156.477521324476612, 20.893839092621519 ], [ -156.477520961855816, 20.893838771245939 ], [ -156.477520599235021, 20.893838449870337 ], [ -156.477520236614225, 20.89383812849475 ], [ -156.477519873993458, 20.89383780711913 ], [ -156.477519511372691, 20.893837485743553 ], [ -156.477519148751895, 20.893837164367959 ], [ -156.477518786131128, 20.893836842992354 ], [ -156.477518423510332, 20.893836521616752 ], [ -156.477518060889537, 20.89383620024115 ], [ -156.47751769826877, 20.893835878865556 ], [ -156.477517334687406, 20.893835557475764 ], [ -156.477516972051575, 20.893835237002879 ], [ -156.477516609430808, 20.893834915627284 ], [ -156.47751624681004, 20.893834594251679 ], [ -156.477515883228676, 20.893834272861891 ], [ -156.477515520592817, 20.893833952388984 ], [ -156.47751515797205, 20.893833631013372 ], [ -156.477514794390714, 20.893833309623581 ], [ -156.477514431754855, 20.893832989150674 ], [ -156.477514069134088, 20.893832667775062 ], [ -156.477513705552752, 20.893832346385288 ], [ -156.477513342916893, 20.893832025912374 ], [ -156.477512979335557, 20.893831704522583 ], [ -156.477512616699727, 20.893831384049673 ], [ -156.477512253118391, 20.893831062659871 ], [ -156.477511890482532, 20.893830742186967 ], [ -156.477511526886133, 20.893830421699864 ], [ -156.477511163304769, 20.893830100310073 ], [ -156.477510800668966, 20.893829779837166 ], [ -156.477510437087602, 20.893829458447367 ], [ -156.477510073491203, 20.893829137960271 ], [ -156.477509710855372, 20.89382881748735 ], [ -156.477509347258945, 20.893828497000253 ], [ -156.477508983677637, 20.893828175610455 ], [ -156.47750862008121, 20.893827855123345 ], [ -156.477508257445407, 20.893827534650445 ], [ -156.47750789384898, 20.893827214163334 ], [ -156.477507530252581, 20.893826893676234 ], [ -156.477507166671273, 20.893826572286425 ], [ -156.477506803074874, 20.893826251799315 ], [ -156.477506439478447, 20.893825931312211 ], [ -156.477506075882047, 20.893825610825118 ], [ -156.477505712285677, 20.893825290338008 ], [ -156.477505348689277, 20.893824969850897 ], [ -156.47750498509285, 20.89382464936379 ], [ -156.477504621496479, 20.893824328876676 ], [ -156.477504257884988, 20.893824009292274 ], [ -156.477503894288617, 20.893823688805156 ], [ -156.477503530692218, 20.893823368318049 ], [ -156.477503167095819, 20.893823047830939 ], [ -156.477502803499448, 20.893822727343821 ], [ -156.477502439903049, 20.893822406856707 ], [ -156.477502075331017, 20.893822087258126 ], [ -156.477501711734618, 20.893821766771005 ], [ -156.477501348138219, 20.893821446283887 ], [ -156.477500984526756, 20.893821126699461 ], [ -156.477500619969788, 20.893820806198164 ], [ -156.477500256373418, 20.893820485711053 ], [ -156.477499892761983, 20.893820166126634 ], [ -156.477499528205016, 20.893819845625334 ], [ -156.477499164593553, 20.893819526040915 ], [ -156.477498800036585, 20.8938192055396 ], [ -156.477498436425151, 20.893818885955188 ], [ -156.477498071868183, 20.893818565453884 ], [ -156.47749770825672, 20.893818245869451 ], [ -156.477497343699781, 20.893817925368143 ], [ -156.477496980088347, 20.893817605783749 ], [ -156.477496615516287, 20.893817286185119 ], [ -156.477496251919945, 20.893816965697994 ], [ -156.477495887347914, 20.893816646099381 ], [ -156.477495523736479, 20.893816326514965 ], [ -156.47749515916442, 20.893816006916353 ], [ -156.47749479460748, 20.893815686415046 ], [ -156.477494430035478, 20.893815366816426 ], [ -156.477494066424015, 20.893815047231993 ], [ -156.477493701852012, 20.893814727633377 ], [ -156.477493337279981, 20.893814408034764 ], [ -156.47749297270795, 20.893814088436145 ], [ -156.477492609096544, 20.893813768851732 ], [ -156.477492244524512, 20.893813449253102 ], [ -156.47749187995251, 20.893813129654482 ], [ -156.477491515380478, 20.893812810055859 ], [ -156.477491150808476, 20.893812490457258 ], [ -156.477490786236444, 20.893812170858627 ], [ -156.47749042166447, 20.893811851260008 ], [ -156.477490057092467, 20.893811531661385 ], [ -156.477489692520436, 20.893811212062779 ], [ -156.477489327948462, 20.893810892464149 ], [ -156.477488963361367, 20.893810573768217 ], [ -156.477488598789364, 20.893810254169612 ], [ -156.477488234217333, 20.893809934570982 ], [ -156.477487869645358, 20.893809614972351 ], [ -156.477487505058264, 20.893809296276419 ], [ -156.477487139525692, 20.893808976663614 ], [ -156.47748677495369, 20.893808657064984 ], [ -156.477486410366595, 20.893808338369048 ], [ -156.477486045794649, 20.893808018770436 ], [ -156.477485680246986, 20.893807700060314 ], [ -156.477485315674983, 20.893807380461688 ], [ -156.477484951087888, 20.893807061765738 ], [ -156.477484585555345, 20.89380674215294 ], [ -156.47748422096825, 20.893806423457004 ], [ -156.477483856396276, 20.893806103858367 ], [ -156.477483490848613, 20.893805785148253 ], [ -156.477483126276638, 20.893805465549622 ], [ -156.477482760729004, 20.893805146839501 ], [ -156.477482396141937, 20.893804828143576 ], [ -156.477482030609366, 20.893804508530746 ], [ -156.477481666022328, 20.893804189834793 ], [ -156.477481300474693, 20.893803871124689 ], [ -156.477480935887627, 20.893803552428736 ], [ -156.477480570339992, 20.893803233718611 ], [ -156.477480204807449, 20.893802914105809 ], [ -156.477479840220383, 20.893802595409863 ], [ -156.477479474672748, 20.893802276699727 ], [ -156.477479109125113, 20.893801957989606 ], [ -156.477478744538075, 20.893801639293656 ], [ -156.47747837899044, 20.89380132058352 ], [ -156.477478013442777, 20.893801001873406 ], [ -156.477477647895171, 20.893800683163267 ], [ -156.477477282347536, 20.893800364453135 ], [ -156.477476917760498, 20.893800045757207 ], [ -156.477476552212863, 20.893799727047067 ], [ -156.477476186665257, 20.893799408336946 ], [ -156.477475821102558, 20.893799090529495 ], [ -156.477475455554924, 20.893798771819363 ], [ -156.477475090007317, 20.893798453109238 ], [ -156.477474724459682, 20.893798134399095 ], [ -156.477474358912076, 20.893797815688966 ], [ -156.477473993349378, 20.893797497881518 ], [ -156.477473627801771, 20.89379717917139 ], [ -156.477473262254165, 20.893796860461265 ], [ -156.477472896691467, 20.893796542653806 ], [ -156.477472531143832, 20.893796223943671 ], [ -156.477472164620565, 20.893795906122051 ], [ -156.477471799072987, 20.893795587411908 ], [ -156.477471433525352, 20.893795268701759 ], [ -156.477471067962654, 20.893794950894325 ], [ -156.477470701439415, 20.893794633072705 ], [ -156.477470335891809, 20.893794314362562 ], [ -156.477469970329111, 20.893793996555107 ], [ -156.477469604781504, 20.893793677844986 ], [ -156.477469238258266, 20.893793360023341 ], [ -156.477468872695567, 20.893793042215883 ], [ -156.477468506187421, 20.893792723491561 ], [ -156.477468140624723, 20.893792405684106 ], [ -156.477467775062024, 20.893792087876673 ], [ -156.477467408553878, 20.89379176915233 ], [ -156.477467042991208, 20.893791451344871 ], [ -156.477466676467941, 20.893791133523251 ], [ -156.477466310905271, 20.893790815715779 ], [ -156.477465944382004, 20.893790497894177 ], [ -156.477465577858794, 20.893790180072521 ], [ -156.477465212296096, 20.893789862265066 ], [ -156.477464845772857, 20.893789544443425 ], [ -156.477464480225279, 20.893789225733279 ], [ -156.477464113702041, 20.893788907911645 ], [ -156.477463747163682, 20.893788590992692 ], [ -156.477463380640472, 20.893788273171051 ], [ -156.477463015077802, 20.893787955363599 ], [ -156.477462648554564, 20.893787637541962 ], [ -156.477462282031325, 20.893787319720307 ], [ -156.477461915508087, 20.893787001898676 ], [ -156.477461548984849, 20.893786684077014 ], [ -156.477461183422207, 20.893786366269573 ], [ -156.477460816883877, 20.89378604935062 ], [ -156.477460450360667, 20.893785731528983 ], [ -156.477460083837428, 20.893785413707317 ], [ -156.477459717299098, 20.893785096788385 ], [ -156.477459350775888, 20.893784778966729 ], [ -156.47745898425265, 20.893784461145071 ], [ -156.477458617714348, 20.893784144226128 ], [ -156.477458251191138, 20.893783826404469 ], [ -156.477457884652807, 20.893783509485516 ], [ -156.477457518129597, 20.893783191663861 ], [ -156.477457150630727, 20.893782874730725 ], [ -156.477456784107488, 20.893782556909077 ], [ -156.477456417569186, 20.893782239990124 ], [ -156.477456051046005, 20.893781922168454 ], [ -156.477455684507675, 20.893781605249508 ], [ -156.477455317023896, 20.89378128741366 ], [ -156.477454950485594, 20.893780970494717 ], [ -156.477454583947292, 20.893780653575735 ], [ -156.47745421740899, 20.893780336656793 ], [ -156.477453849925212, 20.893780018820944 ], [ -156.47745348338691, 20.893779701901991 ], [ -156.477453116848636, 20.893779384983013 ], [ -156.477452749349766, 20.893779068049884 ], [ -156.477452382811464, 20.893778751130924 ], [ -156.477452015327714, 20.893778433295068 ], [ -156.477451648789412, 20.893778116376115 ], [ -156.477451281290541, 20.893777799442951 ], [ -156.477450914752296, 20.893777482523998 ], [ -156.477450547253426, 20.893777165590841 ], [ -156.477450180715124, 20.89377684867188 ], [ -156.477449813216282, 20.893776531738716 ], [ -156.477449445717411, 20.89377621480558 ], [ -156.477449079179138, 20.893775897886584 ], [ -156.477448711680296, 20.893775580953452 ], [ -156.477448344166334, 20.893775264922986 ], [ -156.477447977628088, 20.893774948004022 ], [ -156.477447610129218, 20.893774631070858 ], [ -156.477447242630376, 20.893774314137698 ], [ -156.477446875131534, 20.893773997204555 ], [ -156.4774465076176, 20.893773681174082 ], [ -156.477446141079355, 20.893773364255122 ], [ -156.477445773580484, 20.893773047321954 ], [ -156.477445406066551, 20.893772731291488 ], [ -156.477445038567708, 20.89377241435832 ], [ -156.477444671068895, 20.893772097425174 ], [ -156.477444303554961, 20.893771781394719 ], [ -156.477443936056119, 20.893771464461551 ], [ -156.477443568542213, 20.893771148431085 ], [ -156.477443201043371, 20.893770831497914 ], [ -156.477442833529466, 20.893770515467455 ], [ -156.477442466030624, 20.893770198534281 ], [ -156.477442098516718, 20.893769882503829 ], [ -156.477441731002813, 20.893769566473349 ], [ -156.477441363503971, 20.893769249540178 ], [ -156.477440995029468, 20.893768933495522 ], [ -156.477440627515563, 20.893768617465064 ], [ -156.477440260016749, 20.893768300531885 ], [ -156.477439892502844, 20.893767984501427 ], [ -156.477439524988938, 20.893767668470939 ], [ -156.477439156514436, 20.893767352426277 ], [ -156.47743878900053, 20.893767036395808 ], [ -156.477438421501716, 20.893766719462629 ], [ -156.477438053027271, 20.893766403417992 ], [ -156.477437685513337, 20.893766087387501 ], [ -156.477437317038863, 20.893765771342846 ], [ -156.477436949524957, 20.893765455312369 ], [ -156.47743658201108, 20.893765139281872 ], [ -156.477436213536606, 20.89376482323723 ], [ -156.477435846022701, 20.89376450720674 ], [ -156.477435477548255, 20.893764191162081 ], [ -156.477435110034349, 20.893763875131601 ], [ -156.477434741544783, 20.893763559989626 ], [ -156.477434373070309, 20.893763243944964 ], [ -156.477434005556432, 20.893762927914484 ], [ -156.477433637081987, 20.893762611869803 ], [ -156.47743326956811, 20.893762295839334 ], [ -156.477432901078515, 20.893761980697359 ], [ -156.47743253260407, 20.89376166465269 ], [ -156.477432164129596, 20.893761348608031 ], [ -156.477431796615747, 20.893761032577544 ], [ -156.477431428126209, 20.893760717435551 ], [ -156.477431059651735, 20.893760401390885 ], [ -156.477430691162198, 20.893760086248914 ], [ -156.477430322687752, 20.893759770204234 ], [ -156.477429954198215, 20.893759455062266 ], [ -156.477429586684337, 20.893759139031779 ], [ -156.4774292181948, 20.893758823889794 ], [ -156.477428849720354, 20.893758507845128 ], [ -156.477428481230817, 20.893758192703142 ], [ -156.477428112756371, 20.893757876658455 ], [ -156.477427744266862, 20.89375756151648 ], [ -156.477427375777296, 20.893757246374495 ], [ -156.477427007302879, 20.893756930329815 ], [ -156.477426638813341, 20.893756615187833 ], [ -156.477426269363235, 20.893756300031672 ], [ -156.477425900888818, 20.893755983986971 ], [ -156.47742553239928, 20.893755668845003 ], [ -156.477425163909771, 20.893755353703025 ], [ -156.477424795420262, 20.893755038561039 ], [ -156.477424426930753, 20.89375472341904 ], [ -156.477424057480647, 20.893754408262879 ], [ -156.477423688991109, 20.893754093120886 ], [ -156.477423320501629, 20.893753777978894 ], [ -156.477422951051523, 20.893753462822719 ], [ -156.477422582562014, 20.893753147680744 ], [ -156.477422214072504, 20.893752832538755 ], [ -156.477421844622427, 20.893752517382556 ], [ -156.477421476132889, 20.893752202240574 ], [ -156.477421106682812, 20.893751887084402 ], [ -156.477420738193331, 20.893751571942396 ], [ -156.477420369703822, 20.893751256800403 ], [ -156.477420000253744, 20.893750941644228 ], [ -156.477419631749143, 20.893750627404941 ], [ -156.477419262299065, 20.893750312248741 ], [ -156.477418892849016, 20.89374999709257 ], [ -156.477418524359507, 20.893749681950574 ], [ -156.477418154894337, 20.89374936769709 ], [ -156.477417786404828, 20.893749052555091 ], [ -156.477417416954751, 20.893748737398898 ], [ -156.47741704748961, 20.893748423145425 ], [ -156.47741667803956, 20.893748107989232 ], [ -156.477416309534959, 20.893747793749917 ], [ -156.47741594008491, 20.893747478593749 ], [ -156.47741557061974, 20.893747164340272 ], [ -156.477415201169691, 20.893746849184076 ], [ -156.477414831704522, 20.893746534930592 ], [ -156.477414463215041, 20.893746219788557 ], [ -156.477414093749928, 20.89374590553507 ], [ -156.477413724284759, 20.893745591281583 ], [ -156.477413354834709, 20.893745276125411 ], [ -156.477412985369568, 20.893744961871899 ], [ -156.477412615904427, 20.893744647618401 ], [ -156.477412246454378, 20.893744332462205 ], [ -156.477411876989237, 20.893744018208725 ], [ -156.477411507524124, 20.893743703955227 ], [ -156.477411138058955, 20.893743389701719 ], [ -156.477410768593842, 20.893743075448231 ], [ -156.477410399128701, 20.893742761194723 ], [ -156.477410028718054, 20.893742446024355 ], [ -156.477409659252942, 20.893742131770846 ], [ -156.477409289787801, 20.893741817517341 ], [ -156.477408920322659, 20.893741503263843 ], [ -156.477408550857547, 20.893741189010338 ], [ -156.477408180431866, 20.893740874742665 ], [ -156.477407810966724, 20.893740560489157 ], [ -156.47740744148652, 20.893740247138339 ], [ -156.477407072021407, 20.893739932884834 ], [ -156.477406701595697, 20.893739618617143 ], [ -156.477406332130585, 20.893739304363656 ], [ -156.477405961704875, 20.893738990095947 ], [ -156.477405592239791, 20.893738675842439 ], [ -156.477405222759586, 20.893738362491629 ], [ -156.477404852333876, 20.893738048223948 ], [ -156.477404482868792, 20.893737733970443 ], [ -156.47740411242799, 20.893737420605447 ], [ -156.477403742962878, 20.893737106351928 ], [ -156.477403372537196, 20.893736792084241 ], [ -156.477403002096452, 20.893736478719219 ], [ -156.477402632631311, 20.893736164465711 ], [ -156.477402262190566, 20.893735851100715 ], [ -156.477401891764885, 20.89373553683302 ], [ -156.47740152228468, 20.89373522348221 ], [ -156.477401151858999, 20.893734909214508 ], [ -156.477400781418254, 20.893734595849512 ], [ -156.47740041195317, 20.893734281595965 ], [ -156.477400041512368, 20.893733968230972 ], [ -156.477399671071623, 20.893733654865969 ], [ -156.477399300645942, 20.893733340598267 ], [ -156.477398930205197, 20.893733027233267 ], [ -156.477398560725021, 20.893732713882443 ], [ -156.477398190284276, 20.893732400517447 ], [ -156.477397819858595, 20.89373208624972 ], [ -156.47739744941785, 20.893731772884717 ], [ -156.477397078977106, 20.89373145951971 ], [ -156.477396708536361, 20.893731146154689 ], [ -156.477396338095588, 20.893730832789679 ], [ -156.477395967654843, 20.893730519424683 ], [ -156.477395597214127, 20.893730206059661 ], [ -156.477395226773353, 20.893729892694648 ], [ -156.477394856332637, 20.893729579329644 ], [ -156.477394484931295, 20.893729265950444 ], [ -156.477394114490551, 20.893728952585416 ], [ -156.477393744049834, 20.893728639220409 ], [ -156.47739337360909, 20.893728325855381 ], [ -156.477393003168345, 20.89372801249036 ], [ -156.477392632727629, 20.893727699125346 ], [ -156.477392261311223, 20.893727386648845 ], [ -156.477391890870479, 20.893727073283824 ], [ -156.477391520429762, 20.893726759918806 ], [ -156.477391149028449, 20.893726446539617 ], [ -156.477390778572641, 20.893726134077294 ], [ -156.477390408131896, 20.89372582071228 ], [ -156.477390036730611, 20.893725507333063 ], [ -156.477389666274803, 20.893725194870733 ], [ -156.47738929487349, 20.893724881491504 ], [ -156.477388924432773, 20.893724568126483 ], [ -156.477388553016397, 20.893724255649968 ], [ -156.47738818257568, 20.893723942284947 ], [ -156.477387811159275, 20.893723629808431 ], [ -156.477387440718587, 20.893723316443417 ], [ -156.477387069302182, 20.893723003966901 ], [ -156.477386698846402, 20.893722691504564 ], [ -156.477386327445117, 20.893722378125361 ], [ -156.477385956028712, 20.893722065648838 ], [ -156.477385585572904, 20.893721753186508 ], [ -156.477385214171619, 20.89372143980729 ], [ -156.477384842755271, 20.893721127330775 ], [ -156.477384471338894, 20.893720814854248 ], [ -156.477384100883086, 20.893720502391915 ], [ -156.477383729481829, 20.893720189012704 ], [ -156.477383358065453, 20.893719876536178 ], [ -156.477382986649104, 20.893719564059651 ], [ -156.477382615232727, 20.893719251583128 ], [ -156.477382243816379, 20.893718939106602 ], [ -156.477381872400002, 20.89371862663009 ], [ -156.477381501944222, 20.893718314167742 ], [ -156.477381130527874, 20.893718001691223 ], [ -156.477380759111526, 20.893717689214693 ], [ -156.477380387695149, 20.893717376738163 ], [ -156.477380016278801, 20.893717064261629 ], [ -156.477379644862452, 20.89371675178511 ], [ -156.477379272485535, 20.893716439294398 ], [ -156.477378901069159, 20.893716126817861 ], [ -156.47737852965281, 20.893715814341334 ], [ -156.47737815822137, 20.893715502767499 ], [ -156.477377786805022, 20.893715190290965 ], [ -156.477377415388673, 20.893714877814443 ], [ -156.477377043972353, 20.893714565337898 ], [ -156.477376671580316, 20.893714253749877 ], [ -156.477376300163996, 20.893713941273347 ], [ -156.477375928732556, 20.893713629699516 ], [ -156.477375556355639, 20.893713317208785 ], [ -156.477375184939319, 20.893713004732248 ], [ -156.477374813507879, 20.893712693158406 ], [ -156.477374441130991, 20.893712380667687 ], [ -156.47737406969955, 20.893712069093837 ], [ -156.47737369828323, 20.893711756617311 ], [ -156.477373325891222, 20.893711445029265 ], [ -156.477372954474902, 20.893711132552735 ], [ -156.477372582082893, 20.893710820964699 ], [ -156.477372210651481, 20.893710509390861 ], [ -156.477371838274564, 20.893710196900145 ], [ -156.477371465882584, 20.893709885312095 ], [ -156.477371094451172, 20.893709573738263 ], [ -156.477370722059192, 20.893709262150242 ], [ -156.477370350642872, 20.893708949673702 ], [ -156.477369978250863, 20.893708638085663 ], [ -156.477369605858911, 20.893708326497638 ], [ -156.477369234427499, 20.893708014923774 ], [ -156.477368862035519, 20.893707703335743 ], [ -156.477368489643538, 20.8937073917477 ], [ -156.477368117251558, 20.893707080159665 ], [ -156.477367745820175, 20.893706768585815 ], [ -156.477367373443286, 20.893706456095074 ], [ -156.477367001036214, 20.893706145409716 ], [ -156.477366628644234, 20.893705833821684 ], [ -156.477366256252282, 20.893705522233653 ], [ -156.477365883860301, 20.893705210645621 ], [ -156.477365511468321, 20.893704899057575 ], [ -156.477365139076369, 20.893704587469536 ], [ -156.477364766684417, 20.89370427588149 ], [ -156.477364394292437, 20.893703964293451 ], [ -156.477364021885393, 20.8937036536081 ], [ -156.477363649493441, 20.893703342020046 ], [ -156.47736327710146, 20.893703030431997 ], [ -156.477362904709508, 20.893702718843961 ], [ -156.477362532302465, 20.893702408158596 ], [ -156.477362159910513, 20.893702096570571 ], [ -156.477361787503469, 20.893701785885217 ], [ -156.47736141415092, 20.893701474282985 ], [ -156.477361041758996, 20.893701162694946 ], [ -156.477360669351924, 20.893700852009573 ], [ -156.477360296960001, 20.893700540421531 ], [ -156.47735992359236, 20.893700229721986 ], [ -156.477359551200436, 20.893699918133933 ], [ -156.477359178793392, 20.893699607448582 ], [ -156.47735880542578, 20.893699296749045 ], [ -156.477358433033828, 20.893698985160981 ], [ -156.477358060626813, 20.893698674475633 ], [ -156.4773576872592, 20.893698363776085 ], [ -156.477357314867277, 20.893698052188018 ], [ -156.477356941499664, 20.893697741488477 ], [ -156.477356569092649, 20.89369743080313 ], [ -156.477356195725037, 20.893697120103575 ], [ -156.477355823318021, 20.893696809418216 ], [ -156.477355449965529, 20.893696497815977 ], [ -156.477355077558485, 20.893696187130612 ], [ -156.477354704190901, 20.893695876431053 ], [ -156.477354330823289, 20.89369556573152 ], [ -156.477353958416273, 20.893695255046151 ], [ -156.477353585048718, 20.893694944346592 ], [ -156.477353211681105, 20.893694633647048 ], [ -156.477352839274118, 20.893694322961672 ], [ -156.477352465906506, 20.893694012262117 ], [ -156.477352092538922, 20.893693701562576 ], [ -156.477351719171338, 20.893693390863024 ], [ -156.477351346749259, 20.89369308108035 ], [ -156.477350973381675, 20.893692770380792 ], [ -156.477350600014063, 20.893692459681233 ], [ -156.477350226646507, 20.893692148981689 ], [ -156.477349853278952, 20.893691838282134 ], [ -156.477349479896276, 20.893691528485263 ], [ -156.477349106528692, 20.893691217785694 ], [ -156.477348733161108, 20.893690907086146 ], [ -156.47734835977846, 20.893690597289297 ], [ -156.477347986410877, 20.893690286589724 ], [ -156.477347613043321, 20.893689975890165 ], [ -156.477347239660645, 20.893689666093291 ], [ -156.47734686629309, 20.893689355393736 ], [ -156.477346492910442, 20.893689045596879 ], [ -156.477346119542887, 20.893688734897314 ], [ -156.477345746160239, 20.893688425100432 ], [ -156.477345371816995, 20.893688115289375 ], [ -156.477344998449439, 20.893687804589835 ], [ -156.477344625066792, 20.893687494792957 ], [ -156.477344251699236, 20.893687184093377 ], [ -156.477343877355992, 20.893686874282327 ], [ -156.477343503973373, 20.893686564485456 ], [ -156.477343130590725, 20.893686254688586 ], [ -156.477342756262601, 20.893685943974823 ], [ -156.477342382879954, 20.893685634177956 ], [ -156.477342009497335, 20.893685324381082 ], [ -156.47734163515409, 20.893685014570025 ], [ -156.477341261771471, 20.893684704773147 ], [ -156.477340887428255, 20.893684394962083 ], [ -156.477340514045636, 20.893684085165216 ], [ -156.477340139717484, 20.893683774451461 ], [ -156.477339766334865, 20.893683464654575 ], [ -156.477339391991677, 20.893683154843504 ], [ -156.47733901860903, 20.893682845046637 ], [ -156.47733864425075, 20.893682536138261 ], [ -156.477338269907534, 20.893682226327194 ], [ -156.477337896524915, 20.893681916530308 ], [ -156.477337522181728, 20.893681606719248 ], [ -156.47733714783854, 20.893681296908184 ], [ -156.477336774455921, 20.893680987111289 ], [ -156.477336400097641, 20.89368067820293 ], [ -156.477336025754425, 20.893680368391859 ], [ -156.477335651411238, 20.893680058580788 ], [ -156.477335278028619, 20.893679748783882 ], [ -156.477334903670339, 20.893679439875523 ], [ -156.477334529327152, 20.893679130064449 ], [ -156.477334154983993, 20.893678820253374 ], [ -156.477333780625685, 20.893678511345009 ], [ -156.477333406282497, 20.893678201533916 ], [ -156.477333031924246, 20.893677892625544 ], [ -156.477332657581059, 20.893677582814483 ], [ -156.477332283222779, 20.893677273906103 ], [ -156.47733190887962, 20.893676964095008 ], [ -156.47733153452134, 20.893676655186631 ], [ -156.477331160163089, 20.893676346278266 ], [ -156.477330785819902, 20.893676036467177 ], [ -156.477330411461651, 20.893675727558779 ], [ -156.477330037118492, 20.893675417747719 ], [ -156.477329662760212, 20.893675108839332 ], [ -156.477329288401961, 20.893674799930928 ], [ -156.477328913083113, 20.893674491008372 ], [ -156.477328538724862, 20.893674182099979 ], [ -156.477328164381703, 20.893673872288886 ], [ -156.477327790023452, 20.893673563380524 ], [ -156.477327414704604, 20.893673254457937 ], [ -156.477327040346381, 20.893672945549543 ], [ -156.47732666598813, 20.893672636641167 ], [ -156.477326290669311, 20.893672327718587 ], [ -156.477325916311059, 20.893672018810207 ], [ -156.477325541952808, 20.893671709901803 ], [ -156.477325166633989, 20.893671400979219 ], [ -156.477324792275738, 20.893671092070843 ], [ -156.477324416956918, 20.893670783148259 ], [ -156.477324042598696, 20.893670474239858 ], [ -156.477323667279876, 20.893670165317282 ], [ -156.477323292921653, 20.893669856408888 ], [ -156.477322917587713, 20.893669548388999 ], [ -156.477322542268922, 20.893669239466419 ], [ -156.4773221679107, 20.893668930558022 ], [ -156.47732179259188, 20.893668621635449 ], [ -156.477321418218565, 20.893668313629732 ], [ -156.477321042899746, 20.893668004707138 ], [ -156.477320667580955, 20.893667695784568 ], [ -156.477320292247043, 20.893667387764673 ], [ -156.477319917888849, 20.893667078856282 ], [ -156.477319542554937, 20.893666770836383 ], [ -156.477319167236146, 20.893666461913789 ], [ -156.477318791902263, 20.8936661538939 ], [ -156.477318416583472, 20.89366584497132 ], [ -156.477318042210158, 20.893665536965617 ], [ -156.477317666891366, 20.893665228043023 ], [ -156.477317291557483, 20.893664920023117 ], [ -156.4773169162236, 20.893664612003239 ], [ -156.477316540904809, 20.893664303080627 ], [ -156.477316165570926, 20.893663995060745 ], [ -156.477315790237043, 20.893663687040846 ], [ -156.47731541491828, 20.893663378118237 ], [ -156.477315039584397, 20.893663070098352 ], [ -156.477314664250514, 20.893662762078442 ], [ -156.477314288916659, 20.893662454058546 ], [ -156.477313913582805, 20.89366214603864 ], [ -156.477313537303445, 20.893661837101885 ], [ -156.477313161969562, 20.89366152908196 ], [ -156.477312786635707, 20.893661221062075 ], [ -156.477312411301853, 20.893660913042162 ], [ -156.477312035967969, 20.893660605022248 ], [ -156.477311659673546, 20.893660296988173 ], [ -156.477311284339692, 20.893659988968249 ], [ -156.477310909005809, 20.893659680948353 ], [ -156.477310532711385, 20.893659372914257 ], [ -156.477310157362467, 20.893659065797053 ], [ -156.477309782028613, 20.893658757777136 ], [ -156.477309405734161, 20.893658449743054 ], [ -156.477309030400306, 20.893658141723144 ], [ -156.477308654105883, 20.893657833689058 ], [ -156.477308278756936, 20.893657526571836 ], [ -156.477307903423082, 20.893657218551908 ], [ -156.477307527128659, 20.893656910517819 ], [ -156.477307150819144, 20.893656603386422 ], [ -156.477306775485317, 20.893656295366505 ], [ -156.477306399190894, 20.893655987332405 ], [ -156.477306023841976, 20.893655680215197 ], [ -156.477305647547553, 20.893655372181083 ], [ -156.477305271238038, 20.893655065049689 ], [ -156.477304895904211, 20.893654757029754 ], [ -156.477304519594696, 20.89365444989836 ], [ -156.477304143300302, 20.893654141864257 ], [ -156.477303767951383, 20.893653834747045 ], [ -156.47730339165696, 20.893653526712939 ], [ -156.477303015347474, 20.89365321958153 ], [ -156.477302639037987, 20.893652912450115 ], [ -156.477302262743592, 20.893652604416008 ], [ -156.477301887394646, 20.893652297298775 ], [ -156.477301511085187, 20.893651990167371 ], [ -156.477301134775701, 20.893651683035952 ], [ -156.477300758481306, 20.893651375001852 ], [ -156.477300382171819, 20.893651067870437 ], [ -156.477300005862304, 20.893650760739025 ], [ -156.477299629552817, 20.893650453607613 ], [ -156.477299253243331, 20.893650146476183 ], [ -156.477298876933872, 20.893649839344793 ], [ -156.477298500624386, 20.893649532213363 ], [ -156.477298124314927, 20.893649225081951 ], [ -156.477297748005441, 20.893648917950529 ], [ -156.477297371695954, 20.893648610819117 ], [ -156.477296994425899, 20.893648303673508 ], [ -156.477296618116441, 20.893647996542082 ], [ -156.477296241806954, 20.89364768941067 ], [ -156.477295865497496, 20.893647382279244 ], [ -156.477295489188037, 20.893647075147815 ], [ -156.47729511190289, 20.893646768904912 ], [ -156.477294735593404, 20.893646461773496 ], [ -156.477294359283945, 20.893646154642063 ], [ -156.477293982013919, 20.893645847496455 ], [ -156.477293605689368, 20.893645541267716 ], [ -156.47729322937991, 20.893645234136297 ], [ -156.477292852094791, 20.893644927893394 ], [ -156.477292475785333, 20.893644620761957 ], [ -156.477292098515278, 20.893644313616353 ], [ -156.477291722190756, 20.893644007387614 ], [ -156.477291345881298, 20.893643700256188 ], [ -156.477290968596179, 20.893643394013246 ], [ -156.477290591326124, 20.893643086867655 ], [ -156.477290215001602, 20.893642780638917 ], [ -156.477289837731604, 20.893642473493291 ], [ -156.477289461407025, 20.893642167264559 ], [ -156.477289084121935, 20.893641861021628 ], [ -156.477288706851908, 20.893641553876023 ], [ -156.477288330527387, 20.893641247647292 ], [ -156.477287953242268, 20.893640941404346 ], [ -156.477287575957149, 20.893640635161429 ], [ -156.477287199647719, 20.893640328029988 ], [ -156.477286822362601, 20.893640021787068 ], [ -156.477286445077539, 20.893639715544154 ], [ -156.47728606779242, 20.893639409301205 ], [ -156.477285690507301, 20.893639103058288 ], [ -156.47728531418278, 20.893638796829553 ], [ -156.477284936897718, 20.893638490586618 ], [ -156.477284559612599, 20.893638184343679 ], [ -156.47728418232748, 20.893637878100744 ], [ -156.477283805042418, 20.893637571857816 ], [ -156.4772834277573, 20.893637265614892 ], [ -156.477283050472238, 20.893636959371957 ], [ -156.477282673187148, 20.893636653129025 ], [ -156.477282295902057, 20.893636346886101 ], [ -156.477281918616967, 20.893636040643159 ], [ -156.477281541331877, 20.893635734400227 ], [ -156.477281164046786, 20.893635428157275 ], [ -156.477280786746633, 20.893635122817045 ], [ -156.477280408500974, 20.893634816559921 ], [ -156.477280031215884, 20.893634510316982 ], [ -156.47727965391573, 20.893634204976735 ], [ -156.47727927663064, 20.8936338987338 ], [ -156.477278899345578, 20.893633592490858 ], [ -156.477278521084827, 20.893633287136428 ], [ -156.477278143799765, 20.893632980893504 ], [ -156.477277766499583, 20.893632675553224 ], [ -156.477277388253952, 20.893632369296121 ], [ -156.477277010953799, 20.893632063955863 ], [ -156.477276633668737, 20.893631757712917 ], [ -156.477276255407986, 20.893631452358488 ], [ -156.477275878122924, 20.893631146115549 ], [ -156.477275499862202, 20.893630840761116 ], [ -156.477275122562048, 20.893630535420854 ], [ -156.477274744316389, 20.893630229163733 ], [ -156.477274367016264, 20.893629923823486 ], [ -156.477273988755542, 20.893629618469031 ], [ -156.47727361147048, 20.893629312226093 ], [ -156.477273233209758, 20.893629006871652 ], [ -156.477272855909604, 20.893628701531384 ], [ -156.477272477648881, 20.893628396176965 ], [ -156.477272099388159, 20.893628090822517 ], [ -156.477271722088034, 20.893627785482263 ], [ -156.47727134382734, 20.893627480127812 ], [ -156.477270965566618, 20.893627174773375 ], [ -156.477270587305895, 20.893626869418942 ], [ -156.47727021000577, 20.893626564078659 ], [ -156.477269831745048, 20.893626258724218 ], [ -156.477269453484354, 20.893625953369781 ], [ -156.477269075223631, 20.893625648015338 ], [ -156.477268696962938, 20.893625342660879 ], [ -156.477268318702244, 20.893625037306435 ], [ -156.477267941402118, 20.893624731966174 ], [ -156.477267563141424, 20.893624426611741 ], [ -156.47726718486561, 20.893624122159967 ], [ -156.477266806604916, 20.893623816805508 ], [ -156.477266428344223, 20.893623511451068 ], [ -156.477266050083529, 20.89362320609661 ], [ -156.477265671807743, 20.893622901644854 ], [ -156.477265293547049, 20.893622596290399 ], [ -156.477264915286355, 20.893622290935959 ], [ -156.477264536050001, 20.89362198647002 ], [ -156.477264157789307, 20.893621681115548 ], [ -156.477263779513549, 20.893621376663805 ], [ -156.477263401252856, 20.893621071309333 ], [ -156.47726302297707, 20.893620766857598 ], [ -156.477262644716404, 20.893620461503108 ], [ -156.47726226548005, 20.893620157037159 ], [ -156.477261887204264, 20.89361985258541 ], [ -156.477261508943599, 20.893619547230958 ], [ -156.477261129707244, 20.893619242765002 ], [ -156.477260751431487, 20.893618938313224 ], [ -156.477260373170793, 20.89361863295877 ], [ -156.477259993934467, 20.893618328492831 ], [ -156.47725961565871, 20.893618024041064 ], [ -156.477259237382953, 20.893617719589276 ], [ -156.47725885816169, 20.893617414220635 ], [ -156.477258479885933, 20.893617109768876 ], [ -156.477258100649607, 20.893616805302912 ], [ -156.477257722373878, 20.893616500851156 ], [ -156.477257343137524, 20.893616196385171 ], [ -156.477256964861766, 20.893615891933408 ], [ -156.47725658562544, 20.893615587467444 ], [ -156.477256206389114, 20.893615283001502 ], [ -156.477255828113357, 20.893614978549717 ], [ -156.47725544887706, 20.893614674083754 ], [ -156.477255069640705, 20.893614369617794 ], [ -156.477254691364976, 20.893614065166027 ], [ -156.47725431212865, 20.893613760700067 ], [ -156.477253932877233, 20.893613457136805 ], [ -156.477253553640935, 20.893613152670842 ], [ -156.477253175365178, 20.89361284821905 ], [ -156.47725279612888, 20.89361254375309 ], [ -156.477252416877462, 20.893612240189817 ], [ -156.477252037641165, 20.893611935723857 ], [ -156.477251658404839, 20.89361163125789 ], [ -156.47725127915345, 20.893611327694629 ], [ -156.477250899917124, 20.893611023228654 ], [ -156.477250521641423, 20.893610718776863 ], [ -156.477250142390034, 20.893610415213598 ], [ -156.477249763153708, 20.893610110747623 ], [ -156.477249383902318, 20.893609807184347 ], [ -156.477249004666021, 20.893609502718377 ], [ -156.477248624454035, 20.893609199140926 ], [ -156.477248245202674, 20.89360889557766 ], [ -156.477247865966376, 20.893608591111658 ], [ -156.477247486714987, 20.893608287548386 ], [ -156.477247107463597, 20.893607983985113 ], [ -156.477246728227328, 20.893607679519135 ], [ -156.477246348975939, 20.893607375955856 ], [ -156.477245968763953, 20.893607072378398 ], [ -156.477245589527683, 20.893606767912424 ], [ -156.477245210276294, 20.89360646434913 ], [ -156.477244831024933, 20.893606160785836 ], [ -156.477244450812975, 20.893605857208371 ], [ -156.477244071561614, 20.893605553645092 ], [ -156.477243692310253, 20.893605250081805 ], [ -156.477243312098295, 20.893604946504347 ], [ -156.477242932846906, 20.893604642941053 ], [ -156.477242552634976, 20.893604339363588 ], [ -156.477242173383615, 20.893604035800298 ], [ -156.477241794132254, 20.893603732237015 ], [ -156.477241413920297, 20.893603428659546 ], [ -156.477241034668964, 20.893603125096234 ], [ -156.477240654457006, 20.893602821518762 ], [ -156.477240274245077, 20.893602517941289 ], [ -156.477239894978624, 20.893602215280687 ], [ -156.477239514766694, 20.893601911703218 ], [ -156.477239135515333, 20.893601608139928 ], [ -156.477238755303404, 20.893601304562448 ], [ -156.477238375076382, 20.893601001887667 ], [ -156.477237995825021, 20.893600698324374 ], [ -156.477237615613092, 20.89360039474689 ], [ -156.47723723538607, 20.893600092072113 ], [ -156.477236855174141, 20.893599788494623 ], [ -156.477236475922837, 20.893599484931343 ], [ -156.477236095695815, 20.893599182256548 ], [ -156.477235715483914, 20.893598878679072 ], [ -156.477235335256893, 20.893598576004273 ], [ -156.477234955029871, 20.893598273329484 ], [ -156.477234574817942, 20.89359796975198 ], [ -156.477234195551546, 20.893597667091374 ], [ -156.477233815339616, 20.893597363513894 ], [ -156.477233435112623, 20.893597060839099 ], [ -156.47723305488563, 20.8935967581643 ], [ -156.477232674673729, 20.89359645458682 ], [ -156.477232294446736, 20.893596151912035 ], [ -156.477231914219743, 20.893595849237233 ], [ -156.477231533032125, 20.893595546548259 ], [ -156.477231152805132, 20.893595243873452 ], [ -156.477230772593231, 20.893594940295969 ], [ -156.477230392366266, 20.893594637621163 ], [ -156.477230012139273, 20.893594334946368 ], [ -156.47722963191228, 20.893594032271562 ], [ -156.477229251685287, 20.893593729596766 ], [ -156.477228870497726, 20.893593426907781 ], [ -156.477228490270761, 20.893593124232979 ], [ -156.477228110043768, 20.89359282155818 ], [ -156.477227728856207, 20.893592518869191 ], [ -156.477227348629242, 20.893592216194389 ], [ -156.477226968402277, 20.893591913519593 ], [ -156.477226587199624, 20.893591611733296 ], [ -156.477226206972631, 20.893591309058493 ], [ -156.477225826745666, 20.893591006383691 ], [ -156.477225445558105, 20.893590703694695 ], [ -156.47722506533114, 20.893590401019889 ], [ -156.477224684128515, 20.893590099233588 ], [ -156.477224303901551, 20.893589796558768 ], [ -156.477223922713989, 20.893589493869779 ], [ -156.477223542471933, 20.893589192097664 ], [ -156.4772231612844, 20.893588889408676 ], [ -156.477222781042343, 20.893588587636554 ], [ -156.47722239985481, 20.893588284947558 ], [ -156.477222018652185, 20.893587983161261 ], [ -156.47722163842522, 20.89358768048643 ], [ -156.477221257222595, 20.89358737870015 ], [ -156.477220876035062, 20.893587076011155 ], [ -156.477220495793006, 20.893586774239026 ], [ -156.477220114605501, 20.89358647155003 ], [ -156.477219733402876, 20.893586169763729 ], [ -156.477219352200251, 20.893585867977414 ], [ -156.477218971012746, 20.893585565288419 ], [ -156.477218590770718, 20.89358526351629 ], [ -156.477218209568065, 20.893584961729974 ], [ -156.477217828365468, 20.893584659943667 ], [ -156.477217447177935, 20.893584357254653 ], [ -156.477217065975339, 20.893584055468349 ], [ -156.477216684772742, 20.893583753682034 ], [ -156.477216303570117, 20.893583451895722 ], [ -156.47721592236752, 20.893583150109411 ], [ -156.477215541164895, 20.893582848323103 ], [ -156.477215159962299, 20.893582546536791 ], [ -156.477214778759702, 20.893582244750483 ], [ -156.477214397557105, 20.893581942964158 ], [ -156.477214016354509, 20.893581641177835 ], [ -156.477213635151912, 20.893581339391531 ], [ -156.477213252988719, 20.893581037591023 ], [ -156.477212871786151, 20.893580735804694 ], [ -156.477212490568462, 20.893580434921077 ], [ -156.477212109365865, 20.893580133134751 ], [ -156.477211728163297, 20.893579831348426 ], [ -156.477211346000104, 20.893579529547928 ], [ -156.477210964797507, 20.893579227761624 ], [ -156.477210583579847, 20.893578926877982 ], [ -156.477210201416682, 20.893578625077481 ], [ -156.477209820199022, 20.893578324193847 ], [ -156.477209438996425, 20.893578022407521 ], [ -156.47720905683326, 20.893577720607009 ], [ -156.4772086756156, 20.893577419723393 ], [ -156.477208293452435, 20.893577117922874 ], [ -156.477207912234803, 20.893576817039243 ], [ -156.477207530071638, 20.893576515238745 ], [ -156.47720714885395, 20.893576214355097 ], [ -156.477206766690813, 20.893575912554567 ], [ -156.477206385473153, 20.893575611670951 ], [ -156.477206003294924, 20.893575310773119 ], [ -156.477205622092356, 20.893575008986776 ], [ -156.477205239914127, 20.893574708088977 ], [ -156.47720485773587, 20.893574407191164 ], [ -156.477204476533331, 20.893574105404817 ], [ -156.477204094355102, 20.893573804507003 ], [ -156.477203712176873, 20.893573503609172 ], [ -156.477203330959213, 20.893573202725516 ], [ -156.477202948781013, 20.89357290182771 ], [ -156.477202566602756, 20.893572600929875 ], [ -156.477202184424527, 20.893572300032066 ], [ -156.477201802261419, 20.893571998231529 ], [ -156.477201421043759, 20.893571697347888 ], [ -156.477201038865559, 20.89357139645006 ], [ -156.47720065668733, 20.893571095552225 ], [ -156.477200274494038, 20.893570795557089 ], [ -156.477199892315809, 20.893570494659254 ], [ -156.477199510137581, 20.893570193761427 ], [ -156.477199127959381, 20.893569892863589 ], [ -156.47719874578118, 20.893569591965772 ], [ -156.47719836360298, 20.893569291067948 ], [ -156.47719798142478, 20.89356899017011 ], [ -156.477197599231459, 20.89356869017497 ], [ -156.477197217053259, 20.893568389277114 ], [ -156.477196834875059, 20.893568088379297 ], [ -156.477196452681767, 20.893567788384146 ], [ -156.47719606954297, 20.893567487472122 ], [ -156.47719568736477, 20.89356718657428 ], [ -156.477195305171477, 20.89356688657913 ], [ -156.477194922993277, 20.893566585681302 ], [ -156.477194540800014, 20.893566285686155 ], [ -156.477194157661245, 20.893565984774131 ], [ -156.477193775467953, 20.893565684778981 ], [ -156.477193393289753, 20.893565383881132 ], [ -156.477193010135892, 20.893565083871806 ], [ -156.47719262795772, 20.893564782973968 ], [ -156.477192245764428, 20.893564482978807 ], [ -156.477191862610596, 20.893564182969474 ], [ -156.477191480432396, 20.89356388207165 ], [ -156.477191097278563, 20.893563582062303 ], [ -156.4771907150853, 20.893563282067145 ], [ -156.477190331931439, 20.893562982057805 ], [ -156.477189949753267, 20.89356268115996 ], [ -156.477189566599407, 20.89356238115062 ], [ -156.477189184406143, 20.893562081155466 ], [ -156.477188801252311, 20.893561781146101 ], [ -156.47718841809845, 20.893561481136786 ], [ -156.477188035905215, 20.893561181141624 ], [ -156.477187652751383, 20.893560881132284 ], [ -156.477187270558119, 20.89356058113713 ], [ -156.477186887404287, 20.893560281127797 ], [ -156.477186504250426, 20.89355998111844 ], [ -156.477186121096594, 20.893559681109092 ], [ -156.477185738903358, 20.893559381113938 ], [ -156.477185355749526, 20.893559081104581 ], [ -156.477184972595694, 20.893558781095233 ], [ -156.477184589441862, 20.893558481085883 ], [ -156.477184206272966, 20.893558181979238 ], [ -156.477183823119105, 20.893557881969883 ], [ -156.47718344092587, 20.893557581974722 ], [ -156.477183057772066, 20.893557281965375 ], [ -156.477182674603171, 20.893556982858716 ], [ -156.477182291449338, 20.893556682849365 ], [ -156.477181908295506, 20.893556382840007 ], [ -156.47718152512661, 20.893556083733348 ], [ -156.477181141972807, 20.893555783724008 ], [ -156.477180758803883, 20.893555484617334 ], [ -156.477180375650107, 20.893555184607987 ], [ -156.477179991520586, 20.893554885487145 ], [ -156.477179608366811, 20.893554585477776 ], [ -156.477179225197915, 20.893554286371131 ], [ -156.477178842028991, 20.893553987264454 ], [ -156.477178458875215, 20.893553687255096 ], [ -156.47717807570632, 20.893553388148433 ], [ -156.477177691591919, 20.893553088124897 ], [ -156.477177308423023, 20.893552789018205 ], [ -156.477176925254156, 20.893552489911567 ], [ -156.47717654208526, 20.893552190804883 ], [ -156.477176157970888, 20.893551890781332 ], [ -156.477175774802021, 20.893551591674683 ], [ -156.477175391633097, 20.893551292568002 ], [ -156.477175007503661, 20.893550993447132 ], [ -156.477174624334765, 20.893550694340483 ], [ -156.477174240205329, 20.893550395219627 ], [ -156.477173857036433, 20.893550096112936 ], [ -156.477173472906969, 20.893549796992097 ], [ -156.477173089738102, 20.893549497885417 ], [ -156.477172705608638, 20.893549198764568 ], [ -156.477172322439799, 20.893548899657887 ], [ -156.477171938310335, 20.893548600537024 ], [ -156.477171555141467, 20.893548301430354 ], [ -156.477171171012003, 20.89354800230949 ], [ -156.477170786882567, 20.89354770318862 ], [ -156.477170403698608, 20.893547404984645 ], [ -156.477170019569172, 20.893547105863775 ], [ -156.477169635439736, 20.893546806742911 ], [ -156.477169252270869, 20.893546507636238 ], [ -156.477168868126341, 20.893546209418062 ], [ -156.477168483996934, 20.893545910297203 ], [ -156.477168099852378, 20.89354561207902 ], [ -156.47716771668351, 20.893545312972332 ], [ -156.477167332554103, 20.893545013851476 ], [ -156.477166948409575, 20.893544715633293 ], [ -156.477166564280139, 20.89354441651243 ], [ -156.477166180135612, 20.893544118294255 ], [ -156.477165796006233, 20.893543819173374 ], [ -156.477165411861705, 20.893543520955205 ], [ -156.477165027732269, 20.893543221834324 ], [ -156.477164643587741, 20.893542923616163 ], [ -156.477164259443242, 20.89354262539797 ], [ -156.477163875313835, 20.893542326277107 ], [ -156.477163491169307, 20.893542028058924 ], [ -156.477163107024808, 20.893541729840731 ], [ -156.47716272288028, 20.89354143162257 ], [ -156.477162338750901, 20.893541132501667 ], [ -156.477161954606402, 20.893540834283503 ], [ -156.477161570461874, 20.893540536065309 ], [ -156.477161185356806, 20.893540237832948 ], [ -156.477160801212307, 20.893539939614758 ], [ -156.477160417067807, 20.89353964139659 ], [ -156.477160032923308, 20.893539343178389 ], [ -156.477159647818212, 20.89353904494601 ], [ -156.477159263673741, 20.893538746727835 ], [ -156.47715887952927, 20.893538448509631 ], [ -156.477158494424202, 20.893538150277276 ], [ -156.477158110279703, 20.893537852059076 ], [ -156.477157726135204, 20.89353755384089 ], [ -156.477157341030164, 20.893537255608511 ], [ -156.477156956885665, 20.893536957390321 ], [ -156.477156571765505, 20.893536660060633 ], [ -156.477156187621034, 20.893536361842447 ], [ -156.477155802515966, 20.893536063610053 ], [ -156.477155418371495, 20.893535765391857 ], [ -156.477155033251336, 20.893535468062172 ], [ -156.477154649106865, 20.893535169843975 ], [ -156.477154264001825, 20.893534871611603 ], [ -156.477153879842263, 20.893534574296098 ], [ -156.477153494737195, 20.893534276063722 ], [ -156.477153109617063, 20.89353397873402 ], [ -156.477152725472592, 20.893533680515837 ], [ -156.477152340352461, 20.893533383186139 ], [ -156.477151955247393, 20.893533084953756 ], [ -156.477151571087859, 20.893532787638247 ], [ -156.477151185982819, 20.893532489405867 ], [ -156.477150800862688, 20.893532192076158 ], [ -156.477150415742557, 20.893531894746484 ], [ -156.477150030637517, 20.893531596514073 ], [ -156.477149645517386, 20.893531299184382 ], [ -156.477149261357852, 20.893531001868887 ], [ -156.47714887623772, 20.893530704539181 ], [ -156.477148491132681, 20.893530406306795 ], [ -156.477148106012578, 20.893530108977089 ], [ -156.477147720892447, 20.893529811647401 ], [ -156.477147335772315, 20.893529514317695 ], [ -156.477146950652212, 20.893529216988 ], [ -156.477146565532109, 20.893528919658294 ], [ -156.477146180411978, 20.893528622328592 ], [ -156.477145795291875, 20.893528324998886 ], [ -156.477145410171744, 20.893528027669195 ], [ -156.477145025051641, 20.893527730339482 ], [ -156.477144638970969, 20.893527432995597 ], [ -156.477144253850838, 20.893527135665881 ], [ -156.477143868730764, 20.893526838336182 ], [ -156.477143483610661, 20.89352654100648 ], [ -156.477143098490529, 20.893526243676774 ], [ -156.477142712409886, 20.89352594633289 ], [ -156.477142327274692, 20.89352564990585 ], [ -156.47714194215456, 20.893525352576169 ], [ -156.477141556073917, 20.89352505523226 ], [ -156.477141170938722, 20.893524758805249 ], [ -156.477140785818619, 20.893524461475554 ], [ -156.477140399737976, 20.893524164131648 ], [ -156.477140014602753, 20.893523867704626 ], [ -156.477139629482679, 20.89352357037491 ], [ -156.477139243386915, 20.893523273933717 ], [ -156.477138858266841, 20.893522976603986 ], [ -156.477138472171077, 20.893522680162789 ], [ -156.477138087050974, 20.89352238283308 ], [ -156.47713770095524, 20.893522086391865 ], [ -156.477137315835165, 20.893521789062152 ], [ -156.47713692973943, 20.893521492620934 ], [ -156.477136543643667, 20.89352119617973 ], [ -156.477136158523592, 20.893520898850024 ], [ -156.477135772427829, 20.893520602408795 ], [ -156.477135386332122, 20.893520305967602 ], [ -156.477135001212019, 20.893520008637864 ], [ -156.477134615116285, 20.89351971219666 ], [ -156.47713422902055, 20.893519415755449 ], [ -156.477133843885412, 20.893519119328406 ], [ -156.477133457789648, 20.893518822887206 ], [ -156.477133071693913, 20.893518526445991 ], [ -156.477132685598207, 20.893518230004766 ], [ -156.477132299502443, 20.893517933563562 ], [ -156.477131913406708, 20.893517637122333 ], [ -156.47713152827157, 20.893517340695304 ], [ -156.477131142175836, 20.893517044254104 ], [ -156.477130756080129, 20.893516747812857 ], [ -156.477130369984394, 20.893516451371649 ], [ -156.477129983888659, 20.893516154930431 ], [ -156.477129597792953, 20.893515858489206 ], [ -156.477129211697246, 20.89351556204798 ], [ -156.477128825601511, 20.893515265606776 ], [ -156.477128439490713, 20.893514970068225 ], [ -156.477128053394978, 20.893514673627017 ], [ -156.477127666338703, 20.893514377171609 ], [ -156.477127280227876, 20.893514081633064 ], [ -156.477126894132169, 20.893513785191843 ], [ -156.477126508036463, 20.893513488750632 ], [ -156.477126121925664, 20.893513193212069 ], [ -156.477125735829958, 20.893512896770861 ], [ -156.477125348758562, 20.893512601218138 ], [ -156.477124962662884, 20.893512304776909 ], [ -156.477124576552086, 20.893512009238378 ], [ -156.477124189495811, 20.893511712782967 ], [ -156.477123803385012, 20.893511417244419 ], [ -156.477123417289306, 20.893511120803193 ], [ -156.477123030217939, 20.893510825250473 ], [ -156.477122644122261, 20.89351052880923 ], [ -156.477122258011462, 20.893510233270685 ], [ -156.477121870940096, 20.893509937717972 ], [ -156.477121484829297, 20.893509642179424 ], [ -156.47712109777305, 20.893509345723999 ], [ -156.477120711662252, 20.893509050185472 ], [ -156.477120324590913, 20.893508754632748 ], [ -156.477119938480115, 20.893508459094186 ], [ -156.477119551408748, 20.893508163541465 ], [ -156.47711916433741, 20.893507867988738 ], [ -156.477118778226668, 20.893507572450176 ], [ -156.477118391155301, 20.893507276897449 ], [ -156.477118005044531, 20.893506981358911 ], [ -156.477117617973192, 20.89350668580618 ], [ -156.477117230901854, 20.893506390253439 ], [ -156.477116843830487, 20.893506094700708 ], [ -156.477116457719745, 20.893505799162163 ], [ -156.477116070648407, 20.893505503609429 ], [ -156.47711568357704, 20.893505208056688 ], [ -156.477115296505701, 20.893504912503943 ], [ -156.477114909434363, 20.893504616951212 ], [ -156.477114523308529, 20.893504322315362 ], [ -156.477114136237191, 20.893504026762606 ], [ -156.477113749165852, 20.893503731209869 ], [ -156.477113362079422, 20.893503436559829 ], [ -156.477112975008112, 20.893503141007102 ], [ -156.477112587936801, 20.893502845454332 ], [ -156.477112200850371, 20.893502550804293 ], [ -156.477111813779061, 20.893502255251551 ], [ -156.47711142669263, 20.893501960601505 ], [ -156.477111039621292, 20.893501665048756 ], [ -156.47711065253489, 20.893501370398702 ], [ -156.477110265463551, 20.893501074845961 ], [ -156.477109878377149, 20.893500780195918 ], [ -156.477109490345242, 20.893500484628969 ], [ -156.47710910325884, 20.893500189978916 ], [ -156.477108716172438, 20.893499895328866 ], [ -156.477108329101128, 20.893499599776117 ], [ -156.477107942014726, 20.893499305126081 ], [ -156.477107553967727, 20.893499010461817 ], [ -156.477107166896445, 20.893498714909068 ], [ -156.477106779810043, 20.893498420259021 ], [ -156.47710639272367, 20.893498125608954 ], [ -156.477106004676671, 20.893497830944717 ], [ -156.477105617590269, 20.893497536294653 ], [ -156.477105229543326, 20.893497241630413 ], [ -156.477104842456924, 20.893496946980346 ], [ -156.477104455370522, 20.893496652330288 ], [ -156.47710406732358, 20.893496357666034 ], [ -156.477103680237178, 20.893496063015959 ], [ -156.477103292190208, 20.89349576835172 ], [ -156.477102905103834, 20.893495473701659 ], [ -156.477102517056835, 20.893495179037416 ], [ -156.47710212997049, 20.893494884387355 ], [ -156.477101741923519, 20.893494589723108 ], [ -156.477101353876577, 20.893494295058836 ], [ -156.477100966775083, 20.89349400131146 ], [ -156.477100578728141, 20.89349370664722 ], [ -156.477100190681199, 20.893493411982952 ], [ -156.477099803594825, 20.893493117332895 ], [ -156.477099415532763, 20.893492823571336 ], [ -156.477099027485821, 20.893492528907053 ], [ -156.477098640399447, 20.893492234257 ], [ -156.477098252337441, 20.893491940495434 ], [ -156.477097864290471, 20.893491645831169 ], [ -156.477097476228465, 20.893491352069613 ], [ -156.477097088181523, 20.893491057405342 ], [ -156.477096700119461, 20.893490763643786 ], [ -156.477096313033115, 20.89349046899369 ], [ -156.47709592497111, 20.893490175232124 ], [ -156.477095536909047, 20.893489881470568 ], [ -156.477095148862134, 20.893489586806297 ], [ -156.477094760800099, 20.893489293044734 ], [ -156.477094372738065, 20.893488999283168 ], [ -156.477093984691152, 20.893488704618914 ], [ -156.477093596629146, 20.893488410857334 ], [ -156.477093208567112, 20.893488117095764 ], [ -156.477092820505106, 20.89348782333418 ], [ -156.477092432458164, 20.893487528669912 ], [ -156.477092043435562, 20.893487234894152 ], [ -156.477091655373584, 20.893486941132569 ], [ -156.47709126731155, 20.893486647371006 ], [ -156.477090879249545, 20.893486353609436 ], [ -156.477090491187539, 20.893486059847856 ], [ -156.477090102164965, 20.893485766072097 ], [ -156.477089714102959, 20.893485472310516 ], [ -156.477089326040954, 20.893485178548914 ], [ -156.477088937978948, 20.893484884787338 ], [ -156.477088548956345, 20.893484591011589 ], [ -156.477088160894397, 20.893484297249998 ], [ -156.477087772817271, 20.893484004391112 ], [ -156.477087383794697, 20.893483710615339 ], [ -156.477086995732719, 20.893483416853762 ], [ -156.477086606710145, 20.893483123077988 ], [ -156.477086218633048, 20.893482830219099 ], [ -156.477085829610473, 20.893482536443329 ], [ -156.477085441548496, 20.893482242681745 ], [ -156.47708505251083, 20.893481949808674 ], [ -156.477084664448853, 20.893481656047083 ], [ -156.477084275426307, 20.893481362271299 ], [ -156.47708388734921, 20.89348106941241 ], [ -156.477083498326635, 20.893480775636629 ], [ -156.477083109288998, 20.893480482763543 ], [ -156.477082721227021, 20.893480189001956 ], [ -156.477082332189354, 20.89347989612887 ], [ -156.477081943166809, 20.893479602353093 ], [ -156.477081555089768, 20.8934793094942 ], [ -156.477081166052102, 20.893479016621111 ], [ -156.477080777029556, 20.893478722845341 ], [ -156.477080387991919, 20.893478429972248 ], [ -156.477079999914849, 20.893478137113345 ], [ -156.477079610877212, 20.893477844240259 ], [ -156.477079221854666, 20.893477550464478 ], [ -156.477078832817028, 20.893477257591382 ], [ -156.477078443779419, 20.893476964718303 ], [ -156.477078054741781, 20.893476671845203 ], [ -156.477077665704144, 20.893476378972125 ], [ -156.477077276666506, 20.893476086099028 ], [ -156.477076887628868, 20.893475793225935 ], [ -156.477076498591259, 20.893475500352846 ], [ -156.47707610955365, 20.893475207479739 ], [ -156.477075720516012, 20.893474914606653 ], [ -156.477075331478403, 20.893474621733567 ], [ -156.477074942440794, 20.89347432886046 ], [ -156.477074553403156, 20.893474035987371 ], [ -156.477074164365547, 20.89347374311426 ], [ -156.477073775327938, 20.893473450241164 ], [ -156.477073386275208, 20.893473158270769 ], [ -156.477072996277002, 20.893472865383476 ], [ -156.477072607239421, 20.893472572510369 ], [ -156.477072218201812, 20.89347227963728 ], [ -156.477071829149082, 20.893471987666864 ], [ -156.477071439150933, 20.893471694779578 ], [ -156.477071050113295, 20.893471401906474 ], [ -156.477070661060594, 20.893471109936069 ], [ -156.477070271062445, 20.893470817048776 ], [ -156.477069882009744, 20.893470525078357 ], [ -156.477069492972134, 20.893470232205257 ], [ -156.477069102958865, 20.893469940220655 ], [ -156.477068713921255, 20.893469647347548 ], [ -156.477068323907986, 20.893469355362967 ], [ -156.477067934870405, 20.893469062489874 ], [ -156.477067544857135, 20.893468770505258 ], [ -156.477067155804463, 20.893468478534849 ], [ -156.477066765806285, 20.893468185647542 ], [ -156.477066376753612, 20.89346789367713 ], [ -156.477065986740342, 20.893467601692524 ], [ -156.47706559768767, 20.893467309722109 ], [ -156.47706520768952, 20.893467016834808 ], [ -156.477064817676251, 20.893466724850192 ], [ -156.477064428623578, 20.89346643287978 ], [ -156.477064038610337, 20.893466140895157 ], [ -156.477063648597067, 20.893465848910559 ], [ -156.477063259544423, 20.893465556940132 ], [ -156.477062869531181, 20.893465264955545 ], [ -156.477062479517912, 20.893464972970946 ], [ -156.477062089504699, 20.893464680986316 ], [ -156.477061699491429, 20.893464389001711 ], [ -156.477061310438756, 20.893464097031277 ], [ -156.477060920425544, 20.893463805046661 ], [ -156.477060530412302, 20.893463513062056 ], [ -156.477060140399061, 20.893463221077436 ], [ -156.47705975038582, 20.89346292909282 ], [ -156.477059360357515, 20.893462638010902 ], [ -156.477058970344274, 20.893462346026308 ], [ -156.477058580331033, 20.893462054041681 ], [ -156.47705819031782, 20.893461762057061 ], [ -156.477057800289515, 20.893461470975133 ], [ -156.477057410276274, 20.893461178990524 ], [ -156.477057020247969, 20.893460887908592 ], [ -156.477056630234756, 20.893460595923976 ], [ -156.477056240221515, 20.893460303939332 ], [ -156.477055849232613, 20.893460012843249 ], [ -156.477055459219429, 20.893459720858619 ], [ -156.477055069191096, 20.893459429776698 ], [ -156.477054679177883, 20.893459137792071 ], [ -156.477054289149578, 20.893458846710139 ], [ -156.477053898160676, 20.893458555614011 ], [ -156.477053508147492, 20.893458263629388 ], [ -156.477053118119187, 20.893457972547473 ], [ -156.477052727130314, 20.893457681451356 ], [ -156.477052337117101, 20.893457389466718 ], [ -156.477051947088796, 20.893457098384783 ], [ -156.477051556099923, 20.893456807288668 ], [ -156.477051166071618, 20.893456516206726 ], [ -156.477050775082745, 20.893456225110615 ], [ -156.47705038506956, 20.893455933125992 ], [ -156.477049995041256, 20.893455642044046 ], [ -156.477049604052382, 20.893455350947917 ], [ -156.477049214024134, 20.893455059865975 ], [ -156.477048823035261, 20.893454768769853 ], [ -156.477048432046388, 20.893454477673746 ], [ -156.477048042018083, 20.893454186591793 ], [ -156.477047651029238, 20.893453895495661 ], [ -156.477047261000962, 20.893453604413715 ], [ -156.477046870012117, 20.893453313317583 ], [ -156.477046479008152, 20.89345302312417 ], [ -156.477046088979904, 20.893452732042213 ], [ -156.477045697991031, 20.893452440946074 ], [ -156.477045307002186, 20.893452149849946 ], [ -156.477044916013341, 20.89345185875381 ], [ -156.477044525969944, 20.893451568574562 ], [ -156.477044134981099, 20.893451277478448 ], [ -156.477043743992255, 20.893450986382295 ], [ -156.477043352988346, 20.893450696188854 ], [ -156.477042961999501, 20.893450405092718 ], [ -156.477042570995565, 20.893450114899288 ], [ -156.477042180967288, 20.893449823817338 ], [ -156.477041789963351, 20.893449533623883 ], [ -156.477041398974535, 20.893449242527748 ], [ -156.477041007970598, 20.893448952334303 ], [ -156.477040616981753, 20.893448661238175 ], [ -156.477040225977873, 20.893448371044723 ], [ -156.477039834989029, 20.893448079948573 ], [ -156.477039443985092, 20.893447789755129 ], [ -156.477039052020586, 20.893447499547516 ], [ -156.47703866103177, 20.893447208451356 ], [ -156.477038270027833, 20.893446918257908 ], [ -156.477037879023953, 20.893446628064453 ], [ -156.477037488020017, 20.893446337871005 ], [ -156.477037097016108, 20.893446047677553 ], [ -156.477036706027292, 20.893445756581407 ], [ -156.477036314062786, 20.893445466373752 ], [ -156.477035923058878, 20.893445176180318 ], [ -156.47703553205497, 20.893444885986856 ], [ -156.477035140090493, 20.893444595779208 ], [ -156.477034749086584, 20.893444305585749 ], [ -156.477034358082676, 20.893444015392308 ], [ -156.477033966118228, 20.893443725184664 ], [ -156.477033575114319, 20.893443434991195 ], [ -156.477033184110411, 20.893443144797743 ], [ -156.477032792145963, 20.893442854590113 ], [ -156.477032401126962, 20.893442565299331 ], [ -156.477032009162457, 20.89344227509168 ], [ -156.477031618158577, 20.893441984898235 ], [ -156.477031226194129, 20.893441694690576 ], [ -156.477030835175128, 20.893441405399813 ], [ -156.47703044321068, 20.893441115192179 ], [ -156.4770300522068, 20.893440824998699 ], [ -156.477029660227203, 20.893440535693738 ], [ -156.477029268262754, 20.89344024548609 ], [ -156.477028877258903, 20.893439955292628 ], [ -156.477028485279334, 20.893439665987668 ], [ -156.477028094275454, 20.893439375794195 ], [ -156.477027702295885, 20.893439086489245 ], [ -156.477027310331437, 20.89343879628159 ], [ -156.477026918351896, 20.893438506976619 ], [ -156.477026527348045, 20.893438216783156 ], [ -156.477026135368476, 20.893437927478182 ], [ -156.477025743388936, 20.893437638173218 ], [ -156.477025351424487, 20.893437347965566 ], [ -156.477024959444947, 20.893437058660609 ], [ -156.477024567465435, 20.893436769355635 ], [ -156.477024175500958, 20.893436479147979 ], [ -156.477023784482014, 20.893436189857194 ], [ -156.477023392502474, 20.893435900552216 ], [ -156.477023000522962, 20.89343561124727 ], [ -156.477022608543422, 20.893435321942285 ], [ -156.477022216563881, 20.893435032637328 ], [ -156.477021824584369, 20.893434743332353 ], [ -156.477021432604829, 20.893434454027371 ], [ -156.477021040625317, 20.893434164722418 ], [ -156.477020647685208, 20.893433875403257 ], [ -156.477020255705725, 20.893433586098279 ], [ -156.477019863726156, 20.893433296793312 ], [ -156.477019471746672, 20.893433007488337 ], [ -156.477019079767132, 20.893432718183348 ], [ -156.47701868778762, 20.893432428878388 ], [ -156.477018294847539, 20.893432139559213 ], [ -156.477017902868027, 20.893431850254249 ], [ -156.477017510873424, 20.893431561851965 ], [ -156.477017118893912, 20.89343127254697 ], [ -156.477016725953803, 20.89343098322782 ], [ -156.477016333959227, 20.893430694825518 ], [ -156.477015941979715, 20.893430405520547 ], [ -156.477015549039635, 20.89343011620138 ], [ -156.477015157045031, 20.893429827799086 ], [ -156.47701476410495, 20.893429538479918 ], [ -156.477014372110375, 20.893429250077624 ], [ -156.477013980130891, 20.89342896077266 ], [ -156.477013587175719, 20.893428672356162 ], [ -156.477013195196207, 20.893428383051173 ], [ -156.477012802241063, 20.893428094634711 ], [ -156.477012410261551, 20.893427805329722 ], [ -156.477012017306379, 20.893427516913249 ], [ -156.477011624351235, 20.893427228496755 ], [ -156.477011232371751, 20.89342693919177 ], [ -156.477010839416579, 20.893426650775297 ], [ -156.477010447422003, 20.893426362372985 ], [ -156.477010054481951, 20.893426073053817 ], [ -156.477009661526779, 20.893425784637326 ], [ -156.477009268571663, 20.893425496220861 ], [ -156.477008876577059, 20.893425207818545 ], [ -156.477008483621916, 20.893424919402083 ], [ -156.477008090666772, 20.893424630985582 ], [ -156.477007697711628, 20.893424342569077 ], [ -156.477007305717052, 20.893424054166793 ], [ -156.477006912761908, 20.893423765750288 ], [ -156.477006519806793, 20.893423477333808 ], [ -156.477006126851649, 20.893423188917318 ], [ -156.477005733896505, 20.893422900500838 ], [ -156.477005340941361, 20.893422612084333 ], [ -156.477004947986217, 20.893422323667853 ], [ -156.477004555031073, 20.893422035251358 ], [ -156.477004162075986, 20.893421746834868 ], [ -156.47700376910575, 20.893421459321061 ], [ -156.477003376150606, 20.893421170904571 ], [ -156.47700298319549, 20.893420882488069 ], [ -156.477002590225254, 20.893420594974273 ], [ -156.477002197270139, 20.893420306557768 ], [ -156.477001804315023, 20.893420018141271 ], [ -156.477001411344816, 20.893419730627457 ], [ -156.4770010183897, 20.893419442210959 ], [ -156.477000624473988, 20.893419153780272 ], [ -156.47700023150378, 20.893418866266476 ], [ -156.476999838548664, 20.893418577849975 ], [ -156.476999445578429, 20.893418290336164 ], [ -156.476999051647653, 20.893418002808176 ], [ -156.476998658692537, 20.89341771439166 ], [ -156.476998265722358, 20.893417426877857 ], [ -156.476997871806674, 20.893417138447159 ], [ -156.476997478836466, 20.893416850933356 ], [ -156.476997085866259, 20.893416563419553 ], [ -156.476996691935483, 20.89341627589155 ], [ -156.476996298980396, 20.893415987475038 ], [ -156.47699590504962, 20.893415699947045 ], [ -156.476995512079412, 20.893415412433228 ], [ -156.476995118148665, 20.893415124905218 ], [ -156.476994725178457, 20.893414837391415 ], [ -156.47699433124771, 20.893414549863401 ], [ -156.476993938277502, 20.893414262349591 ], [ -156.476993544361846, 20.893413973918875 ], [ -156.476993151391667, 20.893413686405072 ], [ -156.476992757460863, 20.893413398877051 ], [ -156.47699236447562, 20.893413112265939 ], [ -156.476991970544844, 20.893412824737936 ], [ -156.476991576614097, 20.893412537209926 ], [ -156.476991182683349, 20.89341224968193 ], [ -156.47699078971317, 20.893411962168084 ], [ -156.476990395782423, 20.893411674640085 ], [ -156.476990001851647, 20.893411387112067 ], [ -156.476989607905807, 20.893411100486759 ], [ -156.476989214935656, 20.893410812972917 ], [ -156.476988821004909, 20.893410525444921 ], [ -156.476988427059069, 20.893410238819595 ], [ -156.476988033128322, 20.893409951291588 ], [ -156.476987639197574, 20.89340966376357 ], [ -156.476987245251735, 20.893409377138234 ], [ -156.476986851321016, 20.893409089610223 ], [ -156.476986457375176, 20.893408802984915 ], [ -156.476986063444429, 20.893408515456887 ], [ -156.476985669498617, 20.893408228831564 ], [ -156.476985275567898, 20.893407941303536 ], [ -156.476984881622059, 20.893407654678214 ], [ -156.47698448769134, 20.893407367150186 ], [ -156.476984093745529, 20.893407080524877 ], [ -156.476983699799661, 20.893406793899544 ], [ -156.47698330586897, 20.89340650637152 ], [ -156.47698291192313, 20.89340621974619 ], [ -156.476982517977319, 20.893405933120867 ], [ -156.476982124031508, 20.893405646495523 ], [ -156.476981729125129, 20.893405359856011 ], [ -156.476981335194381, 20.893405072327987 ], [ -156.476980941248598, 20.893404785702653 ], [ -156.476980547302787, 20.893404499077331 ], [ -156.476980152396408, 20.893404212437801 ], [ -156.476979758450597, 20.893403925812457 ], [ -156.476979364504786, 20.893403639187131 ], [ -156.476978969598406, 20.893403352547612 ], [ -156.476978575652595, 20.893403065922257 ], [ -156.476978181706812, 20.893402779296917 ], [ -156.476977786800433, 20.893402492657394 ], [ -156.476977392854621, 20.893402206032079 ], [ -156.47697699793315, 20.893401920295226 ], [ -156.476976603987367, 20.8934016336699 ], [ -156.476976209080988, 20.893401347030373 ], [ -156.476975815135205, 20.893401060405019 ], [ -156.476975420228825, 20.893400773765489 ], [ -156.476975026267951, 20.893400488042847 ], [ -156.476974631361571, 20.89340020140331 ], [ -156.476974236455249, 20.893399914763776 ], [ -156.476973842494345, 20.893399629041138 ], [ -156.476973447587994, 20.89339934240159 ], [ -156.476973052666551, 20.893399056664769 ], [ -156.476972658720769, 20.893398770039425 ], [ -156.476972263799297, 20.893398484302569 ], [ -156.476971868892946, 20.893398197663039 ], [ -156.476971473971503, 20.89339791192619 ], [ -156.476971080025749, 20.893397625300853 ], [ -156.476970685104277, 20.893397339564004 ], [ -156.476970290182862, 20.893397053827165 ], [ -156.476969895276511, 20.893396767187621 ], [ -156.47696950035504, 20.893396481450772 ], [ -156.476969105433653, 20.893396195713937 ], [ -156.476968711487871, 20.893395909088575 ], [ -156.476968316566428, 20.893395623351722 ], [ -156.476967921645013, 20.893395337614887 ], [ -156.47696752672357, 20.893395051878034 ], [ -156.476967131802127, 20.893394766141185 ], [ -156.476966736880712, 20.893394480404321 ], [ -156.476966341974389, 20.893394193764777 ], [ -156.476965947052946, 20.893393908027939 ], [ -156.476965551170935, 20.893393622276879 ], [ -156.47696515624952, 20.893393336540036 ], [ -156.476964761328077, 20.893393050803191 ], [ -156.476964366391599, 20.893392765969033 ], [ -156.476963971470155, 20.893392480232166 ], [ -156.476963576548741, 20.893392194495316 ], [ -156.476963181627326, 20.893391908758456 ], [ -156.476962785745314, 20.893391623007425 ], [ -156.476962390823928, 20.89339133727055 ], [ -156.476961995902514, 20.893391051533708 ], [ -156.476961600005438, 20.89339076668535 ], [ -156.476961205084024, 20.89339048094849 ], [ -156.476960810162609, 20.893390195211616 ], [ -156.476960414265534, 20.893389910363283 ], [ -156.476960019344119, 20.893389624626412 ], [ -156.476959624407641, 20.89338933979225 ], [ -156.476959228525686, 20.893389054041183 ], [ -156.476958833604272, 20.893388768304316 ], [ -156.476958437707196, 20.893388483455958 ], [ -156.47695804278581, 20.893388197719101 ], [ -156.476957646888735, 20.893387912870754 ], [ -156.476957251952228, 20.89338762803656 ], [ -156.476956856070274, 20.893387342285518 ], [ -156.476956461133796, 20.893387057451346 ], [ -156.476956065251812, 20.893386771700293 ], [ -156.476955670315334, 20.893386486866099 ], [ -156.476955274418287, 20.893386202017737 ], [ -156.476954878521241, 20.893385917169379 ], [ -156.476954483599854, 20.893385631432515 ], [ -156.476954087702779, 20.893385346584143 ], [ -156.476953691805733, 20.893385061735774 ], [ -156.476953295908686, 20.893384776887416 ], [ -156.476952900972208, 20.893384492053226 ], [ -156.476952505075189, 20.893384207204868 ], [ -156.476952109178143, 20.893383922356499 ], [ -156.476951713281068, 20.89338363750813 ], [ -156.476951317384021, 20.893383352659743 ], [ -156.476950922447571, 20.893383067825571 ], [ -156.476950526550525, 20.893382782977188 ], [ -156.476950130653506, 20.893382498128819 ], [ -156.47694973475646, 20.893382213280461 ], [ -156.476949338859441, 20.893381928432067 ], [ -156.476948942962395, 20.893381643583702 ], [ -156.476948547065348, 20.893381358735319 ], [ -156.476948151153238, 20.893381074789652 ], [ -156.476947755256191, 20.893380789941272 ], [ -156.476947359359173, 20.893380505092889 ], [ -156.476946963447062, 20.893380221147211 ], [ -156.476946567550016, 20.893379936298839 ], [ -156.476946171652997, 20.893379651450445 ], [ -156.476945774780319, 20.893379367490571 ], [ -156.4769453788833, 20.893379082642198 ], [ -156.476944982971162, 20.893378798696517 ], [ -156.476944587074144, 20.893378513848141 ], [ -156.476944191162033, 20.893378229902446 ], [ -156.476943794304447, 20.893377945039866 ], [ -156.476943398392336, 20.893377661094174 ], [ -156.476943002495346, 20.893377376245802 ], [ -156.476942606583236, 20.89337709230011 ], [ -156.476942209710529, 20.893376808340218 ], [ -156.476941813813539, 20.893376523491845 ], [ -156.476941417901457, 20.893376239546146 ], [ -156.47694102102875, 20.893375955586269 ], [ -156.476940625116669, 20.893375671640563 ], [ -156.476940228259082, 20.893375386777983 ], [ -156.476939832346972, 20.89337510283228 ], [ -156.476939435474321, 20.893374818872402 ], [ -156.476939039562211, 20.893374534926714 ], [ -156.476938642689561, 20.893374250966836 ], [ -156.476938246777479, 20.893373967021123 ], [ -156.4769378499048, 20.893373683061238 ], [ -156.476937453992747, 20.893373399115543 ], [ -156.476937057120068, 20.893373115155661 ], [ -156.476936660247418, 20.893372831195762 ], [ -156.476936264335308, 20.893372547250046 ], [ -156.476935867462686, 20.893372263290168 ], [ -156.476935470590007, 20.893371979330265 ], [ -156.476935074677925, 20.893371695384566 ], [ -156.476934677790183, 20.893371412327365 ], [ -156.476934280917533, 20.893371128367477 ], [ -156.476933884044882, 20.893370844407588 ], [ -156.476933488132829, 20.893370560461882 ], [ -156.476933091245058, 20.893370277404678 ], [ -156.476932694372437, 20.893369993444786 ], [ -156.476932297484694, 20.893369710387574 ], [ -156.476931900612044, 20.893369426427672 ], [ -156.476931503739422, 20.893369142467787 ], [ -156.476931106851652, 20.893368859410582 ], [ -156.476930710939627, 20.893368575464851 ], [ -156.476930314051884, 20.893368292407644 ], [ -156.476929917179262, 20.893368008447755 ], [ -156.47692952029152, 20.893367725390529 ], [ -156.476929123403806, 20.893367442333339 ], [ -156.476928726531185, 20.893367158373433 ], [ -156.476928328682874, 20.893366875302039 ], [ -156.476927931795132, 20.893366592244828 ], [ -156.476927534922538, 20.893366308284918 ], [ -156.476927138034796, 20.893366025227706 ], [ -156.476926741147082, 20.893365742170499 ], [ -156.476926344259368, 20.893365459113284 ], [ -156.476925947386746, 20.893365175153367 ], [ -156.476925549538464, 20.89336489208198 ], [ -156.476925152650722, 20.893364609024747 ], [ -156.476924755763037, 20.893364325967543 ], [ -156.476924358875323, 20.893364042910321 ], [ -156.47692396102704, 20.893363759838913 ], [ -156.476923564139327, 20.893363476781698 ], [ -156.476923167251641, 20.893363193724475 ], [ -156.476922769403359, 20.893362910653067 ], [ -156.476922372515645, 20.893362627595859 ], [ -156.476921975627931, 20.893362344538634 ], [ -156.476921577764585, 20.893362062369899 ], [ -156.476921180876872, 20.893361779312695 ], [ -156.476920783028618, 20.893361496241283 ], [ -156.476920386140904, 20.893361213184054 ], [ -156.47691998829265, 20.893360930112646 ], [ -156.476919591389873, 20.893360647958108 ], [ -156.47691919354159, 20.893360364886696 ], [ -156.476918796653905, 20.893360081829478 ], [ -156.476918398790559, 20.89335979966075 ], [ -156.476918000942305, 20.893359516589339 ], [ -156.4769176040395, 20.893359234434818 ], [ -156.476917206191246, 20.893358951363403 ], [ -156.4769168083279, 20.893358669194669 ], [ -156.476916411440214, 20.893358386137447 ], [ -156.476916013576869, 20.893358103968712 ], [ -156.476915615728615, 20.893357820897304 ], [ -156.476915217865269, 20.893357538728566 ], [ -156.476914820977584, 20.89335725567134 ], [ -156.476914423114238, 20.893356973502605 ], [ -156.476914025250892, 20.893356691333882 ], [ -156.476913627387546, 20.893356409165154 ], [ -156.476913229539321, 20.893356126093732 ], [ -156.476912831676003, 20.89335584392499 ], [ -156.476912434773226, 20.893355561770445 ], [ -156.47691203690988, 20.89335527960171 ], [ -156.476911639046534, 20.893354997432983 ], [ -156.476911241198309, 20.893354714361546 ], [ -156.476910843334991, 20.893354432192837 ], [ -156.476910445471674, 20.893354150024098 ], [ -156.476910047608357, 20.893353867855353 ], [ -156.476909649745011, 20.893353585686615 ], [ -156.476909251881693, 20.893353303517888 ], [ -156.476908853057779, 20.893353021334953 ], [ -156.47690845517937, 20.893352740068909 ], [ -156.476908057316052, 20.893352457900168 ], [ -156.476907659452735, 20.893352175731426 ], [ -156.476907261589417, 20.893351893562702 ], [ -156.4769068637261, 20.893351611393957 ], [ -156.476906464902214, 20.893351329211026 ], [ -156.476906067023805, 20.893351047944975 ], [ -156.476905669160487, 20.893350765776233 ], [ -156.47690527129717, 20.893350483607481 ], [ -156.476904872458221, 20.893350202327248 ], [ -156.476904474594903, 20.893349920158506 ], [ -156.476904076731614, 20.893349637989747 ], [ -156.476903677892608, 20.893349356709528 ], [ -156.476903280029319, 20.893349074540776 ], [ -156.47690288215091, 20.893348793274725 ], [ -156.476902483327024, 20.893348511091787 ], [ -156.476902085448643, 20.893348229825719 ], [ -156.476901686609693, 20.893347948545479 ], [ -156.476901288746404, 20.893347666376716 ], [ -156.476900889907427, 20.893347385096494 ], [ -156.476900492044138, 20.893347102927738 ], [ -156.476900093205188, 20.893346821647491 ], [ -156.476899695326807, 20.893346540381415 ], [ -156.476899296487829, 20.893346259101172 ], [ -156.476898897663972, 20.893345976918226 ], [ -156.476898499785591, 20.893345695652187 ], [ -156.476898100946642, 20.893345414371936 ], [ -156.476897702107692, 20.893345133091682 ], [ -156.476897304229283, 20.89334485182561 ], [ -156.476896905390362, 20.893344570545356 ], [ -156.476896506551384, 20.893344289265109 ], [ -156.476896107712463, 20.893344007984854 ], [ -156.47689570983411, 20.893343726718779 ], [ -156.476895310995133, 20.893343445438525 ], [ -156.476894912156212, 20.893343164158274 ], [ -156.476894513317262, 20.893342882878006 ], [ -156.476894114478313, 20.893342601597773 ], [ -156.476893715639392, 20.893342320317501 ], [ -156.476893316800442, 20.893342039037236 ], [ -156.476892918906998, 20.893341758673859 ], [ -156.476892520068048, 20.893341477393587 ], [ -156.476892121229127, 20.893341196113351 ], [ -156.476891722390206, 20.893340914833093 ], [ -156.476891323536194, 20.893340634455519 ], [ -156.476890924697244, 20.893340353175251 ], [ -156.476890525843231, 20.893340072797692 ], [ -156.476890126043713, 20.893339791503241 ], [ -156.476889727204792, 20.893339510222969 ], [ -156.476889328350779, 20.893339229845392 ], [ -156.476888929511858, 20.893338948565138 ], [ -156.476888530657845, 20.893338668187553 ], [ -156.476888131818924, 20.893338386907288 ], [ -156.476887732964911, 20.893338106529715 ], [ -156.47688733315033, 20.893337826137945 ], [ -156.476886934311409, 20.893337544857694 ], [ -156.476886535457396, 20.89333726448011 ], [ -156.476886136603412, 20.893336984102529 ], [ -156.476885736803922, 20.893336702808067 ], [ -156.476885337949909, 20.893336422430501 ], [ -156.476884939095925, 20.893336142052917 ], [ -156.476884539281343, 20.893335861661132 ], [ -156.476884140427359, 20.893335581283555 ], [ -156.476883740612777, 20.893335300891795 ], [ -156.476883341773856, 20.893335019611527 ], [ -156.476882942919872, 20.893334739233929 ], [ -156.476882543105319, 20.893334458842148 ], [ -156.476882144251306, 20.893334178464585 ], [ -156.476881744436753, 20.8933338980728 ], [ -156.476881345582768, 20.893333617695223 ], [ -156.476880945768215, 20.893333337303439 ], [ -156.476880545938542, 20.89333305781437 ], [ -156.476880147084557, 20.893332777436775 ], [ -156.476879747270004, 20.893332497044998 ], [ -156.47687934841602, 20.893332216667424 ], [ -156.476878948601467, 20.89333193627564 ], [ -156.476878548771822, 20.893331656786547 ], [ -156.476878148957269, 20.893331376394787 ], [ -156.476877750103284, 20.893331096017175 ], [ -156.476877350288731, 20.89333081562539 ], [ -156.476876950459086, 20.893330536136304 ], [ -156.476876550644533, 20.893330255744534 ], [ -156.476876151775485, 20.893329976269627 ], [ -156.476875751960961, 20.893329695877835 ], [ -156.476875352131316, 20.893329416388767 ], [ -156.476874952316763, 20.893329135996982 ], [ -156.476874552487118, 20.893328856507871 ], [ -156.476874152672593, 20.893328576116105 ], [ -156.476873752842948, 20.893328296627001 ], [ -156.476873353028424, 20.893328016235216 ], [ -156.476872953198807, 20.893327736746119 ], [ -156.476872553369162, 20.893327457257023 ], [ -156.476872153554638, 20.893327176865224 ], [ -156.476871753725021, 20.893326897376141 ], [ -156.476871353895405, 20.893326617887038 ], [ -156.47687095406576, 20.893326338397927 ], [ -156.476870554236143, 20.893326058908837 ], [ -156.476870154421619, 20.893325778517045 ], [ -156.476869754592002, 20.893325499027945 ], [ -156.476869354762385, 20.893325219538852 ], [ -156.476868954932769, 20.893324940049752 ], [ -156.476868554142584, 20.893324660546465 ], [ -156.476868154312996, 20.893324381057351 ], [ -156.476867754483379, 20.89332410156825 ], [ -156.476867354653763, 20.893323822079164 ], [ -156.476866953863606, 20.893323542575857 ], [ -156.47686655403399, 20.893323263086746 ], [ -156.476866154189281, 20.893322984500337 ], [ -156.476865753399125, 20.89332270499705 ], [ -156.476865353569508, 20.893322425507947 ], [ -156.476864953739891, 20.893322146018839 ], [ -156.476864552949735, 20.893321866515532 ], [ -156.476864153105055, 20.893321587929115 ], [ -156.47686375231487, 20.893321308425811 ], [ -156.476863352485282, 20.8933210289367 ], [ -156.476862951680005, 20.893320750336098 ], [ -156.476862551850417, 20.89332047084698 ], [ -156.476862151045168, 20.893320192246396 ], [ -156.47686175121558, 20.893319912757264 ], [ -156.476861350410331, 20.893319634156654 ], [ -156.476860950580743, 20.893319354667536 ], [ -156.476860549775466, 20.89331907606692 ], [ -156.476860148985338, 20.893318796563637 ], [ -156.476859749140658, 20.893318517977196 ], [ -156.476859348350473, 20.893318238473906 ], [ -156.476858947545253, 20.89331795987329 ], [ -156.476858547700573, 20.89331768128687 ], [ -156.476858146910445, 20.893317401783555 ], [ -156.476857746105168, 20.893317123182925 ], [ -156.476857345299948, 20.89331684458233 ], [ -156.476856945455296, 20.893316565995892 ], [ -156.476856544650047, 20.893316287395276 ], [ -156.476856143844799, 20.893316008794645 ], [ -156.476855743054671, 20.893315729291349 ], [ -156.476855342249422, 20.893315450690721 ], [ -156.476854941444202, 20.893315172090105 ], [ -156.476854540638953, 20.893314893489496 ], [ -156.476854139833733, 20.893314614888862 ], [ -156.476853739989082, 20.893314336302424 ], [ -156.476853339183862, 20.893314057701797 ], [ -156.476852938378613, 20.893313779101181 ], [ -156.476852537558301, 20.893313501403252 ], [ -156.476852135792484, 20.893313222788446 ], [ -156.476851734987292, 20.893312944187805 ], [ -156.476851334182044, 20.893312665587196 ], [ -156.476850933376852, 20.893312386986558 ], [ -156.476850532556512, 20.893312109288633 ], [ -156.47685013175132, 20.893311830687988 ], [ -156.4768497309461, 20.893311552087383 ], [ -156.476849330125788, 20.893311274389422 ], [ -156.476848928359999, 20.893310995774627 ], [ -156.476848527554779, 20.893310717173971 ], [ -156.476848126734495, 20.893310439476039 ], [ -156.476847725929275, 20.893310160875401 ], [ -156.476847324148395, 20.893309883163294 ], [ -156.476846923343203, 20.893309604562642 ], [ -156.476846522522891, 20.893309326864706 ], [ -156.476846120742039, 20.893309049152577 ], [ -156.476845719936819, 20.893308770551943 ], [ -156.476845318155938, 20.893308492839811 ], [ -156.476844917350775, 20.893308214239163 ], [ -156.476844516530463, 20.893307936541223 ], [ -156.476844114749611, 20.893307658829105 ], [ -156.476843713929298, 20.893307381131137 ], [ -156.476843312163538, 20.893307102516328 ], [ -156.476842911343255, 20.893306824818357 ], [ -156.476842509562402, 20.893306547106231 ], [ -156.476842108742119, 20.893306269408281 ], [ -156.476841706961267, 20.893305991696142 ], [ -156.476841305180415, 20.893305713983995 ], [ -156.476840904360131, 20.893305436286067 ], [ -156.476840502579279, 20.893305158573927 ], [ -156.476840100798427, 20.893304880861777 ], [ -156.476839699978171, 20.893304603163827 ], [ -156.476839298197319, 20.89330432545168 ], [ -156.476838896416467, 20.893304047739537 ], [ -156.476838495596184, 20.893303770041584 ], [ -156.476838093815331, 20.893303492329437 ], [ -156.476837692019416, 20.893303215520003 ], [ -156.476837290238564, 20.893302937807846 ], [ -156.47683688845774, 20.893302660095703 ], [ -156.476836487637456, 20.893302382397742 ], [ -156.476836085841541, 20.89330210558829 ], [ -156.476835684060688, 20.893301827876133 ], [ -156.476835282279865, 20.893301550163983 ], [ -156.476834880483921, 20.893301273354545 ], [ -156.476834478703097, 20.893300995642381 ], [ -156.47683407690721, 20.893300718832926 ], [ -156.476833675126386, 20.893300441120761 ], [ -156.476833273330442, 20.893300164311324 ], [ -156.476832871549618, 20.893299886599156 ], [ -156.476832469753703, 20.893299609789697 ], [ -156.476832067972879, 20.893299332077561 ], [ -156.476831666176963, 20.89329905526807 ], [ -156.476831264381048, 20.893298778458622 ], [ -156.476830861639655, 20.893298500732271 ], [ -156.47683045984374, 20.893298223922812 ], [ -156.476830058047852, 20.893297947113346 ], [ -156.476829656267029, 20.893297669401182 ], [ -156.476829254471113, 20.89329739259173 ], [ -156.476828851714629, 20.893297115768075 ], [ -156.476828449918742, 20.893296838958602 ], [ -156.476828048122826, 20.893296562149143 ], [ -156.476827646326939, 20.89329628533967 ], [ -156.476827243570455, 20.89329600851601 ], [ -156.476826841774567, 20.893295731706537 ], [ -156.476826439978652, 20.893295454897054 ], [ -156.476826037222196, 20.893295178073409 ], [ -156.476825635426309, 20.893294901263932 ], [ -156.476825232669825, 20.893294624440262 ], [ -156.476824830873937, 20.893294347630793 ], [ -156.476824428117453, 20.893294070807144 ], [ -156.476824026321566, 20.893293793997664 ], [ -156.476823623550018, 20.893293518076693 ], [ -156.476823221754131, 20.893293241267227 ], [ -156.476822818997675, 20.893292964443543 ], [ -156.476822417201788, 20.893292687634077 ], [ -156.47682201443024, 20.893292411713102 ], [ -156.476821612634353, 20.893292134903618 ], [ -156.476821209877926, 20.893291858079952 ], [ -156.476820807106378, 20.893291582158984 ], [ -156.476820405310491, 20.893291305349489 ], [ -156.476820002538943, 20.893291029428511 ], [ -156.476819599782488, 20.893290752604845 ], [ -156.476819197010968, 20.893290476683859 ], [ -156.476818795215081, 20.893290199874382 ], [ -156.476818392443562, 20.893289923953404 ], [ -156.476817989672014, 20.893289648032432 ], [ -156.476817586915558, 20.893289371208734 ], [ -156.476817184144039, 20.893289095287773 ], [ -156.476816782333088, 20.893288819380974 ], [ -156.476816379576633, 20.89328854255729 ], [ -156.476815976805113, 20.893288266636304 ], [ -156.476815574033594, 20.893287990715329 ], [ -156.476815171262075, 20.893287714794344 ], [ -156.476814768505619, 20.893287437970656 ], [ -156.4768143657341, 20.893287162049678 ], [ -156.476813962962609, 20.893286886128692 ], [ -156.476813560191061, 20.893286610207699 ], [ -156.476813157419542, 20.89328633428671 ], [ -156.476812754648051, 20.893286058365714 ], [ -156.476812351876532, 20.893285782444725 ], [ -156.476811949104984, 20.893285506523732 ], [ -156.476811546333494, 20.89328523060275 ], [ -156.476811142601377, 20.893284954667564 ], [ -156.476810739814795, 20.893284679649259 ], [ -156.476810337043275, 20.893284403728273 ], [ -156.476809934271756, 20.893284127807288 ], [ -156.476809531500265, 20.893283851886288 ], [ -156.476809127768178, 20.893283575951095 ], [ -156.475636003635742, 20.892481100714694 ], [ -156.475609746455746, 20.892495295793207 ], [ -156.474886944500497, 20.891984048071876 ], [ -156.473569678744212, 20.891066697204881 ], [ -156.473151364531475, 20.890971818778826 ], [ -156.472937787519101, 20.891061497130085 ], [ -156.47264937472616, 20.891151107517203 ], [ -156.472183358524376, 20.891160548378569 ], [ -156.471849999090296, 20.89127234609964 ], [ -156.471548279993215, 20.891234793206369 ], [ -156.471496773475877, 20.891241901714388 ], [ -156.471499153723556, 20.891274449136976 ], [ -156.471185052225451, 20.891294729222317 ], [ -156.470788083236471, 20.891387259545755 ], [ -156.469855659492566, 20.89177610776958 ], [ -156.469845476313282, 20.891754541632899 ], [ -156.469801832757014, 20.891778153952018 ], [ -156.46971311531496, 20.891864892406844 ], [ -156.469443359924696, 20.892094767599175 ], [ -156.469142844431474, 20.892359531238039 ], [ -156.468880794700567, 20.892587125893787 ], [ -156.468505659016756, 20.892872558312863 ], [ -156.468303602460935, 20.893067562570714 ], [ -156.468058056073858, 20.892569493510354 ], [ -156.467862401286283, 20.892645128464046 ], [ -156.467462639759731, 20.891769393935039 ], [ -156.467097730392993, 20.891912897730514 ], [ -156.466964931939572, 20.891618849090129 ], [ -156.466470884964849, 20.891810210073263 ], [ -156.466479909099064, 20.891829190394773 ], [ -156.466017558919873, 20.892011843648095 ], [ -156.465905678924429, 20.892051572942876 ], [ -156.465756853877963, 20.89210842146791 ], [ -156.465696554424028, 20.89213327723014 ], [ -156.465140792323041, 20.892353961677642 ], [ -156.464930983517206, 20.892439350418012 ], [ -156.464922007237874, 20.892417475099268 ], [ -156.464654441852787, 20.892533087442622 ], [ -156.464552618331709, 20.892582169300375 ], [ -156.464204579115801, 20.892748955530955 ], [ -156.46411270668375, 20.892796590251681 ], [ -156.463872480871117, 20.892889390468984 ], [ -156.463793286985918, 20.892923082632194 ], [ -156.463765478299223, 20.892956410731621 ], [ -156.463373427299672, 20.893095216938505 ], [ -156.46303708247649, 20.893223785104407 ], [ -156.462399584689678, 20.893491949176394 ], [ -156.462364923211652, 20.893546350292738 ], [ -156.462342270966388, 20.893601430894762 ], [ -156.462334155281724, 20.893669792534517 ], [ -156.462336190680162, 20.893698673481993 ], [ -156.462359020349169, 20.893769916377064 ], [ -156.462397173042774, 20.893885203333742 ], [ -156.462502257867868, 20.894209747177619 ], [ -156.462546495842076, 20.894335187443357 ], [ -156.463291706491873, 20.894042035378533 ], [ -156.464751779036675, 20.893460498195758 ], [ -156.464757584563557, 20.893533383452606 ], [ -156.464763306979165, 20.893570846228076 ], [ -156.464763314805197, 20.893570895101458 ], [ -156.464794945652926, 20.893777943581505 ], [ -156.464956805960696, 20.894789150339083 ], [ -156.46487639346978, 20.894980449846344 ], [ -156.464870532351711, 20.894994808562704 ], [ -156.46479703220075, 20.895174875426857 ], [ -156.464796294707327, 20.895176680238762 ], [ -156.464771225748933, 20.895238097198231 ], [ -156.464773120717865, 20.895661519767259 ], [ -156.464923431293442, 20.895673914459596 ], [ -156.464882878901903, 20.896108214746313 ], [ -156.464589023205633, 20.896126809290195 ], [ -156.464478919346959, 20.896265884001441 ], [ -156.46432870387585, 20.896342347637006 ], [ -156.464039387903824, 20.896430257379897 ], [ -156.463965241303953, 20.896412736292856 ], [ -156.462975874062181, 20.89706943316591 ], [ -156.463521310592256, 20.897783130184255 ], [ -156.464095558496638, 20.897990436724356 ], [ -156.465119869072879, 20.89794865935405 ], [ -156.46574134381305, 20.898108949726975 ], [ -156.4657304954344, 20.898050645735132 ], [ -156.465943307532257, 20.898077498964614 ], [ -156.467066220428165, 20.898827019299528 ], [ -156.46745789137492, 20.898349944357605 ], [ -156.467762008663101, 20.89853126512671 ], [ -156.467936999015336, 20.898494490362204 ], [ -156.468090274754957, 20.898586077690567 ] ] ] } },
{ "type": "Feature", "properties": { "objectid": 8, "berth_length": 400, "yard_area": 2, "shed_area": 27, "channel_depth": 27, "harbor_name": "Kaumalapau Harbor", "turn_basin": 27, "st_areashape": 70165.417313814454, "st_perimetershape": 1349.519402551254 }, "geometry": { "type": "Polygon", "coordinates": [ [ [ -156.99183405643771, 20.787603856132662 ], [ -156.991916039350542, 20.787706607238945 ], [ -156.992144484451359, 20.787551386522825 ], [ -156.992918937630463, 20.786300082961208 ], [ -156.991049759299898, 20.783410722915981 ], [ -156.989810345602734, 20.784096649718016 ], [ -156.991454335842548, 20.786640454867488 ], [ -156.990857573416662, 20.786893912269871 ], [ -156.990866988699395, 20.786919190211837 ], [ -156.990836823341681, 20.78695592024749 ], [ -156.990782966607441, 20.78695255939234 ], [ -156.990744545822935, 20.786929867195088 ], [ -156.990828845298751, 20.787186318269061 ], [ -156.990987573401213, 20.787606986950518 ], [ -156.991350235854014, 20.787463958118479 ], [ -156.991497345445168, 20.787405940817408 ], [ -156.991521150295853, 20.787331383742355 ], [ -156.991650026818292, 20.787266161454532 ], [ -156.991747124030979, 20.787435838244608 ], [ -156.991766640375261, 20.787425961987548 ], [ -156.99183405643771, 20.787603856132662 ] ] ] } },
{ "type": "Feature", "properties": { "objectid": 9, "berth_length": 1200, "yard_area": 1, "shed_area": 34792, "channel_depth": 40, "harbor_name": "Nawiliwili Harbor", "turn_basin": 35, "st_areashape": 248047.32804026222, "st_perimetershape": 3913.5762502032685 }, "geometry": { "type": "Polygon", "coordinates": [ [ [ -159.353541326063208, 21.95769418341807 ], [ -159.3535537673867, 21.95743772710405 ], [ -159.353789601678614, 21.957447543038725 ], [ -159.353802590905218, 21.957173949806187 ], [ -159.354418411411473, 21.957199579355507 ], [ -159.354506186493438, 21.95710218787282 ], [ -159.355037301813809, 21.95751552867937 ], [ -159.355868925740083, 21.956584887879973 ], [ -159.356011565331784, 21.956695956884879 ], [ -159.356202917316324, 21.956479015171617 ], [ -159.356449499634437, 21.956030234109679 ], [ -159.356709581805404, 21.955583306144437 ], [ -159.356857004220899, 21.955453007658033 ], [ -159.357152637580612, 21.955192032742119 ], [ -159.357383737430041, 21.955048094967882 ], [ -159.358165188590931, 21.954561370155837 ], [ -159.358958190361818, 21.954196206195171 ], [ -159.359293442844802, 21.953737786072047 ], [ -159.359935421018719, 21.95355871212919 ], [ -159.359959751942938, 21.953304502362869 ], [ -159.359977629680913, 21.953211748545296 ], [ -159.359977445791145, 21.953178717046143 ], [ -159.359842463595129, 21.95316661653446 ], [ -159.35967168746572, 21.952581502214723 ], [ -159.360383465139279, 21.9524007116744 ], [ -159.360545294525593, 21.952955164647307 ], [ -159.360556377081394, 21.952996040363743 ], [ -159.360556624323294, 21.953021114143912 ], [ -159.360545834299728, 21.953047083071667 ], [ -159.36052713348468, 21.953068680403984 ], [ -159.360491863133859, 21.953086408483394 ], [ -159.36076817658909, 21.953019972132935 ], [ -159.361541513480034, 21.952851475550869 ], [ -159.361658172944544, 21.95281678473042 ], [ -159.361746684630305, 21.952780431124616 ], [ -159.361822284263667, 21.952741595224378 ], [ -159.36192038978777, 21.952678597563931 ], [ -159.361998089517783, 21.95261627360955 ], [ -159.362070098791406, 21.952545649526265 ], [ -159.36213866225944, 21.952462426280928 ], [ -159.36220137371518, 21.952365243167652 ], [ -159.362237855208974, 21.952295526699039 ], [ -159.362309842946416, 21.952154983742055 ], [ -159.361597903952259, 21.952013172155006 ], [ -159.361145860037681, 21.95166346107807 ], [ -159.360509769265036, 21.951107676584787 ], [ -159.359241787089474, 21.950935062817127 ], [ -159.358369620931001, 21.950816268469477 ], [ -159.358275620509517, 21.950728985243888 ], [ -159.357835211769753, 21.950837753630474 ], [ -159.357814294013394, 21.950867465754783 ], [ -159.357914009128393, 21.951197736670593 ], [ -159.35791248050441, 21.951200282307099 ], [ -159.357932506215491, 21.951210753024821 ], [ -159.357934034839218, 21.951208207388127 ], [ -159.358145631123676, 21.951152609665236 ], [ -159.358652555233533, 21.952831571586774 ], [ -159.35889962824254, 21.952766652239966 ], [ -159.359235745716973, 21.952950895211192 ], [ -159.358045768302219, 21.953885195609939 ], [ -159.353783640340623, 21.954998963973551 ], [ -159.353096162487816, 21.952709409214947 ], [ -159.35244396124105, 21.952707495802045 ], [ -159.352127764858466, 21.957306447347708 ], [ -159.352908494110437, 21.957338765921492 ], [ -159.352905938457639, 21.957392196871176 ], [ -159.352907035861278, 21.95741616572673 ], [ -159.352912578286293, 21.957439592900716 ], [ -159.352922397396839, 21.957461766836502 ], [ -159.352936195168127, 21.9574820123938 ], [ -159.352953551696771, 21.957499716128527 ], [ -159.352973940727423, 21.957514338907899 ], [ -159.352996741328411, 21.957525437568307 ], [ -159.353021261157721, 21.957532673899859 ], [ -159.353046755866615, 21.957535828156676 ], [ -159.353400507036781, 21.95755055257009 ], [ -159.353426002724802, 21.957553706765808 ], [ -159.353450522579777, 21.957560943032895 ], [ -159.35347332322425, 21.957572041626502 ], [ -159.353493712317515, 21.95758666434039 ], [ -159.35351106892719, 21.957604368014888 ], [ -159.353524866795226, 21.957624613521098 ], [ -159.353534686011074, 21.9576467865149 ], [ -159.353540228548184, 21.957670213665558 ], [ -159.353541326063208, 21.95769418341807 ] ] ] } },
{ "type": "Feature", "properties": { "objectid": 10, "berth_length": 0, "yard_area": 0, "shed_area": 0, "channel_depth": 0, "harbor_name": "Hana Harbor", "turn_basin": 0, "st_areashape": 5491.5671446203833, "st_perimetershape": 457.73931258056928 }, "geometry": { "type": "Polygon", "coordinates": [ [ [ -155.982091976259198, 20.755662685096819 ], [ -155.981965787153086, 20.755849331600636 ], [ -155.982045145450911, 20.756456153514982 ], [ -155.981577789705597, 20.756770402935512 ], [ -155.981800117757388, 20.757088369296358 ], [ -155.98264274203845, 20.756529993923962 ], [ -155.982392773162104, 20.756211494979169 ], [ -155.982137149456577, 20.756379960570602 ], [ -155.982091976259198, 20.755662685096819 ] ] ] } }
]
}
