{
"type": "FeatureCollection",
"name": "SLR_Coastal_Erosion_(Line)_-_1.1_Ft._Scenario",
"crs": { "type": "name", "properties": { "name": "urn:ogc:def:crs:OGC:1.3:CRS84" } },
"features": [
{ "type": "Feature", "properties": { "objectid": 1, "island": "Oahu", "st_lengthshape": 12283.514394868016 }, "geometry": { "type": "LineString", "coordinates": [ [ -158.234458167759158, 21.579446093214063 ], [ -158.234263098132004, 21.579494251614292 ], [ -158.234069473876389, 21.57950317988168 ], [ -158.233875411235118, 21.579524018711332 ], [ -158.233681466894211, 21.579541638888983 ], [ -158.233489281361813, 21.579511537119494 ], [ -158.233300598883403, 21.579386427088604 ], [ -158.233111770235467, 21.579265293134522 ], [ -158.232921338460756, 21.579187647865776 ], [ -158.232730177846292, 21.579129771785137 ], [ -158.232538182328568, 21.579094549094023 ], [ -158.23234586583024, 21.579068018538226 ], [ -158.232153167284991, 21.579051863852381 ], [ -158.231960421403414, 21.579037002456865 ], [ -158.231768795844715, 21.578991764118076 ], [ -158.231576009669396, 21.578977974481539 ], [ -158.231383488260633, 21.578957031478897 ], [ -158.231191359144077, 21.578925457444694 ], [ -158.230998600091169, 21.57891095174141 ], [ -158.230805976324888, 21.578892783882846 ], [ -158.23061338307707, 21.578873785679523 ], [ -158.230421112309728, 21.578846045224036 ], [ -158.230229071638718, 21.578812063724737 ], [ -158.230037170846714, 21.578774295420175 ], [ -158.229845934140428, 21.578718542420372 ], [ -158.229654923204691, 21.578656654064794 ], [ -158.229463667807863, 21.578601389308865 ], [ -158.229271468681901, 21.578571725344688 ], [ -158.229079297827639, 21.578541297882254 ], [ -158.228887175555087, 21.578509555012268 ], [ -158.228694178286702, 21.578501528661985 ], [ -158.228499161217741, 21.578548252199319 ], [ -158.228302970025425, 21.578626790217399 ], [ -158.228106057994836, 21.578724849858624 ], [ -158.22790929908615, 21.578818754133337 ], [ -158.227712826459197, 21.578904887179704 ], [ -158.227517252430687, 21.578966689029208 ], [ -158.227322707106168, 21.579000590790539 ], [ -158.227128804649254, 21.579017076032478 ], [ -158.226935423376261, 21.5790194309177 ], [ -158.226742075899637, 21.579020877775509 ], [ -158.226549350030325, 21.579005485323943 ], [ -158.226357213099107, 21.578974143305597 ], [ -158.226164209911161, 21.578966248596675 ], [ -158.225972533492296, 21.578922430836755 ], [ -158.22578074765417, 21.578881595516357 ], [ -158.225588205057306, 21.57886122123104 ], [ -158.225395332878634, 21.578849800110071 ], [ -158.225200365218797, 21.578895139513694 ], [ -158.225005605027263, 21.578934865662074 ], [ -158.224810851604076, 21.578974390143689 ], [ -158.224615990857416, 21.579016820267924 ], [ -158.22442009173821, 21.579087360439658 ], [ -158.224225813001993, 21.579114041300208 ], [ -158.22403284590942, 21.579105173087171 ], [ -158.223841231032424, 21.579059693550036 ], [ -158.223649759599965, 21.579010338698222 ], [ -158.22345846099148, 21.578956310930476 ], [ -158.223267804836723, 21.578884892880701 ], [ -158.223078708993626, 21.578771233343446 ], [ -158.222888990374059, 21.578674428915058 ], [ -158.222696760088894, 21.578645629069229 ], [ -158.222504620105894, 21.578614402780342 ], [ -158.222312444111338, 21.578584149110291 ], [ -158.222120140514932, 21.578557368357558 ], [ -158.221928061847507, 21.578524475749141 ], [ -158.221736205675114, 21.578485569750079 ], [ -158.221544070767237, 21.578454200546162 ], [ -158.22134965255708, 21.578484646567087 ], [ -158.221158146567092, 21.578436287932064 ], [ -158.220965254039669, 21.57842543800253 ], [ -158.22077199677264, 21.578424458952107 ], [ -158.220579790945578, 21.578395031613322 ], [ -158.220387948865437, 21.578355765473333 ], [ -158.220195864183864, 21.578323047025496 ], [ -158.220003379695214, 21.578301157844216 ], [ -158.219810747157993, 21.578283298903557 ], [ -158.219617766903752, 21.578274826673947 ], [ -158.219424071545319, 21.578285715229931 ], [ -158.219230013663008, 21.578306391549638 ], [ -158.219036347652036, 21.578316479341442 ], [ -158.218842447714309, 21.578332902546521 ], [ -158.218648569207318, 21.578348744712528 ], [ -158.218124953519492, 21.578408818191143 ], [ -158.217945291109373, 21.578478807153367 ], [ -158.217772812391956, 21.578572822338256 ], [ -158.217598680545478, 21.578661307740809 ], [ -158.217418154105644, 21.578728411889216 ], [ -158.217234622486444, 21.578785464484941 ], [ -158.217051341231468, 21.578843353734072 ], [ -158.216862287034758, 21.578881938012266 ], [ -158.216672253538746, 21.578917247011514 ], [ -158.216480099303084, 21.578945462839094 ], [ -158.21628147297605, 21.578952035879023 ], [ -158.216081736502389, 21.578954896639146 ], [ -158.21588887809321, 21.578980757713097 ], [ -158.215702049393087, 21.579026785551306 ], [ -158.215518849833529, 21.579084948119217 ], [ -158.215337855165814, 21.579150488427018 ], [ -158.215160191636954, 21.579227167390673 ], [ -158.214980860869559, 21.579298270397125 ], [ -158.214803549933038, 21.579376130524633 ], [ -158.214658778026831, 21.579562816935926 ], [ -158.214508947705923, 21.579732582305407 ], [ -158.214350533227133, 21.579873642679033 ], [ -158.214193500835393, 21.580019326896128 ], [ -158.214025370091576, 21.580127893135259 ], [ -158.21383636666792, 21.580166651222559 ], [ -158.213643597430405, 21.580192812714223 ], [ -158.213463425101963, 21.580261105777055 ], [ -158.213284869307557, 21.580334809751509 ], [ -158.213102910101014, 21.580397127655125 ], [ -158.212923850198052, 21.58046914122442 ], [ -158.212739375492191, 21.580523047551512 ], [ -158.212544651149329, 21.580542675673961 ], [ -158.21234791920827, 21.580555585127474 ], [ -158.21214421577281, 21.580545180624885 ], [ -158.211947973358804, 21.580559728050197 ], [ -158.211754088557512, 21.580582158976632 ], [ -158.211563195063576, 21.580614599495121 ], [ -158.211373491235719, 21.58065101423681 ], [ -158.21118652820391, 21.580696598103195 ], [ -158.210999751956763, 21.580742807821562 ], [ -158.210821438258165, 21.580817319731661 ], [ -158.210648140269058, 21.580908611313429 ], [ -158.210472398172129, 21.580991726737629 ], [ -158.210293774625626, 21.581065204868736 ], [ -158.210098920295678, 21.581084399448773 ], [ -158.209901875375465, 21.581096262836532 ], [ -158.20970588918172, 21.581111667979819 ], [ -158.209521761707691, 21.581166738674206 ], [ -158.209337519316364, 21.581221423750236 ], [ -158.209151393631316, 21.581269810833813 ], [ -158.208963937774854, 21.581313747369634 ], [ -158.20877856037572, 21.581364637400405 ], [ -158.208600699260757, 21.581440668612778 ], [ -158.208422424340426, 21.581515316304216 ], [ -158.208241207404257, 21.581580123104324 ], [ -158.208054231869227, 21.581625669905563 ], [ -158.20786751143271, 21.581672066939728 ], [ -158.207682605665667, 21.581724536277832 ], [ -158.207494423093891, 21.581766046456067 ], [ -158.207294956167715, 21.581769810326669 ], [ -158.207157733630766, 21.581760014269751 ], [ -158.207084733874581, 21.581755617491496 ], [ -158.206889352684641, 21.581729420613325 ], [ -158.206693532118351, 21.581696830487875 ], [ -158.206497818988055, 21.581665813533224 ], [ -158.206301774002725, 21.581629948723027 ], [ -158.206106010022552, 21.581598193863616 ], [ -158.205910612226717, 21.581571753645594 ], [ -158.20571656590559, 21.581564964921373 ], [ -158.205523722318105, 21.581575685834309 ], [ -158.205334468181121, 21.581638624338041 ], [ -158.205143679075434, 21.581679249395641 ], [ -158.204949623749087, 21.581672326022893 ], [ -158.204754928505082, 21.581656116537257 ], [ -158.204558140414662, 21.58160943288069 ], [ -158.204361238749357, 21.581561107807548 ], [ -158.204163717218762, 21.581503743350552 ], [ -158.203966144803559, 21.581445644827589 ], [ -158.203770178632226, 21.581410919382144 ], [ -158.203575703160908, 21.581397892393767 ], [ -158.203382516129494, 21.581403614978509 ], [ -158.203190669433411, 21.581428828206665 ], [ -158.202997635336516, 21.581436779857409 ], [ -158.202803896285729, 21.581434460333043 ], [ -158.202611661213581, 21.581454018217958 ], [ -158.202421203602398, 21.581499472414503 ], [ -158.202234475652432, 21.581599189395241 ], [ -158.202048182184257, 21.581705242245366 ], [ -158.201863679424832, 21.581837359519085 ], [ -158.201680967247654, 21.581995546638698 ], [ -158.201495558457196, 21.582114495143166 ], [ -158.201310261263927, 21.582235056603626 ], [ -158.201200967200464, 21.582306710742607 ], [ -158.201039425380117, 21.582397703383467 ], [ -158.200846070223804, 21.582454077941495 ], [ -158.200652824248806, 21.582474509520932 ], [ -158.20045962207567, 21.582480440004897 ], [ -158.200266476070396, 21.582468395736207 ], [ -158.200073372416114, 21.582442489099098 ], [ -158.199880280859645, 21.582412459008154 ], [ -158.199687206081421, 21.582377104817599 ], [ -158.199494139678023, 21.582339190103376 ], [ -158.199301137248085, 21.582280517188959 ], [ -158.199108103690122, 21.582231928075245 ], [ -158.198915135703942, 21.582161953785345 ], [ -158.198722213827779, 21.582077133308584 ], [ -158.198529246916195, 21.58200703662143 ], [ -158.198336258362474, 21.581943891562322 ], [ -158.198143251777992, 21.58188686156489 ], [ -158.197950188202981, 21.581848106709106 ], [ -158.197757088504972, 21.581821544249451 ], [ -158.19756396693333, 21.58180159733422 ], [ -158.197370827757823, 21.581787836850562 ], [ -158.1971776886366, 21.581773899070321 ], [ -158.196984552842338, 21.581758839917317 ], [ -158.196791422009142, 21.581742013441861 ], [ -158.196598299117653, 21.581723055573352 ], [ -158.1964051971907, 21.581696980304837 ], [ -158.196212260522714, 21.58161768231972 ], [ -158.196019427744204, 21.58150489600807 ], [ -158.195826590226233, 21.581393722995262 ], [ -158.195633683141097, 21.581305000745669 ], [ -158.195440690757039, 21.581244010674755 ], [ -158.195247523872979, 21.581239296443499 ], [ -158.195054287041501, 21.581256860408001 ], [ -158.19486106648975, 21.581269723642844 ], [ -158.194667808509564, 21.581294245325793 ], [ -158.194474446265815, 21.581352287402705 ], [ -158.194281054680886, 21.58141997420103 ], [ -158.19408768764788, 21.581479524535862 ], [ -158.193894324020846, 21.581538082684368 ], [ -158.193700988424496, 21.581587360636799 ], [ -158.193507649176468, 21.581637973622843 ], [ -158.193314268584857, 21.581701786294115 ], [ -158.193120883928685, 21.581767000849883 ], [ -158.192927392087086, 21.581866178453453 ], [ -158.192733893517641, 21.581967743574378 ], [ -158.192540436508665, 21.582055663157924 ], [ -158.19234700462431, 21.582135873607676 ], [ -158.192153572456192, 21.58221557519024 ], [ -158.191960187038973, 21.582280716083542 ], [ -158.19176693809726, 21.582301729058695 ], [ -158.191573683424053, 21.582324636286224 ], [ -158.191380392116685, 21.582359528096248 ], [ -158.191187066354956, 21.582405133362961 ], [ -158.190993714278164, 21.582459282974014 ], [ -158.190800401100716, 21.58250084045136 ], [ -158.190607224054162, 21.582498928627139 ], [ -158.190414192835135, 21.582450443346886 ], [ -158.190221119737146, 21.582415424261338 ], [ -158.190027940799041, 21.582414225473421 ], [ -158.18983475579401, 21.582414987791651 ], [ -158.189641613200138, 21.582402222944175 ], [ -158.189448479512976, 21.582386302214868 ], [ -158.189255326559106, 21.582376976251464 ], [ -158.189062137025928, 21.582379085578719 ], [ -158.188868945724721, 21.582381859601856 ], [ -158.188675736908095, 21.582390033151565 ], [ -158.188482555236391, 21.582389689918955 ], [ -158.18828942284739, 21.582373742558882 ], [ -158.188096316295031, 21.58234952866432 ], [ -158.187903194381335, 21.582330162308775 ], [ -158.187710108901115, 21.582299595111984 ], [ -158.187502030684925, 21.582240240645824 ], [ -158.187279739289579, 21.582147439126814 ], [ -158.187101117167572, 21.582075804780111 ], [ -158.186925918225739, 21.5819936529 ], [ -158.186755799504738, 21.581895883565036 ], [ -158.186586352261457, 21.581796050280332 ], [ -158.186416577966725, 21.581697226174768 ], [ -158.186245987232439, 21.581600907655492 ], [ -158.1860687874306, 21.581524905646496 ], [ -158.185889302803304, 21.581455929142766 ], [ -158.185695747621651, 21.581430197056264 ], [ -158.185507197941803, 21.581389079329231 ], [ -158.185328644508559, 21.58131723747486 ], [ -158.185150203278283, 21.581245054483496 ], [ -158.184945236097292, 21.581254398490639 ], [ -158.184718521081493, 21.581330583949956 ], [ -158.184501066990407, 21.581378305639763 ], [ -158.184289637524898, 21.581407507218746 ], [ -158.184079838480301, 21.581431701546144 ], [ -158.183871310204296, 21.581451986346849 ], [ -158.183673811325747, 21.58143837385725 ], [ -158.1834835108466, 21.581402638778702 ], [ -158.183293643905444, 21.581365571237463 ], [ -158.183110300262285, 21.58130845482939 ], [ -158.182931118188861, 21.581238547028487 ], [ -158.182746920762014, 21.581184054130993 ], [ -158.182556037059328, 21.581150112076205 ], [ -158.182373599230658, 21.581090211316219 ], [ -158.182214775946505, 21.580957737753014 ], [ -158.182108849999253, 21.580662692336276 ], [ -158.181954991893122, 21.580514961319555 ], [ -158.181824388847701, 21.580295759842972 ], [ -158.181633167474871, 21.580262856764875 ], [ -158.181461087737858, 21.580171127332498 ], [ -158.181272628514051, 21.580129737003269 ], [ -158.181083149176004, 21.580091480883429 ], [ -158.180890897207547, 21.580061747469436 ], [ -158.180682141571708, 21.580082734590551 ], [ -158.180369265364845, 21.580029495997827 ], [ -158.180178893175736, 21.579989313761804 ], [ -158.179987472242203, 21.579961467065065 ], [ -158.179795879712429, 21.579935633964336 ], [ -158.1796036344887, 21.579917487465391 ], [ -158.179410083878253, 21.579914693605723 ], [ -158.179216324302274, 21.579914361254065 ], [ -158.179023243357364, 21.579906044757383 ], [ -158.178829649358988, 21.579903759546827 ], [ -158.178633896361987, 21.579926869848098 ], [ -158.178185309301057, 21.579959010840255 ], [ -158.177994062890036, 21.579994478115655 ], [ -158.177806585501941, 21.580040188845999 ], [ -158.177608001452029, 21.580055712271797 ], [ -158.177428947685485, 21.580124321958365 ], [ -158.177251233184876, 21.58019657348299 ], [ -158.177066117385465, 21.580248708511508 ], [ -158.17687607852065, 21.580287457206637 ], [ -158.176690085401304, 21.580337206021223 ], [ -158.176506302961542, 21.58039296435804 ], [ -158.176323701895257, 21.580451932811375 ], [ -158.176147342057078, 21.580527869516271 ], [ -158.17596696953936, 21.580592897084031 ], [ -158.175790210773869, 21.580667749111967 ], [ -158.175615085178123, 21.580747040374554 ], [ -158.175444011827437, 21.58083734720433 ], [ -158.175272998188944, 21.580927818572352 ], [ -158.175092574399343, 21.580992707590092 ], [ -158.174913467008821, 21.581061175106619 ], [ -158.174726636133897, 21.581108649909371 ], [ -158.174538064356113, 21.581151389104704 ], [ -158.174412019870715, 21.581178953222405 ], [ -158.17439325606432, 21.581184577127605 ], [ -158.174198725540805, 21.581232230883675 ], [ -158.174003857664161, 21.581292343794779 ], [ -158.173808961629362, 21.581353477213238 ], [ -158.173614385719304, 21.581402761650097 ], [ -158.173421106160873, 21.581404169413229 ], [ -158.17322947177297, 21.581344776821858 ], [ -158.173208736895617, 21.581337731896653 ], [ -158.173039655798163, 21.581250259421445 ], [ -158.172876723131054, 21.58115288497002 ], [ -158.172716027924139, 21.58105190503505 ], [ -158.172576271256133, 21.580917202631834 ], [ -158.172426981019356, 21.580797857182915 ], [ -158.17225536160592, 21.580714473812193 ], [ -158.172077946048319, 21.580640426443829 ], [ -158.17190100737227, 21.58056561063329 ], [ -158.171736482405265, 21.580470801966502 ], [ -158.171580867646952, 21.580361641255646 ], [ -158.171435290989621, 21.580236314622827 ], [ -158.171290087947, 21.580110386233361 ], [ -158.171132111875096, 21.580005031276691 ], [ -158.170957267458419, 21.579926843364131 ], [ -158.170783451683519, 21.57984699988377 ], [ -158.170609875920775, 21.57976676894539 ], [ -158.17043629157908, 21.579686552242638 ], [ -158.170258318688241, 21.579613404545494 ], [ -158.170080029160346, 21.579540766427584 ], [ -158.169901832423051, 21.579467979518952 ], [ -158.16972282383324, 21.579396498354377 ], [ -158.169530604264793, 21.579346297441315 ], [ -158.169354593674029, 21.579269989340723 ], [ -158.169189194533033, 21.579176589546204 ], [ -158.169025881777543, 21.579079832003938 ], [ -158.168862544879318, 21.578983112129972 ], [ -158.168476896008315, 21.578829462798467 ], [ -158.168284436075226, 21.578767604991008 ], [ -158.168091600352284, 21.578737760038109 ], [ -158.167898523545517, 21.578728326724057 ], [ -158.167705156790305, 21.578743448847927 ], [ -158.167511670578648, 21.578768822303914 ], [ -158.167152363308361, 21.578839818197451 ], [ -158.166969755893888, 21.578899634582218 ], [ -158.166788900085749, 21.578963403008682 ], [ -158.166618470725723, 21.579050688261617 ], [ -158.166461760494684, 21.579168918610691 ], [ -158.166282288765132, 21.57923580843212 ], [ -158.166094949783229, 21.579284952290227 ], [ -158.165905259130852, 21.579328793655815 ], [ -158.165711618647009, 21.579363723434017 ], [ -158.165516682161893, 21.579395730210976 ], [ -158.165334962170476, 21.579457549407334 ], [ -158.165165073032171, 21.579546055469095 ], [ -158.164999491933855, 21.579644279488686 ], [ -158.164837514173342, 21.579750629710261 ], [ -158.164674260290326, 21.579854104065223 ], [ -158.164511881547327, 21.579959553931804 ], [ -158.164351699605277, 21.580069956428762 ], [ -158.164189458668375, 21.580175716533958 ], [ -158.164016651083074, 21.580257640583845 ], [ -158.163841878015859, 21.580335132280464 ], [ -158.163668931777352, 21.580416746287543 ], [ -158.163487446279419, 21.580479094896067 ], [ -158.163358756133533, 21.580506954422169 ], [ -158.163297005921635, 21.58051432968648 ], [ -158.163103861133123, 21.580525653990641 ], [ -158.162910660527103, 21.580518614634748 ], [ -158.162717416404377, 21.5804966302682 ], [ -158.162524118818084, 21.580457072759412 ], [ -158.162330795793622, 21.58040851943144 ], [ -158.162137456864201, 21.580354693374915 ], [ -158.161944074887657, 21.580286547489134 ], [ -158.161750663979348, 21.580208521309228 ], [ -158.161557248062536, 21.580128716930957 ], [ -158.161363857763007, 21.580057252942375 ], [ -158.161170467245711, 21.579985692968897 ], [ -158.160976985037735, 21.579883460813015 ], [ -158.160783596500494, 21.57981247047546 ], [ -158.160590292340942, 21.579769954696488 ], [ -158.160397019779225, 21.579738234861075 ], [ -158.160203769971957, 21.579713978165184 ], [ -158.160010507467433, 21.579685234742357 ], [ -158.159817238596645, 21.579654594762633 ], [ -158.159623971719441, 21.579624294260924 ], [ -158.159430754311302, 21.579611049666138 ], [ -158.159237543276475, 21.579599888192725 ], [ -158.159044313106818, 21.579582007581173 ], [ -158.158851098227927, 21.579569518501284 ], [ -158.158657887248836, 21.579558200967977 ], [ -158.158464701845986, 21.579555672822082 ], [ -158.158271563790095, 21.579569027010333 ], [ -158.158078492187684, 21.579604808082383 ], [ -158.157885489276509, 21.579664284464172 ], [ -158.157692528668264, 21.579737802859338 ], [ -158.157499504025452, 21.579790124404017 ], [ -158.157306541380251, 21.579863266503235 ], [ -158.157113528167031, 21.579919238413243 ], [ -158.156920529238732, 21.579980061590923 ], [ -158.15672764066548, 21.58007853105984 ], [ -158.156534854052978, 21.580211899439568 ], [ -158.156341912770927, 21.580292686230717 ], [ -158.156149008912791, 21.580386153533944 ], [ -158.155956139699157, 21.580491771923171 ], [ -158.155763173822038, 21.58056451826862 ], [ -158.155570142688447, 21.580614828259741 ], [ -158.155377046042787, 21.58064276152427 ], [ -158.155183898871314, 21.580653577912841 ], [ -158.154990708728349, 21.580649817008492 ], [ -158.154797490389257, 21.580636434203377 ], [ -158.154604298320692, 21.580631848009819 ], [ -158.154411114975744, 21.580630421836027 ], [ -158.154217927187744, 21.580627267153424 ], [ -158.154024722438777, 21.58061838621968 ], [ -158.153831520075414, 21.580610263955876 ], [ -158.153638243721105, 21.580576974237157 ], [ -158.153444890530722, 21.580517029101738 ], [ -158.153251480347308, 21.580437668741919 ], [ -158.153058107450022, 21.580370873258378 ], [ -158.152864842231565, 21.580341239796187 ], [ -158.152671628005891, 21.58032876160474 ], [ -158.152478457179171, 21.580331577577912 ], [ -158.152285296442955, 21.580337639402114 ], [ -158.151949470808546, 21.580380723492553 ], [ -158.151757822053071, 21.580410272544942 ], [ -158.151568078793474, 21.580446317708599 ], [ -158.151386833753861, 21.580511332877364 ], [ -158.15120410538816, 21.58057129553168 ], [ -158.151017189820692, 21.580616979609967 ], [ -158.150828644191535, 21.580657109911531 ], [ -158.150643028751489, 21.580707226997841 ], [ -158.150455261432512, 21.580750007888405 ], [ -158.150269460126111, 21.580799493008794 ], [ -158.15008455462231, 21.580852033371482 ], [ -158.149898004896613, 21.58089896657874 ], [ -158.149705481941197, 21.580925535587394 ], [ -158.149514247883559, 21.580956496200386 ], [ -158.149327412778121, 21.581002460631961 ], [ -158.149146397202088, 21.581068262273078 ], [ -158.148961249503884, 21.581119977104237 ], [ -158.148777807309159, 21.581177505879914 ], [ -158.148594199226125, 21.581234472571364 ], [ -158.148410043648653, 21.581289567964546 ], [ -158.148230657166152, 21.581360926682628 ], [ -158.148054770707972, 21.581444222048464 ], [ -158.147871204667013, 21.58150132997703 ], [ -158.147691738118709, 21.581572418466472 ], [ -158.147518118298763, 21.581663438325613 ], [ -158.147336323644879, 21.581726587816245 ], [ -158.147156240077067, 21.581795572983374 ], [ -158.146974910094741, 21.581860307256626 ], [ -158.146784394990476, 21.581893724786212 ], [ -158.14659198770596, 21.58192069095054 ], [ -158.146400286821404, 21.581950064535452 ], [ -158.146207394559241, 21.581975375393874 ], [ -158.146015066624756, 21.582002613224098 ], [ -158.145822998108684, 21.582030733907096 ], [ -158.145627621753334, 21.582047573446594 ], [ -158.145436574910775, 21.582079176218457 ], [ -158.145261290253359, 21.582164527849127 ], [ -158.145081368130946, 21.582234063549336 ], [ -158.144894676011035, 21.582280516920854 ], [ -158.144710152312285, 21.582334364034303 ], [ -158.144530995811408, 21.582406513062239 ], [ -158.144347988840082, 21.582465533360658 ], [ -158.144172174722172, 21.582549081460087 ], [ -158.14399969175571, 21.582643988130293 ], [ -158.14382069742831, 21.582716690102483 ], [ -158.143632242071135, 21.58275713600462 ], [ -158.143444058403276, 21.582798505488032 ], [ -158.143258157683704, 21.58284765869378 ], [ -158.1430691603978, 21.58288625455344 ], [ -158.142871508195384, 21.582895334918263 ], [ -158.142676048081967, 21.582911890456316 ], [ -158.142468206129422, 21.582886225338818 ], [ -158.142267907297253, 21.582886283275936 ], [ -158.142066210867569, 21.582881571802663 ], [ -158.141870349226821, 21.58289675834094 ], [ -158.141686461954691, 21.582952778069679 ], [ -158.141487645896405, 21.582957891063103 ], [ -158.141299071331645, 21.582997928042271 ], [ -158.141115771753505, 21.583055951253328 ], [ -158.140932416162087, 21.583113785152719 ], [ -158.140747885342506, 21.583167615113801 ], [ -158.140564872254714, 21.583226615788636 ], [ -158.140384164625573, 21.583293481655566 ], [ -158.140203688814324, 21.583361139017278 ], [ -158.140020624143176, 21.583419966258425 ], [ -158.139834133620013, 21.583467109637489 ], [ -158.139651232487353, 21.583526494723294 ], [ -158.139478289189952, 21.583619840309456 ], [ -158.139295563828568, 21.583679828488396 ], [ -158.13910986430966, 21.583729672761475 ], [ -158.138917035014629, 21.583755200344768 ], [ -158.138721192830104, 21.583770455508905 ], [ -158.138586538739929, 21.583783456738846 ], [ -158.13853737000673, 21.583783843806504 ], [ -158.138341854039368, 21.583807624045654 ], [ -158.13814600003974, 21.583835795670137 ], [ -158.137950288257088, 21.583862122096544 ], [ -158.13775524287891, 21.583879803233774 ], [ -158.137562358122949, 21.583869442113983 ], [ -158.137369988105206, 21.583852416146431 ], [ -158.137177876649474, 21.583832026031914 ], [ -158.136984517992005, 21.583827819548219 ], [ -158.136791570584307, 21.583818276622267 ], [ -158.136600223165715, 21.583787971984503 ], [ -158.136408795232256, 21.583758717396844 ], [ -158.136215704600119, 21.583751036833782 ], [ -158.136022515669225, 21.583744625755376 ], [ -158.1358295830982, 21.583734896593636 ], [ -158.135639533718376, 21.583687747783841 ], [ -158.135451896533624, 21.583609324712913 ], [ -158.135344452719806, 21.58352626138738 ], [ -158.135324007233351, 21.583488320612862 ], [ -158.135166707796174, 21.583375293612939 ], [ -158.134998530624529, 21.583284680896632 ], [ -158.134817703694722, 21.583220140232036 ], [ -158.134643842455205, 21.58314124218067 ], [ -158.134470599424162, 21.58306107243061 ], [ -158.134306617237343, 21.582961817880989 ], [ -158.134131374832236, 21.582885766956249 ], [ -158.133956967724288, 21.582807997361243 ], [ -158.133779301486499, 21.582736942065765 ], [ -158.133596913147301, 21.582675618119222 ], [ -158.133413582258413, 21.582616238666102 ], [ -158.133231008429902, 21.582555298220814 ], [ -158.133048068049163, 21.582495112742194 ], [ -158.132864553797702, 21.582436109373528 ], [ -158.132678635996001, 21.582382059422585 ], [ -158.13229131480432, 21.582283452730774 ], [ -158.132100065712763, 21.582255161764767 ], [ -158.131907941937584, 21.582236051156222 ], [ -158.131714791004981, 21.582227711943137 ], [ -158.131519172406854, 21.58224526086607 ], [ -158.131324674863606, 21.582251040149103 ], [ -158.131131502291453, 21.58224293413414 ], [ -158.130936242234725, 21.582256716049958 ], [ -158.130739384033717, 21.582287254270717 ], [ -158.130546763794797, 21.582273351368336 ], [ -158.130355441954293, 21.582245828650517 ], [ -158.130164555031286, 21.582213746588845 ], [ -158.129973579523636, 21.582182603410732 ], [ -158.129779810566788, 21.582180748036958 ], [ -158.129483988302241, 21.582227067186075 ], [ -158.129288439536708, 21.582222397701106 ], [ -158.129099539115373, 21.582264428311646 ], [ -158.128911532190784, 21.582312736766735 ], [ -158.128724536489329, 21.582368145801919 ], [ -158.128542649103565, 21.582459442837113 ], [ -158.128363624862402, 21.582570851355474 ], [ -158.12818268157443, 21.582668781356695 ], [ -158.127998252761557, 21.582742229041237 ], [ -158.127810724159161, 21.582793895856355 ], [ -158.127615985805448, 21.582794923825755 ], [ -158.127423696356203, 21.582813154778485 ], [ -158.127227716860631, 21.582805464961687 ], [ -158.127027478338505, 21.582767851918408 ], [ -158.126825800451826, 21.582720130794502 ], [ -158.126623932716171, 21.58267107136458 ], [ -158.126423901209364, 21.582634916818503 ], [ -158.126224014435678, 21.582599771920162 ], [ -158.126026050966232, 21.582578139471632 ], [ -158.125831408459334, 21.582579831688651 ], [ -158.12563917659034, 21.582598468329213 ], [ -158.125447315462537, 21.582619700426861 ], [ -158.125256896383519, 21.582651068175117 ], [ -158.125068516209581, 21.582696759378351 ], [ -158.124880298089352, 21.582743594049024 ], [ -158.12468841906832, 21.582764704110065 ], [ -158.124497268442497, 21.582790932969743 ], [ -158.124307094567456, 21.582824025545936 ], [ -158.124113491572103, 21.582833029014264 ], [ -158.123922893147693, 21.582863133998718 ], [ -158.123464548475056, 21.582904245373122 ], [ -158.123281624743328, 21.582973071948842 ], [ -158.123111994502381, 21.583060710769161 ], [ -158.12295026362861, 21.583159528434166 ], [ -158.122788029713917, 21.583257634999747 ], [ -158.122643856890932, 21.583381303195598 ], [ -158.122527421325827, 21.583544223959027 ], [ -158.12240965567139, 21.583691071120278 ] ] } },
{ "type": "Feature", "properties": { "objectid": 2, "island": "Oahu", "st_lengthshape": 341.13247290305281 }, "geometry": { "type": "LineString", "coordinates": [ [ -158.118690386478193, 21.581960595087565 ], [ -158.118522168783926, 21.582051768155669 ], [ -158.118364030496878, 21.582155649572375 ], [ -158.118211664648925, 21.582266806856985 ], [ -158.118056450586721, 21.582374374061278 ], [ -158.117895369709828, 21.582474545324832 ], [ -158.117732871811768, 21.582572930979438 ], [ -158.117583506403093, 21.582687871734382 ], [ -158.117433847433773, 21.582802442194275 ], [ -158.117287003605952, 21.582920562530774 ], [ -158.117140651299678, 21.583039302373543 ], [ -158.116994571957434, 21.583158385924101 ], [ -158.116848823088191, 21.583277886665442 ], [ -158.116705209720038, 21.583400079055846 ], [ -158.116562774216618, 21.583523756466825 ], [ -158.116420461168474, 21.583647588882382 ], [ -158.116280576935139, 21.583774484014782 ], [ -158.116168636479216, 21.583923034239579 ] ] } },
{ "type": "Feature", "properties": { "objectid": 3, "island": "Oahu", "st_lengthshape": 1031.1897059520093 }, "geometry": { "type": "LineString", "coordinates": [ [ -158.11708537668332, 21.588856968317472 ], [ -158.116892040618495, 21.588855006936388 ], [ -158.11669908758816, 21.588865065597624 ], [ -158.116506541220957, 21.5888878590339 ], [ -158.116314542675099, 21.588927814766084 ], [ -158.116123514487299, 21.588998221675698 ], [ -158.115930924895196, 21.589019661784729 ], [ -158.115738887028442, 21.589058406047453 ], [ -158.115544964908594, 21.589038076109397 ], [ -158.115352772739811, 21.589071990309222 ], [ -158.115159561497393, 21.589073935777389 ], [ -158.114965831712198, 21.589059641051144 ], [ -158.114773746583523, 21.589096898713255 ], [ -158.114579627513933, 21.589070375451431 ], [ -158.114384006145457, 21.588996730493136 ], [ -158.114188620220801, 21.588930464813561 ], [ -158.113993478692038, 21.58887184858386 ], [ -158.113799803817187, 21.588859235879067 ], [ -158.113605747794196, 21.588834661415813 ], [ -158.113410389278442, 21.58876922793916 ], [ -158.11321694319534, 21.588763810634617 ], [ -158.113025662538291, 21.588826313987553 ], [ -158.112834599034187, 21.588895640013519 ], [ -158.112642978168594, 21.588947500597026 ], [ -158.112271995908145, 21.589185120307295 ], [ -158.112108762971673, 21.589297647351302 ], [ -158.11199754512657, 21.589445403271959 ], [ -158.111859034642265, 21.58957467404381 ], [ -158.111714311428699, 21.589699736829264 ], [ -158.111528039931159, 21.589796660204208 ], [ -158.111346334723891, 21.589896675757753 ], [ -158.111174450145313, 21.590003343033661 ], [ -158.111025543227527, 21.590125572302348 ], [ -158.110888507880418, 21.590255842950093 ], [ -158.110751200049663, 21.590385928625807 ], [ -158.110699882682127, 21.590574256410033 ], [ -158.110631315835832, 21.590750900214147 ], [ -158.110522322353802, 21.590900163901402 ], [ -158.110445537839865, 21.591071242893904 ], [ -158.110359773001022, 21.591236238994409 ], [ -158.110026225707088, 21.591902668137486 ], [ -158.109931768295354, 21.592061777784064 ], [ -158.109835157742424, 21.592219428573177 ], [ -158.109727877533885, 21.59236985358628 ], [ -158.109617217633655, 21.59251798833915 ], [ -158.109504133280808, 21.592664482074476 ], [ -158.109396804061646, 21.592806226514295 ] ] } },
{ "type": "Feature", "properties": { "objectid": 4, "island": "Oahu", "st_lengthshape": 102.99202599464954 }, "geometry": { "type": "LineString", "coordinates": [ [ -158.108675339466316, 21.59365929041369 ], [ -158.108473799840084, 21.593705332618118 ], [ -158.108280176531593, 21.593761908410194 ], [ -158.108101370281304, 21.593838198314586 ], [ -158.107933400778677, 21.593928907778441 ], [ -158.107785851639562, 21.594046786685482 ] ] } },
{ "type": "Feature", "properties": { "objectid": 5, "island": "Oahu", "st_lengthshape": 43.093286851388783 }, "geometry": { "type": "LineString", "coordinates": [ [ -158.107093184183611, 21.594381963524967 ], [ -158.106886773710812, 21.594421526304188 ], [ -158.106788563972913, 21.594590420467938 ] ] } },
{ "type": "Feature", "properties": { "objectid": 6, "island": "Oahu", "st_lengthshape": 479.23199181702654 }, "geometry": { "type": "LineString", "coordinates": [ [ -158.102951666138011, 21.596204831356765 ], [ -158.102962335364964, 21.596393453312878 ], [ -158.10296676349131, 21.596580629582714 ], [ -158.102966969463125, 21.596766826371194 ], [ -158.102967709828278, 21.596953147094055 ], [ -158.102967366907137, 21.597139217147546 ], [ -158.102970950977749, 21.597326197327526 ], [ -158.10298894853608, 21.597516519243733 ], [ -158.103014861895673, 21.597708675299259 ], [ -158.103089712316972, 21.598156855845936 ], [ -158.103159613291666, 21.598328002309898 ], [ -158.103259327349889, 21.598493535636969 ], [ -158.103302271673243, 21.598669756748464 ], [ -158.103333940237633, 21.598848099756971 ], [ -158.10335104955854, 21.599029183887385 ], [ -158.103357280518026, 21.599212316176693 ], [ -158.103427093293135, 21.599383479220865 ], [ -158.103477798395971, 21.599558238803528 ], [ -158.103513664726563, 21.599735792211519 ], [ -158.10351011901659, 21.59992076538591 ], [ -158.103539416608527, 21.600099554508812 ], [ -158.103556336708635, 21.600280674624184 ], [ -158.10360126862011, 21.600452558197372 ] ] } },
{ "type": "Feature", "properties": { "objectid": 7, "island": "Oahu", "st_lengthshape": 81.610889147115998 }, "geometry": { "type": "LineString", "coordinates": [ [ -158.104480781403794, 21.601049108197905 ], [ -158.104470298319654, 21.601234313284461 ], [ -158.10450551153528, 21.601411974096855 ], [ -158.104552363837854, 21.601587714527248 ], [ -158.104648175089324, 21.601755265989063 ] ] } },
{ "type": "Feature", "properties": { "objectid": 8, "island": "Oahu", "st_lengthshape": 1234.200056004486 }, "geometry": { "type": "LineString", "coordinates": [ [ -158.094855322336883, 21.612616243845981 ], [ -158.094741794237166, 21.612788236373891 ], [ -158.094634891754851, 21.612970265695523 ], [ -158.094523637139901, 21.613145702504838 ], [ -158.094365623953053, 21.613250308864984 ], [ -158.094192695385601, 21.613332320709464 ], [ -158.093990764243529, 21.613370397554949 ], [ -158.093785727277151, 21.613403771211114 ], [ -158.093574429048402, 21.613427658048145 ], [ -158.093364333791158, 21.613453368844805 ], [ -158.09316874194235, 21.613501049120028 ], [ -158.092973273437508, 21.613548915937415 ], [ -158.092776423760171, 21.613594690806988 ], [ -158.092597195489361, 21.613667159040421 ], [ -158.092419364360097, 21.613741744174373 ], [ -158.092247457279001, 21.613825304356268 ], [ -158.092069888019154, 21.613900287132743 ], [ -158.091890166154229, 21.613972008374457 ], [ -158.091714057018493, 21.614049203065122 ], [ -158.091539423491014, 21.614128632542279 ], [ -158.091390467641645, 21.614246962247382 ], [ -158.091246162865275, 21.614372335857986 ], [ -158.0911027938362, 21.614499128292938 ], [ -158.09093021424448, 21.614581670652957 ], [ -158.090755839983586, 21.614661494576815 ], [ -158.090578109157576, 21.614736232701336 ], [ -158.0903988679311, 21.614808682149189 ], [ -158.090218887681061, 21.614880013444402 ], [ -158.090037587489775, 21.6149493452867 ], [ -158.089887100251445, 21.615065355161402 ], [ -158.089735248972914, 21.615179300349453 ], [ -158.08958042871015, 21.615288746392228 ], [ -158.089430727444125, 21.615405949024712 ], [ -158.089293520169207, 21.615542077813934 ], [ -158.089160260440423, 21.615684187928061 ], [ -158.089028782474116, 21.615828996247728 ], [ -158.088894215846665, 21.615969128621995 ], [ -158.088751532296243, 21.616096961580862 ], [ -158.088602096549323, 21.616214567789605 ], [ -158.088449645887607, 21.616327605926713 ], [ -158.088299057390316, 21.616443465550532 ], [ -158.088140025652535, 21.616546534264444 ], [ -158.087960456606908, 21.616618490421374 ], [ -158.087783374728076, 21.616694214612082 ], [ -158.087614247546128, 21.616781990435513 ], [ -158.087450477652141, 21.616877881036441 ], [ -158.08729271101069, 21.616982867469577 ], [ -158.087137604697148, 21.617091884024987 ], [ -158.08696195259796, 21.617169775218834 ], [ -158.086799215445097, 21.617267231014701 ], [ -158.086633822319754, 21.617360663607247 ], [ -158.086482339386379, 21.617475170497119 ], [ -158.086334818310718, 21.617595679609309 ], [ -158.086182488891382, 21.617708904130222 ], [ -158.086035515715963, 21.617830242593769 ], [ -158.085902863207963, 21.617973279238967 ], [ -158.085764389831922, 21.618107494451991 ], [ -158.085627058865725, 21.618243444052503 ], [ -158.085490390871826, 21.618380396351526 ], [ -158.08537586814893, 21.618550897548914 ], [ -158.085259434169842, 21.618709718744263 ] ] } },
{ "type": "Feature", "properties": { "objectid": 9, "island": "Oahu", "st_lengthshape": 1061.6909220103157 }, "geometry": { "type": "LineString", "coordinates": [ [ -158.081935335062582, 21.621516891845857 ], [ -158.081876752545043, 21.621690874717025 ], [ -158.081787015164593, 21.621851052115478 ], [ -158.081698182285635, 21.622011629243332 ], [ -158.081600883202384, 21.622168453753559 ], [ -158.081522834032768, 21.622333810664198 ], [ -158.081433794368934, 21.622494296140616 ], [ -158.08133889851635, 21.622652187126317 ], [ -158.081239733310838, 21.622808185296869 ], [ -158.081137271842039, 21.622962723336229 ], [ -158.081033325442235, 21.623116602638877 ], [ -158.08093104420746, 21.623270070081158 ], [ -158.080887310037639, 21.623344843206265 ], [ -158.080779367407956, 21.623502322921237 ], [ -158.080623431903291, 21.623603238318452 ], [ -158.080543254252774, 21.623646238263646 ], [ -158.080363303496398, 21.623718078874536 ], [ -158.080179630774268, 21.62377603673221 ], [ -158.079992004884929, 21.623819248691266 ], [ -158.07980425712455, 21.623862007150805 ], [ -158.079617441825462, 21.623908243273821 ], [ -158.07943049804615, 21.623954000566549 ], [ -158.079244111993489, 21.624001837678808 ], [ -158.079059517285685, 21.624056358910359 ], [ -158.078878455347166, 21.624124058607176 ], [ -158.07869766980599, 21.624192788619247 ], [ -158.07851890301842, 21.624269049620402 ], [ -158.078340648569906, 21.624347221269499 ], [ -158.078172704040696, 21.624432403446399 ], [ -158.077447204306651, 21.624750279530804 ], [ -158.07728988967267, 21.624855561957844 ], [ -158.07709916354662, 21.624921373901568 ], [ -158.076944892317925, 21.62503025219825 ], [ -158.076802534389088, 21.62515320570196 ], [ -158.076649073995469, 21.625263043115652 ], [ -158.076490640054828, 21.625367004968961 ], [ -158.076345345953825, 21.625486489809255 ], [ -158.076207035929087, 21.62561422533205 ], [ -158.076065000946897, 21.62573756119388 ], [ -158.075927088417131, 21.625865766641571 ], [ -158.075719455245292, 21.626099425346236 ], [ -158.075601418958456, 21.626245194005275 ], [ -158.075512598286906, 21.626405683510256 ], [ -158.07543597035783, 21.626572317111567 ], [ -158.075359393292302, 21.626738976247463 ], [ -158.075280379237199, 21.626900784920224 ], [ -158.075132139313723, 21.627050067498224 ], [ -158.074963167660513, 21.627141158787481 ], [ -158.074793493961323, 21.627230639725418 ], [ -158.074618579684966, 21.627308085881634 ], [ -158.074443921704642, 21.627369532960667 ] ] } },
{ "type": "Feature", "properties": { "objectid": 10, "island": "Oahu", "st_lengthshape": 351.58643680769535 }, "geometry": { "type": "LineString", "coordinates": [ [ -158.073464202047802, 21.628835030729434 ], [ -158.073351718037145, 21.628981989438348 ], [ -158.073251677014184, 21.629136924081706 ], [ -158.073158647904563, 21.629296352469016 ], [ -158.073035444388779, 21.629436440355366 ], [ -158.072924713700729, 21.629584523323633 ], [ -158.072788124609474, 21.629711000555154 ], [ -158.072489602997109, 21.630037195469811 ], [ -158.072327268652572, 21.630145592327114 ], [ -158.072204347073466, 21.630285017104345 ], [ -158.072095303843099, 21.630435367404633 ], [ -158.071986292106203, 21.630585743095224 ], [ -158.071870876342189, 21.63073107624782 ], [ -158.071822956545191, 21.630929546277361 ], [ -158.071722832193473, 21.631086917714295 ], [ -158.071621771219753, 21.631243552991432 ], [ -158.071478587183918, 21.631364988217758 ] ] } },
{ "type": "Feature", "properties": { "objectid": 11, "island": "Oahu", "st_lengthshape": 579.23156872594939 }, "geometry": { "type": "LineString", "coordinates": [ [ -158.065252776542366, 21.638102839325967 ], [ -158.06494172727102, 21.638139966660024 ], [ -158.064784477644253, 21.638262710457631 ], [ -158.064656396393588, 21.638401690809772 ], [ -158.064507359105733, 21.638529005720336 ], [ -158.064404097918356, 21.638681802276611 ], [ -158.064239140833962, 21.638800255202927 ], [ -158.063895232679158, 21.63881909028488 ], [ -158.063668497631738, 21.638903152385261 ], [ -158.063539498153347, 21.639041621637329 ], [ -158.063433796763718, 21.639193059516739 ], [ -158.06327815265368, 21.639316697091886 ], [ -158.063142748714512, 21.639451600289966 ], [ -158.063150721220353, 21.639666320196405 ], [ -158.06306511692415, 21.639828945983822 ], [ -158.062990211324262, 21.639997528589603 ], [ -158.062913798722349, 21.640165272422763 ], [ -158.062810740701764, 21.640318183751525 ], [ -158.06270617468229, 21.64047025446245 ], [ -158.062592228582332, 21.640617103786614 ], [ -158.062581171902764, 21.640821230463089 ], [ -158.062571233990127, 21.641025979568663 ], [ -158.062563027206153, 21.641231692432751 ], [ -158.062554771282777, 21.641437377911338 ], [ -158.062540723886883, 21.641639838970175 ], [ -158.062527008615774, 21.641842485287427 ], [ -158.062431447156825, 21.641997826304518 ] ] } },
{ "type": "Feature", "properties": { "objectid": 12, "island": "Oahu", "st_lengthshape": 79.489529246492324 }, "geometry": { "type": "LineString", "coordinates": [ [ -158.063731036600814, 21.645390926465428 ], [ -158.063621567725022, 21.645540406983667 ], [ -158.063531183073195, 21.64570028209403 ], [ -158.06343085684199, 21.645854742993048 ], [ -158.063318538544394, 21.645995240904895 ] ] } },
{ "type": "Feature", "properties": { "objectid": 13, "island": "Oahu", "st_lengthshape": 6137.5712709492936 }, "geometry": { "type": "LineString", "coordinates": [ [ -158.060710774219842, 21.654933254965442 ], [ -158.060528652180551, 21.655022360297227 ], [ -158.060350700910902, 21.65511503488645 ], [ -158.060174421661401, 21.655209139795904 ], [ -158.060036368260853, 21.655335949136912 ], [ -158.059928661939892, 21.655488724170965 ], [ -158.059822775641891, 21.655643055155803 ], [ -158.059716270191103, 21.655796856775911 ], [ -158.059607551183717, 21.65594876579706 ], [ -158.059494241934942, 21.656096746030478 ], [ -158.059372156044191, 21.656237218855058 ], [ -158.059253449968111, 21.656380582651675 ], [ -158.059156373282548, 21.65654245138429 ], [ -158.059062802315651, 21.656707321151092 ], [ -158.058987724846332, 21.656888012189519 ], [ -158.058910880738864, 21.657067193520433 ], [ -158.058784722391096, 21.657204181831233 ], [ -158.058655241412595, 21.657338327157888 ], [ -158.058521633388438, 21.657468941957934 ], [ -158.058386005927161, 21.657597829624308 ], [ -158.058255717897396, 21.657731284350621 ], [ -158.058121436407077, 21.657861323125911 ], [ -158.058033893090396, 21.658031350526354 ], [ -158.057988374971046, 21.658237334193487 ], [ -158.057900010505904, 21.658406659417384 ], [ -158.057799954473836, 21.65856598079462 ], [ -158.057702192276565, 21.658727265569301 ], [ -158.057589952355812, 21.658876163739556 ], [ -158.057465367306264, 21.659014499610748 ], [ -158.057351854462098, 21.659162309000155 ], [ -158.057223195936842, 21.659297159699587 ], [ -158.057090313284903, 21.659428396173748 ], [ -158.056964846940076, 21.659565978607937 ], [ -158.056822448284606, 21.659689073527932 ], [ -158.056681205549637, 21.659813157787386 ], [ -158.05654223837962, 21.659939189035722 ], [ -158.056406979725409, 21.660068393210686 ], [ -158.056262421545767, 21.660189641430708 ], [ -158.056108873313036, 21.660303197418287 ], [ -158.055950613694648, 21.660412722580805 ], [ -158.055786993012305, 21.660517661230681 ], [ -158.055615892129424, 21.660616199008281 ], [ -158.055445023595269, 21.660714935768492 ], [ -158.055264820005618, 21.660805686439808 ], [ -158.055047179875686, 21.660864405969004 ], [ -158.054754994778165, 21.660859344229571 ], [ -158.054749711664783, 21.661099756884308 ], [ -158.054721801210206, 21.661320809050867 ], [ -158.054596495327985, 21.661458529583324 ], [ -158.054433519309953, 21.66156401976021 ], [ -158.054276724621161, 21.661674799172982 ], [ -158.054132862743558, 21.661796642914329 ], [ -158.053987018902831, 21.661916792188215 ], [ -158.053844466470537, 21.662039757018828 ], [ -158.053716434508829, 21.662175146775915 ], [ -158.053594661729647, 21.662315890439736 ], [ -158.053482664656201, 21.662464999240225 ], [ -158.053400115348012, 21.662639303740814 ], [ -158.053270419794984, 21.66277326980418 ], [ -158.053128129239298, 21.662896459500111 ], [ -158.052996355381964, 21.66302864732415 ], [ -158.05285713494635, 21.663154464213154 ], [ -158.052708096027004, 21.663271880219138 ], [ -158.052568546429455, 21.66339741491452 ], [ -158.052440814807142, 21.663533061873181 ], [ -158.05230852365429, 21.663664807097962 ], [ -158.052155782702101, 21.663779056693002 ], [ -158.052002777226534, 21.663893078777335 ], [ -158.051885822984787, 21.664037947317656 ], [ -158.05182042302485, 21.664116465280024 ], [ -158.051687651587457, 21.664250993318671 ], [ -158.051564956731909, 21.664397534441456 ], [ -158.051428072738474, 21.66452716128634 ], [ -158.051291473319623, 21.664657126604297 ], [ -158.051148690229468, 21.664779721731023 ], [ -158.051000425455811, 21.664895780890991 ], [ -158.050870249424008, 21.66503340365761 ], [ -158.050742022711603, 21.665173351976026 ], [ -158.050600682856071, 21.665297667697732 ], [ -158.050448561113626, 21.66540913034315 ], [ -158.050299647839864, 21.665524417230042 ], [ -158.050157238980489, 21.665647458957601 ], [ -158.050008685795063, 21.66576317674199 ], [ -158.049862599794665, 21.665881834625665 ], [ -158.049719722239274, 21.666004318578796 ], [ -158.049573375887348, 21.666122665735823 ], [ -158.049423600041166, 21.666236926000053 ], [ -158.049268085535772, 21.666344345215283 ], [ -158.04912006029042, 21.666460692135658 ], [ -158.048971756703452, 21.666576708482097 ], [ -158.048818427936652, 21.66668673343958 ], [ -158.048663903114914, 21.666795333051176 ], [ -158.048519449054311, 21.666915937725403 ], [ -158.048390672764071, 21.667055233185842 ], [ -158.048269135408788, 21.667203157778523 ], [ -158.048145723987318, 21.667348850060677 ], [ -158.04801747150384, 21.667488769745599 ], [ -158.047888531198538, 21.667627869604473 ], [ -158.047625206872539, 21.667996563127961 ], [ -158.047529805794227, 21.668154968368963 ], [ -158.047433039554932, 21.668312829994438 ], [ -158.047349389545246, 21.668475911702846 ], [ -158.047266882593476, 21.668639447104749 ], [ -158.047192895806802, 21.668806373046507 ], [ -158.0471097541961, 21.668969656274239 ], [ -158.047020039199595, 21.66913032430746 ], [ -158.046926718814603, 21.669289557758116 ], [ -158.046836499259712, 21.669450024931709 ], [ -158.046746449159599, 21.669610558968564 ], [ -158.04665278787499, 21.669769656576197 ], [ -158.046562325749051, 21.669930027322732 ], [ -158.046537131570858, 21.669977661687632 ], [ -158.046405647002473, 21.670123770474472 ], [ -158.046239855166505, 21.670216806843648 ], [ -158.046066803961338, 21.670299253206153 ], [ -158.045884999094852, 21.670368927367466 ], [ -158.045710362250531, 21.670449059653851 ], [ -158.045536062191076, 21.670529682426345 ], [ -158.045365170838323, 21.670615279768889 ], [ -158.04519733399701, 21.670705332908643 ], [ -158.045030989359077, 21.67079756352237 ], [ -158.044873392182382, 21.670902556957166 ], [ -158.044726996927068, 21.671023893086517 ], [ -158.044584566498884, 21.671151013790748 ], [ -158.044441409250652, 21.671277073199732 ], [ -158.04429977573318, 21.671405358194839 ], [ -158.044161958658151, 21.671539210111689 ], [ -158.044009696906357, 21.671651988190398 ], [ -158.043845723545672, 21.671747680390528 ], [ -158.043657423606277, 21.671807879476649 ], [ -158.043454234020885, 21.671846356088277 ], [ -158.043294732493223, 21.671948571655772 ], [ -158.043134591280392, 21.672049854678129 ], [ -158.042975529652637, 21.672152712969456 ], [ -158.042804701953628, 21.672238405486802 ], [ -158.042645944309214, 21.672341706962133 ], [ -158.042495756883312, 21.672457513803892 ], [ -158.042323062839756, 21.672540483027447 ], [ -158.042151570934521, 21.672625206178207 ], [ -158.041987472771979, 21.672720716865307 ], [ -158.04165503831922, 21.672570624628126 ], [ -158.041467717717012, 21.672984607295799 ], [ -158.041345429541508, 21.673124537757115 ], [ -158.041178954342087, 21.673230179055313 ], [ -158.041001843047525, 21.673327565784486 ], [ -158.04083413176636, 21.673432247393102 ], [ -158.040676900331874, 21.673545061278912 ], [ -158.040535025792593, 21.673669792003384 ], [ -158.040391785582187, 21.673793464046675 ], [ -158.040241195902155, 21.673911431848307 ], [ -158.040105204438248, 21.674040728555727 ], [ -158.039973099371764, 21.674173041490562 ], [ -158.039876870027769, 21.674333195056317 ], [ -158.03978305014499, 21.674495218983918 ], [ -158.039826834996632, 21.674764026792474 ], [ -158.039776556469008, 21.67495984041804 ], [ -158.039711410027365, 21.675144114687608 ], [ -158.039555702360531, 21.675422756982989 ], [ -158.039452722317776, 21.675582209880176 ], [ -158.039351965645437, 21.675742298919797 ], [ -158.039261360087806, 21.675905301399965 ], [ -158.039175316309866, 21.676069612157637 ], [ -158.039114668603162, 21.676241208578176 ], [ -158.039060465808717, 21.67641465360531 ], [ -158.038992600026006, 21.676584179132245 ], [ -158.038943277290826, 21.676759024630577 ], [ -158.038909474332087, 21.676938322509638 ], [ -158.038881974568369, 21.67711942754601 ], [ -158.038841482265951, 21.677296806680062 ], [ -158.038838651423447, 21.677484989076849 ], [ -158.038835216660118, 21.677672999035458 ], [ -158.038835169884379, 21.677861980796933 ], [ -158.038859350466822, 21.678057911807578 ], [ -158.038889350146405, 21.678255513476721 ], [ -158.038900292292055, 21.678447646695435 ], [ -158.038895525286136, 21.678635274008659 ], [ -158.038882235128597, 21.678820456134229 ], [ -158.038824944158904, 21.678963388877211 ], [ -158.038749777368452, 21.679130455323303 ], [ -158.038662782079399, 21.679291810566173 ], [ -158.038561093917792, 21.679446071146838 ], [ -158.038481989872906, 21.679611237367936 ], [ -158.038355816990588, 21.67975367587167 ], [ -158.038228518540535, 21.679895571126131 ], [ -158.038110390974168, 21.680041895502253 ], [ -158.03800103159594, 21.680192452454389 ], [ -158.037885761167104, 21.680340156444874 ], [ -158.037754212884863, 21.680479999425252 ], [ -158.037665362085164, 21.680539841965356 ], [ -158.037622610944908, 21.680570966317198 ], [ -158.037467781807976, 21.680688267021988 ], [ -158.037289283591747, 21.680757981044533 ], [ -158.037107651733834, 21.680822446006683 ], [ -158.036920545000925, 21.680891012031847 ], [ -158.036728426815245, 21.680952700985657 ], [ -158.036536020499, 21.680999840617151 ], [ -158.03634340775838, 21.681036577999439 ], [ -158.036150504292067, 21.68105859078689 ], [ -158.035957496399902, 21.681075370259709 ], [ -158.035764336767727, 21.681084442639399 ], [ -158.035571041273727, 21.681086621980317 ], [ -158.035377678250882, 21.681085441869548 ], [ -158.035184150487112, 21.68107590595146 ], [ -158.034990068721982, 21.681038382029783 ], [ -158.03479635678957, 21.681019506167111 ], [ -158.034603164608143, 21.681026942758525 ], [ -158.034284951043304, 21.681102002548307 ], [ -158.034108488899449, 21.681177006194623 ], [ -158.033921299811453, 21.681233736496168 ], [ -158.033733253312505, 21.681289008021182 ], [ -158.033545678811151, 21.68134508068103 ], [ -158.033367456581942, 21.681417086630624 ], [ -158.033197152090963, 21.681502581075868 ], [ -158.033026353314995, 21.681587233202059 ], [ -158.032864970765132, 21.681687924749014 ], [ -158.032719980912418, 21.681816543569784 ], [ -158.032584298261014, 21.68196101604039 ], [ -158.032343427276857, 21.68224644719696 ], [ -158.032236322006924, 21.682399467747761 ], [ -158.032114278949905, 21.682546173053293 ], [ -158.032010126409801, 21.682700441994719 ], [ -158.031921775797912, 21.682861389737631 ], [ -158.031863710774104, 21.68303514003912 ], [ -158.031779322131172, 21.683197763122124 ], [ -158.031685850042265, 21.683356546998805 ], [ -158.031570417559095, 21.683506046693459 ], [ -158.031403622590062, 21.683633835918339 ], [ -158.031289732699037, 21.683783988525196 ], [ -158.031169115899559, 21.683931297615107 ], [ -158.030971528155703, 21.684046069271279 ], [ -158.030902863030718, 21.684215338730152 ], [ -158.031056306590216, 21.684478497429332 ], [ -158.031007859983617, 21.684656313702739 ], [ -158.030972451237972, 21.684839641851973 ], [ -158.030938800458301, 21.685023712910958 ], [ -158.030901411767587, 21.685206203760881 ], [ -158.030843519897132, 21.685380027776461 ], [ -158.030771220199796, 21.685547760899556 ], [ -158.030693058159045, 21.685713016943332 ], [ -158.03060198509516, 21.68587281505577 ], [ -158.030549186552804, 21.68604879168182 ], [ -158.030425962700519, 21.686194998990796 ], [ -158.030324905387602, 21.686350576617947 ], [ -158.030220986161311, 21.686504944055805 ], [ -158.030115049347387, 21.686658459463523 ], [ -158.030085245960493, 21.68668815780924 ], [ -158.029955204743516, 21.686825263798674 ], [ -158.02979207279941, 21.686924016676215 ], [ -158.02967441120299, 21.686970903995284 ], [ -158.029600601150463, 21.686996947145008 ], [ -158.029420590120566, 21.687062812132147 ], [ -158.029240685468892, 21.687128934105253 ], [ -158.029057692787063, 21.687187642601703 ], [ -158.02887543148492, 21.68724810956811 ], [ -158.028696589928387, 21.687316781121496 ], [ -158.028520464107743, 21.687391972832231 ], [ -158.028341257868846, 21.687459770980841 ], [ -158.028173530554, 21.687555117485676 ], [ -158.028010812431774, 21.687662488455732 ], [ -158.027848820846003, 21.687771603455555 ], [ -158.027684598286044, 21.68787536433484 ], [ -158.027512951784445, 21.687961307206848 ], [ -158.027335900930467, 21.688034279770392 ], [ -158.027155754483772, 21.688099823428562 ], [ -158.026975157937045, 21.688164286494093 ], [ -158.026794382400084, 21.688228320097707 ], [ -158.026613335592913, 21.688291704172244 ], [ -158.026433647039767, 21.688358346432707 ], [ -158.026254990445835, 21.688427464433932 ], [ -158.026075492760924, 21.688494567243449 ], [ -158.025895527860996, 21.68856054780224 ], [ -158.0257152783891, 21.688625844425054 ], [ -158.025534598784759, 21.688690111158895 ], [ -158.025353488127308, 21.68875334167328 ], [ -158.02517150123569, 21.688814468247681 ], [ -158.024987652614044, 21.688871129031948 ], [ -158.024820939385734, 21.6889689144264 ], [ -158.024618762651301, 21.689051430604209 ], [ -158.024462586803537, 21.689159273653111 ], [ -158.024301294676093, 21.689261779907742 ], [ -158.024141213664564, 21.689365549744952 ], [ -158.023982191148207, 21.689470424175983 ], [ -158.02383503896877, 21.689587680676119 ], [ -158.023687015003873, 21.68970402760678 ], [ -158.023539684784481, 21.689821097582641 ], [ -158.023390926055953, 21.689936678343283 ], [ -158.023251185905593, 21.690061666723967 ], [ -158.023120419221556, 21.690196014601373 ], [ -158.022994564836495, 21.690335487351327 ], [ -158.022870941869883, 21.690477288542258 ], [ -158.022750347973897, 21.690622248581523 ], [ -158.022627454980437, 21.690764810013182 ], [ -158.022493484024835, 21.690895817586135 ], [ -158.022345930869051, 21.691012655640048 ], [ -158.022178600588489, 21.691108866289127 ], [ -158.022001354797396, 21.691194732244167 ], [ -158.021831561107689, 21.691288372298381 ], [ -158.021677920581965, 21.691398862708255 ], [ -158.021573326009104, 21.691550704294468 ] ] } },
{ "type": "Feature", "properties": { "objectid": 14, "island": "Oahu", "st_lengthshape": 142.76205152342362 }, "geometry": { "type": "LineString", "coordinates": [ [ -158.020862941247714, 21.692483793937043 ], [ -158.020667091176648, 21.692520352413439 ], [ -158.020471794427294, 21.692557979927969 ], [ -158.020282672967909, 21.692607525124792 ], [ -158.020093796597905, 21.692657544927954 ], [ -158.019914934056601, 21.69272689217523 ], [ -158.019747931579275, 21.692819131760075 ], [ -158.01960014009947, 21.692945717937228 ] ] } },
{ "type": "Feature", "properties": { "objectid": 15, "island": "Oahu", "st_lengthshape": 347.2795596653981 }, "geometry": { "type": "LineString", "coordinates": [ [ -158.015792667309739, 21.696076390953916 ], [ -158.015687726373955, 21.696228140562809 ], [ -158.015582668739711, 21.696379818034796 ], [ -158.01548085488929, 21.696533495829538 ], [ -158.015379727156045, 21.696687597703697 ], [ -158.015271459498649, 21.696837295526887 ], [ -158.015182636164838, 21.696944296089793 ], [ -158.015123773672116, 21.697011699098141 ], [ -158.014983604831428, 21.697137827435999 ], [ -158.014832673570481, 21.697250802452455 ], [ -158.014673796491678, 21.697354070133134 ], [ -158.014530616671834, 21.697476518719085 ], [ -158.014381676844579, 21.697591928934546 ], [ -158.014229804176097, 21.697703754979145 ], [ -158.01407544828848, 21.697812546974141 ], [ -158.013926904648173, 21.697928442424367 ], [ -158.013820674898938, 21.698004932307764 ], [ -158.013551660596107, 21.698088244595631 ], [ -158.013366370172122, 21.698083890835708 ] ] } },
{ "type": "Feature", "properties": { "objectid": 16, "island": "Oahu", "st_lengthshape": 795.24385004970077 }, "geometry": { "type": "LineString", "coordinates": [ [ -158.013400490854082, 21.696512204561152 ], [ -158.013315389214881, 21.696344900413475 ], [ -158.013199708152257, 21.696207922700786 ], [ -158.01290512953193, 21.695975461159748 ], [ -158.012737507308884, 21.695883325470948 ], [ -158.012564085595329, 21.695803218979648 ], [ -158.012372471673018, 21.695760847048415 ], [ -158.012182467636563, 21.695736713129946 ], [ -158.011805273677993, 21.695712954173533 ], [ -158.011612001083222, 21.695721758568432 ], [ -158.011419544577819, 21.695738880612829 ], [ -158.011227627712969, 21.695761482010294 ], [ -158.011036273846941, 21.695789819464462 ], [ -158.010850506821868, 21.695848063373965 ], [ -158.010431830822625, 21.69597929805315 ], [ -158.010230676206447, 21.696043353085308 ], [ -158.010029232424699, 21.696107120669136 ], [ -158.009856343221912, 21.696199159399796 ], [ -158.009692877640902, 21.696300527533634 ], [ -158.009546490909855, 21.696418804203063 ], [ -158.009401797637736, 21.696538757607431 ], [ -158.009257730141371, 21.696659330727854 ], [ -158.009124707911042, 21.696790840222921 ], [ -158.008993453075249, 21.696924098288875 ], [ -158.008858024242699, 21.697053224475827 ], [ -158.008720600945026, 21.697180376453776 ], [ -158.008595741867424, 21.697319967239267 ], [ -158.008475241602355, 21.697463874189058 ], [ -158.00835533639443, 21.697608369093825 ], [ -158.008236729491102, 21.697748016844862 ], [ -158.007995039044403, 21.698287291981661 ], [ -158.007988266068736, 21.69846785643179 ], [ -158.007993776347092, 21.698648856627585 ], [ -158.008013146171891, 21.698830348072981 ], [ -158.008047158905725, 21.699005934928376 ] ] } },
{ "type": "Feature", "properties": { "objectid": 17, "island": "Oahu", "st_lengthshape": 336.73163573315003 }, "geometry": { "type": "LineString", "coordinates": [ [ -158.008727609670814, 21.699895186496249 ], [ -158.008536744107914, 21.699834406999337 ], [ -158.008341864821574, 21.699866688653668 ], [ -158.008155445447414, 21.699919618894665 ], [ -158.006893276385142, 21.700169937143315 ], [ -158.00668817831351, 21.700193810095968 ], [ -158.006492836133418, 21.700180022000843 ], [ -158.006303953348407, 21.700141293651743 ], [ -158.006117114222718, 21.700094677194262 ], [ -158.005935529097599, 21.700027781110421 ], [ -158.005753904465223, 21.699961032751538 ], [ -158.005570186458868, 21.699913390087175 ] ] } },
{ "type": "Feature", "properties": { "objectid": 18, "island": "Oahu", "st_lengthshape": 161.08976683255355 }, "geometry": { "type": "LineString", "coordinates": [ [ -158.003560551612651, 21.699167096218702 ], [ -158.00336490609908, 21.699163374558175 ], [ -158.003168429914439, 21.699153942767005 ], [ -158.002975065050549, 21.699165909975967 ], [ -158.002784393323765, 21.699196400899041 ], [ -158.002595401219025, 21.69923845334641 ], [ -158.002406538260601, 21.699281388963165 ], [ -158.002219221026138, 21.699334967460462 ], [ -158.00203653099112, 21.699393048080573 ] ] } },
{ "type": "Feature", "properties": { "objectid": 19, "island": "Oahu", "st_lengthshape": 167.98790235411627 }, "geometry": { "type": "LineString", "coordinates": [ [ -157.997923824863278, 21.705113200368221 ], [ -157.99773419697803, 21.705057005986919 ], [ -157.997547295838842, 21.704986501053348 ], [ -157.996912794933138, 21.704999013184704 ], [ -157.9967524562108, 21.705100518655101 ], [ -157.996602555459475, 21.705214753543924 ], [ -157.99649636505734, 21.705374990522774 ] ] } },
{ "type": "Feature", "properties": { "objectid": 20, "island": "Oahu", "st_lengthshape": 361.7929618048517 }, "geometry": { "type": "LineString", "coordinates": [ [ -157.993612702701, 21.705004599209836 ], [ -157.993402781431143, 21.704997966629083 ], [ -157.993199892597289, 21.704977205062615 ], [ -157.993024828670713, 21.70490053181874 ], [ -157.992855740513079, 21.704811849843075 ], [ -157.992685665289798, 21.70472515276753 ], [ -157.992508825467439, 21.704652047422616 ], [ -157.992328772032948, 21.704585401450363 ], [ -157.992149382511826, 21.704517421407822 ], [ -157.991970491579139, 21.704453247466596 ], [ -157.991639712043138, 21.70433779379989 ], [ -157.99145019030766, 21.704265923735893 ], [ -157.991258351889428, 21.704234800173374 ], [ -157.991064128235479, 21.704245636834003 ], [ -157.990869724996514, 21.704259628605801 ], [ -157.990674610990169, 21.704286130435506 ], [ -157.990479159796024, 21.704318557098969 ], [ -157.990287829407833, 21.704338113689534 ] ] } },
{ "type": "Feature", "properties": { "objectid": 21, "island": "Oahu", "st_lengthshape": 345.60208269690384 }, "geometry": { "type": "LineString", "coordinates": [ [ -157.98029842467821, 21.709300814875178 ], [ -157.980116982116186, 21.709226127776951 ], [ -157.97993260766313, 21.709165569433008 ], [ -157.979747736062393, 21.709107400892108 ], [ -157.979561146331321, 21.709057518248439 ], [ -157.97937246227832, 21.709017718719323 ], [ -157.979180392826549, 21.708994235823159 ], [ -157.978985185146911, 21.708985871375241 ], [ -157.978790551904837, 21.70897474226976 ], [ -157.978601882208835, 21.708934876014599 ], [ -157.978411282153331, 21.708904312438214 ], [ -157.97821840843568, 21.708884706221927 ], [ -157.978025010411386, 21.708867621506883 ], [ -157.977831388237831, 21.708851621052165 ], [ -157.977636048792505, 21.708843891999408 ], [ -157.977439128144567, 21.708843779324617 ], [ -157.977235147917781, 21.70887767588945 ], [ -157.977030156300145, 21.708926223352218 ] ] } },
{ "type": "Feature", "properties": { "objectid": 22, "island": "Oahu", "st_lengthshape": 20.021731124312655 }, "geometry": { "type": "LineString", "coordinates": [ [ -157.966167247696376, 21.708033846686345 ], [ -157.966071079705898, 21.707876884183396 ] ] } },
{ "type": "Feature", "properties": { "objectid": 23, "island": "Oahu", "st_lengthshape": 39.896297701958133 }, "geometry": { "type": "LineString", "coordinates": [ [ -157.965362693786346, 21.706960796882022 ], [ -157.965195527134654, 21.706870022299274 ], [ -157.965025747892014, 21.706785573879415 ] ] } },
{ "type": "Feature", "properties": { "objectid": 24, "island": "Oahu", "st_lengthshape": 80.627968895837199 }, "geometry": { "type": "LineString", "coordinates": [ [ -157.963966892471149, 21.704499896786267 ], [ -157.963881510796369, 21.704332504133315 ], [ -157.96379223312087, 21.704168008620822 ], [ -157.963671689964855, 21.704026754927817 ], [ -157.963544672502394, 21.703894367107534 ] ] } },
{ "type": "Feature", "properties": { "objectid": 25, "island": "Oahu", "st_lengthshape": 40.375708778560124 }, "geometry": { "type": "LineString", "coordinates": [ [ -157.958141225335112, 21.700458035766797 ], [ -157.958081799897599, 21.700280555514745 ], [ -157.957948482286668, 21.700152350048892 ] ] } },
{ "type": "Feature", "properties": { "objectid": 26, "island": "Oahu", "st_lengthshape": 202.21142473865683 }, "geometry": { "type": "LineString", "coordinates": [ [ -157.949336716387592, 21.690812689333772 ], [ -157.949267738848448, 21.690640145913417 ], [ -157.949195261267079, 21.690469623735495 ], [ -157.949115302012302, 21.690303421962913 ], [ -157.949020207473467, 21.690145959298587 ], [ -157.948912375206334, 21.689995851577379 ], [ -157.948795971299575, 21.689850692379498 ], [ -157.948666872412389, 21.689712863960441 ], [ -157.948530248277279, 21.689579380874587 ], [ -157.948388274144747, 21.68944898674436 ], [ -157.948255962574052, 21.689318416182434 ] ] } },
{ "type": "Feature", "properties": { "objectid": 27, "island": "Oahu", "st_lengthshape": 1210.5786332131622 }, "geometry": { "type": "LineString", "coordinates": [ [ -157.945427528688384, 21.684961362679644 ], [ -157.945422745403675, 21.684744181576971 ], [ -157.945381070579259, 21.684551057809692 ], [ -157.945299819094288, 21.684383741294358 ], [ -157.945192090057247, 21.684233691609098 ], [ -157.945073836775521, 21.684090504756774 ], [ -157.944969672340562, 21.683938130625506 ], [ -157.944848261303576, 21.683797003119857 ], [ -157.944737551699575, 21.68364889724543 ], [ -157.944648933251955, 21.683486385624715 ], [ -157.944510934554415, 21.683356075123349 ], [ -157.944361633776651, 21.683233134634587 ], [ -157.944225797376731, 21.683101413942545 ], [ -157.944100466218345, 21.682962843737787 ], [ -157.943989234543523, 21.682815079165223 ], [ -157.943884974052025, 21.682662767928601 ], [ -157.943800670027173, 21.682497444033491 ], [ -157.943728376452071, 21.682324287482924 ], [ -157.943652152784324, 21.682153694060823 ], [ -157.943524795212824, 21.682016444840833 ], [ -157.94340564605173, 21.681873843791685 ], [ -157.943291214010884, 21.681728165986502 ], [ -157.943189228465684, 21.681574371935383 ], [ -157.943091224839435, 21.681417982489947 ], [ -157.942965999135424, 21.681279343502325 ], [ -157.942859338151834, 21.681128599094425 ], [ -157.942706433238641, 21.681008009228702 ], [ -157.942559995449187, 21.680883203725191 ], [ -157.942419248847813, 21.680754686257099 ], [ -157.942309258746604, 21.680606112798966 ], [ -157.942227574887056, 21.680439081222932 ], [ -157.942142656327206, 21.680274158250224 ], [ -157.942061845889981, 21.680106557618792 ], [ -157.941998705612775, 21.67992743320325 ], [ -157.941938238055286, 21.679746567833558 ], [ -157.941876219734723, 21.679566712468443 ], [ -157.941804377491621, 21.679393263525277 ], [ -157.941693093508292, 21.679245534229704 ], [ -157.941608701586119, 21.679080269273655 ], [ -157.941521870348936, 21.678916594924921 ], [ -157.941428294745492, 21.678757318517988 ], [ -157.941325401274241, 21.678604118361243 ], [ -157.941152755091679, 21.678496403538489 ], [ -157.940966818176548, 21.678397355651203 ], [ -157.940898596007855, 21.678221547243762 ], [ -157.940809456699384, 21.678059378205486 ], [ -157.940698558316853, 21.677911398708105 ], [ -157.940632491636194, 21.677734183849065 ], [ -157.940559932099774, 21.677561204106368 ], [ -157.940330520091862, 21.677490506045256 ], [ -157.940143490570023, 21.677392171205625 ], [ -157.939946520774157, 21.677300318543779 ], [ -157.939734043190981, 21.677218577457726 ], [ -157.939539865920381, 21.677124903795409 ], [ -157.939279607037321, 21.67707431965 ], [ -157.939074142765008, 21.676988005403416 ], [ -157.939033051197555, 21.676794506348816 ], [ -157.938935830128628, 21.676637609219419 ], [ -157.938807111060868, 21.676505274928903 ] ] } },
{ "type": "Feature", "properties": { "objectid": 28, "island": "Oahu", "st_lengthshape": 3596.0328785358415 }, "geometry": { "type": "LineString", "coordinates": [ [ -157.93648492934858, 21.672353303345705 ], [ -157.936640126663178, 21.672176886863564 ], [ -157.936758825660888, 21.671999449558523 ], [ -157.936859535333241, 21.671821510274889 ], [ -157.93693062768628, 21.671642743428372 ], [ -157.93700475006122, 21.671464061894941 ], [ -157.937063408139522, 21.671284947933064 ], [ -157.937131489074119, 21.671106096642166 ], [ -157.937213978739834, 21.670927648341515 ], [ -157.937264986419081, 21.670748320877571 ], [ -157.937298168389276, 21.670568495320364 ], [ -157.937309660644161, 21.670388063831997 ], [ -157.937282733466446, 21.670206559758618 ], [ -157.937266844865036, 21.670025363946813 ], [ -157.937274044008035, 21.669844812816674 ], [ -157.937283396906111, 21.669664321543948 ], [ -157.937275801681409, 21.669483357691874 ], [ -157.937251008145097, 21.669301913334728 ], [ -157.937226674602158, 21.669120480951264 ], [ -157.937177184790215, 21.668938347264557 ], [ -157.93713397281914, 21.668756387463013 ], [ -157.937106846052131, 21.668574878453089 ], [ -157.937067008384133, 21.668393013413979 ], [ -157.936989666985085, 21.668210100570573 ], [ -157.936765405546225, 21.667691000847206 ], [ -157.936697671676882, 21.66751462212952 ], [ -157.936623559637752, 21.667342440279185 ], [ -157.936561907247068, 21.667162059653343 ], [ -157.936491419754503, 21.666987492559823 ], [ -157.936408513746613, 21.666821098239677 ], [ -157.936335629867358, 21.666648108388475 ], [ -157.936269895516375, 21.666470414354222 ], [ -157.936212282766633, 21.666287375554212 ], [ -157.936137898987766, 21.666115373341633 ], [ -157.936052641812495, 21.665950525732711 ], [ -157.935961607662875, 21.665789480416649 ], [ -157.935869908498745, 21.665628872544129 ], [ -157.935779784672462, 21.665467228610854 ], [ -157.935690052399906, 21.66530532696963 ], [ -157.935600406753196, 21.665143368022893 ], [ -157.935487397357065, 21.664996783787949 ], [ -157.935365322880529, 21.664856164175756 ], [ -157.935236269264891, 21.664720138568917 ], [ -157.935100494847177, 21.664588535159982 ], [ -157.934959197986757, 21.664460564840411 ], [ -157.934809247820198, 21.664338289796792 ], [ -157.934679235727515, 21.664202895418207 ], [ -157.934557419063253, 21.664062107067803 ], [ -157.934433056388798, 21.663922994321393 ], [ -157.934300053039323, 21.663789567898871 ], [ -157.93414427943344, 21.663671124078419 ], [ -157.933967737013859, 21.66356634858462 ], [ -157.933799892092821, 21.663455848948711 ], [ -157.933635465718567, 21.663343100916894 ], [ -157.933469273169123, 21.663231513969276 ], [ -157.933069006831033, 21.662962433601475 ], [ -157.932904881090479, 21.66285534738239 ], [ -157.932739856151215, 21.662750587751834 ], [ -157.932572451282567, 21.662651989967245 ], [ -157.932404521533016, 21.662554753650735 ], [ -157.932235382242709, 21.662460645923115 ], [ -157.932060077911558, 21.662382502631967 ], [ -157.931881691174908, 21.662312336039488 ], [ -157.931698170810051, 21.6622554628707 ], [ -157.93151243788347, 21.662204316235695 ], [ -157.93133423096458, 21.662133684083859 ], [ -157.931155050833951, 21.662065574940851 ], [ -157.930974318231677, 21.662001482875169 ], [ -157.93078351608483, 21.661963462317985 ], [ -157.93058761370051, 21.661938641381514 ], [ -157.930389077936411, 21.661920639115635 ], [ -157.930186924554931, 21.661912002115344 ], [ -157.929987664778878, 21.661895872830534 ], [ -157.929794698577382, 21.661863453505983 ], [ -157.929610615188892, 21.661808037013817 ], [ -157.929439004804095, 21.66172033180224 ], [ -157.929288559102673, 21.661577839319552 ], [ -157.929121056571915, 21.661479502227781 ], [ -157.928944068560725, 21.661405718129412 ], [ -157.928760905326158, 21.661347921740624 ], [ -157.928563030785227, 21.661328210592789 ], [ -157.928359194690586, 21.661323928371878 ], [ -157.928156010835437, 21.661317958987947 ], [ -157.927953305838656, 21.661310749399675 ], [ -157.927756761589279, 21.66128759317494 ], [ -157.927578404072506, 21.661217358115284 ], [ -157.927535838089426, 21.661187185878042 ], [ -157.927463174324629, 21.661114849172634 ], [ -157.927405190945962, 21.661045278563829 ], [ -157.927384118384197, 21.661019446749712 ], [ -157.927384430770019, 21.660837323263756 ], [ -157.927459645201253, 21.660664210621743 ], [ -157.927485126910426, 21.660485115223601 ], [ -157.927506159390646, 21.660305484281484 ], [ -157.927523992054205, 21.660125467698162 ], [ -157.927540689196377, 21.659945315493548 ], [ -157.927531936971207, 21.659762100867834 ], [ -157.927519522527035, 21.659578445223222 ], [ -157.927510300117547, 21.659395174253998 ], [ -157.92752195037383, 21.659214413983506 ], [ -157.927548671397602, 21.659035467465628 ], [ -157.927579124080125, 21.658856969626399 ], [ -157.927607143567144, 21.658678179627117 ], [ -157.927622262707928, 21.658497836507788 ], [ -157.927640937790386, 21.658317921963359 ], [ -157.927664244388865, 21.658138564894244 ], [ -157.927682799045016, 21.658041231882358 ], [ -157.927706831041633, 21.657951618372689 ], [ -157.927788825786109, 21.657787611933621 ], [ -157.927913047426728, 21.657639090969756 ], [ -157.928023804147244, 21.657485631836288 ], [ -157.928110680654271, 21.657323414696503 ], [ -157.928179242692664, 21.657154481917704 ], [ -157.928245449142821, 21.656984685626064 ], [ -157.928320819776758, 21.656818249386927 ], [ -157.928402088404312, 21.656653975911134 ], [ -157.92847469847905, 21.656486528052994 ], [ -157.928548166124983, 21.656319393739292 ], [ -157.928622715883961, 21.65615265662494 ], [ -157.928643550854019, 21.655966221661735 ], [ -157.928645527126434, 21.655772870714411 ], [ -157.928751451072401, 21.65530621542279 ], [ -157.928783951684352, 21.655087158770638 ], [ -157.928785818830193, 21.654882896984731 ], [ -157.928654154050463, 21.654743128761652 ], [ -157.928588996021887, 21.654571239877772 ], [ -157.928521569768179, 21.654400445685237 ], [ -157.928463637089237, 21.654225066644202 ], [ -157.928404207171468, 21.654050409660229 ], [ -157.9283418020174, 21.653877191511324 ], [ -157.928267873823586, 21.653709536968119 ], [ -157.928187836030219, 21.653544834956385 ], [ -157.928100465752294, 21.653383673805433 ], [ -157.92802762617896, 21.653215494099918 ], [ -157.928000307176148, 21.653025329964215 ], [ -157.927991978814276, 21.652825992632494 ], [ -157.927877962052975, 21.652677701459773 ], [ -157.927710498115175, 21.652555224295099 ], [ -157.927536918931565, 21.652435700375822 ], [ -157.927358370806132, 21.652318576088025 ], [ -157.927181784863564, 21.652200504902858 ], [ -157.927017388930636, 21.652077673793592 ], [ -157.92669609164551, 21.65187032395443 ], [ -157.92653000013425, 21.651775517785552 ], [ -157.926363447749509, 21.651681647088274 ], [ -157.926187152264731, 21.651607607443562 ], [ -157.926009721820975, 21.651535879251178 ], [ -157.925833258946881, 21.651462179636528 ], [ -157.925658279680874, 21.651385462214982 ], [ -157.925486249808301, 21.651302743581098 ], [ -157.925307630043335, 21.651233434344643 ], [ -157.925126263327286, 21.651169718028012 ], [ -157.924950268382958, 21.651095068370132 ], [ -157.924777000153057, 21.651014868661939 ], [ -157.924550431531372, 21.650893330168831 ], [ -157.924331599487317, 21.650754865196465 ], [ -157.924175667462208, 21.650647467125786 ], [ -157.924021746675436, 21.650537840662658 ], [ -157.92386658774987, 21.650429587307119 ], [ -157.923710351472295, 21.65032252561511 ], [ -157.923564809580483, 21.650203619338239 ], [ -157.923430559483137, 21.650050688118213 ], [ -157.92329528740575, 21.649880024085338 ], [ -157.923178850594041, 21.649733785641033 ], [ -157.923072178471273, 21.649582488276188 ], [ -157.922972621818673, 21.649427506033422 ], [ -157.922873086711917, 21.64927251303477 ], [ -157.922774602367127, 21.649116975734788 ], [ -157.922678370655802, 21.648960272275684 ], [ -157.922580550233079, 21.648804390471643 ], [ -157.922460754769673, 21.648659891362996 ], [ -157.922331320285394, 21.648520384039557 ], [ -157.922199819393398, 21.648418976735968 ] ] } },
{ "type": "Feature", "properties": { "objectid": 29, "island": "Oahu", "st_lengthshape": 125.91649298747257 }, "geometry": { "type": "LineString", "coordinates": [ [ -157.92383212466882, 21.662286278424567 ], [ -157.92365990193278, 21.662402548602071 ], [ -157.92350111782261, 21.662525965616943 ], [ -157.923370845733302, 21.662664548065258 ], [ -157.923267338594655, 21.662817364143322 ], [ -157.923205348356873, 21.66299226145901 ], [ -157.923186740837366, 21.663187735393979 ] ] } },
{ "type": "Feature", "properties": { "objectid": 30, "island": "Oahu", "st_lengthshape": 2057.1885049116891 }, "geometry": { "type": "LineString", "coordinates": [ [ -157.917780778406296, 21.647391319533369 ], [ -157.917920763067656, 21.647218264474176 ], [ -157.918005135403575, 21.647042051112852 ], [ -157.91807008739994, 21.646864734664028 ], [ -157.918172564871185, 21.646689548814269 ], [ -157.918276828005276, 21.646514464854381 ], [ -157.918373574370293, 21.646338954263257 ], [ -157.918452414962218, 21.646162426362078 ], [ -157.918527976182389, 21.645985712649743 ], [ -157.918587746996707, 21.645808102035673 ], [ -157.918629085780879, 21.645629444547168 ], [ -157.918658910213964, 21.64545013393197 ], [ -157.918692240697567, 21.64527102228411 ], [ -157.918729412375512, 21.645092128946526 ], [ -157.918777934916136, 21.64491387949947 ], [ -157.918837943491184, 21.644736282941729 ], [ -157.918919116112875, 21.64455988735131 ], [ -157.918975653014684, 21.644382092878935 ], [ -157.919044860054498, 21.644205017698361 ], [ -157.919104262375498, 21.644027386348672 ], [ -157.919141447652322, 21.643848492952543 ], [ -157.919136811755379, 21.643667226210216 ], [ -157.919125875521274, 21.643485601390093 ], [ -157.919116779277857, 21.64330408068156 ], [ -157.919088115620582, 21.643121449791064 ], [ -157.919048106050013, 21.642938174141754 ], [ -157.919014366936381, 21.642755254558907 ], [ -157.918978279895327, 21.642572201349093 ], [ -157.91894744913111, 21.642389447021117 ], [ -157.918928774705051, 21.642207383370994 ], [ -157.918903532506704, 21.642024945441865 ], [ -157.918875702830405, 21.641842361487743 ], [ -157.91884186753677, 21.64165943672042 ], [ -157.918800597191023, 21.641476089565064 ], [ -157.918744166942105, 21.641291882198029 ], [ -157.918615556004482, 21.641103576185486 ], [ -157.918576266061677, 21.64092034123864 ], [ -157.918537024497738, 21.640737109307114 ], [ -157.918498145215409, 21.640553897791481 ], [ -157.918469943431802, 21.64037129237305 ], [ -157.918430593944066, 21.640188054291848 ], [ -157.918406510646349, 21.640005682541744 ], [ -157.91839317044375, 21.6398239209372 ], [ -157.918395334884366, 21.639643039868954 ], [ -157.918374745122179, 21.639460867006349 ], [ -157.918365919301124, 21.639279361524665 ], [ -157.91838436097342, 21.639099403956184 ], [ -157.918411550146629, 21.638919944166592 ], [ -157.918461134034089, 21.638741754833482 ], [ -157.918529349663118, 21.638564623541129 ], [ -157.91860701094501, 21.638388028858007 ], [ -157.918815208824896, 21.638218845643618 ], [ -157.918866785413599, 21.638040769389363 ], [ -157.918921719083386, 21.637862883882853 ], [ -157.918996386379519, 21.63768611953477 ], [ -157.919030544824238, 21.637507054522064 ], [ -157.919068598343642, 21.637328210865007 ], [ -157.919109438160405, 21.637149525339051 ], [ -157.919208578768973, 21.63697414953911 ], [ -157.919360788115284, 21.63680178644784 ], [ -157.91933430683423, 21.636619278996534 ], [ -157.919328280689172, 21.636437932603101 ], [ -157.919230353128597, 21.636251369581828 ], [ -157.919159106498142, 21.636066319748139 ], [ -157.919082346189043, 21.635880958493658 ], [ -157.919063755106293, 21.63569889890028 ], [ -157.918820361545073, 21.635504075685382 ], [ -157.918949634588216, 21.635330410974621 ], [ -157.919008388683466, 21.635152742614984 ], [ -157.918917590970722, 21.634966583539924 ], [ -157.918888831169909, 21.634783946459233 ], [ -157.918817543107735, 21.634598895315172 ], [ -157.918855219291117, 21.634420030203465 ], [ -157.918957134869942, 21.634244811615591 ], [ -157.919051862631392, 21.634177499080458 ], [ -157.919214183677724, 21.634071074323998 ], [ -157.919360929264599, 21.633951517788276 ], [ -157.91950971405754, 21.633833679949635 ], [ -157.919632693540308, 21.633694084368212 ], [ -157.919755320393136, 21.633554191891676 ], [ -157.919883608271391, 21.633419073424449 ], [ -157.92001576066906, 21.633287213153505 ], [ -157.920150983513651, 21.633157941023402 ], [ -157.920358852925119, 21.632859524899466 ], [ -157.920483864477973, 21.632716695069085 ], [ -157.920608870965452, 21.63257386329402 ], [ -157.920716633967487, 21.632422633646762 ], [ -157.920749146943962, 21.632234755742505 ], [ -157.920786871010364, 21.632049414925429 ], [ -157.920858033202677, 21.631783662764015 ], [ -157.920923897866203, 21.631607888905084 ], [ -157.92103407079, 21.631435923110441 ], [ -157.921110656828887, 21.631261070640516 ], [ -157.921156878218142, 21.631083609019743 ], [ -157.921193665818777, 21.630905337248645 ], [ -157.921213316324895, 21.630725592847575 ], [ -157.921231894985254, 21.63054575656475 ], [ -157.921266199044851, 21.630371153526507 ] ] } },
{ "type": "Feature", "properties": { "objectid": 31, "island": "Oahu", "st_lengthshape": 4639.1746427658545 }, "geometry": { "type": "LineString", "coordinates": [ [ -157.921175802748394, 21.628772033492353 ], [ -157.921224165624523, 21.628595676952134 ], [ -157.92127155436259, 21.628419204759698 ], [ -157.921369072745819, 21.628248734666609 ], [ -157.921363990713331, 21.628074423420298 ], [ -157.921284170337572, 21.627761252868904 ], [ -157.921243557567948, 21.627583685631148 ], [ -157.921184814905899, 21.627411565550918 ], [ -157.921139593106574, 21.627235383071113 ], [ -157.921093113549603, 21.627059579063054 ], [ -157.921036331144734, 21.626886869101003 ], [ -157.920993879056056, 21.626709855381669 ], [ -157.920937005864971, 21.626537172803136 ], [ -157.920861129526656, 21.626370198172257 ], [ -157.920724141781051, 21.626221580051851 ], [ -157.920613425753771, 21.626065070637136 ], [ -157.920342655839022, 21.625686090700274 ], [ -157.920193928421526, 21.625566490190675 ], [ -157.920054097060415, 21.625432917850727 ], [ -157.919902885180022, 21.625317219818367 ], [ -157.919738553650404, 21.625222130133711 ], [ -157.919573255535198, 21.625128558013497 ], [ -157.919404510739014, 21.625040399873509 ], [ -157.919231065043022, 21.624959624144889 ], [ -157.919057414239489, 21.62487917302785 ], [ -157.918883070551658, 21.624799808512527 ], [ -157.918706346661168, 21.624724184593195 ], [ -157.918534334863949, 21.624641159037552 ], [ -157.918368308955905, 21.624548731031123 ], [ -157.918223465337149, 21.624423032805858 ], [ -157.918080914646282, 21.624295515521624 ], [ -157.918041759799024, 21.624227871300842 ], [ -157.91793545679181, 21.624067970549749 ], [ -157.917832160869949, 21.623904925672907 ], [ -157.917720634272257, 21.623750490570934 ], [ -157.91759059156422, 21.623615421659682 ], [ -157.917446994839679, 21.62349453057411 ], [ -157.917290734079643, 21.6233868862703 ], [ -157.917122254262495, 21.623292023659936 ], [ -157.916955308291193, 21.623195556537549 ], [ -157.916791326582796, 21.623095987389757 ], [ -157.916627123077888, 21.622996652423758 ], [ -157.916473567518437, 21.622886179366734 ], [ -157.916303786976499, 21.622792676103668 ], [ -157.91613952573735, 21.622693401729684 ], [ -157.915991505551432, 21.622577139340454 ], [ -157.915884353002582, 21.622418128885645 ], [ -157.915773412861853, 21.622263082992347 ], [ -157.915625634901886, 21.622146566220344 ], [ -157.915479079197866, 21.622028772690413 ], [ -157.915326360039558, 21.621917425095017 ], [ -157.915194258839819, 21.621784512711436 ], [ -157.915028377291861, 21.621686933206711 ], [ -157.914877039595439, 21.621574140695774 ], [ -157.9146563686663, 21.621533870481471 ], [ -157.914522251850997, 21.621403065569499 ], [ -157.914375559546187, 21.62128541476314 ], [ -157.914245627320469, 21.621150234795355 ], [ -157.914117006949198, 21.621013682936034 ], [ -157.913977369076775, 21.620888652993539 ], [ -157.913828303772249, 21.620773485882367 ], [ -157.913668635752373, 21.620669408818273 ], [ -157.913525501924596, 21.620548036946857 ], [ -157.913360677494836, 21.620449353410486 ], [ -157.913246058888319, 21.620298156497064 ], [ -157.913122134577634, 21.620156692218423 ], [ -157.912954417919252, 21.62006103378296 ], [ -157.912825118119258, 21.619925192921418 ], [ -157.912796536191763, 21.619897593916182 ], [ -157.91270537066876, 21.619733912625303 ], [ -157.912638362327925, 21.619563862342208 ], [ -157.912555161085919, 21.619398081205865 ], [ -157.912538607217272, 21.619363531625076 ], [ -157.912574413884784, 21.619183764797107 ], [ -157.912633298006909, 21.619011606253064 ], [ -157.912710524705545, 21.618845493779947 ], [ -157.912843864502577, 21.618697878936672 ], [ -157.912895441081503, 21.618523311064841 ], [ -157.912957403287862, 21.618126069355714 ], [ -157.912950548905116, 21.617945265586499 ], [ -157.912922132405924, 21.617766232415935 ], [ -157.912848202076162, 21.617590940715743 ], [ -157.912694874288093, 21.617428021109848 ], [ -157.912970735846756, 21.616717653526759 ], [ -157.913008991454404, 21.616538238572407 ], [ -157.912997256623754, 21.616357002676185 ], [ -157.912979012131075, 21.616175530001513 ], [ -157.912997199612988, 21.615995384019737 ], [ -157.912994680718725, 21.615814482976443 ], [ -157.912995799101964, 21.615633715914996 ], [ -157.913018089283639, 21.615453718687604 ], [ -157.913023951729116, 21.615273124453765 ], [ -157.91302964417423, 21.615092522780721 ], [ -157.913097767988972, 21.614922226541868 ], [ -157.913045800294668, 21.614663611585005 ], [ -157.913025368398138, 21.614480621365907 ], [ -157.912955943473918, 21.614311507548297 ], [ -157.912846557340714, 21.614153711119467 ], [ -157.912576141059702, 21.613891000319217 ], [ -157.912449984216636, 21.613752891563283 ], [ -157.912321235917688, 21.613617328658883 ], [ -157.912192289322235, 21.613481960397614 ], [ -157.912053317821375, 21.613356436543022 ], [ -157.911918523611519, 21.613226812365106 ], [ -157.91177339599713, 21.613107334085285 ], [ -157.9116261304479, 21.612989956507278 ], [ -157.911476869056884, 21.612874539628123 ], [ -157.911337443170822, 21.612753479446397 ], [ -157.911276360751856, 21.612699520978847 ], [ -157.911169841557921, 21.612548494148257 ], [ -157.911095278713418, 21.612375446101897 ], [ -157.911046958321265, 21.612184316147104 ], [ -157.910990474248564, 21.611998810469903 ], [ -157.910916344959617, 21.61182546526636 ], [ -157.91084075535295, 21.611653125868969 ], [ -157.910643764634244, 21.611564442939798 ], [ -157.910527830422041, 21.611419904474889 ], [ -157.910483511854807, 21.611226016368271 ], [ -157.910300448050378, 21.611127736435829 ], [ -157.91015519696964, 21.611003400362517 ], [ -157.910011735817505, 21.610877831041517 ], [ -157.909869478071556, 21.610751432057622 ], [ -157.909724446066974, 21.610630317611975 ], [ -157.909419313143019, 21.610094849307924 ], [ -157.909445545511034, 21.609908745373602 ], [ -157.909428004312673, 21.609728565188853 ], [ -157.909385602818361, 21.609551749709347 ], [ -157.909229583960695, 21.609251381158543 ], [ -157.909090847014426, 21.609119668389308 ], [ -157.908984740189481, 21.608968651104071 ], [ -157.909013569938168, 21.608737798199687 ], [ -157.908924798674917, 21.608576523776286 ], [ -157.908822554364548, 21.608423221790229 ], [ -157.908632700834431, 21.608321751858536 ], [ -157.908419804389553, 21.608043169354932 ], [ -157.908272472840707, 21.607921203028777 ], [ -157.90812622573452, 21.607797522759196 ], [ -157.907969615902289, 21.607690232107956 ], [ -157.907791635080173, 21.607616741871116 ], [ -157.90763074460645, 21.607516221642268 ], [ -157.907455443894719, 21.607438493740098 ], [ -157.907274064390862, 21.607370379240841 ], [ -157.906974726752566, 21.607263077910922 ], [ -157.906783045332361, 21.607216003559916 ], [ -157.906590454426691, 21.607195356787425 ], [ -157.906397516283846, 21.607184800060868 ], [ -157.906204498841589, 21.60717657240426 ], [ -157.906011372793614, 21.607171486665258 ], [ -157.905818203652984, 21.607167638048008 ], [ -157.905623961146915, 21.607195012853836 ], [ -157.905431450998151, 21.607172011071949 ], [ -157.905385949637093, 21.607139841396073 ], [ -157.905248070974153, 21.606993655490044 ], [ -157.90506508991308, 21.606931909562277 ], [ -157.904889727221359, 21.60685590226224 ], [ -157.90471806557116, 21.606772964940625 ], [ -157.904539289507568, 21.606703348798735 ], [ -157.90436863553353, 21.606618524282148 ], [ -157.904199925762754, 21.606530060946376 ], [ -157.904029075230312, 21.60644560789456 ], [ -157.903856869793401, 21.606363689660252 ], [ -157.903685031997753, 21.606281083495197 ], [ -157.903511220998951, 21.606202170715633 ], [ -157.90333625200509, 21.606125427269131 ], [ -157.903161626142122, 21.606048042701197 ], [ -157.902990293767601, 21.605964490627436 ], [ -157.902818495178991, 21.605881812489134 ], [ -157.902645733595648, 21.605800937294436 ], [ -157.902472832087341, 21.605720324789733 ], [ -157.90230026393678, 21.605639087366317 ], [ -157.902127534303389, 21.605558153142756 ], [ -157.901954112111838, 21.605478515039618 ], [ -157.901778539250017, 21.605404064216486 ], [ -157.901736211497081, 21.605381515635102 ], [ -157.901580366943307, 21.60527390987286 ], [ -157.901426225223929, 21.60516444883616 ], [ -157.901277004501594, 21.605049629704304 ], [ -157.901130418755884, 21.604931940652556 ], [ -157.900981556959181, 21.60481672976713 ], [ -157.900833032407775, 21.604701152405124 ], [ -157.900685373028324, 21.604584632990299 ], [ -157.900537807397654, 21.604468011085679 ], [ -157.900392852386602, 21.604348547119489 ], [ -157.900243597303245, 21.604233764823334 ], [ -157.900095390501633, 21.6041178420401 ], [ -157.899948160886993, 21.604000855089698 ], [ -157.899796650665479, 21.603888530048248 ], [ -157.899651807889967, 21.603768944256668 ], [ -157.899512376076046, 21.603643465266096 ], [ -157.899380036395087, 21.603510262223484 ], [ -157.89928575021554, 21.603335617231469 ], [ -157.89916142432898, 21.603193687113095 ], [ -157.89900889673342, 21.603082470335764 ], [ -157.898800383261033, 21.603032227674142 ], [ -157.898670912325287, 21.602895901139362 ], [ -157.898533856875105, 21.602767835377303 ], [ -157.898399378943594, 21.602636962615136 ], [ -157.898241958033708, 21.602531076125604 ], [ -157.898208202921211, 21.602361301278695 ], [ -157.898123911572327, 21.602197054696731 ], [ -157.897997136316576, 21.602045909353794 ], [ -157.897918656836964, 21.601879870021126 ], [ -157.89783996547456, 21.601713897004558 ], [ -157.897807696128808, 21.601533607575625 ], [ -157.897788091561296, 21.601349412714733 ], [ -157.897768483161656, 21.601165218727388 ], [ -157.897734948489273, 21.600985320191896 ], [ -157.897728097800979, 21.600797191576735 ], [ -157.897653152359368, 21.600630063481791 ], [ -157.897587038442282, 21.600460211460991 ], [ -157.897520941133052, 21.600290354105883 ], [ -157.897467564731272, 21.600116574529924 ], [ -157.89736149289368, 21.599959044441142 ], [ -157.897271309130275, 21.599796615766348 ], [ -157.897205065289342, 21.59962680339795 ], [ -157.897173659774893, 21.59944624765518 ], [ -157.89713777525543, 21.599267074201158 ], [ -157.897093266745031, 21.599090559136755 ], [ -157.897044945421101, 21.598915220282645 ], [ -157.896994687738271, 21.598740478360853 ], [ -157.896941648427372, 21.598566595166954 ] ] } },
{ "type": "Feature", "properties": { "objectid": 32, "island": "Oahu", "st_lengthshape": 2367.3506267107487 }, "geometry": { "type": "LineString", "coordinates": [ [ -157.896246323442739, 21.597259100174735 ], [ -157.896191533006771, 21.597085757113469 ], [ -157.896144132177852, 21.596910134140774 ], [ -157.896124243469984, 21.596726027536405 ], [ -157.896095662118995, 21.596544601408326 ], [ -157.89605412120639, 21.596367172579974 ], [ -157.895996787783503, 21.596194612981847 ], [ -157.895938092199287, 21.596022474337072 ], [ -157.895882729351285, 21.595849307154182 ], [ -157.895823852974871, 21.595677223282092 ], [ -157.89574307082782, 21.595521070563937 ], [ -157.895555497508809, 21.595155602999061 ], [ -157.895469409376147, 21.594987180504347 ], [ -157.895372864361747, 21.594827000547909 ], [ -157.895242081687854, 21.594693804834208 ], [ -157.895130404936623, 21.594545550977681 ], [ -157.895036229709831, 21.594383503933418 ], [ -157.894921320373953, 21.594237797693459 ], [ -157.894809219628058, 21.594089878686059 ], [ -157.894719267307096, 21.593924503468976 ], [ -157.894566037562072, 21.593808999909335 ], [ -157.894419238158065, 21.593688427616961 ], [ -157.894286260232946, 21.59355696285014 ], [ -157.894153602252061, 21.593425246260203 ], [ -157.894024417555954, 21.593290791927469 ], [ -157.893743797449332, 21.593046572564266 ], [ -157.893586851043324, 21.592939141327374 ], [ -157.893410654904216, 21.592863472107325 ], [ -157.893227203637593, 21.59279977480724 ], [ -157.893049665777653, 21.592726319507108 ], [ -157.892869612157597, 21.592657016377181 ], [ -157.89268767568106, 21.592590818991397 ], [ -157.892493771030303, 21.592544368205186 ], [ -157.892301524565539, 21.592495182868188 ], [ -157.892128032476904, 21.592415053185864 ], [ -157.891979767607012, 21.592307774935474 ], [ -157.891850919584556, 21.592201440671595 ], [ -157.891711974288825, 21.592075902843895 ], [ -157.891561487342528, 21.59196128395909 ], [ -157.89140317534617, 21.591854067499764 ], [ -157.891257905742265, 21.591734512720119 ], [ -157.89110339059971, 21.591623705060787 ], [ -157.890962035583755, 21.591500446973512 ], [ -157.890835547212248, 21.591363124686914 ], [ -157.890687437607397, 21.591246257031212 ], [ -157.890530848164161, 21.591137411634072 ], [ -157.890380939114152, 21.591022246336014 ], [ -157.890209064401802, 21.59092786119805 ], [ -157.890066066563804, 21.59080615879807 ], [ -157.889938496767854, 21.590669860316726 ], [ -157.889806034331542, 21.590538190539334 ], [ -157.889681329326464, 21.590399181877803 ], [ -157.889561205117616, 21.59025584037521 ], [ -157.889448430677675, 21.590105544846285 ], [ -157.889351784735481, 21.589939993121764 ], [ -157.889238378341901, 21.589790295797819 ], [ -157.889122732484822, 21.58964271813797 ], [ -157.889013871102634, 21.589488722019588 ], [ -157.888924948487528, 21.589317723658894 ], [ -157.888899252124048, 21.589275995911859 ], [ -157.888803604654669, 21.589116832014298 ], [ -157.888732963764255, 21.588948670235251 ], [ -157.888661904615105, 21.588780658307389 ], [ -157.888587587379789, 21.588613818864992 ], [ -157.888529863694771, 21.588441007741039 ], [ -157.88849264260574, 21.588260819197025 ], [ -157.88843386923682, 21.588088385872219 ], [ -157.888381367404662, 21.587913696213263 ], [ -157.888318572840376, 21.587742710311918 ], [ -157.8882229821522, 21.58758352661669 ], [ -157.888118674665833, 21.587427480803129 ], [ -157.888038112471094, 21.587262889489956 ], [ -157.88795461089785, 21.587099355333027 ], [ -157.887874478123734, 21.586934609628383 ], [ -157.887793600716208, 21.586770130830622 ], [ -157.887757616745688, 21.586589496905024 ], [ -157.887710263060967, 21.586412954290736 ], [ -157.887654464709271, 21.586239451117084 ], [ -157.887602593589463, 21.58607267360896 ], [ -157.887546433426138, 21.585906990325487 ], [ -157.887482103494648, 21.585733779700007 ], [ -157.887412512184738, 21.585561375840687 ], [ -157.887358406793908, 21.585386594769322 ], [ -157.887314131209308, 21.58521030478709 ], [ -157.887277773627574, 21.585032797561897 ], [ -157.887248398905967, 21.584854218615451 ], [ -157.887220260082898, 21.584675450083065 ], [ -157.887187014544992, 21.584497465873891 ], [ -157.887150446443115, 21.584319991539672 ], [ -157.887123863725236, 21.584140984056351 ], [ -157.887093031080866, 21.583962628404393 ], [ -157.887067957972477, 21.583783388894616 ], [ -157.887051618881799, 21.583602808427329 ], [ -157.887019373616198, 21.583424670063653 ], [ -157.886978831554018, 21.583247806005158 ], [ -157.886947312646157, 21.583069556849267 ], [ -157.886920535003242, 21.582890578736791 ], [ -157.886884387209932, 21.582713040297275 ], [ -157.886872405685807, 21.582531790621484 ], [ -157.886774882375875, 21.582370566985642 ], [ -157.886699263469211, 21.582197278798649 ], [ -157.886641484302658, 21.582021565949887 ], [ -157.886621235640547, 21.581827390564758 ], [ -157.88657173719389, 21.581647604625154 ], [ -157.886511380469329, 21.58147316000472 ], [ -157.886450556588386, 21.581298944408154 ], [ -157.886384755439565, 21.581127177986602 ], [ -157.886300636768283, 21.580964423083383 ], [ -157.886212571471475, 21.580803608397055 ], [ -157.886117025733341, 21.580646474580057 ], [ -157.886014467841392, 21.580492790778244 ], [ -157.885910452048563, 21.580339823480152 ], [ -157.885824859738676, 21.580177792944347 ], [ -157.885697913934507, 21.580036106152598 ], [ -157.885551505837952, 21.57990399310475 ], [ -157.885389961348551, 21.579779325439898 ], [ -157.885246318429779, 21.579654859666366 ] ] } },
{ "type": "Feature", "properties": { "objectid": 33, "island": "Oahu", "st_lengthshape": 1980.1504687727595 }, "geometry": { "type": "LineString", "coordinates": [ [ -157.883681492822205, 21.578083022527782 ], [ -157.883541892263167, 21.577941523098872 ], [ -157.883383333492731, 21.577834710791763 ], [ -157.883227838048498, 21.57772229536117 ], [ -157.883078007691267, 21.577599513594212 ], [ -157.882936436324655, 21.577461620301708 ], [ -157.882768815558649, 21.577371390471477 ], [ -157.88261416745965, 21.577257423662893 ], [ -157.882461165281654, 21.577140445966869 ], [ -157.882294511048599, 21.577048448836816 ], [ -157.882118964483396, 21.576972719491472 ], [ -157.881938438938903, 21.576906098714428 ], [ -157.881747871920822, 21.576857850953488 ], [ -157.881550341210527, 21.576822344413628 ], [ -157.881409524381354, 21.576683074597966 ], [ -157.881252573147577, 21.576573325238208 ], [ -157.881086810822211, 21.576479696017294 ], [ -157.880917815103942, 21.576391983709581 ], [ -157.880748320017403, 21.576305183904747 ], [ -157.880582140056049, 21.576212319264755 ], [ -157.880401580947449, 21.576145762596049 ], [ -157.880225471298928, 21.576071066419228 ], [ -157.880055270750347, 21.575985556632876 ], [ -157.879902588421572, 21.575867999778154 ], [ -157.87972751776158, 21.575791402150319 ], [ -157.879548926632225, 21.575721245222059 ], [ -157.879373904345385, 21.575644559932154 ], [ -157.879205809959387, 21.575555200643642 ], [ -157.879042097540605, 21.575457823408552 ], [ -157.878871019730383, 21.575373921789318 ], [ -157.878686276678735, 21.575315021081181 ], [ -157.878504214947782, 21.575251216634559 ], [ -157.87833428777023, 21.575165210136333 ], [ -157.878155230857629, 21.575095907734209 ], [ -157.877822640771313, 21.575307493650698 ], [ -157.877648232231337, 21.575229686026333 ], [ -157.877484905296711, 21.575131604368654 ], [ -157.877330504844593, 21.575017192777924 ], [ -157.877178190693456, 21.574889756692819 ], [ -157.877031999313601, 21.574768930201412 ], [ -157.876901657961128, 21.574635454797342 ], [ -157.876779991948894, 21.574495056512415 ], [ -157.8766559968075, 21.574356516941442 ], [ -157.87651604815008, 21.57423070935786 ], [ -157.876373477871823, 21.574106993360889 ], [ -157.876237039775276, 21.573978384382588 ], [ -157.876115431313679, 21.573837939961013 ], [ -157.875992266283049, 21.573698738838587 ], [ -157.875870017879379, 21.573558805759561 ], [ -157.875758967542424, 21.573409935198523 ], [ -157.875647564660284, 21.573261347656199 ], [ -157.875514331951166, 21.573130180624393 ], [ -157.875365006816281, 21.573011855636103 ], [ -157.875241656602213, 21.572872803610402 ], [ -157.875125381189008, 21.572728103492981 ], [ -157.875044125659656, 21.572556247654955 ], [ -157.874988880020254, 21.572369753893703 ], [ -157.874979539868946, 21.572188835930014 ], [ -157.874986447395372, 21.572008266185492 ], [ -157.875009757043244, 21.571828047505686 ], [ -157.875097706586445, 21.571649216588224 ], [ -157.875068995872766, 21.571467882337529 ], [ -157.875095124912804, 21.571287725125469 ], [ -157.875114710823169, 21.571107427058827 ], [ -157.875138040380335, 21.570927210272409 ], [ -157.875139823997415, 21.570746530003554 ], [ -157.875136456982119, 21.570565739971713 ], [ -157.875108902209462, 21.570384430680733 ], [ -157.875074903929772, 21.57020298392229 ], [ -157.875088949916801, 21.570022567118905 ], [ -157.875105185868222, 21.569842197618296 ], [ -157.875107063107066, 21.56966151976712 ], [ -157.875094563337996, 21.569480533444224 ], [ -157.875067280088444, 21.56929923048337 ], [ -157.875043650764439, 21.569118005489319 ], [ -157.875007045646072, 21.568936502256442 ], [ -157.874985444201201, 21.568755321659847 ], [ -157.874983952510661, 21.568574571357008 ], [ -157.874964183848931, 21.568393429327273 ], [ -157.874956548998625, 21.568212547196531 ], [ -157.874955936974743, 21.568031816374521 ], [ -157.874965629838329, 21.567851305998754 ], [ -157.874984907201878, 21.567671002167831 ], [ -157.875009357226048, 21.567490808237082 ], [ -157.87502200178551, 21.567310361135799 ], [ -157.875039060034254, 21.567130009776768 ], [ -157.875061738968043, 21.566949777664913 ], [ -157.875091598947591, 21.566769700626818 ], [ -157.875112342687686, 21.56658942742575 ], [ -157.875114166568977, 21.566408748241226 ], [ -157.875105816007022, 21.566227851303704 ], [ -157.87512535360122, 21.566047551875585 ], [ -157.875139801517093, 21.56586714400164 ], [ -157.875140190446757, 21.565686434335028 ], [ -157.875136656191927, 21.565505640362794 ], [ -157.875141242498898, 21.565325020454964 ], [ -157.875152656414713, 21.565144547813613 ], [ -157.875144633617907, 21.564969478036002 ] ] } },
{ "type": "Feature", "properties": { "objectid": 34, "island": "Oahu", "st_lengthshape": 790.96890793195871 }, "geometry": { "type": "LineString", "coordinates": [ [ -157.876428918781755, 21.558152798390136 ], [ -157.876373387810816, 21.55796521622721 ], [ -157.876297956694572, 21.557791825636105 ], [ -157.876203715944513, 21.557631849813852 ], [ -157.876097384146249, 21.557480497353907 ], [ -157.875969767637855, 21.557344323471114 ], [ -157.875837393328226, 21.55721154301359 ], [ -157.875693181466687, 21.557087204164446 ], [ -157.875543854608139, 21.556974262928893 ], [ -157.875283683406138, 21.556801085327681 ], [ -157.875117683824925, 21.556707274961902 ], [ -157.874944633564212, 21.556627040676776 ], [ -157.874772288294309, 21.556545449588178 ], [ -157.874597005411459, 21.556469516217895 ], [ -157.874419772989455, 21.556397338392959 ], [ -157.874243492589613, 21.556323325732993 ], [ -157.874065958622793, 21.556251728184879 ], [ -157.873884531271813, 21.55618762656886 ], [ -157.873701145529566, 21.556127296676518 ], [ -157.873517512904186, 21.556067444612065 ], [ -157.87333222577351, 21.556010776410645 ], [ -157.873144066613975, 21.555959639842005 ], [ -157.872955374336215, 21.555909529310114 ], [ -157.872704545227151, 21.555847954552203 ], [ -157.872500215523274, 21.555800279856566 ], [ -157.872297366973044, 21.55576089347975 ], [ -157.87209592086387, 21.555729354948884 ], [ -157.871896440855636, 21.555708819963698 ], [ -157.871697560712505, 21.555691641232656 ], [ -157.871500666990869, 21.555685576405139 ], [ -157.871304827525506, 21.55568541482263 ], [ -157.871111055842988, 21.555696824812209 ], [ -157.870918923354481, 21.555717407722106 ], [ -157.87072803294501, 21.555744942173849 ], [ -157.870537771864747, 21.555775998415761 ], [ -157.870348801884177, 21.555814279356778 ], [ -157.870160289950661, 21.555855126062674 ], [ -157.869972065775727, 21.555897582511562 ], [ -157.869784493992853, 21.555943692806601 ] ] } },
{ "type": "Feature", "properties": { "objectid": 35, "island": "Oahu", "st_lengthshape": 885.23499494781197 }, "geometry": { "type": "LineString", "coordinates": [ [ -157.864153969132559, 21.560235824566341 ], [ -157.863964326596289, 21.560193647001086 ], [ -157.863780323928552, 21.560137832396435 ], [ -157.863599787940132, 21.56007363623883 ], [ -157.863419727534705, 21.560008287718844 ], [ -157.863238614122224, 21.559945488375906 ], [ -157.863057005812237, 21.559883883339175 ], [ -157.862878401601392, 21.559815018315614 ], [ -157.86270155746783, 21.559741893061645 ], [ -157.862519061841311, 21.559682435946506 ], [ -157.862342905062462, 21.55960765190321 ], [ -157.862176097095158, 21.559510260435008 ], [ -157.861993446477811, 21.55945117931325 ], [ -157.861818144619406, 21.559374329134808 ], [ -157.86163964210067, 21.559305215993884 ], [ -157.86146019089793, 21.559238398886237 ], [ -157.861294471603799, 21.559138377057849 ], [ -157.861133456427751, 21.5590269821238 ], [ -157.860967883267165, 21.558926609571525 ], [ -157.860807228852849, 21.558814340530486 ], [ -157.8606348724405, 21.558730370827188 ], [ -157.860459705106337, 21.558653196783428 ], [ -157.860284458244024, 21.558576214436368 ], [ -157.860104857033519, 21.558509762566629 ], [ -157.859916727042503, 21.558463933097112 ], [ -157.859730473261607, 21.558413566866928 ], [ -157.859545259051913, 21.558360686231278 ], [ -157.859362824661673, 21.558301085253511 ], [ -157.859178252512351, 21.558246653004598 ], [ -157.858989080813132, 21.558203343017595 ], [ -157.858798312680022, 21.558163892843147 ], [ -157.858604109381645, 21.558132749836687 ], [ -157.858410788134023, 21.558099473460658 ], [ -157.8582218885673, 21.558055505922194 ], [ -157.858036557325704, 21.558002908308286 ], [ -157.857854459725132, 21.557942494987522 ], [ -157.857671650628333, 21.557883800232151 ], [ -157.857488120154215, 21.557826851976511 ], [ -157.857305565321951, 21.557767543375473 ], [ -157.857122666119409, 21.557709068741442 ], [ -157.856944729153099, 21.557638594113261 ], [ -157.856767713683979, 21.557565895194006 ], [ -157.856591416007745, 21.557491458410649 ], [ -157.856406428688359, 21.557438032994856 ], [ -157.856220120042082, 21.557388477393467 ] ] } },
{ "type": "Feature", "properties": { "objectid": 36, "island": "Oahu", "st_lengthshape": 3176.6978760383427 }, "geometry": { "type": "LineString", "coordinates": [ [ -157.854743992023288, 21.557681515317583 ], [ -157.854575856704059, 21.557592279273756 ], [ -157.854416442395177, 21.557487100672265 ], [ -157.854240804560931, 21.557411577420517 ], [ -157.85406167507108, 21.557342435795864 ], [ -157.853884103560802, 21.557270448234817 ], [ -157.853706735058779, 21.557198087890541 ], [ -157.85352944218053, 21.557125589667635 ], [ -157.853355742262721, 21.557046525880494 ], [ -157.853187541961773, 21.55695740909281 ], [ -157.853025800490116, 21.556856486153986 ], [ -157.852870682723989, 21.5567561940383 ], [ -157.852763414203906, 21.556685918661245 ], [ -157.852607774539507, 21.556578362318916 ], [ -157.852457668703011, 21.556464636869279 ], [ -157.852311808768405, 21.556346178854206 ], [ -157.852174374165884, 21.556218328566104 ], [ -157.852054620996881, 21.556070768224114 ], [ -157.851920948354831, 21.555938724903367 ], [ -157.851780850948899, 21.555813843421511 ], [ -157.851639682133737, 21.555690156835414 ], [ -157.851498809426374, 21.555570347642679 ], [ -157.851404380567772, 21.555494617722125 ], [ -157.851284905439798, 21.555352389579419 ], [ -157.851166817731922, 21.55520924135034 ], [ -157.851046990680544, 21.555067247307644 ], [ -157.850926303783609, 21.55492582360888 ], [ -157.850876098747221, 21.554737643914546 ], [ -157.850721214062162, 21.554618906473983 ], [ -157.850589074080716, 21.554485080435473 ], [ -157.850469879151774, 21.554342667590106 ], [ -157.85035748060173, 21.55419574583641 ], [ -157.850239594685945, 21.554052464693079 ], [ -157.85012306997524, 21.553908280457179 ], [ -157.850011718558193, 21.553760663792076 ], [ -157.849902344745828, 21.553611736360086 ], [ -157.849793606021223, 21.553462386852889 ], [ -157.849684836444851, 21.553313058748522 ], [ -157.849576399083276, 21.553163509738887 ], [ -157.849467091191286, 21.553014538234159 ], [ -157.849356634167719, 21.552866329307616 ], [ -157.849243783536622, 21.552719708178177 ], [ -157.849129441105163, 21.552574077614931 ], [ -157.849019081819932, 21.552425804114531 ], [ -157.848911686400243, 21.552275564498572 ], [ -157.848805989008468, 21.552124198296998 ], [ -157.848691324218663, 21.551978781136786 ], [ -157.848573533904187, 21.55183543723448 ], [ -157.848453051006516, 21.551693880495435 ], [ -157.848343265782717, 21.551545226615769 ], [ -157.848234338949425, 21.55140150197531 ], [ -157.848124196682448, 21.551288219719652 ], [ -157.847978064921421, 21.55116969485881 ], [ -157.847854037887402, 21.551029775430326 ], [ -157.847734417191049, 21.55088559174402 ], [ -157.847599920285205, 21.550755806968212 ], [ -157.847461961407902, 21.5506293722494 ], [ -157.847324157489993, 21.550502787631917 ], [ -157.847188021671741, 21.550374588373931 ], [ -157.847055649743112, 21.550249250724811 ], [ -157.847000091868836, 21.550196942510102 ], [ -157.846870354296783, 21.550060636139776 ], [ -157.846810039659459, 21.549881285463648 ], [ -157.846739726321289, 21.549718146161208 ], [ -157.846724620921634, 21.549683448868119 ], [ -157.846680851300704, 21.54950733013467 ], [ -157.846637118517208, 21.549331205321405 ], [ -157.846600192486875, 21.549153867384486 ], [ -157.846567824922602, 21.548975718130666 ], [ -157.846538074106206, 21.548797101863368 ], [ -157.84650228740179, 21.548619562203655 ], [ -157.846465713655391, 21.548442161629946 ], [ -157.846469101080885, 21.548261865796768 ], [ -157.846461343361682, 21.548195769343632 ], [ -157.846448546240936, 21.548008721747852 ], [ -157.846455659483695, 21.547825557282017 ], [ -157.846484981522195, 21.547646722750873 ], [ -157.846518842614444, 21.547468773296703 ], [ -157.846553752591319, 21.547291028020073 ], [ -157.846593098433232, 21.547114148130778 ], [ -157.846628964436974, 21.546939057220335 ], [ -157.84665226461604, 21.546713530857229 ], [ -157.846639531977928, 21.546533081009542 ], [ -157.846615677080166, 21.546353777387125 ], [ -157.84658839570568, 21.546175641604513 ], [ -157.8463933035477, 21.545845981370775 ], [ -157.846307207664211, 21.545675752354892 ], [ -157.846192098329141, 21.545529718089789 ], [ -157.846062966946619, 21.545395377520535 ], [ -157.845928064950812, 21.545265849831129 ], [ -157.845814098060629, 21.54512953176685 ], [ -157.845740739283457, 21.545009514225544 ], [ -157.845670933528538, 21.544839506079789 ], [ -157.845613035748698, 21.544663510592276 ], [ -157.845556924802025, 21.544486616858411 ], [ -157.845438957065284, 21.544340820691815 ], [ -157.845319286225674, 21.544195881698396 ], [ -157.845174057964414, 21.544063790443388 ], [ -157.845069033613072, 21.543915330196121 ], [ -157.844957730811871, 21.543783998590339 ], [ -157.844831677400379, 21.543647106562261 ], [ -157.844701585180616, 21.543513382592892 ], [ -157.844560121301868, 21.543388579123068 ], [ -157.844405195734339, 21.543280808371019 ], [ -157.844184029700955, 21.54314563712553 ], [ -157.84401769227415, 21.543053607677539 ], [ -157.843848725537271, 21.54296611735003 ], [ -157.843678659635628, 21.54288052263983 ], [ -157.843504959011909, 21.542801200860712 ], [ -157.843335383012544, 21.542714760041964 ], [ -157.843169965884101, 21.542621145328528 ], [ -157.843005520134795, 21.542525852410002 ], [ -157.84283170970906, 21.542446719805305 ], [ -157.842659635201244, 21.542364592653779 ], [ -157.842486189625276, 21.542285405321334 ], [ -157.842451442130454, 21.542270065186234 ], [ -157.842332649767485, 21.542127564873059 ], [ -157.84223206196981, 21.541971765870095 ], [ -157.84219630250621, 21.541947800498761 ], [ -157.842089220361089, 21.541790921064749 ], [ -157.84200603454363, 21.541626500842 ], [ -157.841943751912794, 21.541455485685638 ], [ -157.841891397225567, 21.541281337904834 ], [ -157.841841222592507, 21.541106501522467 ], [ -157.841782424174966, 21.540934386714103 ], [ -157.841727262648448, 21.540761124570274 ], [ -157.841671902803085, 21.540587925171632 ], [ -157.841615291468344, 21.540415119967026 ], [ -157.841555743361795, 21.540243241981948 ], [ -157.841502964560959, 21.540069227551985 ], [ -157.841454071392832, 21.539893987123026 ], [ -157.841406787129557, 21.539718239322518 ], [ -157.841373823399238, 21.539537972962041 ], [ -157.841345316355898, 21.539356300292258 ], [ -157.841306872989492, 21.539177762843217 ], [ -157.841270554554768, 21.53900717716791 ], [ -157.841194286679098, 21.538795407466331 ], [ -157.841138537204159, 21.538618174354028 ], [ -157.841062791752023, 21.538451083549027 ], [ -157.840994458958107, 21.538280232900473 ], [ -157.840877765828367, 21.538133908728483 ], [ -157.840786676483361, 21.537981146143249 ], [ -157.840744282738399, 21.537883999258767 ], [ -157.840683983501151, 21.537711746290789 ], [ -157.840669238435993, 21.537529243212337 ], [ -157.84061570262125, 21.537355468979598 ], [ -157.840507802052912, 21.537193927878 ], [ -157.840447519784533, 21.537021671336717 ], [ -157.840381285991754, 21.536857563362553 ], [ -157.840293000388414, 21.536623173334426 ], [ -157.840226331105384, 21.536442336358082 ], [ -157.840151272523599, 21.536267679704284 ], [ -157.840055170569116, 21.536108524880834 ], [ -157.839948277543101, 21.535957318702259 ], [ -157.839849908192093, 21.535799834596112 ], [ -157.839734479504415, 21.53565491691387 ], [ -157.839570580179071, 21.535545705570204 ], [ -157.839435191376452, 21.535415492126624 ], [ -157.839308298113593, 21.535279019517578 ], [ -157.839167234936468, 21.535152986033093 ], [ -157.83900195844592, 21.535044789000533 ], [ -157.838854626051898, 21.534930110368744 ] ] } },
{ "type": "Feature", "properties": { "objectid": 37, "island": "Oahu", "st_lengthshape": 156.26658409358532 }, "geometry": { "type": "LineString", "coordinates": [ [ -157.837441574889112, 21.532379639634918 ], [ -157.837291354398531, 21.532266083276532 ], [ -157.837145756661783, 21.532146995151383 ], [ -157.837005113133188, 21.532021976485495 ], [ -157.836861835178183, 21.53190735611097 ], [ -157.836749558702365, 21.531814724835638 ], [ -157.83660492495946, 21.531681395021931 ], [ -157.836496162776399, 21.531530654370691 ], [ -157.836411906673987, 21.531368610865222 ] ] } },
{ "type": "Feature", "properties": { "objectid": 38, "island": "Oahu", "st_lengthshape": 538.49235142203747 }, "geometry": { "type": "LineString", "coordinates": [ [ -157.836402580147109, 21.530851110318192 ], [ -157.836313912576145, 21.530690466940836 ], [ -157.836213357984235, 21.530536114786489 ], [ -157.836114584731604, 21.530380821044222 ], [ -157.836016691110189, 21.530225060922678 ], [ -157.835917258939759, 21.530070116598239 ], [ -157.835823718218677, 21.529912052434767 ], [ -157.835734641670001, 21.529751627250111 ], [ -157.835615842582655, 21.529606931860211 ], [ -157.835535367660214, 21.529441953094491 ], [ -157.835457657205211, 21.529275511157792 ], [ -157.835388816684315, 21.529104375758692 ], [ -157.835316797055299, 21.528934921899285 ], [ -157.835240358215657, 21.528767807606396 ], [ -157.835171717899982, 21.528596566023005 ], [ -157.835107954742341, 21.528422742303253 ], [ -157.835029218477018, 21.528256844080971 ], [ -157.834934334398611, 21.52810162383566 ], [ -157.83484909024267, 21.527973720137595 ], [ -157.834769281347377, 21.527804978633007 ], [ -157.834699434068142, 21.527634233430025 ], [ -157.834640099589166, 21.527461372757937 ], [ -157.834596769666035, 21.527285291316396 ], [ -157.834573182781554, 21.527105238328467 ], [ -157.834536432707466, 21.526927833318126 ], [ -157.834514699736701, 21.526747406625908 ], [ -157.834475422948401, 21.526570510617542 ], [ -157.834417902308616, 21.526403816304335 ] ] } },
{ "type": "Feature", "properties": { "objectid": 39, "island": "Oahu", "st_lengthshape": 380.4004818429089 }, "geometry": { "type": "LineString", "coordinates": [ [ -157.834741348423677, 21.526119620945771 ], [ -157.834731148089588, 21.525938800525637 ], [ -157.834735835729674, 21.52575817440681 ], [ -157.834766569010696, 21.525577891867226 ], [ -157.834787523989348, 21.525397480509067 ], [ -157.834800581235896, 21.525216965212767 ], [ -157.834779818770045, 21.525036005077723 ], [ -157.83476078434586, 21.524855067845529 ], [ -157.834753598830162, 21.52467428652238 ], [ -157.834785953609099, 21.52449402430365 ], [ -157.834769110583096, 21.524313115915778 ], [ -157.834752309099912, 21.524132207814137 ], [ -157.834762992377136, 21.523951661461183 ], [ -157.834788455242233, 21.523771309541733 ], [ -157.834801635803188, 21.523590795970474 ], [ -157.834815503658092, 21.523410290805483 ], [ -157.834815654745569, 21.523229605848826 ], [ -157.834810657592783, 21.523048853324781 ], [ -157.834804117812126, 21.522868080089431 ], [ -157.834797881142322, 21.522696271314704 ] ] } },
{ "type": "Feature", "properties": { "objectid": 40, "island": "Oahu", "st_lengthshape": 483.0736385546146 }, "geometry": { "type": "LineString", "coordinates": [ [ -157.835283906468078, 21.522460528098652 ], [ -157.835309538649824, 21.522281216996682 ], [ -157.835336963466631, 21.52210204306029 ], [ -157.8353608008604, 21.521922594747622 ], [ -157.835383154232289, 21.521743033085222 ], [ -157.835405740074833, 21.521563488393568 ], [ -157.835434133305569, 21.521384388927377 ], [ -157.835458780898136, 21.521205002239448 ], [ -157.835493120364049, 21.521026357082668 ], [ -157.835525468279485, 21.520847559800476 ], [ -157.835540468093143, 21.520667435464802 ], [ -157.835543087886634, 21.52048636293009 ], [ -157.835514551748815, 21.520302907630878 ], [ -157.835512903058657, 21.520121509002177 ], [ -157.835464712140009, 21.519936549754554 ], [ -157.835527641485982, 21.519760092353774 ], [ -157.835530158941452, 21.519579012762765 ], [ -157.835553640470977, 21.519399536568617 ], [ -157.835556766678593, 21.519218503673795 ], [ -157.83555928212337, 21.519037424055362 ], [ -157.835569439072259, 21.518856928926638 ], [ -157.83556230513642, 21.518675110775764 ], [ -157.835539176153361, 21.518492068980567 ], [ -157.835519302573374, 21.518309275735369 ], [ -157.835520318501921, 21.518134277979314 ] ] } },
{ "type": "Feature", "properties": { "objectid": 41, "island": "Oahu", "st_lengthshape": 2301.156690440916 }, "geometry": { "type": "LineString", "coordinates": [ [ -157.836506803652952, 21.517579529910513 ], [ -157.83654073229232, 21.517398108165551 ], [ -157.836552389817086, 21.517217150888111 ], [ -157.836558829338429, 21.517036301774688 ], [ -157.836558865140233, 21.51685558689034 ], [ -157.836566084789979, 21.516674722428149 ], [ -157.836561404709926, 21.516494105655635 ], [ -157.836567714755631, 21.516313259236291 ], [ -157.836570880872557, 21.516132479430393 ], [ -157.836565695781331, 21.515951872678009 ], [ -157.836557328176241, 21.515771333174726 ], [ -157.836547778730989, 21.515590817952294 ], [ -157.836540862391246, 21.515410247905489 ], [ -157.836528824715202, 21.515229783990193 ], [ -157.836501798635794, 21.515049632962349 ], [ -157.836462110240063, 21.51486974689043 ], [ -157.836461462671991, 21.514692287474368 ], [ -157.836529290221392, 21.514318532679617 ], [ -157.836600293806242, 21.51411856280178 ], [ -157.836623176191551, 21.513928654454038 ], [ -157.836624405395867, 21.513743272864762 ], [ -157.836610414948723, 21.513561074388523 ], [ -157.836574961005368, 21.513383362439157 ], [ -157.836548172410033, 21.513203839083886 ], [ -157.836525674436302, 21.513023418765044 ], [ -157.836491002027685, 21.512845543311727 ], [ -157.836469123999478, 21.512664993604087 ], [ -157.836415174691837, 21.512491149235348 ], [ -157.836356664203407, 21.512318257735267 ], [ -157.836312476923467, 21.512142372002092 ], [ -157.836266982365743, 21.511966759901039 ], [ -157.836239501960961, 21.511787380725615 ], [ -157.836213316405122, 21.511607731428406 ], [ -157.836180956686633, 21.511429373368284 ], [ -157.83614335210666, 21.511252111568627 ], [ -157.836118568864663, 21.511072168495939 ], [ -157.836088633577361, 21.510893303360604 ], [ -157.836039961132656, 21.510718355607057 ], [ -157.835996479547816, 21.510542322944016 ], [ -157.835972665479289, 21.510362177020788 ], [ -157.835970987535205, 21.510177403870252 ], [ -157.836028258710314, 21.510148949411899 ], [ -157.836199705052621, 21.51004299548228 ], [ -157.836364716697489, 21.509911846612926 ], [ -157.836527655316587, 21.509772580767727 ], [ -157.836696702311173, 21.509657236172405 ], [ -157.836878081663912, 21.50959017949452 ], [ -157.83705443810382, 21.509503455518736 ], [ -157.837218856712752, 21.50936998807445 ], [ -157.83738927055532, 21.509259994802811 ], [ -157.837576477075089, 21.509215759178478 ], [ -157.837771600222851, 21.509202518988062 ], [ -157.837966375085045, 21.509187912953504 ], [ -157.838154607507846, 21.509147691175183 ], [ -157.838332118970641, 21.509065492507649 ], [ -157.83850205602954, 21.508953639203597 ], [ -157.838662327049406, 21.508803938491177 ], [ -157.838825916753621, 21.508667231330069 ], [ -157.839016449590389, 21.508636023047377 ], [ -157.83919410323233, 21.508554383593037 ], [ -157.839369240004032, 21.508462891414201 ], [ -157.839550076550324, 21.508393715858226 ], [ -157.839736391052469, 21.508345988129488 ], [ -157.839918109259315, 21.508280266467025 ], [ -157.840092921330779, 21.508187504709635 ], [ -157.84026372400541, 21.508079048596795 ], [ -157.840434626660056, 21.507970978733276 ], [ -157.840615115701183, 21.507900447212361 ], [ -157.840795265628316, 21.507828589691393 ], [ -157.840983282201364, 21.507787527500103 ], [ -157.841180083982721, 21.507780865131839 ], [ -157.841385498878793, 21.507807922029084 ], [ -157.841600713342388, 21.507873343417835 ], [ -157.841813465457562, 21.507929127420532 ], [ -157.842023840439651, 21.507975600754254 ], [ -157.842232988027234, 21.508017269301014 ], [ -157.842434373505483, 21.508028549359366 ], [ -157.842627495823876, 21.508007477156465 ], [ -157.842814000952472, 21.507960497055063 ], [ -157.842993922474875, 21.507887744812365 ], [ -157.843181556582408, 21.507845186905325 ], [ -157.843376218922231, 21.507830141872113 ], [ -157.843569039371175, 21.50780789027878 ], [ -157.843757938292782, 21.507770281934285 ], [ -157.843942241372673, 21.507714686069662 ], [ -157.84412042700157, 21.507635137115258 ], [ -157.844299078735247, 21.507557416909847 ], [ -157.844476346316327, 21.50747427751573 ], [ -157.844646487780238, 21.507363241171408 ], [ -157.844812150219212, 21.507234671661983 ], [ -157.844985724952068, 21.507137073824886 ], [ -157.845159603742729, 21.507040673065966 ], [ -157.845332617101917, 21.506940881183716 ], [ -157.845504566466388, 21.506836925324798 ], [ -157.8456650716968, 21.50668817036409 ], [ -157.845853713077133, 21.506649561363616 ], [ -157.846007976526124, 21.506476372666558 ], [ -157.846167198889077, 21.506322599098237 ], [ -157.846332335377269, 21.506191979092133 ], [ -157.846499496137994, 21.506069283755107 ], [ -157.84664269987627, 21.505852805023384 ], [ -157.846817867472396, 21.505761453066185 ], [ -157.847011693407524, 21.505743144836607 ], [ -157.84720633965631, 21.505728044511148 ], [ -157.847403106922002, 21.50572124887945 ], [ -157.847601199257241, 21.505719641214924 ], [ -157.847793477131205, 21.505695270574464 ], [ -157.847975076446914, 21.505629098188827 ], [ -157.848158835096939, 21.505571379834677 ], [ -157.848360605738605, 21.505584170253528 ], [ -157.848584209538672, 21.505682422226567 ] ] } },
{ "type": "Feature", "properties": { "objectid": 42, "island": "Oahu", "st_lengthshape": 621.73886225952606 }, "geometry": { "type": "LineString", "coordinates": [ [ -157.763964980765252, 21.461457966039838 ], [ -157.763989558521274, 21.461268070675043 ], [ -157.763979927097751, 21.461085140363174 ], [ -157.763975031476434, 21.460901245926657 ], [ -157.763954380506419, 21.460725633604511 ], [ -157.76369229530323, 21.460088812201668 ], [ -157.763563620232162, 21.459945952207217 ], [ -157.763415901726859, 21.459828488440969 ], [ -157.763227532098597, 21.45976523728369 ], [ -157.76306139985698, 21.45967232952853 ], [ -157.762912260980698, 21.459556760928546 ], [ -157.762761396774891, 21.459443492948303 ], [ -157.762604018961753, 21.459338912151654 ], [ -157.762431666564879, 21.45925430122551 ], [ -157.762257326263381, 21.459172340332682 ], [ -157.762081180542282, 21.459092788716635 ], [ -157.761906505873611, 21.459011273967839 ], [ -157.761734922417162, 21.458925637309552 ], [ -157.761566986506693, 21.458835136694802 ], [ -157.761398201686148, 21.458745767866976 ], [ -157.761225877083831, 21.458661120723512 ], [ -157.761046896298012, 21.458585350212058 ], [ -157.760872400489774, 21.458503597263796 ], [ -157.76071696734931, 21.458396425696996 ], [ -157.760575495340987, 21.458270633492386 ], [ -157.760389009858216, 21.458204871035885 ], [ -157.760210250682064, 21.458128805005295 ], [ -157.760043962246669, 21.458036108229727 ], [ -157.759882216265026, 21.45793885319253 ] ] } },
{ "type": "Feature", "properties": { "objectid": 43, "island": "Oahu", "st_lengthshape": 1478.0717967161333 }, "geometry": { "type": "LineString", "coordinates": [ [ -157.756295811919074, 21.456610602449686 ], [ -157.756123046929389, 21.4565175619963 ], [ -157.755944036626659, 21.4564456848959 ], [ -157.755761306587914, 21.456386413420141 ], [ -157.755576126567263, 21.456335443461644 ], [ -157.755388331595839, 21.456293334769782 ], [ -157.755197295696746, 21.456262207376735 ], [ -157.755005256367667, 21.456234480673835 ], [ -157.754816459207547, 21.456195766845266 ], [ -157.754636253701904, 21.456127944602546 ], [ -157.754456724039869, 21.45605782996256 ], [ -157.754280157464876, 21.455977675591704 ], [ -157.754082646991066, 21.455968486487127 ], [ -157.753886817722389, 21.455953602253565 ], [ -157.753696970043961, 21.455918449434407 ], [ -157.753513370301278, 21.455862127582257 ], [ -157.753337763341506, 21.455778726401384 ], [ -157.753161200766186, 21.455698559171296 ], [ -157.752991695061894, 21.455594486396141 ], [ -157.752816709793137, 21.455508976369675 ], [ -157.752636745645503, 21.455440338105802 ], [ -157.752453570227118, 21.455382583758901 ], [ -157.752266779170043, 21.455337074372178 ], [ -157.75208154126318, 21.455286307078428 ], [ -157.751891390930638, 21.455252182540342 ], [ -157.751708292603894, 21.455194166902047 ], [ -157.751525749915203, 21.455134265390239 ], [ -157.751341257795076, 21.455080973459268 ], [ -157.751153170776149, 21.455039859764351 ], [ -157.750965609530965, 21.454996963848714 ], [ -157.750780607102939, 21.454945398337543 ], [ -157.750597749133448, 21.45488657028752 ], [ -157.750415925750133, 21.45482423570876 ], [ -157.750240161994981, 21.454741369521464 ], [ -157.750072548598894, 21.454630892395315 ], [ -157.749906056334765, 21.454516617641321 ], [ -157.749732738713874, 21.45442546646208 ], [ -157.749554821518302, 21.454349899786791 ], [ -157.749375711078585, 21.454278377374877 ], [ -157.749197628313084, 21.454203372790623 ], [ -157.749021521221266, 21.454121674463227 ], [ -157.748841372941484, 21.454053667736638 ], [ -157.748660980361223, 21.453986491890596 ], [ -157.74847605865142, 21.453934657119312 ], [ -157.748285305945984, 21.453902579213395 ], [ -157.748094808699335, 21.453869638491803 ], [ -157.747902535777115, 21.45384271237063 ], [ -157.747709607116576, 21.453818003381762 ], [ -157.747518294301813, 21.453787824698033 ], [ -157.747330276819184, 21.453746480586883 ], [ -157.747143882205421, 21.453699641556327 ], [ -157.746958645461348, 21.453648876874546 ], [ -157.746772385289063, 21.453601580444232 ], [ -157.746584542216482, 21.45355964511975 ], [ -157.746396113916859, 21.453519695298787 ], [ -157.746207794065469, 21.453479376609284 ], [ -157.746021127934597, 21.453433457550425 ], [ -157.745829107524685, 21.453405676399964 ], [ -157.74563176952168, 21.453395910555322 ], [ -157.745432830608877, 21.453391565261498 ], [ -157.745239444947913, 21.453368409229462 ], [ -157.745049521721739, 21.453333521761259 ], [ -157.74486043434905, 21.453295805618577 ], [ -157.744667570682765, 21.453270881367679 ], [ -157.74446876220162, 21.453266095978961 ], [ -157.744266793453335, 21.453272016702517 ], [ -157.744065655543722, 21.45327512042963 ], [ -157.743864872410853, 21.453277024210838 ], [ -157.743665879149006, 21.45327286431349 ], [ -157.743470022415636, 21.453258078069599 ], [ -157.743269794879069, 21.453258100005211 ], [ -157.743072673100869, 21.453247597447586 ], [ -157.742877033137944, 21.453232078616296 ], [ -157.742694263415473, 21.45318522851997 ] ] } },
{ "type": "Feature", "properties": { "objectid": 44, "island": "Oahu", "st_lengthshape": 110.43683949496807 }, "geometry": { "type": "LineString", "coordinates": [ [ -157.74050035585546, 21.453795574131831 ], [ -157.740290055066367, 21.453860214942434 ], [ -157.740054503545906, 21.453903194381823 ], [ -157.739851515122012, 21.453974108388952 ], [ -157.739700139692189, 21.454089298639161 ], [ -157.739610381760428, 21.454248803600724 ] ] } },
{ "type": "Feature", "properties": { "objectid": 45, "island": "Oahu", "st_lengthshape": 3616.2917772253259 }, "geometry": { "type": "LineString", "coordinates": [ [ -157.744231175793743, 21.422467004926446 ], [ -157.744287916773033, 21.422294015075227 ], [ -157.744326426547445, 21.422116837868945 ], [ -157.744341297683007, 21.421934231320208 ], [ -157.744356849105259, 21.421769433275252 ], [ -157.744380199362382, 21.421561331516468 ], [ -157.744397024279039, 21.421379479442475 ], [ -157.744396888686452, 21.421198529162055 ], [ -157.74438538885093, 21.421018183864707 ], [ -157.744364805585349, 21.420838320625055 ], [ -157.74434493852371, 21.420658420291776 ], [ -157.744331743884857, 21.420478164360205 ], [ -157.744313976180365, 21.420298152381793 ], [ -157.744298995984025, 21.420117991462437 ], [ -157.74428916509936, 21.419937556575107 ], [ -157.744283907279936, 21.41975687953494 ], [ -157.744274620782164, 21.419576415297367 ], [ -157.744261662716781, 21.41939614756863 ], [ -157.744246815810982, 21.419215979501509 ], [ -157.744230946797217, 21.419035866101169 ], [ -157.74419744314585, 21.418814352320421 ], [ -157.744166868697022, 21.41863987495077 ], [ -157.74412084507091, 21.418464367563352 ], [ -157.744066824782095, 21.418290895108246 ], [ -157.744010140955538, 21.41811810096652 ], [ -157.743949785187965, 21.417946241356766 ], [ -157.743884112888082, 21.417775735751142 ], [ -157.743848832372038, 21.417597493973727 ], [ -157.743812237997474, 21.417419586517799 ], [ -157.743777710801282, 21.417241152537802 ], [ -157.743753067635595, 21.417060203633106 ], [ -157.743721544518024, 21.416881006242395 ], [ -157.74366896576953, 21.416707166875998 ], [ -157.743632607680496, 21.416529199724383 ], [ -157.743583858755215, 21.416354386322848 ], [ -157.743526916044345, 21.416181658748158 ], [ -157.743472447584196, 21.416008300196161 ], [ -157.743430353667776, 21.415831793178807 ], [ -157.743381642878319, 21.415656970073211 ], [ -157.743326784149019, 21.415483711534751 ], [ -157.743277215036414, 21.415309106900832 ], [ -157.743238489932594, 21.415131741620758 ], [ -157.743195464478418, 21.414955471469 ], [ -157.743146841216799, 21.414780626373908 ], [ -157.743089064204128, 21.414608111021089 ], [ -157.743024456739192, 21.414437333966578 ], [ -157.742950526385869, 21.414268929634176 ], [ -157.742925532619125, 21.414088070122133 ], [ -157.742937576658363, 21.413897783674276 ], [ -157.742878936822336, 21.413725487623349 ], [ -157.74280536757675, 21.413556991091429 ], [ -157.742739787256482, 21.413386462291406 ], [ -157.742704894657834, 21.413208122019821 ], [ -157.742671182604795, 21.413029481649936 ], [ -157.742637007522774, 21.412850958848907 ], [ -157.742572296838659, 21.412680207966112 ], [ -157.74249925531231, 21.412511577965287 ], [ -157.742435329967662, 21.412340626963172 ], [ -157.742362630031238, 21.41217191004068 ], [ -157.7423163878222, 21.411996458376674 ], [ -157.742284615844255, 21.411817324807913 ], [ -157.742262505144254, 21.411706291278463 ], [ -157.742207450970369, 21.411531820442281 ], [ -157.742136223202237, 21.411363846204935 ], [ -157.742075809351576, 21.411191528458072 ], [ -157.742041304669641, 21.411008806060831 ], [ -157.741960280008016, 21.410844765520906 ], [ -157.741836437195843, 21.410697920538063 ], [ -157.741740765858935, 21.410539761926206 ], [ -157.741650067420096, 21.410379606239122 ], [ -157.741570355173991, 21.410215038790145 ], [ -157.741498335908034, 21.410047381772646 ], [ -157.74145209111137, 21.409869374273274 ], [ -157.741386043793995, 21.409699319375918 ], [ -157.741320647118783, 21.409529003754404 ], [ -157.74126230060466, 21.409355856634367 ], [ -157.741190650875154, 21.409188051414702 ], [ -157.741113461388863, 21.409022471085969 ], [ -157.741038452990807, 21.408856014590416 ], [ -157.74096373611647, 21.408689441915108 ], [ -157.740880472887824, 21.40852630100634 ], [ -157.740794702708001, 21.408364166538973 ], [ -157.740694549144337, 21.408207808445354 ], [ -157.740600755564685, 21.408048896412659 ], [ -157.74052992124453, 21.407880764634228 ], [ -157.740488330383272, 21.407700888495601 ], [ -157.740395146451647, 21.407583687269554 ], [ -157.740266975491664, 21.407445847743634 ], [ -157.740146158177964, 21.407303647780669 ], [ -157.740035148539334, 21.407155632464029 ], [ -157.739934081326197, 21.407001722426266 ], [ -157.739867157550464, 21.406827567288062 ], [ -157.739750123491319, 21.406683124463747 ], [ -157.739636782825357, 21.406536492492954 ], [ -157.73954685218763, 21.406375978415422 ], [ -157.73950648811001, 21.406186075869986 ], [ -157.739433197875911, 21.406015696623342 ], [ -157.739316095047201, 21.405871295467914 ], [ -157.739185596636247, 21.405734836087486 ], [ -157.739080758571134, 21.405583162849503 ], [ -157.738981873017678, 21.405427958836654 ], [ -157.738872446326297, 21.405279006206925 ], [ -157.738800230116425, 21.405184045472797 ], [ -157.738726743664188, 21.405095030100405 ], [ -157.738605579855175, 21.404954253832241 ], [ -157.73847801911694, 21.404818713994665 ], [ -157.738354210438132, 21.404680103784816 ], [ -157.738241405867655, 21.404532486718473 ], [ -157.738123456596639, 21.404389081160861 ], [ -157.738011347075172, 21.404240895552665 ], [ -157.737896347652679, 21.404095074793556 ], [ -157.73777848260255, 21.403951600993441 ], [ -157.737646497467182, 21.40381968225282 ], [ -157.737526143002754, 21.40367824558944 ], [ -157.737422971151119, 21.403522746488214 ], [ -157.737336267867761, 21.403353767687655 ], [ -157.737181878657651, 21.403240186979634 ], [ -157.737061423100158, 21.403098833262437 ], [ -157.736939707777651, 21.402958510644243 ], [ -157.736813671594803, 21.402821724558986 ], [ -157.736689706815866, 21.402683243034087 ], [ -157.736568106819902, 21.402542826184849 ], [ -157.736444964360544, 21.402403672268655 ], [ -157.736323066589762, 21.402263498725812 ], [ -157.73622626686273, 21.402102785825935 ], [ -157.736116540056599, 21.401952652219741 ], [ -157.735900856629399, 21.401886663390915 ], [ -157.73575706556943, 21.401764780009579 ], [ -157.735612046812776, 21.401644462712206 ], [ -157.735460096534609, 21.401532999231911 ], [ -157.735302390025026, 21.401428887095992 ], [ -157.735137161900752, 21.401334381303286 ], [ -157.734971603347219, 21.40124029834427 ], [ -157.734805752416918, 21.401146587917015 ], [ -157.734648165794965, 21.401042323434481 ], [ -157.734494739241342, 21.400932746845839 ], [ -157.734342223896249, 21.400822006250756 ], [ -157.73425635394571, 21.400763879901341 ], [ -157.734104672839948, 21.400644460506594 ], [ -157.733937750247492, 21.400553243477528 ], [ -157.73377299223651, 21.400458021787745 ], [ -157.733605832854209, 21.40036724349428 ], [ -157.733430684683185, 21.400291249585162 ], [ -157.733247093850935, 21.400230877631728 ], [ -157.733088283820308, 21.40012465216239 ], [ -157.732900471425694, 21.400072091805491 ], [ -157.732718683780746, 21.400008385072823 ], [ -157.732518865529812, 21.399923660693577 ], [ -157.732341198418936, 21.399852311587985 ], [ -157.732162215722525, 21.399784433896176 ], [ -157.731982791965549, 21.399717721629756 ], [ -157.731799770488607, 21.399660501555854 ], [ -157.731617444049505, 21.399601450017979 ], [ -157.731436589547258, 21.399538510529538 ], [ -157.731254989920131, 21.399477541761431 ], [ -157.731073015372885, 21.399417560948965 ], [ -157.730891943188027, 21.399355199199071 ], [ -157.730710803076391, 21.399293014706814 ], [ -157.73052839072804, 21.399234190821371 ], [ -157.730345226382866, 21.399177349339762 ], [ -157.730161034614923, 21.399123218990063 ], [ -157.729971833422383, 21.399082307277574 ], [ -157.729785270898361, 21.399034432388412 ], [ -157.729601096327229, 21.398980257304178 ], [ -157.729420792367762, 21.398915870888903 ], [ -157.729243335413997, 21.398843973665315 ], [ -157.729078967863387, 21.398737538028367 ], [ -157.728899289294105, 21.39867150357124 ], [ -157.728720872453778, 21.398602138780529 ], [ -157.728529370442345, 21.398567298474514 ], [ -157.728333100706749, 21.398545036279842 ], [ -157.728145607626118, 21.398499619625074 ], [ -157.727976387550598, 21.398405990081663 ], [ -157.727807773796911, 21.398310761516161 ], [ -157.727638749616261, 21.398216616413752 ], [ -157.727479233800125, 21.398097385708358 ], [ -157.727304222073201, 21.398019038830562 ], [ -157.727126948974131, 21.397946660256491 ], [ -157.726952089649473, 21.397867912187891 ], [ -157.726771325374784, 21.397804744477121 ], [ -157.726588606699181, 21.397746733455246 ], [ -157.726418422122919, 21.397655651584703 ] ] } },
{ "type": "Feature", "properties": { "objectid": 46, "island": "Oahu", "st_lengthshape": 443.8443638762302 }, "geometry": { "type": "LineString", "coordinates": [ [ -157.72528331014388, 21.396761265508651 ], [ -157.725089649120918, 21.396710710960143 ], [ -157.724929591743745, 21.396609650295041 ], [ -157.724778453702015, 21.396495183749852 ], [ -157.72459024380845, 21.39643643600326 ], [ -157.724403139435367, 21.39637602705784 ], [ -157.724224902579408, 21.396302289499495 ], [ -157.724050696423319, 21.396222495611969 ], [ -157.723874760593816, 21.396145299991293 ], [ -157.723697998111817, 21.39606934904997 ], [ -157.72355592057491, 21.395941264568801 ], [ -157.723411549464686, 21.395816628693964 ], [ -157.723252020084431, 21.395714775571779 ], [ -157.723080838103641, 21.395630437280914 ], [ -157.722904866386074, 21.395553297326281 ], [ -157.722733301702306, 21.395469533025278 ], [ -157.72254350194865, 21.395413176590981 ], [ -157.721990061282867, 21.395474917829429 ], [ -157.721791701353226, 21.395477693164644 ], [ -157.721593274348834, 21.395480750503907 ], [ -157.721395585067143, 21.395480722851094 ] ] } },
{ "type": "Feature", "properties": { "objectid": 47, "island": "Oahu", "st_lengthshape": 2183.8159407387366 }, "geometry": { "type": "LineString", "coordinates": [ [ -157.720187558658296, 21.395790881076081 ], [ -157.720050360813076, 21.395660328708075 ], [ -157.719888564833894, 21.39556153020915 ], [ -157.719725729128101, 21.395464075947249 ], [ -157.719564968642004, 21.395363941768167 ], [ -157.719407990579498, 21.395258924784304 ], [ -157.71925234436722, 21.395152188811391 ], [ -157.719095609672365, 21.395046858139093 ], [ -157.718926829114565, 21.394957078710675 ], [ -157.718758508249664, 21.394866706417766 ], [ -157.718594700511005, 21.394770506577458 ], [ -157.718440485588786, 21.39466192352991 ], [ -157.718270765463615, 21.394573357628374 ], [ -157.71812787229868, 21.394450157833987 ], [ -157.717979686981863, 21.394333792001436 ], [ -157.717819983546264, 21.394232294832761 ], [ -157.717686663223134, 21.394096738615602 ], [ -157.717530108364457, 21.393991177581263 ], [ -157.717351723736272, 21.393913797630876 ], [ -157.717255655137677, 21.39386746770343 ], [ -157.717111768601853, 21.393805471767092 ], [ -157.71692591537311, 21.393755115030181 ], [ -157.716744063865178, 21.393694746114715 ], [ -157.716555359135981, 21.393651522633288 ], [ -157.716358631649655, 21.393628366092212 ], [ -157.716187280516635, 21.393604503863443 ], [ -157.715979639949722, 21.393552298151835 ], [ -157.715807531169503, 21.393462113536028 ], [ -157.715655955046401, 21.393349984527838 ], [ -157.715546917202886, 21.393192388349849 ], [ -157.715293341339532, 21.393189279619335 ], [ -157.715063005033812, 21.392970292268043 ], [ -157.714986274381488, 21.392804512294397 ], [ -157.715002196922597, 21.392602632384754 ], [ -157.714916323159997, 21.392440415615919 ], [ -157.7149696910854, 21.392223945294969 ], [ -157.715021535434772, 21.392008068518582 ], [ -157.714872569576301, 21.391870433673219 ], [ -157.714790344173906, 21.391706795827467 ], [ -157.714628997192932, 21.391586889995096 ], [ -157.71452909119526, 21.391425320704172 ], [ -157.714408767329274, 21.391282669180576 ], [ -157.71435963223459, 21.391074058343076 ], [ -157.714230045462557, 21.390939989834806 ], [ -157.714095582212906, 21.390810438559036 ], [ -157.7139675527674, 21.390674927403435 ], [ -157.713841721250958, 21.390537378784988 ], [ -157.713731570338581, 21.390385302446326 ], [ -157.713589085508772, 21.39026318440887 ], [ -157.713458238919031, 21.39013028275982 ], [ -157.713282960456922, 21.390038549284263 ], [ -157.713155807625981, 21.389902224939956 ], [ -157.713032841305761, 21.389762023816964 ], [ -157.712924115432202, 21.389608627288261 ], [ -157.712793958491034, 21.389475088168449 ], [ -157.712663500339119, 21.389341827586904 ], [ -157.712591540151067, 21.389261878472951 ], [ -157.712463048262066, 21.389126615650277 ], [ -157.712336470923873, 21.388989953686178 ], [ -157.712262422935936, 21.388903714615164 ], [ -157.712138317847945, 21.388754628688975 ], [ -157.712024934460914, 21.388601724329835 ], [ -157.711938410551397, 21.38843925368921 ], [ -157.711857696968707, 21.388274713784146 ], [ -157.711764723736621, 21.388114539543597 ], [ -157.711672624389905, 21.387954054892308 ], [ -157.711601172726404, 21.387786215605221 ], [ -157.711553085545859, 21.387610055209368 ], [ -157.711491923044889, 21.387438552323243 ], [ -157.711442339301215, 21.387262924221762 ], [ -157.711396024989938, 21.387086132410495 ], [ -157.71134608152289, 21.386910633409652 ], [ -157.711293553858525, 21.386736054932904 ], [ -157.711247007652332, 21.386559345314932 ], [ -157.711206589932459, 21.386380454198225 ], [ -157.71113744801437, 21.386211793269457 ], [ -157.710987204607562, 21.385989852544864 ], [ -157.710883688412224, 21.385837293437429 ], [ -157.710807639316528, 21.385667190848963 ], [ -157.710727742615404, 21.385499546495435 ], [ -157.710631880836246, 21.385342098409875 ], [ -157.710493777298041, 21.385211630343193 ], [ -157.710359144733303, 21.385057344813301 ], [ -157.710244261375749, 21.384904865981106 ], [ -157.710175247230183, 21.384701688508954 ], [ -157.710022649346854, 21.38457427037768 ], [ -157.710003485044751, 21.384384539598376 ], [ -157.709834056763725, 21.384257366774207 ], [ -157.709740495984107, 21.384098609805029 ], [ -157.709652654584801, 21.383937470373695 ], [ -157.709575324312397, 21.383771956415146 ], [ -157.7095296954829, 21.383593243482444 ], [ -157.709446941613066, 21.383429986786638 ], [ -157.709307185173884, 21.383290461638026 ], [ -157.709202339234167, 21.383136401738817 ], [ -157.70910653783676, 21.382978577543611 ], [ -157.709035091375625, 21.382810613577021 ], [ -157.708968333249231, 21.382640697381436 ], [ -157.708908868119352, 21.382487236787515 ], [ -157.708848898046909, 21.382313620257815 ], [ -157.708813264176484, 21.382136047331041 ], [ -157.708789218885101, 21.381956589761813 ], [ -157.708760861994506, 21.381777834332922 ], [ -157.708676671297212, 21.381608155137837 ], [ -157.708589481773743, 21.381438963216564 ], [ -157.708519106412098, 21.381268114762062 ], [ -157.708445005881003, 21.381101277404607 ], [ -157.708325701149647, 21.380953003714119 ] ] } },
{ "type": "Feature", "properties": { "objectid": 48, "island": "Oahu", "st_lengthshape": 42.947660502544267 }, "geometry": { "type": "LineString", "coordinates": [ [ -157.707858346430015, 21.380771537950444 ], [ -157.707694847371101, 21.38066332326839 ], [ -157.707501068865525, 21.380578256684398 ] ] } },
{ "type": "Feature", "properties": { "objectid": 49, "island": "Oahu", "st_lengthshape": 7951.5296909378958 }, "geometry": { "type": "LineString", "coordinates": [ [ -157.706046622590549, 21.379630056798725 ], [ -157.706061698693787, 21.379449870839348 ], [ -157.706074684626145, 21.379269587451848 ], [ -157.706076790894031, 21.379088798287604 ], [ -157.706079088032681, 21.378908017818258 ], [ -157.706080797056899, 21.378727211128943 ], [ -157.706098148183202, 21.378547130312203 ], [ -157.706128202850465, 21.37836763978067 ], [ -157.706155561888778, 21.378188023660982 ], [ -157.706177821869574, 21.378008171279617 ], [ -157.706168224093091, 21.377826838346994 ], [ -157.706165638962517, 21.377645831396251 ], [ -157.706190698464098, 21.377466108987878 ], [ -157.706228764120539, 21.377286990024047 ], [ -157.706255480688213, 21.377107344507852 ], [ -157.706279714709098, 21.376927584084434 ], [ -157.7063000673445, 21.376747642865496 ], [ -157.706311215056019, 21.376567273844177 ], [ -157.706264822764581, 21.37638423170587 ], [ -157.706284607478722, 21.376204263512708 ], [ -157.706342384875029, 21.376026590057343 ], [ -157.706436435307523, 21.375866126874172 ], [ -157.706586076455608, 21.375724101407545 ], [ -157.706769191291983, 21.375593178546961 ], [ -157.706845926527677, 21.375426971815191 ], [ -157.706915251127811, 21.37525830862193 ], [ -157.706976077516657, 21.375086825578375 ], [ -157.70703811350009, 21.374915743879399 ], [ -157.707100486858224, 21.374744774956625 ], [ -157.70716431214646, 21.374574286931701 ], [ -157.70722267419336, 21.374401987112719 ], [ -157.707282320850027, 21.374230112703408 ], [ -157.707347125579645, 21.374059950106368 ], [ -157.707406100702855, 21.373887853656221 ], [ -157.707491303368897, 21.373724456141456 ], [ -157.707576177922931, 21.373560949449406 ], [ -157.707636986393425, 21.373389460512037 ], [ -157.707714502140163, 21.373223514007083 ], [ -157.707788349081426, 21.373056349486852 ], [ -157.707856008693625, 21.372887133641782 ], [ -157.707891843898409, 21.372707362741167 ], [ -157.707916879892792, 21.372524009985934 ], [ -157.708053551412746, 21.372377682491738 ], [ -157.708137245532185, 21.372213785127567 ], [ -157.70825523016876, 21.372061260210124 ], [ -157.708305269795261, 21.371886200197793 ], [ -157.708390653880429, 21.371722862211158 ], [ -157.708466323417781, 21.371556303023556 ], [ -157.708574890920517, 21.371400655633874 ], [ -157.708595428239391, 21.371215810974977 ], [ -157.708613951862134, 21.371030297686879 ], [ -157.708673775148981, 21.370858482666268 ], [ -157.708683984416865, 21.370670213385043 ], [ -157.708699652772793, 21.370483753063645 ], [ -157.708758180398178, 21.370311508862802 ], [ -157.708820190855846, 21.37014041971744 ], [ -157.708883262789811, 21.369969681980461 ], [ -157.70894304006805, 21.369797852003664 ], [ -157.709003506676282, 21.369626250427377 ], [ -157.709122564267631, 21.369474081676234 ], [ -157.709193162067805, 21.369305840725254 ], [ -157.709243812014222, 21.369130983722581 ], [ -157.709290697128267, 21.368954877310717 ], [ -157.709334459764506, 21.368777736011406 ], [ -157.709370126501398, 21.368597909094458 ], [ -157.709416187149571, 21.368421530696939 ], [ -157.709449240033734, 21.36824083630205 ], [ -157.70947876756702, 21.368058973849827 ], [ -157.709548772809342, 21.367890536608407 ], [ -157.709653266776598, 21.367733538073772 ], [ -157.709728508548181, 21.367566836590768 ], [ -157.709789109738608, 21.367395279908553 ], [ -157.709824676444669, 21.367215420442413 ], [ -157.709845877705817, 21.367030796456184 ], [ -157.709937304490467, 21.36686946412642 ], [ -157.70997579133109, 21.366694635254479 ], [ -157.710058069803239, 21.366308310340155 ], [ -157.710056930958928, 21.366127270770523 ], [ -157.710059174244691, 21.365946006957653 ], [ -157.710062562896667, 21.365764667930154 ], [ -157.710072199539638, 21.3655829152951 ], [ -157.71006634978383, 21.365402187302433 ], [ -157.710026039089456, 21.365223738346767 ], [ -157.709985782011643, 21.365045894139495 ], [ -157.709844298743974, 21.364267557072843 ], [ -157.709723996170368, 21.364098511493278 ], [ -157.709676701215784, 21.363921712510184 ], [ -157.709656428152584, 21.363742042575893 ], [ -157.709643876311162, 21.363561553019455 ], [ -157.709632197089974, 21.363380970797738 ], [ -157.70960584293428, 21.363201946985363 ], [ -157.70958483737283, 21.363022354514293 ], [ -157.709574464226648, 21.362841634171069 ], [ -157.709579658869472, 21.362659259293427 ], [ -157.709593280228944, 21.362475988913555 ], [ -157.709609057927224, 21.362292490291608 ], [ -157.709608290057758, 21.362110748894871 ], [ -157.70954920993799, 21.361935201675845 ], [ -157.70946192609938, 21.36176264907597 ], [ -157.709390588478868, 21.361588404175574 ], [ -157.709341620818265, 21.361411781946046 ], [ -157.709306296163021, 21.361233710813192 ], [ -157.709286120259435, 21.361054030721405 ], [ -157.709267509063324, 21.360874184693504 ], [ -157.709250542683975, 21.360694164312008 ], [ -157.709217308995221, 21.360515870746713 ], [ -157.709189545430718, 21.360336996816674 ], [ -157.709180551633665, 21.360161907713611 ], [ -157.709244896957443, 21.359956383738499 ], [ -157.709201662822437, 21.35977933489421 ], [ -157.709101646962296, 21.359620361077951 ], [ -157.708999476747692, 21.35946207255202 ], [ -157.708923890690926, 21.359295321582255 ], [ -157.708865755982458, 21.35912301634038 ], [ -157.708866994652169, 21.358931810517937 ], [ -157.708786324297222, 21.358766678961484 ], [ -157.708700113003118, 21.358603310568792 ], [ -157.708649143561075, 21.358428723381042 ], [ -157.708583433718104, 21.358258829572353 ], [ -157.708522894750132, 21.358087288945246 ], [ -157.708463233970974, 21.357915469593017 ], [ -157.708400927530562, 21.35774449167419 ], [ -157.708336457004123, 21.357574203513288 ], [ -157.708275455358773, 21.35740281010958 ], [ -157.708224825211516, 21.357228116112537 ], [ -157.708168363032968, 21.357055278801194 ], [ -157.708107495215103, 21.356883843012419 ], [ -157.7080650677226, 21.356706537240122 ], [ -157.708065114884903, 21.356515711594856 ], [ -157.707931062141881, 21.356367573038714 ], [ -157.70768260322339, 21.356255851766093 ], [ -157.707608043234131, 21.35608877483541 ], [ -157.707559581351177, 21.355913390024075 ], [ -157.707608585404387, 21.355706980668085 ], [ -157.707698146972575, 21.355487660969764 ], [ -157.707628138086818, 21.355319134857037 ], [ -157.707554142339688, 21.3551518788686 ], [ -157.707491018893563, 21.354981161759703 ], [ -157.707442455900974, 21.35480580956024 ], [ -157.707391308188733, 21.354631280285272 ], [ -157.707336630995485, 21.354457874705375 ], [ -157.707297745189749, 21.354279442435086 ], [ -157.707329060419596, 21.354078663081292 ], [ -157.707298181511305, 21.353897682641112 ], [ -157.707256245929869, 21.353720220575511 ], [ -157.707240679689875, 21.353534365140916 ], [ -157.707204252303256, 21.353355150492195 ], [ -157.707051852347917, 21.35321285213643 ], [ -157.706904540086128, 21.353068934262435 ], [ -157.706797720329917, 21.352912127318621 ], [ -157.706763245010336, 21.352732290755839 ], [ -157.706714414657171, 21.352557023937056 ], [ -157.706586609648213, 21.352406897301154 ], [ -157.706457781822621, 21.352257095134156 ], [ -157.706361055647449, 21.352097074754592 ], [ -157.706280713487047, 21.351931838982452 ], [ -157.706196610849076, 21.351767800966673 ], [ -157.706105199855244, 21.351606088763056 ], [ -157.705974070774346, 21.351457020126652 ], [ -157.70587407621403, 21.351298040276557 ], [ -157.705825085824898, 21.3511228243981 ], [ -157.705773395711361, 21.350956594171361 ], [ -157.705629044160446, 21.349974038760365 ], [ -157.705578147544685, 21.349790862197914 ], [ -157.705492830051043, 21.349627791945867 ], [ -157.705403501995733, 21.34946706295958 ], [ -157.705310726498794, 21.349308348945009 ], [ -157.705217387096809, 21.349149963876755 ], [ -157.705069256327135, 21.349023582361482 ], [ -157.704883396875744, 21.348919238999468 ], [ -157.704746669828438, 21.348786196166433 ], [ -157.704656325347997, 21.348626062428714 ], [ -157.704566929950971, 21.348465374079488 ], [ -157.704363389625826, 21.348371357403639 ], [ -157.704257720100912, 21.348220174966936 ], [ -157.70419562801527, 21.348043538712499 ], [ -157.704237439860975, 21.347806212485086 ], [ -157.704147622788611, 21.347645770915843 ], [ -157.704031828314157, 21.347500502213755 ], [ -157.703893048520939, 21.347368659738333 ], [ -157.703766325350415, 21.347229775481907 ], [ -157.70366845765497, 21.347074035863173 ], [ -157.703581831378301, 21.346911731535219 ], [ -157.70349021662733, 21.34675233993271 ], [ -157.703404903077654, 21.346589267865706 ], [ -157.703346347412008, 21.34641056645993 ], [ -157.703265295920914, 21.346245005960455 ], [ -157.703143907978216, 21.346103005235925 ], [ -157.70309767465622, 21.345917106987365 ], [ -157.702983895616001, 21.345770661669125 ], [ -157.702785465952445, 21.345673660985536 ], [ -157.702680126508739, 21.345522286893289 ], [ -157.702566881249425, 21.345375531070935 ], [ -157.702450349558376, 21.345230693819012 ], [ -157.702341003962289, 21.345081659903105 ], [ -157.702243014076458, 21.344925993576702 ], [ -157.702136683210455, 21.344775198700798 ], [ -157.702034500857224, 21.344621980493336 ], [ -157.701971758517857, 21.344445726040746 ], [ -157.701940480311947, 21.344251093792828 ], [ -157.701741056063241, 21.344154674182981 ], [ -157.701686340400443, 21.343973731817165 ], [ -157.701611031753856, 21.34380481746831 ], [ -157.701510660116355, 21.34365054249426 ], [ -157.701368416306394, 21.343520724683962 ], [ -157.701262984797722, 21.343369405091302 ], [ -157.701141842410607, 21.343227262226272 ], [ -157.701013561942005, 21.343089288186363 ], [ -157.700878501999, 21.342955275246759 ], [ -157.700749470857261, 21.342817740571828 ], [ -157.700614581021654, 21.342683627576481 ], [ -157.700504118681124, 21.342535246106277 ], [ -157.700455763115997, 21.342350590111288 ], [ -157.700353440659171, 21.342197454818525 ], [ -157.700240786552399, 21.342050354362851 ], [ -157.70014322820893, 21.341894437338958 ], [ -157.69993699185585, 21.3418019974355 ], [ -157.699776163563939, 21.341683035654786 ], [ -157.699664233448402, 21.341535513160846 ], [ -157.699549509318246, 21.341389621212375 ], [ -157.699445829598915, 21.341237279804581 ], [ -157.699464573378123, 21.341013431403152 ], [ -157.699336974804424, 21.340875060386765 ], [ -157.699186789946936, 21.340749882285699 ], [ -157.699094664027513, 21.340590792631097 ], [ -157.699022029128713, 21.340420317990699 ], [ -157.698885904357439, 21.340286927696265 ], [ -157.698748557664203, 21.340154250521973 ], [ -157.698632667560219, 21.340009041854369 ], [ -157.698525814591875, 21.339858553438177 ], [ -157.698427909553345, 21.339702839703371 ], [ -157.698329355350182, 21.339547504815126 ], [ -157.69823103783537, 21.339392031688796 ], [ -157.698111016128536, 21.339249236073005 ], [ -157.69801454633452, 21.339092684088364 ], [ -157.69794134345193, 21.338922542491815 ], [ -157.697888953407954, 21.338740243083372 ], [ -157.697798234433264, 21.338580332611276 ], [ -157.697709547095087, 21.338419235474277 ], [ -157.697637784132553, 21.338248252153544 ], [ -157.697556903087104, 21.338082595685247 ], [ -157.697463711453992, 21.337924129325188 ], [ -157.697398982460015, 21.337749037773712 ], [ -157.697267225853238, 21.337613097462967 ], [ -157.697167689478192, 21.337458337020095 ], [ -157.697077542872535, 21.337298092785986 ], [ -157.696989605258636, 21.337136557578166 ], [ -157.696903360037965, 21.336974034534855 ], [ -157.69681677093908, 21.336811712040902 ], [ -157.696731462328415, 21.33664864152259 ], [ -157.696642910006744, 21.336487466343122 ], [ -157.696550549925036, 21.336328514557756 ], [ -157.696454644726316, 21.33617163462749 ], [ -157.696337214023288, 21.336027326789814 ], [ -157.696221229582221, 21.335882173716641 ], [ -157.69611197443075, 21.335733091692923 ], [ -157.696002104070658, 21.335584367980598 ], [ -157.695891109674619, 21.335436300350842 ], [ -157.69576828655309, 21.335295143670326 ], [ -157.69563812984444, 21.335158268806715 ], [ -157.695518797242272, 21.335015072173139 ], [ -157.695408076082913, 21.334866845577832 ], [ -157.695307648843936, 21.334712607503832 ], [ -157.695203071771004, 21.334560792478413 ], [ -157.695098439666111, 21.334409009488137 ], [ -157.694994282661696, 21.334256950088328 ], [ -157.694884904887971, 21.334107939564685 ], [ -157.694777837860897, 21.333957579242163 ], [ -157.694672756897972, 21.333806059017938 ], [ -157.694566654632013, 21.333655135146856 ], [ -157.69445984119298, 21.333504627558295 ], [ -157.694352921364072, 21.333354181413785 ], [ -157.694249931758975, 21.333201440505213 ], [ -157.694147861150185, 21.333048161957041 ], [ -157.694043954160151, 21.332895955820998 ], [ -157.693938113863084, 21.332744880058829 ], [ -157.693837726355667, 21.332590619826636 ], [ -157.693736486192734, 21.332436856083127 ], [ -157.6936330142141, 21.332284397450767 ], [ -157.693527053619619, 21.33213339098322 ], [ -157.693425318471355, 21.331986707338256 ], [ -157.693268369099343, 21.331778179758452 ], [ -157.693149368445916, 21.331633548754315 ], [ -157.693009862447468, 21.331508824459856 ], [ -157.692865890872412, 21.331388435763586 ], [ -157.692718602272691, 21.331271266909731 ], [ -157.692573039152052, 21.331152423889179 ], [ -157.692431005557268, 21.331030152874209 ], [ -157.692295324679037, 21.330901716991246 ], [ -157.692156120612509, 21.330776699894127 ], [ -157.692017126842273, 21.330651479264954 ], [ -157.691878109970332, 21.330526280933327 ], [ -157.691748919676741, 21.330391542761181 ], [ -157.691620444408954, 21.330256111770023 ], [ -157.691482218908135, 21.330130145120588 ], [ -157.691338376363973, 21.330009632453876 ], [ -157.691185295115105, 21.329898089418112 ], [ -157.691028184956934, 21.329790457118907 ], [ -157.690890120391884, 21.329675147246181 ], [ -157.690665673919, 21.329484502136282 ], [ -157.690512593299843, 21.329372029882709 ], [ -157.690355395753812, 21.329266107267131 ], [ -157.690195716396886, 21.329164133612814 ], [ -157.69003292249414, 21.329067114835706 ], [ -157.689867044331692, 21.328975005091436 ], [ -157.689704997039001, 21.328876799403631 ], [ -157.689543232602659, 21.328778143192157 ], [ -157.689382244874565, 21.328678252582957 ], [ -157.689216389125505, 21.328586104462733 ], [ -157.689035949293242, 21.32851716074417 ], [ -157.688855398162275, 21.328448393028012 ], [ -157.688684988640091, 21.328363492635951 ], [ -157.688520113616391, 21.328269785996383 ], [ -157.688356221648604, 21.328174516843436 ], [ -157.688187435212768, 21.328087032393956 ], [ -157.68801802306831, 21.328000545622746 ], [ -157.687842407896682, 21.327923927294595 ], [ -157.687666545497422, 21.327847701625963 ], [ -157.687500886426648, 21.327755243575663 ], [ -157.687318223621617, 21.32768983723453 ], [ -157.687140927106867, 21.327615894358857 ], [ -157.686965633675868, 21.327538763654797 ], [ -157.686793510043259, 21.32745659062337 ], [ -157.686627616304094, 21.327364506616391 ], [ -157.686457546812221, 21.327279067419131 ], [ -157.686288852571096, 21.327196746342757 ], [ -157.686052079764892, 21.327089073356355 ], [ -157.685877013460328, 21.327009420271498 ], [ -157.68570193649893, 21.326929794932393 ], [ -157.685528208226145, 21.326846308189115 ], [ -157.685353339392918, 21.326766091529166 ], [ -157.685174506334079, 21.326697232271634 ], [ -157.684996549063214, 21.326625862937458 ], [ -157.684812409310524, 21.326572208602492 ], [ -157.68462894744485, 21.326516610841331 ], [ -157.684445346189221, 21.326461416497153 ], [ -157.684262788917408, 21.326403228284686 ], [ -157.684077662337671, 21.326352401973612 ], [ -157.683883810371498, 21.326326577022147 ], [ -157.683688215169468, 21.326305745488792 ], [ -157.683493339345546, 21.326282851587585 ], [ -157.683304065606364, 21.326243909905944 ], [ -157.683122760724473, 21.326182134947313 ], [ -157.682943919663728, 21.326113299521793 ], [ -157.68276857240005, 21.326034455936401 ], [ -157.682598753214705, 21.32593977544909 ], [ -157.682429364670639, 21.32584385967651 ], [ -157.682251956058934, 21.325770923610186 ], [ -157.682071354739236, 21.325707135885562 ], [ -157.681887613141186, 21.325652344235674 ], [ -157.681679151638463, 21.325668376546616 ], [ -157.681473189418853, 21.325677249252763 ], [ -157.681283787523142, 21.325638673815877 ], [ -157.681107215855889, 21.325563342931076 ], [ -157.680926418477753, 21.325500115257672 ], [ -157.68074336726184, 21.325443348555833 ], [ -157.680564749966436, 21.325373876475336 ], [ -157.680387504209961, 21.325300478166344 ], [ -157.680226201819465, 21.325181401243846 ], [ -157.68004553197801, 21.325117810510275 ], [ -157.679855524708586, 21.325080972226107 ], [ -157.679649192273928, 21.325090906680018 ], [ -157.67946666553587, 21.325038784172353 ], [ -157.679166487180453, 21.324925192703514 ], [ -157.679007598684933, 21.32482062972732 ], [ -157.678852197845004, 21.324710007228319 ], [ -157.678696188107892, 21.324600441248016 ], [ -157.678539781967743, 21.324491564887115 ], [ -157.678336758139011, 21.324463713960402 ], [ -157.678151019934489, 21.32440581860482 ], [ -157.677979995646069, 21.324322351029291 ], [ -157.677816900416929, 21.324225099965961 ], [ -157.677673231644633, 21.324082592745281 ], [ -157.677533301295568, 21.32395619087097 ], [ -157.677400333688865, 21.323824543695856 ], [ -157.67726640536938, 21.323693620580833 ], [ -157.677148360067207, 21.32355073458346 ], [ -157.677012985949915, 21.323420900190342 ], [ -157.676873977948816, 21.323293803163256 ], [ -157.676738888704278, 21.323163754907263 ], [ -157.676607328350229, 21.323036388375424 ] ] } },
{ "type": "Feature", "properties": { "objectid": 50, "island": "Oahu", "st_lengthshape": 79.662238548272953 }, "geometry": { "type": "LineString", "coordinates": [ [ -157.673716839268195, 21.321869386024552 ], [ -157.673555299283009, 21.321769846086269 ], [ -157.673402919299349, 21.321659149616465 ], [ -157.673248128969561, 21.321551389762963 ], [ -157.673095749111326, 21.321446629856549 ] ] } },
{ "type": "Feature", "properties": { "objectid": 51, "island": "Oahu", "st_lengthshape": 100.14464867874332 }, "geometry": { "type": "LineString", "coordinates": [ [ -157.672576613766807, 21.321006237240233 ], [ -157.672465938284063, 21.320858050417201 ], [ -157.672345372962496, 21.32071571052024 ], [ -157.672242207533856, 21.320563084174186 ], [ -157.672150692494768, 21.320403568676905 ], [ -157.672032515991276, 21.320261320613426 ] ] } },
{ "type": "Feature", "properties": { "objectid": 52, "island": "Oahu", "st_lengthshape": 233.68379120076173 }, "geometry": { "type": "LineString", "coordinates": [ [ -157.671173262867626, 21.319398015928105 ], [ -157.671029465729248, 21.319276896481732 ], [ -157.670885685387049, 21.319155758083465 ], [ -157.670743045463439, 21.319039151662864 ], [ -157.670339048346278, 21.318926028923951 ], [ -157.670171929023496, 21.318836020052743 ], [ -157.66993318539258, 21.318678606520923 ], [ -157.669840930525197, 21.318518143654469 ], [ -157.669761455527464, 21.318349008497794 ], [ -157.669649292872293, 21.318202056654819 ], [ -157.669526883234454, 21.3180709596794 ] ] } },
{ "type": "Feature", "properties": { "objectid": 53, "island": "Oahu", "st_lengthshape": 451.26530270575057 }, "geometry": { "type": "LineString", "coordinates": [ [ -157.668143836926731, 21.316641134890006 ], [ -157.667995025671019, 21.316507880179486 ], [ -157.667835634803595, 21.316397750416765 ], [ -157.667671545243905, 21.316297895030132 ], [ -157.667490585848839, 21.316234915179724 ], [ -157.66731526965367, 21.316159600349913 ], [ -157.667133787407721, 21.316097763239892 ], [ -157.666950276450365, 21.316040361568543 ], [ -157.666772133339776, 21.315971227993074 ], [ -157.666589547100159, 21.315912771834725 ], [ -157.666243509366524, 21.315846463683574 ], [ -157.666042657678673, 21.315831021432007 ], [ -157.665845494059283, 21.315831525221736 ], [ -157.665646353301042, 21.315823481858907 ], [ -157.665462351490703, 21.315880880507212 ], [ -157.665277461292334, 21.315932240231739 ], [ -157.664837950722045, 21.31619140218659 ], [ -157.664671201142141, 21.31627626682959 ], [ -157.664312221699532, 21.316265546138407 ], [ -157.664126024575921, 21.316271062752605 ] ] } },
{ "type": "Feature", "properties": { "objectid": 54, "island": "Oahu", "st_lengthshape": 19.60016714296378 }, "geometry": { "type": "LineString", "coordinates": [ [ -157.662381894489272, 21.315518570958655 ], [ -157.662216907032587, 21.315432280634298 ] ] } },
{ "type": "Feature", "properties": { "objectid": 55, "island": "Oahu", "st_lengthshape": 232.01893810990194 }, "geometry": { "type": "LineString", "coordinates": [ [ -157.66083992180188, 21.311687318712622 ], [ -157.660741005620253, 21.311531059420641 ], [ -157.660540836701927, 21.311445644724557 ], [ -157.660478274279882, 21.311263950120242 ], [ -157.660453441904394, 21.31105585749561 ], [ -157.660328542481409, 21.310917778729081 ], [ -157.660182328673727, 21.310794613320553 ], [ -157.660108752609233, 21.310620624964951 ], [ -157.659955323163302, 21.310502508529918 ], [ -157.659789498139162, 21.310393063816523 ], [ -157.659627036931283, 21.310281266332883 ], [ -157.659457154239334, 21.310176886574212 ] ] } },
{ "type": "Feature", "properties": { "objectid": 56, "island": "Oahu", "st_lengthshape": 512.62241997842239 }, "geometry": { "type": "LineString", "coordinates": [ [ -157.674644724717609, 21.285397181473261 ], [ -157.674466235196178, 21.285477932926209 ], [ -157.67430836066336, 21.285647145842173 ], [ -157.67412501831177, 21.285707075210734 ], [ -157.673941970974937, 21.285768270489623 ], [ -157.673757199051778, 21.285822061631176 ], [ -157.673569168296154, 21.285861872767672 ], [ -157.673368826780631, 21.285848854256457 ], [ -157.673187260289978, 21.285916404620039 ], [ -157.672998532313187, 21.285953220411187 ], [ -157.672808128991193, 21.285982849240952 ], [ -157.672617324653572, 21.286010758316515 ], [ -157.672425407473213, 21.286033890492529 ], [ -157.672183148491996, 21.285840982982947 ], [ -157.671986304292204, 21.285842967126097 ], [ -157.671790837343792, 21.285850865324239 ], [ -157.671608462812117, 21.285914947730454 ], [ -157.67143420784268, 21.286013877657652 ], [ -157.671269678829219, 21.286154547748211 ], [ -157.671063655650755, 21.286117145284102 ], [ -157.67084778315251, 21.286037466438575 ], [ -157.670654162796922, 21.286053288550796 ], [ -157.670481242533043, 21.286157949836188 ], [ -157.670292781015291, 21.286195911007781 ], [ -157.670102589553437, 21.286226447184063 ] ] } },
{ "type": "Feature", "properties": { "objectid": 57, "island": "Oahu", "st_lengthshape": 522.71954380350951 }, "geometry": { "type": "LineString", "coordinates": [ [ -157.697356764594389, 21.268165995878434 ], [ -157.697408859436166, 21.268340948258746 ], [ -157.697494770872993, 21.268631394144297 ], [ -157.6975351881959, 21.26883921450861 ], [ -157.697543547102043, 21.269035570877161 ], [ -157.697549888482087, 21.269231206118519 ], [ -157.697529474506354, 21.269417272964823 ], [ -157.697493433207768, 21.269597752736733 ], [ -157.69744547009438, 21.269773968590439 ], [ -157.697392106572636, 21.269948253735059 ], [ -157.697341255240786, 21.270123436347404 ], [ -157.697312923389205, 21.27030667310159 ], [ -157.697333271960474, 21.270507316462083 ], [ -157.69728112813425, 21.270682037358334 ], [ -157.697241812905304, 21.270861346243464 ], [ -157.697091332390698, 21.27100090292523 ], [ -157.697097003473942, 21.271196298059618 ], [ -157.696989889331974, 21.271351362894414 ], [ -157.696809162983328, 21.271480103349706 ], [ -157.696723678474683, 21.271642901874223 ], [ -157.696578506686905, 21.271784356412827 ], [ -157.696471918053476, 21.271939608314124 ], [ -157.696319417176937, 21.272078442146665 ], [ -157.69626478029312, 21.272252272486057 ], [ -157.696046949211421, 21.27236774445424 ] ] } },
{ "type": "Feature", "properties": { "objectid": 58, "island": "Oahu", "st_lengthshape": 238.12777682958813 }, "geometry": { "type": "LineString", "coordinates": [ [ -157.721226329437343, 21.284144853978148 ], [ -157.721032773059818, 21.284136578846258 ], [ -157.720837034468786, 21.28414213283018 ], [ -157.720765537368806, 21.284146396488236 ], [ -157.720572295835581, 21.284162346116577 ], [ -157.720381890397562, 21.284191388801457 ], [ -157.720293970508578, 21.284210537805865 ], [ -157.720121225781128, 21.284291923626782 ], [ -157.71996131659975, 21.284393239364821 ], [ -157.719795148165474, 21.284484837707602 ], [ -157.719619207248968, 21.284561261782368 ], [ -157.71943088986427, 21.284618467255747 ], [ -157.719249006321292, 21.284685664811921 ], [ -157.719070687980803, 21.284747737383462 ] ] } },
{ "type": "Feature", "properties": { "objectid": 59, "island": "Oahu", "st_lengthshape": 156.60792540518622 }, "geometry": { "type": "LineString", "coordinates": [ [ -157.713698960512204, 21.281792443653405 ], [ -157.713518893226791, 21.281723530673855 ], [ -157.713341402374283, 21.281650415764918 ], [ -157.713164038819343, 21.281577092067572 ], [ -157.713034111648113, 21.281529243388611 ], [ -157.713007264525032, 21.281526080591672 ], [ -157.712823951666877, 21.281469358305344 ], [ -157.712638098956489, 21.281421419707758 ], [ -157.712452656773934, 21.281372063957772 ], [ -157.712274096737247, 21.281339400630209 ] ] } },
{ "type": "Feature", "properties": { "objectid": 60, "island": "Oahu", "st_lengthshape": 536.61390975141194 }, "geometry": { "type": "LineString", "coordinates": [ [ -157.711370272513648, 21.280836953855758 ], [ -157.711215435010843, 21.280727310910379 ], [ -157.711066855353465, 21.280611533997874 ], [ -157.710949038176238, 21.280465590576323 ], [ -157.710821042977614, 21.280329628139338 ], [ -157.710746455441154, 21.280246326042182 ], [ -157.710595474573324, 21.280011913073057 ], [ -157.710522306707077, 21.279841510236579 ], [ -157.71046591325063, 21.279781699328733 ], [ -157.710369135735647, 21.279625349978016 ], [ -157.710267895378848, 21.279471606033937 ], [ -157.710167012687862, 21.279317654290523 ], [ -157.710066171870949, 21.279163676616136 ], [ -157.709963251334472, 21.279010915147612 ], [ -157.709852334941985, 21.2788628223913 ], [ -157.709739168351291, 21.27871604479375 ], [ -157.709613293928612, 21.278576687568258 ], [ -157.709494349194273, 21.278433284787429 ], [ -157.709383575129067, 21.278285108829092 ], [ -157.709310591101399, 21.278137079680761 ], [ -157.70924200228032, 21.277907947540868 ], [ -157.709203598637686, 21.277730585509442 ], [ -157.709153830049416, 21.277576620248269 ], [ -157.709366555567442, 21.277316039690913 ], [ -157.709303036379964, 21.27714217636235 ], [ -157.709242996985466, 21.276967834699224 ], [ -157.709232788431677, 21.276930924455606 ], [ -157.709139812591616, 21.276765150804369 ] ] } },
{ "type": "Feature", "properties": { "objectid": 61, "island": "Oahu", "st_lengthshape": 1165.0078915088748 }, "geometry": { "type": "LineString", "coordinates": [ [ -157.722624617329188, 21.281892536413618 ], [ -157.722657184639814, 21.281695400182514 ], [ -157.722779072976607, 21.281554494953394 ], [ -157.722878516513788, 21.281461893253073 ], [ -157.723069525326309, 21.281418998079772 ], [ -157.723260664205611, 21.281379000773644 ], [ -157.723452316214008, 21.281350454622082 ], [ -157.723643968199525, 21.281321903731964 ], [ -157.723835476187929, 21.281290149990522 ], [ -157.724027665611828, 21.281273585012293 ], [ -157.724220229049422, 21.281265393261265 ], [ -157.724411875177339, 21.281236714065933 ], [ -157.724602863133953, 21.281193367084072 ], [ -157.72479563849123, 21.281189873792151 ], [ -157.724988838848134, 21.281195892358721 ], [ -157.725181935813481, 21.281199595490001 ], [ -157.72537533767013, 21.281210087719728 ], [ -157.725568396722082, 21.281212939148084 ], [ -157.725761753321819, 21.28122242694997 ], [ -157.725955001654512, 21.281229493585474 ], [ -157.726148387367033, 21.281239637914798 ], [ -157.72634156547312, 21.281245129004169 ], [ -157.726534091716758, 21.281236103217214 ], [ -157.726727464583092, 21.281245957707768 ], [ -157.726919457256315, 21.281225013807965 ], [ -157.727112518152921, 21.281227890581977 ], [ -157.727300793350167, 21.281218137994927 ], [ -157.727454288975707, 21.281196782385631 ], [ -157.727650985761841, 21.281210495737195 ], [ -157.727845739625053, 21.281230358778028 ], [ -157.728037762833623, 21.281258872417059 ], [ -157.728225286869161, 21.281301631428821 ], [ -157.728410143729491, 21.281352840995442 ], [ -157.728597381680117, 21.281396505328271 ], [ -157.728783010658844, 21.281445268578651 ], [ -157.728966377779898, 21.281501194542031 ], [ -157.729151927788791, 21.281550206129729 ], [ -157.729329942436976, 21.281598790277627 ], [ -157.729417193365293, 21.281612234913133 ], [ -157.729607049359686, 21.281646521044987 ], [ -157.729797415007425, 21.281676578521179 ], [ -157.729988661871346, 21.281699317905236 ], [ -157.730179336954819, 21.281726807200588 ], [ -157.730369382264655, 21.28175951662865 ], [ -157.730560907365458, 21.281779960197326 ], [ -157.730752960793836, 21.281796013538585 ], [ -157.730945507199465, 21.281807975399175 ], [ -157.731137442453047, 21.281825007571374 ], [ -157.731329069549901, 21.281844599163819 ], [ -157.731519003247939, 21.281878239651306 ], [ -157.731705547057203, 21.28192392613893 ], [ -157.731841114325221, 21.281964655677793 ], [ -157.732047593496588, 21.282035200014924 ], [ -157.732249907602892, 21.282080160004625 ], [ -157.732447802904318, 21.282097977239829 ], [ -157.732641720624031, 21.282091364261515 ], [ -157.73283009486579, 21.282050704656388 ], [ -157.73301622466073, 21.281996264188809 ], [ -157.733199648524703, 21.281925200097085 ], [ -157.73337298582689, 21.281851294711462 ] ] } },
{ "type": "Feature", "properties": { "objectid": 62, "island": "Oahu", "st_lengthshape": 119.7809527047142 }, "geometry": { "type": "LineString", "coordinates": [ [ -157.736812259149843, 21.280472771619817 ], [ -157.736999269204603, 21.280427285612117 ], [ -157.737184581173665, 21.280377022273207 ], [ -157.737366426427627, 21.280317009737271 ], [ -157.737552091105584, 21.280267740529222 ], [ -157.737738896479584, 21.280221677598838 ], [ -157.737927769776604, 21.280208195626088 ] ] } },
{ "type": "Feature", "properties": { "objectid": 63, "island": "Oahu", "st_lengthshape": 612.11799739488765 }, "geometry": { "type": "LineString", "coordinates": [ [ -157.738562575737973, 21.280117361357142 ], [ -157.738753011265999, 21.280089292552109 ], [ -157.738943660414037, 21.280062614515273 ], [ -157.739130641493034, 21.280012147383257 ], [ -157.739319052745913, 21.279970959348901 ], [ -157.73951155678057, 21.279956303981788 ], [ -157.739698964053048, 21.279908609135177 ], [ -157.739879170489047, 21.279871656405472 ], [ -157.740012043328051, 21.279883445869935 ], [ -157.74020648467382, 21.279863792280608 ], [ -157.740400692761426, 21.279847644517552 ], [ -157.740593505910653, 21.279852471455488 ], [ -157.740785662470273, 21.279867178876668 ], [ -157.740976860801453, 21.279896296753503 ], [ -157.741168533321513, 21.279918290345336 ], [ -157.741360137480484, 21.279941303118825 ], [ -157.741552562869856, 21.279951968182111 ], [ -157.741745254625499, 21.279958630362195 ], [ -157.741937155169808, 21.279977185647482 ], [ -157.742129937603892, 21.279982486682677 ], [ -157.742321464602099, 21.280006673084017 ], [ -157.742515363479242, 21.279995162103731 ], [ -157.742709391443924, 21.279981728579887 ], [ -157.742900213271781, 21.279970383889868 ], [ -157.743225437778534, 21.279900733725938 ], [ -157.743417139963697, 21.279845301334269 ], [ -157.743589636740353, 21.279762395668289 ], [ -157.743725488215432, 21.279627073718377 ], [ -157.743906724471799, 21.279556670552861 ], [ -157.744026687854443, 21.279398621093467 ], [ -157.74419274660508, 21.279311258290686 ] ] } },
{ "type": "Feature", "properties": { "objectid": 64, "island": "Oahu", "st_lengthshape": 280.40053585223797 }, "geometry": { "type": "LineString", "coordinates": [ [ -157.744257742952925, 21.278951111446485 ], [ -157.744442376407818, 21.278899129296331 ], [ -157.744626651508213, 21.278846088222203 ], [ -157.744818125311582, 21.278814291946329 ], [ -157.745007240818865, 21.278775533636896 ], [ -157.745189681996266, 21.278717084216026 ], [ -157.745371197796601, 21.278655903119919 ], [ -157.745558668391936, 21.278612292544434 ], [ -157.745744972925962, 21.278565239344481 ], [ -157.745928360483333, 21.278509583057108 ], [ -157.74611138590447, 21.278452856982156 ], [ -157.74629309851781, 21.278392257195613 ], [ -157.74647562622539, 21.278334065346478 ], [ -157.746658077662602, 21.278275645074967 ], [ -157.746824736327568, 21.278184269412392 ] ] } },
{ "type": "Feature", "properties": { "objectid": 65, "island": "Oahu", "st_lengthshape": 691.51831505891869 }, "geometry": { "type": "LineString", "coordinates": [ [ -157.747063263673056, 21.277879316618794 ], [ -157.747246233089811, 21.27781950471568 ], [ -157.74743080222467, 21.277762890708196 ], [ -157.747607324590803, 21.27769018536144 ], [ -157.747784277091313, 21.277618339419359 ], [ -157.747961906147964, 21.277547846148753 ], [ -157.748141123516262, 21.277480530818941 ], [ -157.748328054740767, 21.277428643549161 ], [ -157.748512267747884, 21.277373466552756 ], [ -157.74864475081452, 21.277324870047316 ], [ -157.74882532749055, 21.27725619725495 ], [ -157.749015098122271, 21.277223061784198 ], [ -157.749219004890136, 21.277244553406948 ], [ -157.749412686125424, 21.277226528381455 ], [ -157.749601878905708, 21.277191157516658 ], [ -157.749787120789051, 21.277140516255752 ], [ -157.749968282946952, 21.277085740470469 ], [ -157.750382419478029, 21.277075623366986 ], [ -157.750583272811554, 21.277067111247113 ], [ -157.75076306275281, 21.277138182761036 ], [ -157.75095164381338, 21.277176034392163 ], [ -157.751141566944938, 21.27720882240671 ], [ -157.751332131418678, 21.277229695819802 ], [ -157.751526007629906, 21.277224754297574 ], [ -157.751716632226788, 21.277190642823971 ], [ -157.751897058392984, 21.277126159929434 ], [ -157.752074414658551, 21.277052533601097 ], [ -157.752273995513008, 21.277056733183908 ], [ -157.752504580759847, 21.276902451568379 ], [ -157.752683262623066, 21.276834550054467 ], [ -157.752861246634467, 21.276764920437092 ], [ -157.753038410991451, 21.276693261895463 ], [ -157.753216953588293, 21.276625017285202 ], [ -157.753398791990207, 21.27656492906867 ] ] } },
{ "type": "Feature", "properties": { "objectid": 66, "island": "Oahu", "st_lengthshape": 1361.4786872167192 }, "geometry": { "type": "LineString", "coordinates": [ [ -157.759813885994845, 21.276116929467005 ], [ -157.76000590524481, 21.27613273129624 ], [ -157.760197061760778, 21.276157411285624 ], [ -157.760389356391727, 21.276170382616364 ], [ -157.760584221623134, 21.276156880162624 ], [ -157.760767500612218, 21.2762220072362 ], [ -157.761070831554804, 21.276298882142228 ], [ -157.761262797303971, 21.27627852803662 ], [ -157.761451570957604, 21.276241695191938 ], [ -157.761639828978446, 21.276202202406562 ], [ -157.761813430830642, 21.27613072594205 ], [ -157.761914059534291, 21.276087097087398 ], [ -157.762094692210155, 21.276024023739506 ], [ -157.762279943609542, 21.275972785874938 ], [ -157.76246205934595, 21.275913511789756 ], [ -157.762640146723896, 21.27584391751618 ], [ -157.762819119039733, 21.275776590704798 ], [ -157.763000850292286, 21.275716333025887 ], [ -157.763180396979038, 21.275650476219052 ], [ -157.763360603061017, 21.275586313374156 ], [ -157.763540668438623, 21.275521785234648 ], [ -157.763716972407565, 21.275447622750832 ], [ -157.763886661443877, 21.27537093807728 ], [ -157.764186288230434, 21.275255241082199 ], [ -157.764359679664608, 21.275175914490831 ], [ -157.764539212630382, 21.275107169779581 ], [ -157.764710447849723, 21.275024127655378 ], [ -157.764889681194262, 21.274954866334401 ], [ -157.76504660590345, 21.274847169570933 ], [ -157.765207038328469, 21.274745516681136 ], [ -157.765381966927094, 21.274673232162989 ], [ -157.765657995463016, 21.274573814536627 ], [ -157.765815746798609, 21.274468931677909 ], [ -157.765975942635578, 21.274367916775315 ], [ -157.766136498780213, 21.274267472575456 ], [ -157.76630412537645, 21.274178217771009 ], [ -157.766473676183494, 21.274092005915321 ], [ -157.766646822530305, 21.274011486207481 ], [ -157.766820199867055, 21.27393133025959 ], [ -157.766991217890677, 21.273847442154683 ], [ -157.767155084156627, 21.273752236370523 ], [ -157.767319042496183, 21.273657175631779 ], [ -157.767478932066581, 21.273555678178163 ], [ -157.767627299718697, 21.273435948256079 ], [ -157.767820414635707, 21.273387026369541 ], [ -157.767955742523952, 21.273257816436342 ], [ -157.768028110260133, 21.273174214753304 ], [ -157.768174606183521, 21.273056706488678 ], [ -157.768334392190525, 21.272953030259476 ], [ -157.768498282905256, 21.272853624345807 ], [ -157.768648667707623, 21.272745188716023 ], [ -157.768692447226726, 21.272713777460531 ], [ -157.768880637150176, 21.27267107873314 ], [ -157.76905798904275, 21.272598955163971 ], [ -157.769239258316617, 21.272539265251066 ], [ -157.769360483404, 21.272536808366137 ], [ -157.769550047709032, 21.272492438623441 ], [ -157.769741123405026, 21.272465660403903 ], [ -157.769933384591923, 21.272452671703572 ], [ -157.770126601827826, 21.272450818517729 ], [ -157.770314119073362, 21.272451764637207 ], [ -157.770897156165688, 21.272354926636254 ], [ -157.771085936924237, 21.272315239775487 ], [ -157.771267998257628, 21.272255674459483 ], [ -157.771455392221156, 21.272211886546955 ], [ -157.771637452364587, 21.272152317197147 ], [ -157.771814991862954, 21.272098013924108 ] ] } },
{ "type": "Feature", "properties": { "objectid": 67, "island": "Oahu", "st_lengthshape": 2527.6699773989958 }, "geometry": { "type": "LineString", "coordinates": [ [ -157.77241799120759, 21.271707360990291 ], [ -157.772603945806537, 21.271658159943939 ], [ -157.772782044790802, 21.271588460632984 ], [ -157.772966007670078, 21.271534061962129 ], [ -157.773160613621371, 21.27150744100258 ], [ -157.773344095156403, 21.271451786315001 ], [ -157.773524362431999, 21.271387745410284 ], [ -157.773712984222755, 21.271345505920657 ], [ -157.773897098391359, 21.271291502987253 ], [ -157.77406593816545, 21.271209829205294 ], [ -157.77485683748057, 21.270974678520947 ], [ -157.775041219181418, 21.270915266787384 ], [ -157.775217505417032, 21.270841357223226 ], [ -157.775388967897413, 21.270758809487511 ], [ -157.775555910499719, 21.270668168735565 ], [ -157.775723338208707, 21.270578396774969 ], [ -157.775872731348045, 21.270475817328741 ], [ -157.77611920480453, 21.270355419140994 ], [ -157.776266908796032, 21.270236649265186 ], [ -157.776416794080262, 21.270119684692784 ], [ -157.776534937447224, 21.269976441316658 ], [ -157.776666529625288, 21.269844333037579 ], [ -157.776795049828536, 21.269709680997547 ], [ -157.776988532068316, 21.269628810892577 ], [ -157.777393504824147, 21.269105008906525 ], [ -157.77739966469818, 21.268861424602832 ], [ -157.777510752347894, 21.268711165960621 ], [ -157.777645893230215, 21.268582301320251 ], [ -157.777793126144303, 21.268464192335404 ], [ -157.777940431552736, 21.268346146069913 ], [ -157.778058672729486, 21.268205409077222 ], [ -157.778148640423069, 21.268073455626766 ], [ -157.778228873205421, 21.267908424591084 ], [ -157.778319324215374, 21.267748811112952 ], [ -157.778408352946769, 21.267588443778578 ], [ -157.778502117893169, 21.267430586897596 ], [ -157.778587761839844, 21.26726842517915 ], [ -157.778715432571232, 21.267128541043 ], [ -157.778841743358214, 21.266987935978541 ], [ -157.778871172597377, 21.266795975961546 ], [ -157.778986289649197, 21.266649437519373 ], [ -157.779105768633343, 21.266505211637529 ], [ -157.779207002292566, 21.266351313732525 ], [ -157.779300428750446, 21.26619327770576 ], [ -157.779381169626163, 21.266028517074439 ], [ -157.779472873273562, 21.265869567776107 ], [ -157.779564821809629, 21.265713972650378 ], [ -157.779634862910882, 21.265630313403655 ], [ -157.779769089678609, 21.26550058198821 ], [ -157.779916841266441, 21.265382569522146 ], [ -157.78006887480683, 21.265268269207667 ], [ -157.780223311880036, 21.265167049085996 ], [ -157.78029520510961, 21.265123463535613 ], [ -157.780445843273128, 21.265009548437071 ], [ -157.780607437332122, 21.264911048334778 ], [ -157.78077781323492, 21.264824904868625 ], [ -157.780953204950976, 21.264745819517998 ], [ -157.781140657800307, 21.264683703675018 ], [ -157.781296792968902, 21.264577525268976 ], [ -157.781434839757111, 21.264445894022021 ], [ -157.78157933709997, 21.264323340431417 ], [ -157.781715103562533, 21.264188500783522 ], [ -157.781857780737596, 21.264063387128804 ], [ -157.782006842778173, 21.263947254873866 ], [ -157.782163460549526, 21.263841755722186 ], [ -157.782332036589224, 21.263753081650567 ], [ -157.782509345990604, 21.26367669510903 ], [ -157.78268781753286, 21.263601943764865 ], [ -157.782874130733603, 21.263538225897889 ], [ -157.783067814031767, 21.263484877703466 ], [ -157.78325303892683, 21.263419629339978 ], [ -157.78342892984017, 21.263341247714983 ], [ -157.783604635758422, 21.263262604387609 ], [ -157.783766233530855, 21.263164111938853 ], [ -157.783916969050495, 21.263050337861017 ], [ -157.784080144105417, 21.262954065251236 ], [ -157.784250532054216, 21.262867941653557 ], [ -157.784405269337725, 21.262759796969807 ], [ -157.784592931796965, 21.262697977641515 ], [ -157.784773032272, 21.26262551949646 ], [ -157.784936053893404, 21.262529031705551 ], [ -157.78506378320418, 21.262382889453598 ], [ -157.785196106209725, 21.262243344209701 ], [ -157.7852801210216, 21.262152797227269 ], [ -157.785442949130953, 21.262052069726007 ], [ -157.785619589642494, 21.261979724807414 ], [ -157.785784656913847, 21.261883596874231 ], [ -157.785949392260818, 21.261786787031774 ], [ -157.786128256636459, 21.261719011546241 ], [ -157.786304063365861, 21.261644953374578 ], [ -157.786476947954895, 21.261564891744321 ], [ -157.786645857439936, 21.261476659988556 ], [ -157.786820382256707, 21.261399968589469 ], [ -157.786985101266481, 21.261303125943176 ], [ -157.787161684274764, 21.261230665093585 ], [ -157.787347294700339, 21.26117675230217 ], [ -157.787527563303769, 21.261111865371365 ], [ -157.787693362968355, 21.261017244876783 ], [ -157.787851256984567, 21.260906379557884 ], [ -157.788012125846251, 21.26080162881879 ], [ -157.788170294266109, 21.260691327059185 ], [ -157.788329296486779, 21.260582741246505 ], [ -157.788496108244772, 21.260490203171315 ], [ -157.788672161714913, 21.26041665279088 ], [ -157.788856308181209, 21.26035973572716 ], [ -157.789038276502396, 21.260298340975631 ], [ -157.789205668537903, 21.260206994287554 ], [ -157.789370635890805, 21.260110667699788 ], [ -157.789542049966599, 21.260027587539788 ], [ -157.789720132600593, 21.259958207979825 ], [ -157.789898988461204, 21.259890420124584 ], [ -157.790044010078503, 21.259769781302605 ], [ -157.790212253687912, 21.25962606757609 ], [ -157.790326490284144, 21.25947812936683 ], [ -157.790451334986216, 21.259339892794245 ], [ -157.790583265718936, 21.259208135472331 ], [ -157.790744549454331, 21.259103224124203 ], [ -157.790928141116098, 21.259018713046224 ], [ -157.791083590289759, 21.258908466548306 ], [ -157.791195433083914, 21.25875833876551 ], [ -157.791287692822721, 21.258601277887362 ] ] } },
{ "type": "Feature", "properties": { "objectid": 68, "island": "Oahu", "st_lengthshape": 1181.9131743096286 }, "geometry": { "type": "LineString", "coordinates": [ [ -157.796268621981454, 21.257404725148433 ], [ -157.796458280467391, 21.257370790362017 ], [ -157.796645099220683, 21.257326371124069 ], [ -157.79682112716506, 21.257242107438802 ], [ -157.796998758628092, 21.257163762269958 ], [ -157.797176302852279, 21.257085101 ], [ -157.797375764522428, 21.257087362568491 ], [ -157.79757607857178, 21.257092773778041 ], [ -157.797776596622839, 21.257098937825326 ], [ -157.797976546763948, 21.257103003526957 ], [ -157.798170675217193, 21.257085571068426 ], [ -157.798359879160131, 21.257049959593392 ], [ -157.798547569114618, 21.257008755966982 ], [ -157.79874748082338, 21.257012681353533 ], [ -157.798936825874193, 21.256977588772429 ], [ -157.799102998461791, 21.25685694154075 ], [ -157.799284898849976, 21.256794364975853 ], [ -157.799465331001699, 21.256726365539478 ], [ -157.799644454893837, 21.256653535192047 ], [ -157.799829919868557, 21.256604120505084 ], [ -157.800018902072935, 21.256567690686989 ], [ -157.800189101592224, 21.256461916407801 ], [ -157.800370812090136, 21.256398638957066 ], [ -157.80055931951739, 21.256360457076298 ], [ -157.800745696226102, 21.256314406646492 ], [ -157.800934072451497, 21.256275742800501 ], [ -157.80112369032264, 21.256241661438093 ], [ -157.801314923201176, 21.256213542881756 ], [ -157.801502168843655, 21.256170700297083 ], [ -157.801691537557275, 21.256135701377953 ], [ -157.801888599036062, 21.256129099908087 ], [ -157.802080507276258, 21.256103475919929 ], [ -157.802282641478882, 21.256115602100476 ], [ -157.802481725125034, 21.256116466376053 ], [ -157.8026903929333, 21.256152715666097 ], [ -157.802884076305929, 21.256133641209008 ], [ -157.803085297307689, 21.25614239932991 ], [ -157.803280064285218, 21.25612732419534 ], [ -157.803475966309435, 21.256116444109729 ], [ -157.80366575481159, 21.256082989825337 ], [ -157.803852000297979, 21.256036457079286 ], [ -157.804042116142426, 21.256004214327092 ], [ -157.804229429172722, 21.255961624805707 ], [ -157.804411264830975, 21.25589881174399 ], [ -157.804586192152101, 21.255810497332039 ], [ -157.804765815195822, 21.255739519588985 ], [ -157.804946693964325, 21.255673175915089 ], [ -157.805124433808857, 21.255595246375176 ], [ -157.805303443390386, 21.255522005208345 ], [ -157.805481392515361, 21.255444848255593 ], [ -157.805657725282259, 21.255361723591591 ], [ -157.805841771045777, 21.255307074085962 ], [ -157.806028189055183, 21.255261181494038 ], [ -157.806222571974104, 21.255244691789116 ], [ -157.806414150099499, 21.255217848999074 ], [ -157.806590502677579, 21.255134802963624 ], [ -157.806787752889676, 21.255128897165292 ], [ -157.806977412258448, 21.255094972904679 ], [ -157.807188980338111, 21.255141918850239 ] ] } },
{ "type": "Feature", "properties": { "objectid": 69, "island": "Oahu", "st_lengthshape": 800.8784747073322 }, "geometry": { "type": "LineString", "coordinates": [ [ -157.811315047209149, 21.256085996630304 ], [ -157.811510974577828, 21.256130785290068 ], [ -157.811704795088843, 21.256142460348819 ], [ -157.811895098838676, 21.256098899511105 ], [ -157.812086785632346, 21.256077059455055 ], [ -157.81227847915568, 21.256055335763754 ], [ -157.812470547535838, 21.256039499198451 ], [ -157.812660828785226, 21.255995579578634 ], [ -157.812852571760345, 21.255974639720364 ], [ -157.813046879295285, 21.255993963888773 ], [ -157.813238582946639, 21.255972394549953 ], [ -157.813364943493184, 21.255950417414926 ], [ -157.813560465901446, 21.25594681147215 ], [ -157.81374903723281, 21.255986158836969 ], [ -157.81393716661097, 21.256028240168387 ], [ -157.814123753059221, 21.256079852085971 ], [ -157.814313712667911, 21.256110625451182 ], [ -157.814504888975478, 21.256133880083009 ], [ -157.814695531917977, 21.256175263675576 ], [ -157.814870624437674, 21.256252579538465 ], [ -157.815050240590466, 21.256322687224877 ], [ -157.815217786953298, 21.25641202626614 ], [ -157.815384906942029, 21.256502046020881 ], [ -157.815552765105025, 21.256590889164261 ], [ -157.815721213058737, 21.256678793147564 ], [ -157.815890267414318, 21.256765729177072 ], [ -157.816061182473021, 21.256849702332186 ], [ -157.816233667357409, 21.256931174005594 ], [ -157.8163895171825, 21.257039152636864 ], [ -157.816541265542043, 21.257153665495693 ], [ -157.816692754473422, 21.25726859377265 ], [ -157.816860978438285, 21.257356854645451 ], [ -157.81729563193241, 21.257646434644588 ], [ -157.817485429461755, 21.257689532925728 ], [ -157.817674678769947, 21.257739390867325 ], [ -157.817864612315333, 21.257780812983437 ], [ -157.818054694523113, 21.25782040655757 ], [ -157.818249616704321, 21.257800316750654 ], [ -157.818323466581035, 21.257821113905315 ], [ -157.818466116777813, 21.257925139764321 ] ] } },
{ "type": "Feature", "properties": { "objectid": 70, "island": "Oahu", "st_lengthshape": 181.41398828450437 }, "geometry": { "type": "LineString", "coordinates": [ [ -157.820633089603547, 21.261119724795932 ], [ -157.820824996092711, 21.261175704035335 ], [ -157.821001771785348, 21.261252910887421 ], [ -157.821157530061697, 21.261359601006735 ], [ -157.821235567609818, 21.261537195117395 ], [ -157.821292901684984, 21.261709788647739 ], [ -157.821354918282282, 21.261880858358946 ], [ -157.821412402377177, 21.262053403215077 ], [ -157.821373522370209, 21.262257300399444 ], [ -157.821397988195855, 21.262400867401585 ] ] } },
{ "type": "Feature", "properties": { "objectid": 71, "island": "Oahu", "st_lengthshape": 175.02861828410238 }, "geometry": { "type": "LineString", "coordinates": [ [ -157.821413233712406, 21.262530538939366 ], [ -157.821474004020246, 21.262702047977751 ], [ -157.821430440736464, 21.262903562674989 ], [ -157.821456624181195, 21.263085018318744 ], [ -157.821505881494517, 21.263259838174466 ], [ -157.821571078184093, 21.263430074535254 ], [ -157.821650511324407, 21.26359621595812 ], [ -157.821732091955482, 21.2637617408895 ], [ -157.821809465043088, 21.263928474922814 ], [ -157.821853559408794, 21.264023692979997 ] ] } },
{ "type": "Feature", "properties": { "objectid": 72, "island": "Oahu", "st_lengthshape": 369.26283382969285 }, "geometry": { "type": "LineString", "coordinates": [ [ -157.821638383311353, 21.265333177957228 ], [ -157.821715273074943, 21.265500655759904 ], [ -157.821794751263241, 21.265667457822463 ], [ -157.821833530184364, 21.26584488378295 ], [ -157.821851202272853, 21.266027820121593 ], [ -157.821847116536276, 21.26621643483832 ], [ -157.821839555918444, 21.266405957557478 ], [ -157.821869063608688, 21.266585803918183 ], [ -157.821969460210909, 21.266747145698822 ], [ -157.822067947683337, 21.266908986303768 ], [ -157.822163223198601, 21.267071664435967 ], [ -157.822297319311218, 21.267224209464079 ], [ -157.822345284669694, 21.267399237773461 ], [ -157.822419135925628, 21.26756750891418 ], [ -157.822456078094234, 21.267745415158714 ], [ -157.822478247745892, 21.267927176831709 ], [ -157.822469102882849, 21.268117113094416 ], [ -157.822466184401321, 21.26830542339329 ], [ -157.822481691156185, 21.268488924503188 ] ] } },
{ "type": "Feature", "properties": { "objectid": 73, "island": "Oahu", "st_lengthshape": 327.06897430804491 }, "geometry": { "type": "LineString", "coordinates": [ [ -157.822725472195543, 21.26854679120337 ], [ -157.822753736084707, 21.268726391140817 ], [ -157.822759430659062, 21.268907018630991 ], [ -157.822728147822289, 21.269089330042153 ], [ -157.822745053308381, 21.269269447750727 ], [ -157.82274273203268, 21.269450440202025 ], [ -157.82274136426804, 21.269631389625314 ], [ -157.822721851413604, 21.269813164431337 ], [ -157.822694988859666, 21.269995274523538 ], [ -157.822776710634741, 21.270172440239076 ], [ -157.822811899254816, 21.270351725370162 ], [ -157.822801834208519, 21.270608661760441 ], [ -157.822640576498515, 21.270854088428653 ], [ -157.822724957386725, 21.271017727254424 ], [ -157.822815962833261, 21.271179160168952 ], [ -157.823000128593662, 21.27130468354812 ] ] } },
{ "type": "Feature", "properties": { "objectid": 74, "island": "Oahu", "st_lengthshape": 200.70738503489278 }, "geometry": { "type": "LineString", "coordinates": [ [ -157.822980117410026, 21.271560394097616 ], [ -157.823039683175068, 21.271732990014456 ], [ -157.823110213383586, 21.271901210581589 ], [ -157.82318688433898, 21.272066981553362 ], [ -157.823268813317014, 21.272230653597099 ], [ -157.823375503122975, 21.272384445574776 ], [ -157.823474743383315, 21.272541210028663 ], [ -157.823546631924501, 21.272708888848065 ], [ -157.8236336657653, 21.272870523995234 ], [ -157.823709910405654, 21.273036465228117 ], [ -157.823800648713018, 21.273196622012883 ] ] } },
{ "type": "Feature", "properties": { "objectid": 75, "island": "Oahu", "st_lengthshape": 224.4676911875784 }, "geometry": { "type": "LineString", "coordinates": [ [ -157.823988123517182, 21.27338475017601 ], [ -157.823983477129332, 21.273586076250155 ], [ -157.824048565547344, 21.273756968658716 ], [ -157.824124130491668, 21.273923288921349 ], [ -157.824199983811411, 21.274089483787861 ], [ -157.824278445760939, 21.274254539582632 ], [ -157.824385114496863, 21.274407285609257 ], [ -157.824660620579436, 21.274794384884821 ], [ -157.824842169090118, 21.274856515946396 ], [ -157.825024469965314, 21.274916165923738 ], [ -157.825091645298897, 21.274984178591072 ] ] } },
{ "type": "Feature", "properties": { "objectid": 76, "island": "Oahu", "st_lengthshape": 538.93452226278544 }, "geometry": { "type": "LineString", "coordinates": [ [ -157.82520748308005, 21.27503508698047 ], [ -157.825255033043987, 21.275297377760662 ], [ -157.825374867276309, 21.275455853114867 ], [ -157.825530849621146, 21.275562413913025 ], [ -157.825763223523865, 21.275559260450333 ], [ -157.825926399366779, 21.275655489230257 ], [ -157.826078823818477, 21.275767160542159 ], [ -157.826235829730422, 21.275872251702587 ], [ -157.826399227559961, 21.275968160888127 ], [ -157.826562381854046, 21.276064422356505 ], [ -157.8267254739674, 21.276160773580404 ], [ -157.826916890043719, 21.276216444199534 ], [ -157.827103534957786, 21.276278967963002 ], [ -157.827233373793348, 21.276423077305978 ], [ -157.827392643095891, 21.276524918328676 ], [ -157.827566896301192, 21.27660523984315 ], [ -157.827942446651292, 21.276639324199383 ], [ -157.828134038814369, 21.27666365320928 ], [ -157.828322662840719, 21.2767366209344 ], [ -157.828513969412199, 21.276765639767437 ], [ -157.828708208854579, 21.276746582917163 ], [ -157.828902343008224, 21.27672925511084 ], [ -157.829096291044692, 21.276714980164957 ], [ -157.829289862584119, 21.276706868954772 ], [ -157.829483117341084, 21.276703955264388 ], [ -157.829676084302292, 21.276705745139619 ] ] } },
{ "type": "Feature", "properties": { "objectid": 77, "island": "Oahu", "st_lengthshape": 222.74959454132997 }, "geometry": { "type": "LineString", "coordinates": [ [ -157.829752241542991, 21.276655807892052 ], [ -157.829934192211283, 21.276717397089243 ], [ -157.830113438983943, 21.276788435804942 ], [ -157.830293828792634, 21.276855482941077 ], [ -157.830474396217284, 21.276921907780032 ], [ -157.83065639610183, 21.276983328529411 ], [ -157.830839488487271, 21.277040928079547 ], [ -157.831021098151552, 21.277103713478059 ], [ -157.831194825967486, 21.27719404183247 ], [ -157.831362865490064, 21.277304253137622 ], [ -157.831545259779489, 21.277364295303631 ], [ -157.831736029785901, 21.277395066622329 ] ] } },
{ "type": "Feature", "properties": { "objectid": 78, "island": "Oahu", "st_lengthshape": 118.54239526202687 }, "geometry": { "type": "LineString", "coordinates": [ [ -157.832494348095508, 21.277534797968347 ], [ -157.832677188215456, 21.277593284570642 ], [ -157.832802132699641, 21.27763731293312 ], [ -157.83293086157903, 21.277685339661495 ], [ -157.833100467878694, 21.277771649062082 ], [ -157.833269737652699, 21.277858613639996 ], [ -157.833436322577654, 21.277950807288065 ], [ -157.833522135607296, 21.277994821564903 ] ] } },
{ "type": "Feature", "properties": { "objectid": 79, "island": "Oahu", "st_lengthshape": 872.50720291588584 }, "geometry": { "type": "LineString", "coordinates": [ [ -157.833707061468459, 21.27834336145197 ], [ -157.833870637167166, 21.278438973088978 ], [ -157.834037493356249, 21.278529776823813 ], [ -157.834208354504966, 21.278614714363435 ], [ -157.834381619514176, 21.278696127058861 ], [ -157.834550702477287, 21.278783670001147 ], [ -157.834720647640751, 21.278869949473766 ], [ -157.834894227229398, 21.278950902202702 ], [ -157.835059818968205, 21.279043560829106 ], [ -157.835180598811007, 21.279132507187288 ], [ -157.835226131031192, 21.279170363640354 ], [ -157.835342699416259, 21.279314361759955 ], [ -157.83545776801364, 21.279459494038427 ], [ -157.835576368214674, 21.279601955829687 ], [ -157.835691147339304, 21.279747307292258 ], [ -157.83580619527396, 21.279892455470105 ], [ -157.835918624459879, 21.280039584691774 ], [ -157.836029375436851, 21.280187983262362 ], [ -157.836146844227585, 21.280331301415 ], [ -157.836276303700515, 21.280465550035828 ], [ -157.836573587212825, 21.280766629252476 ], [ -157.836723158560915, 21.280888855867168 ], [ -157.836874807962744, 21.281007318703594 ], [ -157.837021039667917, 21.281135596444141 ], [ -157.837169419831923, 21.281259982612436 ], [ -157.837197442398462, 21.281306329747114 ], [ -157.83737046347332, 21.281395606430408 ], [ -157.837490147031389, 21.281541566082147 ], [ -157.837614038559821, 21.281683053073635 ], [ -157.837943934175513, 21.28175392384896 ], [ -157.838145711905241, 21.281762385165777 ], [ -157.838328196572377, 21.281820713475408 ], [ -157.838507813500797, 21.281886454964926 ], [ -157.838718426294179, 21.281872081744698 ], [ -157.838835118283299, 21.281935705026001 ], [ -157.839430443175587, 21.281780434204364 ], [ -157.839615547992622, 21.28171947563035 ], [ -157.8398100097819, 21.281673651786519 ], [ -157.840009195243738, 21.281635467760996 ], [ -157.840096762171527, 21.28141673592414 ], [ -157.840256714054334, 21.281315089601044 ], [ -157.840325489539566, 21.281246158789344 ] ] } },
{ "type": "Feature", "properties": { "objectid": 80, "island": "Oahu", "st_lengthshape": 21.059642161827764 }, "geometry": { "type": "LineString", "coordinates": [ [ -157.840803760788475, 21.28160634516053 ], [ -157.840963213006745, 21.281724070406145 ] ] } },
{ "type": "Feature", "properties": { "objectid": 81, "island": "Oahu", "st_lengthshape": 354.54284466253023 }, "geometry": { "type": "LineString", "coordinates": [ [ -157.845991942754409, 21.282225411647261 ], [ -157.845907769461405, 21.282412951354058 ], [ -157.845867419163909, 21.282597215704982 ], [ -157.845837008294239, 21.282780736909821 ], [ -157.845982673688837, 21.283194012993892 ], [ -157.846086028502128, 21.283363585463906 ], [ -157.846208174185705, 21.283510580603803 ], [ -157.846340648551234, 21.283645164163431 ], [ -157.846480465445154, 21.283770924741187 ], [ -157.846637630241105, 21.283875841566108 ], [ -157.846803762453987, 21.283969983394673 ], [ -157.846988438349655, 21.284041843231829 ], [ -157.847176505133035, 21.28409802953059 ], [ -157.847645510956312, 21.284152855496259 ], [ -157.847836985387829, 21.284121197987602 ], [ -157.847920668200231, 21.28409237303816 ] ] } },
{ "type": "Feature", "properties": { "objectid": 82, "island": "Oahu", "st_lengthshape": 1279.2932030691334 }, "geometry": { "type": "LineString", "coordinates": [ [ -157.846284218890133, 21.285939215050991 ], [ -157.846173284238205, 21.286087774922908 ], [ -157.846057636595134, 21.286233771991476 ], [ -157.845969751826345, 21.286394864428427 ], [ -157.845879949541398, 21.286791897772915 ], [ -157.84589251414917, 21.286972227230105 ], [ -157.84597823526542, 21.287146662063122 ], [ -157.84599645013472, 21.287326536079895 ], [ -157.846072283334877, 21.287501767649687 ], [ -157.846207677671515, 21.287897548378663 ], [ -157.846297458784761, 21.288065916563578 ], [ -157.84639615892786, 21.288226535035854 ], [ -157.846458450208587, 21.288418792155611 ], [ -157.846656345007915, 21.288493212989927 ], [ -157.84686868097171, 21.288555083124855 ], [ -157.847068611311641, 21.288627734121398 ], [ -157.847318657404827, 21.288723945357283 ], [ -157.847491006462718, 21.288812325813698 ], [ -157.847664221029987, 21.28889814727609 ], [ -157.847839648895587, 21.288977420522986 ], [ -157.848017873177668, 21.289048417721641 ], [ -157.848198041352816, 21.289113664353003 ], [ -157.84837930787242, 21.289175657944234 ], [ -157.848561391474618, 21.28923523763201 ], [ -157.848744024809974, 21.289293189348975 ], [ -157.848926929627538, 21.289350337800649 ], [ -157.849110011213497, 21.289406962392214 ], [ -157.849293334664992, 21.289462872950828 ], [ -157.849476686877324, 21.289518698591706 ], [ -157.84965984193704, 21.289575104479606 ], [ -157.849843238838446, 21.289630799043508 ], [ -157.850027722178368, 21.289683277505805 ], [ -157.85021288740873, 21.289733739523882 ], [ -157.850397861372983, 21.289784767371287 ], [ -157.850582047179728, 21.289838125829085 ], [ -157.850765680622828, 21.289893119085562 ], [ -157.850949456260082, 21.289947694843168 ], [ -157.851133556660415, 21.290001306887348 ], [ -157.851317630554462, 21.29005499895657 ], [ -157.851501101784208, 21.290110473641711 ], [ -157.851686886727634, 21.290159103498578 ], [ -157.851874727883853, 21.290201647424887 ], [ -157.852063337741271, 21.290241913496565 ], [ -157.852250851579015, 21.290285426836732 ], [ -157.852436256221836, 21.290335180732921 ], [ -157.852620706966604, 21.290387758278939 ], [ -157.852804955588965, 21.290440935914248 ], [ -157.85298639260219, 21.290502434381747 ], [ -157.853164819745245, 21.290572838647211 ], [ -157.853341554103423, 21.290648253198462 ], [ -157.853517760813304, 21.290725232278895 ], [ -157.8536323573517, 21.290778532721401 ], [ -157.853721565988167, 21.290832316994255 ], [ -157.853881059734391, 21.290934880019115 ], [ -157.854039324528088, 21.291039453632937 ], [ -157.854199682782962, 21.291140600303848 ], [ -157.85436378256469, 21.291235616524656 ], [ -157.85452849178165, 21.291329635772172 ], [ -157.854689518514249, 21.291429687108561 ], [ -157.854843511054355, 21.291541260291115 ], [ -157.854995790358203, 21.291655643005527 ], [ -157.855150198304443, 21.291766536680814 ] ] } },
{ "type": "Feature", "properties": { "objectid": 83, "island": "Oahu", "st_lengthshape": 327.413312003317 }, "geometry": { "type": "LineString", "coordinates": [ [ -157.876739208965432, 21.301261942213618 ], [ -157.876934106512635, 21.301162072612417 ], [ -157.877126752585212, 21.301171099446062 ], [ -157.877319054411032, 21.301196767178709 ], [ -157.87751015966748, 21.301280352088185 ], [ -157.877702889953525, 21.301285299960327 ], [ -157.877895987356084, 21.301272498165261 ], [ -157.87808927359913, 21.301250563988116 ], [ -157.878282517158226, 21.301230690870987 ], [ -157.878475597465865, 21.301218732071639 ], [ -157.878668481810479, 21.301216207803684 ], [ -157.878861239392762, 21.301219846398901 ], [ -157.879054290730267, 21.301209287920447 ], [ -157.879247716972401, 21.301180561538835 ], [ -157.879439990354939, 21.301207628755307 ], [ -157.879631823552273, 21.301256021305832 ], [ -157.87982362615773, 21.301305923931096 ] ] } },
{ "type": "Feature", "properties": { "objectid": 84, "island": "Oahu", "st_lengthshape": 190.23279090082164 }, "geometry": { "type": "LineString", "coordinates": [ [ -157.882019269994231, 21.300929531375079 ], [ -157.882210032718405, 21.300902989067964 ], [ -157.882389116344683, 21.300813358259401 ], [ -157.882567697799971, 21.300721011893518 ], [ -157.8827368615772, 21.300577797989188 ], [ -157.882928328567289, 21.300555064664415 ], [ -157.883132238058778, 21.300599538539529 ], [ -157.883333683046061, 21.300630700397804 ], [ -157.8835342435695, 21.300657087974901 ], [ -157.88373079148073, 21.300668736736842 ] ] } },
{ "type": "Feature", "properties": { "objectid": 85, "island": "Oahu", "st_lengthshape": 4935.6949674217212 }, "geometry": { "type": "LineString", "coordinates": [ [ -157.970610411458324, 21.325153903557197 ], [ -157.970634708202709, 21.32497440680979 ], [ -157.970641672340577, 21.324793719832744 ], [ -157.9706529192228, 21.324613327387112 ], [ -157.970680364268134, 21.324434046837382 ], [ -157.970722685193635, 21.324255787867692 ], [ -157.970746441926451, 21.324076253440058 ], [ -157.970733211163491, 21.323894179827249 ], [ -157.970677507585208, 21.323709189241288 ], [ -157.970673958388517, 21.323527780180981 ], [ -157.970717852753694, 21.32334962929049 ], [ -157.970760105799116, 21.323171366247738 ], [ -157.970818097089165, 21.322994183345429 ], [ -157.970888225186144, 21.322817833571314 ], [ -157.97094643644283, 21.322676549447127 ], [ -157.971078980499357, 21.322530099070036 ], [ -157.971225855379686, 21.322388672557775 ], [ -157.971397370788054, 21.322255883389627 ], [ -157.971650163988613, 21.322182079608528 ], [ -157.971743895664019, 21.322153253630219 ], [ -157.972044144869045, 21.322172350207801 ], [ -157.972175236830395, 21.322039814483919 ], [ -157.972256438707745, 21.321862557846266 ], [ -157.972358597803066, 21.321704086726516 ], [ -157.972465746896972, 21.321550089060516 ], [ -157.972575547057346, 21.321398468158044 ], [ -157.972740795205141, 21.321296549849098 ], [ -157.972870102568862, 21.321162415305594 ], [ -157.973035999899253, 21.32106107974716 ], [ -157.973152157624753, 21.320915157199281 ], [ -157.973296075638814, 21.320794119906296 ], [ -157.973482389292059, 21.320711084502008 ], [ -157.97367202956184, 21.320631031511482 ], [ -157.973773104471775, 21.320471589762107 ], [ -157.973972811946282, 21.320400561616747 ], [ -157.97408623259841, 21.320252186936777 ], [ -157.974161011300595, 21.32006917408447 ], [ -157.974301788651644, 21.319945322414551 ], [ -157.974491411233458, 21.31986525297761 ], [ -157.974628799013345, 21.319738362909757 ], [ -157.97479947397045, 21.319641309754331 ], [ -157.974935008145223, 21.319512758464995 ], [ -157.97509873483304, 21.319409476892098 ], [ -157.975271341774658, 21.319314156027023 ], [ -157.975426107037379, 21.319202842279132 ], [ -157.975582426247968, 21.319092921890665 ], [ -157.975742437130265, 21.318986310488022 ], [ -157.975907959289344, 21.318884638980634 ], [ -157.976073406481873, 21.318782900894938 ], [ -157.976205035115953, 21.318650848349467 ], [ -157.976329905400462, 21.318512738652281 ], [ -157.976465163181786, 21.318383939521365 ], [ -157.976586247197588, 21.318242434990953 ], [ -157.976769714844437, 21.318156849742138 ], [ -157.976971293035859, 21.318087498769287 ], [ -157.977120642940889, 21.317971331550964 ], [ -157.977043240088364, 21.318032670336134 ], [ -157.977195179896512, 21.317914366843628 ], [ -157.977363696489647, 21.317826328438162 ], [ -157.97752890432497, 21.317732250223198 ], [ -157.977671131040609, 21.317596213528024 ], [ -157.977808302791459, 21.317450945502845 ], [ -157.977902255421554, 21.317226767984014 ], [ -157.977992269855065, 21.316995400502151 ], [ -157.978161309536944, 21.316908320237815 ], [ -157.97832502485258, 21.316811518222462 ], [ -157.978466489216885, 21.316674090300236 ], [ -157.978611437080986, 21.316543022734439 ], [ -157.978785737256857, 21.316465547346638 ], [ -157.978902451650043, 21.31641122295726 ], [ -157.979060341606271, 21.316336040815546 ], [ -157.979260586152776, 21.316350330591892 ], [ -157.979467999969444, 21.316396576215581 ], [ -157.979673860391074, 21.316435891024934 ], [ -157.979865029593412, 21.316409735608691 ], [ -157.980052353544238, 21.316366444879712 ], [ -157.980240188104204, 21.316325428244706 ], [ -157.980426841211226, 21.316279148106457 ], [ -157.980616691257524, 21.316247115176697 ], [ -157.980810539919162, 21.316232899220456 ], [ -157.981004463374376, 21.316219017759884 ], [ -157.981190914121129, 21.316171833915586 ], [ -157.981373789736296, 21.316108719790453 ], [ -157.981559081279954, 21.316056374465891 ], [ -157.981745705651946, 21.316009965279353 ], [ -157.981934839556772, 21.315974741928031 ], [ -157.982123349487154, 21.315936735647519 ], [ -157.982310655440983, 21.315893368167156 ], [ -157.982497131611836, 21.315846299539992 ], [ -157.982683291512956, 21.315797820348113 ], [ -157.982868983567698, 21.315747260237284 ], [ -157.983052973046853, 21.315689111687139 ], [ -157.983237068998562, 21.315631442389677 ], [ -157.98342200113666, 21.315577492826439 ], [ -157.983605242799172, 21.315516012722206 ], [ -157.983786771511433, 21.315446901665389 ], [ -157.983968864144799, 21.315380302626753 ], [ -157.984152242834455, 21.315319439776648 ], [ -157.984336446503647, 21.315262245998841 ], [ -157.984520548040393, 21.315204602394605 ], [ -157.984705253769164, 21.315149649020039 ], [ -157.984890689024553, 21.31509794856105 ], [ -157.985076713501911, 21.315048874998098 ], [ -157.985262008212999, 21.314996546294367 ], [ -157.985447577832275, 21.314945443182555 ], [ -157.985632044371044, 21.314889427603596 ], [ -157.985813453586644, 21.314819787780504 ], [ -157.985998205182142, 21.314765041918545 ], [ -157.986185944639402, 21.314723612296074 ], [ -157.98637302636493, 21.314679247780749 ], [ -157.986559234197784, 21.314630992150033 ], [ -157.986746848942886, 21.31458900553071 ], [ -157.986934567424242, 21.31454748278091 ], [ -157.987121877002579, 21.314504135143672 ], [ -157.987308843118683, 21.314459260241563 ], [ -157.987497327517758, 21.314421150092635 ], [ -157.987684549800548, 21.314377412817883 ], [ -157.987872369770713, 21.314336343133121 ], [ -157.988060639650769, 21.314297277935658 ], [ -157.988248841166637, 21.31425790494745 ], [ -157.988437480408919, 21.314220486683293 ], [ -157.988629191066508, 21.314196751006389 ], [ -157.988813947537324, 21.314142028213478 ], [ -157.989001489064236, 21.31409972149012 ], [ -157.989190340359414, 21.314063244109601 ], [ -157.989379842713021, 21.314029672233723 ], [ -157.989570250670425, 21.314000132156757 ], [ -157.989762920844356, 21.313980672339127 ], [ -157.989951954271248, 21.313945008269673 ], [ -157.990140926797949, 21.313909073494045 ], [ -157.990330315589546, 21.313874993931169 ], [ -157.990522971478839, 21.313855474424845 ], [ -157.990713900201882, 21.313828252550397 ], [ -157.990902238050836, 21.313789493501591 ], [ -157.991099074256908, 21.313788593657886 ], [ -157.991298156974324, 21.313797699869056 ], [ -157.991487998264432, 21.31376563724865 ], [ -157.991673501773903, 21.313714249384283 ], [ -157.991864741713528, 21.313688417526787 ], [ -157.992057379490689, 21.313668812119481 ], [ -157.992219518009648, 21.313513336121943 ], [ -157.992400717805936, 21.3134427762051 ], [ -157.992590006396824, 21.313408253487729 ], [ -157.992771765452687, 21.31334018455005 ], [ -157.992971127492751, 21.313350540780899 ], [ -157.993152163032306, 21.313279248177412 ], [ -157.993331001344018, 21.313198172551068 ], [ -157.993514502097781, 21.31313786733616 ], [ -157.993701922426482, 21.313095020625436 ], [ -157.993889692590869, 21.313053736015011 ], [ -157.994077364427909, 21.313012010633567 ], [ -157.994264042428313, 21.31296585771835 ], [ -157.994450546249453, 21.31291893292606 ], [ -157.994637658209143, 21.312874714615283 ], [ -157.994822709551471, 21.312821318496734 ], [ -157.995009554603826, 21.312775911967112 ], [ -157.995197570172991, 21.31273572048347 ], [ -157.995382944944339, 21.312683764828638 ], [ -157.995568983043057, 21.312634765330447 ], [ -157.995756806482774, 21.312593717418903 ], [ -157.99594265626979, 21.312543879799552 ], [ -157.996128825981316, 21.312495466779893 ], [ -157.996318033125618, 21.31246058516167 ], [ -157.996507944848901, 21.312428840621934 ], [ -157.996697956623876, 21.31239754275548 ], [ -157.996903209697535, 21.31243413519195 ], [ -157.997085779904609, 21.312369688160246 ], [ -157.997277023010582, 21.312343878981295 ], [ -157.997467017719373, 21.31231250334314 ], [ -157.997643396143161, 21.312220481366641 ], [ -157.997832152529128, 21.312183591527901 ], [ -157.998027673032539, 21.312176827763846 ], [ -157.998216858803517, 21.31214185531562 ], [ -157.998405600929232, 21.312104903306526 ], [ -157.998594654627226, 21.312069336087383 ], [ -157.998788880666666, 21.312056811591017 ], [ -157.998983076751358, 21.312044151176512 ], [ -157.999169314233427, 21.311996043205948 ], [ -157.999354528685444, 21.311943381075164 ], [ -157.999536746361883, 21.311877369906139 ], [ -157.999723775237754, 21.311832786679375 ], [ -157.999909466617964, 21.311782248915058 ], [ -158.000093895386385, 21.311726085006917 ], [ -158.000277221529387, 21.311665012328902 ], [ -158.000464248067573, 21.311620421019672 ], [ -158.000652301172693, 21.311580404241511 ], [ -158.000839735575852, 21.311537628113584 ], [ -158.001027032261305, 21.311494244753586 ], [ -158.001215014900822, 21.311453912523 ], [ -158.001411539625849, 21.311451623630454 ], [ -158.001598730340248, 21.311407762887303 ], [ -158.001784991536255, 21.311359767740775 ], [ -158.00197297758632, 21.311319450028186 ], [ -158.002161684219402, 21.311282341746235 ], [ -158.002350522715375, 21.31124582397112 ], [ -158.002544492041068, 21.311232155244205 ], [ -158.002733297630499, 21.311195492289784 ], [ -158.00291304488556, 21.31111848514816 ], [ -158.003098447088576, 21.311066662820362 ], [ -158.003283570248698, 21.311013598220281 ], [ -158.003469964334357, 21.31096619551154 ], [ -158.003657666837995, 21.310924616626806 ], [ -158.003845190451898, 21.31088224416094 ], [ -158.004031874384424, 21.310836131728916 ], [ -158.00421957471147, 21.310794544965223 ], [ -158.004407193485605, 21.31075259884372 ], [ -158.004593538281114, 21.310704975039791 ], [ -158.004781226123725, 21.310663336068341 ], [ -158.004969975336337, 21.310626420877096 ], [ -158.005156625877731, 21.310580162426159 ], [ -158.00536080258459, 21.310611948176177 ], [ -158.005551642714096, 21.310584345508566 ], [ -158.005736844983772, 21.310531639091902 ], [ -158.005921742929218, 21.310477575521794 ], [ -158.006108203020602, 21.310430468357424 ], [ -158.00629540530079, 21.310386665599868 ], [ -158.00648575449199, 21.310356880783608 ], [ -158.006677956128954, 21.310335339655399 ], [ -158.00686777353522, 21.310303182465169 ], [ -158.007055452852171, 21.310261506534495 ], [ -158.007242079907485, 21.310215146213807 ], [ -158.007430433963634, 21.31017647232736 ], [ -158.007618521123874, 21.310136613157002 ], [ -158.00780777083736, 21.31010192916041 ], [ -158.007998945068181, 21.310075819922844 ], [ -158.008192408992585, 21.310059902023895 ], [ -158.008383076719525, 21.310031531683919 ], [ -158.008573539365528, 21.310002249257593 ], [ -158.008764418493598, 21.309974825618909 ], [ -158.008955905135934, 21.309950102986942 ], [ -158.00912854543833, 21.309841464096468 ], [ -158.00931744531286, 21.309805223315724 ], [ -158.009507624807441, 21.309774681473876 ], [ -158.009707323961266, 21.309786525750287 ], [ -158.0098963247423, 21.309750736621965 ], [ -158.010085667144864, 21.309716467957262 ], [ -158.010274213711, 21.309678658361694 ], [ -158.010456173294557, 21.309611518734595 ], [ -158.01064292688929, 21.309565723576711 ], [ -158.01082914488893, 21.309517542707791 ], [ -158.011016953336593, 21.309476446658461 ], [ -158.011205144600666, 21.309437053808537 ], [ -158.01139327491731, 21.309397390260145 ], [ -158.011580621566253, 21.30935423374158 ], [ -158.011677618729351, 21.309332341562666 ] ] } },
{ "type": "Feature", "properties": { "objectid": 86, "island": "Oahu", "st_lengthshape": 920.88962439790294 }, "geometry": { "type": "LineString", "coordinates": [ [ -158.024212726470893, 21.306439299189037 ], [ -158.02440987295941, 21.306433333301328 ], [ -158.024603791635116, 21.306415258700383 ], [ -158.024799037706401, 21.306402164978707 ], [ -158.024995330866545, 21.306392996199055 ], [ -158.025183703469565, 21.306354118809313 ], [ -158.025384713706359, 21.306362645386383 ], [ -158.025598687312367, 21.306419793801648 ], [ -158.025803389418684, 21.306442166534545 ], [ -158.026005088523078, 21.306453274768462 ], [ -158.026210311023419, 21.306477599635766 ], [ -158.026420553838335, 21.306520753797535 ], [ -158.026604751851437, 21.306466216701587 ], [ -158.026788035255066, 21.306408248281056 ], [ -158.026972590525588, 21.306355051730655 ], [ -158.027154659972865, 21.306292531598771 ], [ -158.027341254722188, 21.306246986782288 ], [ -158.027524562054481, 21.306189109828228 ], [ -158.027723007561661, 21.306188013454804 ], [ -158.027911357684133, 21.306149050634684 ], [ -158.028101342941142, 21.3061162196304 ], [ -158.028289021089961, 21.306074740043989 ], [ -158.028488712205757, 21.306078312588618 ], [ -158.028665046094375, 21.305994283899878 ], [ -158.028840956410761, 21.305908664333558 ], [ -158.029021493773001, 21.305840401892404 ], [ -158.029204666410465, 21.305782021785888 ], [ -158.029387913247746, 21.305723919257723 ], [ -158.029573819842881, 21.30567579495969 ], [ -158.029760306861846, 21.305629847466641 ], [ -158.029947203069241, 21.305585434349826 ], [ -158.030133502639444, 21.305538783384307 ], [ -158.030320109756644, 21.305493289475915 ], [ -158.03047679946053, 21.305335585110083 ], [ -158.030654891856813, 21.305258157674707 ], [ -158.030831638582839, 21.305175679310388 ], [ -158.031010487139469, 21.30510108540356 ], [ -158.031191488354978, 21.305034567769756 ], [ -158.031373310866712, 21.304971128154794 ], [ -158.031555680837045, 21.304909745000323 ], [ -158.031738241702584, 21.304849073745974 ], [ -158.031920804294543, 21.304788411332499 ], [ -158.032103135261821, 21.304726881890776 ], [ -158.032284412214949, 21.304661399972026 ], [ -158.032460876029745, 21.304577864803008 ], [ -158.032650145187887, 21.304542357492995 ] ] } },
{ "type": "Feature", "properties": { "objectid": 87, "island": "Oahu", "st_lengthshape": 3180.8504682984199 }, "geometry": { "type": "LineString", "coordinates": [ [ -158.044070885555129, 21.30386799616231 ], [ -158.044272820134012, 21.303847409179596 ], [ -158.044463858767131, 21.303804468616953 ], [ -158.044675395171851, 21.303803582767095 ], [ -158.044880296200034, 21.303789083907297 ], [ -158.045067809513199, 21.303738907772701 ], [ -158.045255586252097, 21.303689273176186 ], [ -158.045443460866437, 21.303639840387973 ], [ -158.04557310930258, 21.303470942368069 ], [ -158.045765434461686, 21.303430639314474 ], [ -158.04595974140048, 21.30339440371754 ], [ -158.046142397632337, 21.303334264594163 ], [ -158.04627899732759, 21.303179630052259 ], [ -158.046455704635719, 21.30310728571699 ], [ -158.046631368028329, 21.303032798640448 ], [ -158.046809066436026, 21.302962486855883 ], [ -158.046992904497188, 21.302904772884517 ], [ -158.047172498869429, 21.302838351716808 ], [ -158.04734550319165, 21.302758410105231 ], [ -158.047515369380847, 21.302672028894651 ], [ -158.047685745361434, 21.302586694767111 ], [ -158.047856378994737, 21.30250189043025 ], [ -158.048034711810033, 21.302432881851221 ], [ -158.048190104253791, 21.302316808702134 ], [ -158.048333741852161, 21.302176618440807 ], [ -158.048485000561243, 21.302052063614479 ], [ -158.048639841365883, 21.301934856697898 ], [ -158.048813867676586, 21.301857014364902 ], [ -158.048996394400348, 21.301796612918508 ], [ -158.049189706149861, 21.301758335125147 ], [ -158.049374066142292, 21.301701694702597 ], [ -158.049551732239536, 21.30163132010804 ], [ -158.049723996527916, 21.301549863027972 ], [ -158.049787970303015, 21.301514102902779 ], [ -158.04997507371499, 21.301459822625503 ], [ -158.050164022130929, 21.301419500769992 ], [ -158.050353928438625, 21.301386423374876 ], [ -158.050540980034157, 21.301331750973414 ], [ -158.050730806192234, 21.301298065581843 ], [ -158.050920656170746, 21.301264561699153 ], [ -158.051104232919073, 21.301183625007205 ], [ -158.051294216004152, 21.301151127878903 ], [ -158.051482940312184, 21.301109113818583 ], [ -158.051674355725453, 21.30108744664809 ], [ -158.05186741598348, 21.301078216260315 ], [ -158.052064833551611, 21.30110192797429 ], [ -158.052260597032614, 21.301113139166084 ], [ -158.052455106410832, 21.301114864164933 ], [ -158.052652456091948, 21.30113806346375 ], [ -158.052847638599417, 21.301144876366525 ], [ -158.053036037933794, 21.301100408587782 ], [ -158.05322669364125, 21.301073001226325 ], [ -158.05342167754236, 21.301078305403703 ], [ -158.053613610368302, 21.301060558055394 ], [ -158.053804951985285, 21.301038326092993 ], [ -158.053998003837762, 21.301029036289691 ], [ -158.054191017106206, 21.301019446104668 ], [ -158.054384204141172, 21.301011172084674 ], [ -158.054577368161603, 21.301002726058943 ], [ -158.054769537197728, 21.300986754877414 ], [ -158.054958863719008, 21.300949298124628 ], [ -158.0551462360242, 21.300897064332272 ], [ -158.055336550009486, 21.300867074216971 ], [ -158.055531182458367, 21.300869730499695 ], [ -158.055725353298868, 21.300868892164658 ], [ -158.055918423333907, 21.300859733054519 ], [ -158.056110855111484, 21.300845750279663 ], [ -158.056304175248698, 21.3008384830318 ], [ -158.056497426420435, 21.300830691178223 ], [ -158.056690438412716, 21.300821099911676 ], [ -158.056882336717905, 21.300803079391276 ], [ -158.057073325388558, 21.300778186490401 ], [ -158.057267731598245, 21.300779129277711 ], [ -158.057461606230703, 21.300776053062762 ], [ -158.057652867010432, 21.300753220871908 ], [ -158.057841631622324, 21.300711516936921 ], [ -158.058032477476985, 21.300685548849042 ], [ -158.058225326510666, 21.300674717184073 ], [ -158.058417194132431, 21.30065646977183 ], [ -158.058609922627625, 21.300644727222942 ], [ -158.058798246279594, 21.300599695969748 ], [ -158.058981769512513, 21.300518377995438 ], [ -158.05917296448456, 21.300495051313675 ], [ -158.059363402449179, 21.300465996872781 ], [ -158.059553105405541, 21.300431390065423 ], [ -158.059747036683433, 21.300428740652439 ], [ -158.059941379092265, 21.300429203865395 ], [ -158.06013718592618, 21.300440728654028 ], [ -158.060332884256582, 21.300451433187273 ], [ -158.06052470357946, 21.30043282441714 ], [ -158.060708736257141, 21.3003553623555 ], [ -158.060894705035793, 21.300292540340283 ], [ -158.06108371389999, 21.300252688849309 ], [ -158.061287423416331, 21.300323936019232 ], [ -158.061485102239772, 21.30034961217633 ], [ -158.061679941431834, 21.300353820016081 ], [ -158.061879691126194, 21.30039514314813 ], [ -158.062071758693122, 21.300378400502723 ], [ -158.0622627102629, 21.30035323765226 ], [ -158.062453461295917, 21.300326548453686 ], [ -158.062640392566124, 21.30027100346744 ], [ -158.062832834331886, 21.300257091613641 ], [ -158.063028471997001, 21.300267339143502 ], [ -158.06321557048102, 21.30021305203276 ], [ -158.063401174760287, 21.300147476903067 ], [ -158.06359037698428, 21.300109091739852 ], [ -158.063781533206168, 21.300085473172697 ], [ -158.063970935845504, 21.300048601054975 ], [ -158.064160115765588, 21.300010044367092 ], [ -158.064347928396927, 21.299961161632552 ], [ -158.064539763318862, 21.299942674816403 ], [ -158.064731256893282, 21.299921603841021 ], [ -158.064920531235799, 21.299883765048687 ], [ -158.065114258620895, 21.299879573339073 ], [ -158.065310105852376, 21.299891400396149 ], [ -158.065501610340959, 21.299870409908824 ], [ -158.065697187092525, 21.299880194134296 ], [ -158.065896571288533, 21.299918743236532 ], [ -158.066102719394507, 21.300008391386196 ], [ -158.0662994769026, 21.300027096655342 ], [ -158.066495111050898, 21.300037303091369 ], [ -158.066690282336623, 21.300044023053694 ], [ -158.06688669131276, 21.300060084036524 ], [ -158.067076611307897, 21.300027127695614 ], [ -158.067271880207528, 21.300034578411033 ], [ -158.067467010217115, 21.300040974714904 ], [ -158.067661204374645, 21.300040307902325 ], [ -158.067847122307768, 21.299977110111161 ], [ -158.068037296027853, 21.299946067575746 ], [ -158.068217216643404, 21.29983756546326 ], [ -158.06840171324518, 21.299763638902185 ], [ -158.068585389759107, 21.299683515385727 ], [ -158.068771374987875, 21.299620830073199 ], [ -158.068956282437199, 21.299550006683372 ], [ -158.06914286179753, 21.299491818872475 ], [ -158.069332388657358, 21.299455893568396 ], [ -158.069524598971981, 21.299440237208831 ], [ -158.069716878240428, 21.299425107717735 ], [ -158.069906969032559, 21.299393444618012 ], [ -158.070094091773882, 21.299339362182316 ], [ -158.070282372165366, 21.299294020433109 ], [ -158.070467649414411, 21.299225999872952 ], [ -158.070653394951421, 21.299161516868537 ], [ -158.070840103951809, 21.299104308090364 ], [ -158.071028335978269, 21.299058605650586 ], [ -158.071213865741441, 21.298992491909711 ], [ -158.071399216774637, 21.298925032646252 ], [ -158.071584174646063, 21.298854604993824 ], [ -158.071764028862617, 21.298745626987795 ], [ -158.071950585985832, 21.298687280476685 ], [ -158.072140001738944, 21.298650522881299 ], [ -158.072328298154389, 21.298605318011095 ], [ -158.072521064011227, 21.298593867685696 ], [ -158.072714575402358, 21.298588046096615 ], [ -158.07291336175922, 21.298622069081183 ], [ -158.073102797495551, 21.298585461377016 ], [ -158.073289789314032, 21.29853040248565 ], [ -158.073445915385946, 21.298473984527966 ] ] } },
{ "type": "Feature", "properties": { "objectid": 88, "island": "Oahu", "st_lengthshape": 524.43830392285042 }, "geometry": { "type": "LineString", "coordinates": [ [ -158.075051269822637, 21.298724712285559 ], [ -158.075243989172321, 21.298719163504792 ], [ -158.075434989115649, 21.298672085397996 ], [ -158.075625976372635, 21.298624705249747 ], [ -158.07581651465452, 21.298566471126559 ], [ -158.076010005107349, 21.298579570109027 ], [ -158.076203290493766, 21.298587696081245 ], [ -158.07639618139163, 21.298586292829075 ], [ -158.076589603274329, 21.298597730237201 ], [ -158.076782190073686, 21.298588990698999 ], [ -158.076975703392691, 21.298602620829548 ], [ -158.077171135886005, 21.298662617083558 ], [ -158.077364962716189, 21.298683806720106 ], [ -158.077558476967596, 21.298697474135551 ], [ -158.077751863206799, 21.29870802554532 ], [ -158.07794399597168, 21.298688328808872 ], [ -158.078135864941373, 21.298662231296142 ], [ -158.078324713150892, 21.298563219739282 ], [ -158.078517025938197, 21.298547854447907 ], [ -158.078709197942032, 21.298529086688923 ], [ -158.07890096090901, 21.298500457158784 ], [ -158.079092279625769, 21.298461112811431 ], [ -158.079283924305656, 21.2984296273012 ], [ -158.07947532429742, 21.298392219042686 ], [ -158.079666548874712, 21.298350609480615 ], [ -158.079857718181188, 21.298307641515152 ], [ -158.080005560382176, 21.298264126618221 ] ] } },
{ "type": "Feature", "properties": { "objectid": 89, "island": "Oahu", "st_lengthshape": 996.66968828047186 }, "geometry": { "type": "LineString", "coordinates": [ [ -158.088837193788777, 21.295884540909167 ], [ -158.08903035035928, 21.295887541459148 ], [ -158.089223633721019, 21.295893122723133 ], [ -158.089415873025018, 21.295877582713779 ], [ -158.089608168782803, 21.295863201913633 ], [ -158.089801069044285, 21.295861018913357 ], [ -158.089993960625719, 21.295858680251595 ], [ -158.090187525292066, 21.295869937394986 ], [ -158.090380530124378, 21.295869877400541 ], [ -158.090574027023024, 21.295879780367894 ], [ -158.090767446079525, 21.295888081781424 ], [ -158.090959852404524, 21.2958759333562 ], [ -158.091153240579956, 21.295883618007743 ], [ -158.091346714516419, 21.295893038426279 ], [ -158.091539463010832, 21.295887798956127 ], [ -158.091731774199843, 21.295873713041253 ], [ -158.091924213932998, 21.295862236760225 ], [ -158.092116598890613, 21.295849629747753 ], [ -158.092309059131225, 21.295838574142639 ], [ -158.092499674813382, 21.295790202239473 ], [ -158.092690976410324, 21.295755709892148 ], [ -158.092883373907227, 21.295743387554229 ], [ -158.093075041625696, 21.295716292375555 ], [ -158.093266530842953, 21.295685597575616 ], [ -158.09345789220464, 21.295652317097595 ], [ -158.093650967221947, 21.295653677557631 ], [ -158.09384364598489, 21.29564702567912 ], [ -158.094035718267008, 21.29562812044195 ], [ -158.094227141960488, 21.295596116894696 ], [ -158.094418617159931, 21.295565135205706 ], [ -158.094611061559675, 21.295553758851256 ], [ -158.094803336111397, 21.295538944639507 ], [ -158.094995387665421, 21.295519609048583 ], [ -158.095188345004431, 21.295518601875401 ], [ -158.095383080894436, 21.295553526109444 ], [ -158.095577033694838, 21.295572601208789 ], [ -158.095769063658423, 21.295552850837076 ], [ -158.095962025405214, 21.295551922305105 ], [ -158.096154779557082, 21.295546791394504 ], [ -158.096346905535938, 21.295528982389669 ], [ -158.096539768628617, 21.295526054232884 ], [ -158.096735821331094, 21.295587554446971 ], [ -158.096929189889437, 21.295594845676096 ], [ -158.097121265321164, 21.295576000161127 ], [ -158.09731502777916, 21.295591251552807 ], [ -158.097507728777174, 21.295585046412015 ], [ -158.097701190174831, 21.295594195650029 ], [ -158.097895033402352, 21.295611078440562 ], [ -158.098086482215706, 21.295579581964347 ], [ -158.098276203352043, 21.295513169399307 ], [ -158.098364176891891, 21.295470007613588 ] ] } },
{ "type": "Feature", "properties": { "objectid": 90, "island": "Oahu", "st_lengthshape": 1036.2886868058088 }, "geometry": { "type": "LineString", "coordinates": [ [ -158.130507180401708, 21.356846195995363 ], [ -158.130537735623903, 21.35702759706232 ], [ -158.13056391455828, 21.357210431825916 ], [ -158.130625470615257, 21.35738168320264 ], [ -158.130739892916012, 21.357535624373963 ], [ -158.130760340084578, 21.357720336618875 ], [ -158.130752175182351, 21.357914415889578 ], [ -158.130788930654433, 21.358093788228945 ], [ -158.130829362023064, 21.358271956314326 ], [ -158.130891403874017, 21.358443048391035 ], [ -158.130958705451036, 21.358612418587182 ], [ -158.131031748958833, 21.358779908578182 ], [ -158.131107447066597, 21.358946529604509 ], [ -158.131184000516328, 21.359112871340713 ], [ -158.131281733662405, 21.35927227751549 ], [ -158.131409664144968, 21.359421796189832 ], [ -158.131512211881727, 21.359579626229152 ], [ -158.131592005175833, 21.35974490582759 ], [ -158.131634081593063, 21.359922535646618 ], [ -158.131691097283806, 21.360095274638088 ], [ -158.131747290772665, 21.360268282200913 ], [ -158.131762279784937, 21.360454781119376 ], [ -158.131805768366803, 21.36063194840067 ], [ -158.1319180713256, 21.360786584358507 ], [ -158.132056224458182, 21.360932756642786 ], [ -158.132189018671426, 21.361080682724854 ], [ -158.132306003211397, 21.361233785988865 ], [ -158.132384752676728, 21.361399407664081 ], [ -158.132446422595109, 21.361570622851517 ], [ -158.132500965068516, 21.361744170940803 ], [ -158.132564133055354, 21.361914895121963 ], [ -158.132631498888912, 21.362084245136252 ], [ -158.132703326393454, 21.362252133803768 ], [ -158.132779022255733, 21.362418755910205 ], [ -158.132852420359029, 21.362586130435364 ], [ -158.132914853704989, 21.362757095530586 ], [ -158.132979986146296, 21.362927176512571 ], [ -158.133077567099548, 21.363086633314079 ], [ -158.133188352194111, 21.36324176656451 ], [ -158.133308787301047, 21.363393739604167 ], [ -158.133366063209706, 21.363566393567766 ], [ -158.133415594094259, 21.363741582367307 ], [ -158.133513666933311, 21.363900877943813 ], [ -158.133587931424699, 21.364067969338222 ], [ -158.133661663627635, 21.364235235030833 ], [ -158.133740548500015, 21.364400813435285 ], [ -158.133844096409717, 21.364558316628383 ], [ -158.133934928491271, 21.364719983212449 ], [ -158.134002299984218, 21.364889330925831 ], [ -158.134067789189146, 21.365059295898575 ], [ -158.134184578703071, 21.36521246287538 ], [ -158.134290037243289, 21.365367515569009 ] ] } },
{ "type": "Feature", "properties": { "objectid": 91, "island": "Oahu", "st_lengthshape": 333.12602018444039 }, "geometry": { "type": "LineString", "coordinates": [ [ -158.140722545478241, 21.375326349523242 ], [ -158.140806506465168, 21.375493305051645 ], [ -158.140944013093645, 21.37562251387407 ], [ -158.141072920340122, 21.375757784991364 ], [ -158.141138786806238, 21.375937495707024 ], [ -158.141248964941582, 21.376085970524262 ], [ -158.141354049766392, 21.376238034817707 ], [ -158.141459687836345, 21.376389709782121 ], [ -158.141564281064433, 21.376542121974282 ], [ -158.141688881611913, 21.376680429692527 ], [ -158.14181222716843, 21.376819621705998 ], [ -158.141942958067688, 21.376953607774798 ], [ -158.142073311473041, 21.377087860141017 ], [ -158.142195190388378, 21.377228086968966 ], [ -158.142331847530642, 21.377357894773905 ], [ -158.142481149201672, 21.37747879041245 ], [ -158.142654273347972, 21.377582891445517 ], [ -158.142714628392298, 21.377641634026453 ] ] } },
{ "type": "Feature", "properties": { "objectid": 92, "island": "Oahu", "st_lengthshape": 2447.3803042431887 }, "geometry": { "type": "LineString", "coordinates": [ [ -158.146777340564796, 21.382298109856247 ], [ -158.146896430653783, 21.382444031764113 ], [ -158.147026407818061, 21.382578734790457 ], [ -158.14710293786581, 21.382768517692551 ], [ -158.147215210660249, 21.382921465190385 ], [ -158.147336243431681, 21.383065386500412 ], [ -158.147468489353372, 21.383197751761916 ], [ -158.147620137574791, 21.383310123677191 ], [ -158.147751900715207, 21.383442986783301 ], [ -158.147878159046428, 21.383581522600313 ], [ -158.14801273777644, 21.383711484378466 ], [ -158.148147183796681, 21.383841583607371 ], [ -158.148286288922037, 21.383966881060076 ], [ -158.14841385822649, 21.384104067972775 ], [ -158.148556478596561, 21.384225743054376 ], [ -158.148713819114136, 21.384332248802245 ], [ -158.148849239628987, 21.384461344187091 ], [ -158.14898538720584, 21.384589690581628 ], [ -158.149133163251662, 21.384706053762908 ], [ -158.149260031426394, 21.384843962878282 ], [ -158.14939944024249, 21.384968948392856 ], [ -158.149534943460736, 21.385097958742904 ], [ -158.149680846623738, 21.385216252577465 ], [ -158.149827508871283, 21.385333764135371 ], [ -158.149995017350108, 21.385429792351886 ], [ -158.150130182851683, 21.38555915106825 ], [ -158.150247800963598, 21.385706593696518 ], [ -158.15042721783783, 21.385790350626074 ], [ -158.150564535407341, 21.385917492901093 ], [ -158.150706662487693, 21.386039677793427 ], [ -158.150845856295064, 21.386164887832166 ], [ -158.150992383612731, 21.386282537762934 ], [ -158.15113492089634, 21.386404302471849 ], [ -158.151242828026085, 21.386561753405992 ], [ -158.1514094955769, 21.386658649642811 ], [ -158.151530219156314, 21.386802893550559 ], [ -158.15168158797033, 21.386915555953159 ], [ -158.151798150010364, 21.387064088992947 ], [ -158.151917148939248, 21.387210110939439 ], [ -158.152034726473971, 21.38735759824435 ], [ -158.152191692502356, 21.387464492866737 ], [ -158.152326765730351, 21.387593949705433 ], [ -158.152461679083871, 21.387723570963658 ], [ -158.152602827444269, 21.387846767559953 ], [ -158.152747790662204, 21.387966031619126 ], [ -158.152879227809052, 21.388099236150694 ], [ -158.152994408197912, 21.388249195196863 ], [ -158.153153436025207, 21.388353966318935 ], [ -158.153277323265144, 21.388494950895367 ], [ -158.153400069549065, 21.388637113146022 ], [ -158.153530222111016, 21.388771642392626 ], [ -158.153666092466068, 21.388900279178813 ], [ -158.153804855805731, 21.389025933709231 ], [ -158.153969124204451, 21.389125305305939 ], [ -158.154106575076383, 21.389252312669552 ], [ -158.154239128604587, 21.389384369009178 ], [ -158.154383674483597, 21.389504065974613 ], [ -158.154532999789325, 21.389618836003006 ], [ -158.154670807738142, 21.389745477018892 ], [ -158.1547797884825, 21.389901826281474 ], [ -158.154893906710612, 21.390052881845822 ], [ -158.155043342618114, 21.390167539968516 ], [ -158.155199695723041, 21.390275068440719 ], [ -158.155317720502438, 21.390422097755117 ], [ -158.155450924390465, 21.390553485190221 ], [ -158.155628207624005, 21.390639443984153 ], [ -158.155768901472783, 21.390763112759871 ], [ -158.155869231135028, 21.390928379130532 ], [ -158.156026035921684, 21.391035442954905 ], [ -158.156194344933454, 21.391130650712483 ], [ -158.156291392477073, 21.391299300919489 ], [ -158.156437683776232, 21.391417199872791 ], [ -158.156584584709151, 21.39153447206397 ], [ -158.15674345760354, 21.391639405367826 ], [ -158.156861698492747, 21.39178621429032 ], [ -158.156975908605745, 21.391937177718475 ], [ -158.15706635113176, 21.392112635228994 ], [ -158.157187436939523, 21.392256512079221 ], [ -158.157450200994759, 21.392523044836409 ], [ -158.157591056352544, 21.392646548532415 ], [ -158.157815331715625, 21.392684079468367 ], [ -158.158021723879784, 21.392740040164696 ], [ -158.158169203822638, 21.392856716747403 ], [ -158.158339592004722, 21.39294978355521 ], [ -158.158444197673305, 21.39311064572599 ], [ -158.158536338891111, 21.393284354704175 ], [ -158.158663276609531, 21.393422203163336 ], [ -158.158795670110834, 21.393554427811996 ], [ -158.158996308514588, 21.393616319455234 ], [ -158.159193148020137, 21.393682126345055 ], [ -158.159363748403393, 21.393774974576495 ], [ -158.159509557515491, 21.393893373564758 ], [ -158.159654427520877, 21.394012741645383 ], [ -158.159821355665571, 21.394109375456864 ], [ -158.15994375292496, 21.394251903604612 ], [ -158.160125371267981, 21.394333397499096 ], [ -158.160279478364856, 21.394443245581357 ], [ -158.160411811172935, 21.394575534652002 ], [ -158.160522885942555, 21.39472973159948 ], [ -158.16071654382813, 21.394798818421926 ], [ -158.160880847717095, 21.394898157467651 ], [ -158.161059315582747, 21.3949828996886 ], [ -158.161210751636617, 21.395095499949367 ], [ -158.161391565363999, 21.395177824180227 ], [ -158.161520440420958, 21.395313677302656 ], [ -158.161673298780443, 21.39542481345368 ], [ -158.161853611495076, 21.395507654181234 ], [ -158.162042022272601, 21.395582148448582 ], [ -158.162176354758259, 21.39571237727046 ], [ -158.162327776903084, 21.395824993653282 ], [ -158.162482448118709, 21.395934262582692 ], [ -158.162635044899133, 21.396045667615731 ], [ -158.162900859279347, 21.396040386923811 ], [ -158.163112502203262, 21.396090937984859 ], [ -158.163279386540836, 21.396187617929399 ], [ -158.16344093789462, 21.396289794809292 ], [ -158.163601535590715, 21.396392955157591 ], [ -158.163764479892251, 21.396493696775114 ], [ -158.163924044589635, 21.396597922262863 ], [ -158.164025525205261, 21.396711333440116 ] ] } },
{ "type": "Feature", "properties": { "objectid": 93, "island": "Oahu", "st_lengthshape": 537.24966789151813 }, "geometry": { "type": "LineString", "coordinates": [ [ -158.176736164610986, 21.403792417981304 ], [ -158.176849846069047, 21.403938516146024 ], [ -158.17693678231231, 21.404104057135772 ], [ -158.177043642708441, 21.404255114165935 ], [ -158.177128680719477, 21.404422035252708 ], [ -158.177235243183929, 21.404573308436404 ], [ -158.177371386705175, 21.404703079991059 ], [ -158.177513309672662, 21.40482864892671 ], [ -158.177635463878772, 21.404968587757967 ], [ -158.177751618243548, 21.405112889662369 ], [ -158.177877075907958, 21.405246156267779 ], [ -158.177987251481511, 21.405368493762364 ], [ -158.178044686984293, 21.405542606053825 ], [ -158.178074984838076, 21.405721064584107 ], [ -158.178080560917209, 21.405903484594951 ], [ -158.178148694852268, 21.406075882152102 ], [ -158.178197060695794, 21.406251446942864 ], [ -158.178239629999894, 21.406427940962278 ], [ -158.178280664061958, 21.406604679507264 ], [ -158.178309299560397, 21.406783405390645 ], [ -158.178307718687108, 21.406966972012292 ], [ -158.178251764055346, 21.407106118531935 ], [ -158.17816037621472, 21.407265829154223 ], [ -158.178041345178571, 21.407409067933752 ], [ -158.177952040614713, 21.407570020950772 ], [ -158.177846389278727, 21.407721232209902 ], [ -158.177701783819629, 21.407849230516138 ], [ -158.177594471403268, 21.407999451397046 ] ] } },
{ "type": "Feature", "properties": { "objectid": 94, "island": "Oahu", "st_lengthshape": 2136.832563510362 }, "geometry": { "type": "LineString", "coordinates": [ [ -158.177431634452802, 21.409946600487512 ], [ -158.177445245956534, 21.410139950966165 ], [ -158.177410361177721, 21.410319068045187 ], [ -158.177337576166224, 21.410487060080946 ], [ -158.177212462001904, 21.410639693078522 ], [ -158.177006008760344, 21.410768452174462 ], [ -158.17689349755176, 21.410924785002084 ], [ -158.17683430737722, 21.411428495860143 ], [ -158.176821126036344, 21.411614404906281 ], [ -158.176835020474698, 21.411795695684933 ], [ -158.176863058853201, 21.411974574147617 ], [ -158.176902917702563, 21.412151436334007 ], [ -158.176929235302765, 21.412330608083671 ], [ -158.176947227469668, 21.412511199820933 ], [ -158.176972577512544, 21.41269053755995 ], [ -158.177005730669748, 21.412868543077479 ], [ -158.177041308831406, 21.413046135873245 ], [ -158.177073975408206, 21.413224224812751 ], [ -158.177105356671092, 21.413402533295827 ], [ -158.177147008530909, 21.413579089816437 ], [ -158.177175263875426, 21.413757931329602 ], [ -158.177235900248036, 21.413931250014596 ], [ -158.177296555108114, 21.41410456515495 ], [ -158.177367765569699, 21.414276080015938 ], [ -158.177445164612664, 21.414446540179682 ], [ -158.177507998611361, 21.41461948378209 ], [ -158.177559479552315, 21.414794363752119 ], [ -158.177622867186216, 21.414967213360029 ], [ -158.177646413413555, 21.415146857431676 ], [ -158.177682301842196, 21.415324397395654 ], [ -158.177751251535085, 21.415496297618304 ], [ -158.177816773957431, 21.415668783599468 ], [ -158.17788977235071, 21.415839993519366 ], [ -158.17795352873523, 21.416012779764525 ], [ -158.17800213657668, 21.41618815053204 ], [ -158.178050918367688, 21.416363490517483 ], [ -158.1780836775431, 21.416541564339973 ], [ -158.178121771591208, 21.416718727442809 ], [ -158.178188115836889, 21.416891072759533 ], [ -158.178212254016273, 21.417070616648253 ], [ -158.178157272991143, 21.417263654916322 ], [ -158.178096368847093, 21.417457703072827 ], [ -158.178069034174314, 21.417646026275925 ], [ -158.177989316803007, 21.417843283299398 ], [ -158.177938799858509, 21.418035560070965 ], [ -158.177907592157283, 21.418224543619516 ], [ -158.177889786222522, 21.418411241230828 ], [ -158.177888253317036, 21.418595162873402 ], [ -158.17787441368128, 21.418781184277226 ], [ -158.177863513787571, 21.418966704229391 ], [ -158.177857995100567, 21.41915130647525 ], [ -158.177855354380313, 21.419335416906254 ], [ -158.177888137994046, 21.419513486319392 ], [ -158.177917414009016, 21.419692153763958 ], [ -158.1779688458127, 21.419867042359492 ], [ -158.177997133996854, 21.420045878403151 ], [ -158.178023195174291, 21.420225093804895 ], [ -158.178057556258068, 21.420402894460693 ], [ -158.178068991866638, 21.420584604801395 ], [ -158.178094393579556, 21.420763932592141 ], [ -158.178144209209279, 21.420939097786089 ], [ -158.178198558319707, 21.421113488359318 ], [ -158.178236336713525, 21.421290705842996 ], [ -158.178265214559616, 21.421469441726877 ], [ -158.178268074325359, 21.421652614221539 ], [ -158.178292641013854, 21.421832085138124 ], [ -158.178361022457779, 21.422004083480726 ], [ -158.178435283757921, 21.422175077987401 ], [ -158.178505620268169, 21.422346742549472 ], [ -158.178538606097248, 21.422524777569301 ], [ -158.178554730309401, 21.422705687799553 ], [ -158.178568335770734, 21.422887028365878 ], [ -158.178584969975191, 21.42306785255019 ], [ -158.178594937357104, 21.423249813105912 ], [ -158.178591208847195, 21.42343410968116 ], [ -158.178585184626229, 21.423618797934221 ], [ -158.178557099687481, 21.423807248388741 ], [ -158.178515989932606, 21.423997920690269 ], [ -158.17847858873003, 21.424187959774159 ], [ -158.178455060160445, 21.424375632983992 ], [ -158.178445683393562, 21.424560892910094 ], [ -158.17845086508629, 21.424743670178312 ], [ -158.178456899589435, 21.424926301652576 ], [ -158.178453833330167, 21.4251104848857 ], [ -158.178495591999535, 21.425287024321989 ], [ -158.178556843636812, 21.425460237973759 ], [ -158.178591939414986, 21.425637912871448 ], [ -158.178606166078708, 21.425819147109969 ], [ -158.1786041951718, 21.426003144171052 ], [ -158.178575467423798, 21.426191704343527 ], [ -158.178545293771208, 21.42638051128349 ], [ -158.178522553901331, 21.426568050087571 ], [ -158.178548716066899, 21.426747248649498 ], [ -158.178589231276817, 21.426923999677655 ], [ -158.178660642102244, 21.427095480593334 ], [ -158.178710836958857, 21.427270580570038 ], [ -158.178698682496616, 21.427456314694371 ], [ -158.178776489350156, 21.427626704838037 ], [ -158.178951617361349, 21.427780497739139 ], [ -158.179195566354565, 21.427922553128624 ], [ -158.179305383324589, 21.428087484058867 ], [ -158.179307245548387, 21.42827082771765 ], [ -158.179379814876313, 21.428442111643935 ] ] } },
{ "type": "Feature", "properties": { "objectid": 95, "island": "Oahu", "st_lengthshape": 1027.4196514780851 }, "geometry": { "type": "LineString", "coordinates": [ [ -158.190629343180291, 21.441413974154397 ], [ -158.190523494819786, 21.44158598267688 ], [ -158.190356323494115, 21.441677760806709 ], [ -158.190159596295814, 21.441730867210318 ], [ -158.189939624172041, 21.441753560958034 ], [ -158.18974007521004, 21.441802976161242 ], [ -158.189466042285602, 21.442104426670824 ], [ -158.189351711670099, 21.442254076274992 ], [ -158.189170851979526, 21.442375075856884 ], [ -158.189074390623091, 21.442532421572285 ], [ -158.189025949915589, 21.442710447674237 ], [ -158.188946811950217, 21.443101180720678 ], [ -158.188951163422047, 21.443282160265344 ], [ -158.188910306997201, 21.44346668634094 ], [ -158.188941963536138, 21.443645523293259 ], [ -158.189031033064111, 21.44381985734266 ], [ -158.188957133939795, 21.44396960219612 ], [ -158.188920674102405, 21.444510354814621 ], [ -158.189027289371523, 21.444662100886429 ], [ -158.189137596334376, 21.444812047034972 ], [ -158.18923666073016, 21.444967472292419 ], [ -158.18933908394888, 21.445121260447028 ], [ -158.189446020367285, 21.445272849716208 ], [ -158.189555415731689, 21.445423241106152 ], [ -158.189664853896971, 21.44557361095233 ], [ -158.189782542243222, 21.445719961463613 ], [ -158.189899473175387, 21.44586668045163 ], [ -158.190023948911346, 21.446009723594933 ], [ -158.190154143557692, 21.446149980072462 ], [ -158.190284135253705, 21.446290334850747 ], [ -158.190389506892558, 21.446442686618312 ], [ -158.190431462214889, 21.446537306467743 ], [ -158.190692255014966, 21.446984845192876 ], [ -158.190846449200023, 21.447094015634566 ], [ -158.191007353103373, 21.447193803512636 ], [ -158.191172885508649, 21.447287116895289 ], [ -158.191344024764533, 21.447372588154188 ], [ -158.191518479573801, 21.447453422487836 ], [ -158.191686135637724, 21.447543766054654 ], [ -158.191843615387967, 21.447648342971821 ], [ -158.191993410461606, 21.447763668039727 ], [ -158.192141103167529, 21.447881934403668 ], [ -158.192237264187071, 21.447897156410221 ], [ -158.192474511817863, 21.447969801290625 ], [ -158.192596228629299, 21.448111497601364 ], [ -158.192721426356798, 21.448251127260466 ] ] } },
{ "type": "Feature", "properties": { "objectid": 96, "island": "Oahu", "st_lengthshape": 61.77907449277042 }, "geometry": { "type": "LineString", "coordinates": [ [ -158.193361735255337, 21.448864636590365 ], [ -158.193540194995506, 21.448937927201964 ], [ -158.19372440636559, 21.449002477346657 ], [ -158.193924375510733, 21.449043075011339 ] ] } },
{ "type": "Feature", "properties": { "objectid": 97, "island": "Oahu", "st_lengthshape": 510.74189701794023 }, "geometry": { "type": "LineString", "coordinates": [ [ -158.205416129326551, 21.459167069786492 ], [ -158.205563347645011, 21.45929650088549 ], [ -158.205728817392014, 21.459391034155235 ], [ -158.205891300267496, 21.459491280067965 ], [ -158.206038054173405, 21.45962159755565 ], [ -158.206175078634516, 21.459770520512386 ], [ -158.206318967899307, 21.459906316252898 ], [ -158.206475968159111, 21.460017044556029 ], [ -158.206619646320206, 21.460153245599464 ], [ -158.20678787853592, 21.460242501246199 ], [ -158.206962223567757, 21.460320067033432 ], [ -158.207145286135784, 21.460380966425731 ], [ -158.207324676242536, 21.460448888819624 ], [ -158.20750063966662, 21.460523362886338 ], [ -158.207670999779907, 21.460608550468368 ], [ -158.207854693985411, 21.460668241465306 ], [ -158.208040794144239, 21.460723334242605 ], [ -158.208228113440725, 21.460776096259689 ], [ -158.208420517540105, 21.46081913388451 ], [ -158.208608833750901, 21.460869990301155 ], [ -158.208789437341494, 21.460935593215478 ], [ -158.208970625244262, 21.461000077517522 ], [ -158.209159235434385, 21.461050370960386 ], [ -158.209365092817876, 21.461067688398831 ], [ -158.209556910616385, 21.461111847663712 ], [ -158.209742540398992, 21.4611638384157 ] ] } },
{ "type": "Feature", "properties": { "objectid": 98, "island": "Oahu", "st_lengthshape": 339.35392945151921 }, "geometry": { "type": "LineString", "coordinates": [ [ -158.212682372229693, 21.461423342300343 ], [ -158.212634860038776, 21.461627261914522 ], [ -158.212628588388952, 21.461818838420299 ], [ -158.212580188561844, 21.462023023054918 ], [ -158.212613102425024, 21.462202871079921 ], [ -158.212644773202356, 21.462383090888657 ], [ -158.21269354864296, 21.462558191828748 ], [ -158.212742397658246, 21.462733271417427 ], [ -158.212795884973815, 21.46290696162734 ], [ -158.212850447367828, 21.463080330732765 ], [ -158.212938537705327, 21.463243664835439 ], [ -158.213157559178057, 21.463367811455019 ], [ -158.213188135562916, 21.463548359385904 ], [ -158.213275314950835, 21.463711966394051 ], [ -158.213425176096024, 21.463856812518358 ], [ -158.213555449350196, 21.46400752197415 ], [ -158.213649724005904, 21.464169005615879 ] ] } },
{ "type": "Feature", "properties": { "objectid": 99, "island": "Oahu", "st_lengthshape": 18.720160806185984 }, "geometry": { "type": "LineString", "coordinates": [ [ -158.217367093413856, 21.468368394785276 ], [ -158.217316106234506, 21.468530646633358 ] ] } },
{ "type": "Feature", "properties": { "objectid": 100, "island": "Oahu", "st_lengthshape": 816.56684712199387 }, "geometry": { "type": "LineString", "coordinates": [ [ -158.219464534788273, 21.475246488623561 ], [ -158.21954553487555, 21.475429671272877 ], [ -158.219622016136555, 21.475617355473958 ], [ -158.219736254782788, 21.475767428065165 ], [ -158.219698304108761, 21.476069109679891 ], [ -158.219745042881158, 21.476286423754178 ], [ -158.219831827299743, 21.476463844843735 ], [ -158.219934088459979, 21.476625850223659 ], [ -158.220047941012893, 21.476776306585037 ], [ -158.220163382297017, 21.476925182014106 ], [ -158.220261293940354, 21.477091518842844 ], [ -158.220397560002965, 21.477219649505543 ], [ -158.220544137553048, 21.477337506196779 ], [ -158.220673111707868, 21.477472899828541 ], [ -158.220805222356461, 21.477605170294133 ], [ -158.220924190445487, 21.477750531870065 ], [ -158.221042523166318, 21.477896527338174 ], [ -158.22116922078564, 21.478034190308367 ], [ -158.221322255698112, 21.47814561583937 ], [ -158.221492610161135, 21.478239787352805 ], [ -158.221670245588342, 21.478326706253892 ], [ -158.221856474890274, 21.478405064107456 ], [ -158.222047849329812, 21.47847829692677 ], [ -158.222275816827334, 21.478515074721418 ], [ -158.222510887586878, 21.478544775977578 ], [ -158.22275858882017, 21.478561894523651 ], [ -158.223131710455903, 21.478454067201074 ], [ -158.223507293385694, 21.478343786747363 ], [ -158.2237180778869, 21.478397680889049 ], [ -158.223930389904609, 21.478450053217983 ], [ -158.22431903342283, 21.478592640190293 ], [ -158.224517972792398, 21.478596288870804 ], [ -158.224706926526352, 21.478559135350409 ], [ -158.224891035171851, 21.47850218708631 ], [ -158.225079228113287, 21.47846192805828 ], [ -158.225269579885463, 21.478430487484943 ] ] } },
{ "type": "Feature", "properties": { "objectid": 101, "island": "Oahu", "st_lengthshape": 1020.7306538659196 }, "geometry": { "type": "LineString", "coordinates": [ [ -158.229422498437998, 21.489197032483482 ], [ -158.229429213442813, 21.489377960797768 ], [ -158.229427832479161, 21.489558681926241 ], [ -158.229406379487727, 21.489738887674104 ], [ -158.229356674431415, 21.489918367747642 ], [ -158.229399468115162, 21.490100222235942 ], [ -158.22936404965489, 21.49028006903432 ], [ -158.229355640042854, 21.490460609559193 ], [ -158.229340306110544, 21.490640972688304 ], [ -158.229323149849961, 21.490821288557896 ], [ -158.229339169214512, 21.491002455802672 ], [ -158.229391779194117, 21.49118456153834 ], [ -158.229441859511041, 21.491366603190929 ], [ -158.229478999532176, 21.491548312313103 ], [ -158.229511306885371, 21.491729897050966 ], [ -158.229547783974937, 21.491911589545904 ], [ -158.229582767015728, 21.492093243521616 ], [ -158.22956186294067, 21.492273462603656 ], [ -158.229526873572894, 21.492453321298914 ], [ -158.229524149008199, 21.492634007259049 ], [ -158.229532434540943, 21.492814976173282 ], [ -158.229549189788372, 21.492996162119653 ], [ -158.22954807132362, 21.493176889806385 ], [ -158.229543446240541, 21.493357527236064 ], [ -158.229531805018041, 21.493537984141277 ], [ -158.229531477981368, 21.493718731727498 ], [ -158.229494761401355, 21.493898546272771 ], [ -158.229492852316014, 21.494079253126387 ], [ -158.229517352498817, 21.494260638293884 ], [ -158.229608544445483, 21.494443734052108 ], [ -158.229656221651197, 21.494625713931377 ], [ -158.229665336501654, 21.494806703793152 ], [ -158.229673916637097, 21.49498767944079 ], [ -158.229687623079457, 21.495168787135121 ], [ -158.229707213551507, 21.495350045727626 ], [ -158.229696773988252, 21.495530534343803 ], [ -158.229692854497273, 21.495711189439032 ], [ -158.229689769907878, 21.495891866448748 ], [ -158.229627242682881, 21.496071018078226 ], [ -158.229448724640889, 21.496247193597945 ], [ -158.229376455850598, 21.496426095098951 ], [ -158.229329633280088, 21.49660564969631 ], [ -158.229278846379145, 21.496785101963521 ], [ -158.22923780531039, 21.496964805160491 ], [ -158.229259264085869, 21.497146111227661 ], [ -158.22927757622989, 21.497327337723856 ], [ -158.229279628989076, 21.497508145890222 ], [ -158.229278339119389, 21.497688869065467 ], [ -158.229279020258673, 21.497869642889146 ], [ -158.22931560836858, 21.498051337654299 ], [ -158.229323357048543, 21.498232292243362 ] ] } },
{ "type": "Feature", "properties": { "objectid": 102, "island": "Oahu", "st_lengthshape": 119.88292599377937 }, "geometry": { "type": "LineString", "coordinates": [ [ -158.228824258898385, 21.511069686579514 ], [ -158.228726491662883, 21.511226019686148 ], [ -158.228654820614366, 21.511394425928085 ], [ -158.22859244147844, 21.511567131213937 ], [ -158.228535837004813, 21.511742507548728 ], [ -158.228480070290345, 21.511918272598031 ], [ -158.228438362684727, 21.512085592095247 ] ] } },
{ "type": "Feature", "properties": { "objectid": 103, "island": "Oahu", "st_lengthshape": 134.60487831854229 }, "geometry": { "type": "LineString", "coordinates": [ [ -158.228755958037596, 21.516964562012095 ], [ -158.228732940723376, 21.517149526341399 ], [ -158.22868796142285, 21.517326752330625 ], [ -158.228598635073126, 21.517488349689561 ], [ -158.228501696182349, 21.51764726560716 ], [ -158.228454930678936, 21.517823861683826 ], [ -158.228431881969811, 21.518008815856813 ], [ -158.228419847170102, 21.518122902889466 ] ] } },
{ "type": "Feature", "properties": { "objectid": 104, "island": "Oahu", "st_lengthshape": 1016.5862580856164 }, "geometry": { "type": "LineString", "coordinates": [ [ -158.22876993941216, 21.527304830121238 ], [ -158.228802169834182, 21.527483007152323 ], [ -158.22881622428676, 21.527663783415768 ], [ -158.228819795390933, 21.527846060639224 ], [ -158.228789435859596, 21.528033191564887 ], [ -158.228794537547714, 21.528215249088973 ], [ -158.228819473552164, 21.528394469299823 ], [ -158.228818820938471, 21.528577350366469 ], [ -158.228788798461522, 21.528764433140196 ], [ -158.228751940255592, 21.528952493458007 ], [ -158.228771819617123, 21.529132437440836 ], [ -158.228792065256272, 21.529312328001307 ], [ -158.228764528873711, 21.529499055440766 ], [ -158.228760725966708, 21.529682387195816 ], [ -158.228778049517189, 21.529862696089271 ], [ -158.22882778903346, 21.530038367434894 ], [ -158.228877595338759, 21.530214029135813 ], [ -158.228941275143171, 21.530387705915654 ], [ -158.228978196832145, 21.530565210702445 ], [ -158.22900566995051, 21.530744067645212 ], [ -158.229038860837193, 21.530922106278481 ], [ -158.229071972554465, 21.5311001571859 ], [ -158.229103600079412, 21.531278419861774 ], [ -158.229135160032115, 21.531456692155576 ], [ -158.229154649712314, 21.531636691177013 ], [ -158.229175659459003, 21.531816473161484 ], [ -158.229208253567009, 21.531994596627165 ], [ -158.229251524684543, 21.532171193797314 ], [ -158.229289514919543, 21.532348546235394 ], [ -158.229326249013809, 21.532526078067676 ], [ -158.229331387092572, 21.5327081302474 ], [ -158.229335033155479, 21.532890396875917 ], [ -158.229372053454824, 21.533067887551681 ], [ -158.229415027418014, 21.53324452666299 ], [ -158.229474173089073, 21.533418852641944 ], [ -158.229550480057867, 21.533590722781 ], [ -158.229626872238669, 21.533762580631425 ], [ -158.229719121229863, 21.533932170830674 ], [ -158.229808225002131, 21.5341022099289 ], [ -158.229895535445564, 21.534272506316526 ], [ -158.229962141262206, 21.534445764358153 ], [ -158.230016416700096, 21.534620786812585 ], [ -158.230072014219076, 21.534795620206118 ], [ -158.23012060876863, 21.534971454806222 ], [ -158.230191435173936, 21.535144109759571 ], [ -158.230269381789611, 21.535315745021286 ], [ -158.23035867060338, 21.53548575848901 ], [ -158.23048042701484, 21.535651126186597 ], [ -158.230551993416356, 21.535823674185046 ], [ -158.230608344778943, 21.535998399755865 ], [ -158.230670097213192, 21.536172352472732 ] ] } },
{ "type": "Feature", "properties": { "objectid": 105, "island": "Oahu", "st_lengthshape": 65.535494481527479 }, "geometry": { "type": "LineString", "coordinates": [ [ -158.231263963606409, 21.537387124782036 ], [ -158.231444002164125, 21.537489244421746 ], [ -158.231632390952967, 21.537585831679568 ], [ -158.231805854307396, 21.537692307791811 ] ] } },
{ "type": "Feature", "properties": { "objectid": 106, "island": "Oahu", "st_lengthshape": 1082.9983210563926 }, "geometry": { "type": "LineString", "coordinates": [ [ -158.240061486698977, 21.545983207667891 ], [ -158.240084572761759, 21.546204235704248 ], [ -158.2401118184425, 21.546421864042269 ], [ -158.2401573966998, 21.546624514532226 ], [ -158.240239053370658, 21.546797689984334 ], [ -158.240297972768872, 21.546989441495242 ], [ -158.240372696542437, 21.54716828063199 ], [ -158.240416432691632, 21.547372437738062 ], [ -158.240520231152857, 21.547527522996983 ], [ -158.240665258029026, 21.547648925691924 ], [ -158.240782931258451, 21.547792675177025 ], [ -158.240841198070541, 21.547984961081223 ], [ -158.240956724540752, 21.548130465108443 ], [ -158.241061682067652, 21.548284604893308 ], [ -158.241142683150969, 21.548458316292919 ], [ -158.241329463482742, 21.548545607253129 ], [ -158.241366598743383, 21.548755157482407 ], [ -158.241482774178593, 21.548900131981952 ], [ -158.241617912902058, 21.549029613604322 ], [ -158.241725448595616, 21.549181647033315 ], [ -158.24187609342124, 21.549298460358262 ], [ -158.24201783642863, 21.549422546493219 ], [ -158.242181273783075, 21.549528908801705 ], [ -158.242343535945366, 21.549636231399976 ], [ -158.242566604657185, 21.549693873941756 ], [ -158.242743436049551, 21.549789293468102 ], [ -158.242885462503722, 21.549913147989415 ], [ -158.243028482298399, 21.550036191993797 ], [ -158.243165595115045, 21.550164061484697 ], [ -158.243294626591904, 21.55029853362792 ], [ -158.243363035261751, 21.550482535844107 ], [ -158.243495091127045, 21.550614537082168 ], [ -158.243681247224373, 21.550702338524474 ], [ -158.243825487541756, 21.550824385482212 ], [ -158.243945620083252, 21.550966128383266 ], [ -158.244066938955797, 21.551106902663172 ], [ -158.244201088915389, 21.551237193595263 ], [ -158.244394488933381, 21.551319076995178 ], [ -158.244569124923032, 21.551416289783766 ], [ -158.244725515744392, 21.551528410653372 ], [ -158.244867313790905, 21.551652453136835 ], [ -158.245000591153797, 21.551783457735926 ], [ -158.245155681200202, 21.551896640199804 ], [ -158.245256537626204, 21.552054134164777 ], [ -158.245397333830368, 21.552178995622512 ], [ -158.245523639067045, 21.552315697024728 ], [ -158.24564452609556, 21.552456825106873 ], [ -158.245743170273386, 21.552616126516845 ], [ -158.245858033161056, 21.552762177187162 ], [ -158.245976226687333, 21.552905505398186 ], [ -158.246082718439652, 21.553058395104031 ], [ -158.246173372062913, 21.553224225490538 ], [ -158.246267735608654, 21.553368498263104 ] ] } },
{ "type": "Feature", "properties": { "objectid": 107, "island": "Kauai", "st_lengthshape": 5517.2047779878776 }, "geometry": { "type": "LineString", "coordinates": [ [ -159.58343628164485, 22.220222806994883 ], [ -159.583253256218484, 22.220337242606679 ], [ -159.583023271358513, 22.220428638870473 ], [ -159.582958130302615, 22.220600911010532 ], [ -159.582980216607154, 22.220815979910306 ], [ -159.582955848262316, 22.221008257169206 ], [ -159.58289544169844, 22.221182852118485 ], [ -159.582808420775535, 22.221344390696977 ], [ -159.582708595183249, 22.221499645875447 ], [ -159.582600800847672, 22.221650991612002 ], [ -159.582521490195489, 22.22181631296689 ], [ -159.582463463805169, 22.221992076361516 ], [ -159.582429776557973, 22.222179782267453 ], [ -159.582290251080593, 22.222315560189976 ], [ -159.582176861361461, 22.222464161274775 ], [ -159.582078473236891, 22.222620122806887 ], [ -159.581946583050239, 22.222759646621675 ], [ -159.581800150349807, 22.222851038663414 ], [ -159.581631278249546, 22.222940214354843 ], [ -159.581447434576262, 22.223003064136911 ], [ -159.581257415721552, 22.223055055240913 ], [ -159.581072043123299, 22.223115217034124 ], [ -159.580888563523217, 22.223178709014871 ], [ -159.580787714357456, 22.223208037428936 ], [ -159.580595049331293, 22.223239603236671 ], [ -159.580401357564085, 22.223251106186595 ], [ -159.580207599340412, 22.223261322703571 ], [ -159.580013882267167, 22.223272351902494 ], [ -159.579819274604375, 22.223265956577926 ], [ -159.579623469605565, 22.223236183516157 ], [ -159.579425677150084, 22.223167581983081 ], [ -159.579225750676898, 22.223057264322865 ], [ -159.579024138909773, 22.222914040679392 ], [ -159.578828030713055, 22.222878323360764 ], [ -159.578640933062275, 22.223018662488808 ], [ -159.578467316821417, 22.223422460508548 ], [ -159.578272623642391, 22.223414419454169 ], [ -159.578079335380124, 22.223433820243955 ], [ -159.577887123901775, 22.223474253530625 ], [ -159.577694470491963, 22.22350607696125 ], [ -159.577501340181271, 22.22352856161476 ], [ -159.57730716365424, 22.223530616671379 ], [ -159.577112918499495, 22.223531315737663 ], [ -159.576919040381455, 22.223539198003994 ], [ -159.576725599849652, 22.223555625548077 ], [ -159.576531890373246, 22.223566800549602 ], [ -159.576337922573572, 22.223572942495682 ], [ -159.576144185623178, 22.223583583224862 ], [ -159.575950539330677, 22.223595998582443 ], [ -159.575751903772698, 22.223525937460803 ], [ -159.575564010732904, 22.223479715837364 ], [ -159.575372923394724, 22.223442714543697 ], [ -159.575211188265655, 22.22332099506254 ], [ -159.575028234529725, 22.223260518677506 ], [ -159.574832577682002, 22.223250686366637 ], [ -159.57450343810882, 22.223181944762889 ], [ -159.574307731225559, 22.223142634972831 ], [ -159.57411237582923, 22.223112417324479 ], [ -159.573916975987828, 22.223081034211297 ], [ -159.573725131651685, 22.223061411427349 ], [ -159.573456300744965, 22.223089223563438 ], [ -159.573269934433995, 22.223141154574961 ], [ -159.573087451868759, 22.223202355933172 ], [ -159.572823159848298, 22.22329235643133 ], [ -159.572577359640462, 22.223356163304079 ], [ -159.572383546433457, 22.223315755933857 ], [ -159.572206957533865, 22.223240822151993 ], [ -159.572080902872557, 22.223064588445485 ], [ -159.571934021807664, 22.22293010167472 ], [ -159.571776321012379, 22.222817305474393 ], [ -159.571606958279119, 22.222727887614322 ], [ -159.571429398422396, 22.222654901393824 ], [ -159.571235248651448, 22.222615169554423 ], [ -159.571036218295262, 22.222585223073835 ], [ -159.570840290071089, 22.222549057300025 ], [ -159.570660884787543, 22.222479770705245 ], [ -159.570511711118741, 22.222349881725858 ], [ -159.570389851922499, 22.222165242051325 ], [ -159.570234360160384, 22.222048019841907 ], [ -159.570022223696213, 22.222044344641056 ], [ -159.569869563036292, 22.221921448739742 ], [ -159.569694314063696, 22.221843832502557 ], [ -159.569551734993439, 22.221700728065986 ], [ -159.569370246646969, 22.221635619204381 ], [ -159.569192445765452, 22.221563118264218 ], [ -159.568994225755262, 22.221531545712981 ], [ -159.568787979585466, 22.221516065239886 ], [ -159.568572896736924, 22.22151829492773 ], [ -159.568395609404178, 22.221444764145161 ], [ -159.568304738604212, 22.221198015107692 ], [ -159.568118618924387, 22.221142190791745 ], [ -159.568013399601057, 22.221084624873654 ], [ -159.567856056341242, 22.22097765495819 ], [ -159.567732532078452, 22.220834747059989 ], [ -159.567610488197886, 22.220690267400503 ], [ -159.567479585898582, 22.220559267460867 ], [ -159.567229415526953, 22.220308362006183 ], [ -159.567099013236316, 22.220143476151307 ], [ -159.566885737117985, 22.220009294616418 ], [ -159.566669677532786, 22.220070711448042 ], [ -159.56631679044753, 22.220151404029657 ], [ -159.566122574257093, 22.220120767081216 ], [ -159.56579830228219, 22.22007166586673 ], [ -159.565562079620946, 22.219936733940067 ], [ -159.56511202890627, 22.220113139047207 ], [ -159.564966882938393, 22.220242308128089 ], [ -159.564814096491318, 22.220358555158871 ], [ -159.564659179219319, 22.220471201260239 ], [ -159.564503085523029, 22.220581855685666 ], [ -159.56434567314983, 22.220684306237292 ], [ -159.564074952723189, 22.220794896141037 ], [ -159.563912329543456, 22.220894704732043 ], [ -159.563731425015362, 22.220968729297564 ], [ -159.563506131619192, 22.221097496302434 ], [ -159.563358837327769, 22.221216322958906 ], [ -159.563224160590977, 22.221346411872304 ], [ -159.563093747640551, 22.221480306403372 ], [ -159.562944707646238, 22.221597574946735 ], [ -159.562777874132422, 22.221698959874598 ], [ -159.562625212283507, 22.221812996545172 ], [ -159.562484140677043, 22.221937376698531 ], [ -159.56235013238279, 22.22206806335376 ], [ -159.562227683182442, 22.222209067451054 ], [ -159.562108662298215, 22.222353131177268 ], [ -159.561981978761082, 22.222490356341289 ], [ -159.561852996932714, 22.222625529590999 ], [ -159.561716806206903, 22.222754268311888 ], [ -159.561578802116401, 22.222881388865119 ], [ -159.561435582382785, 22.223003853104817 ], [ -159.561304587798162, 22.223137229685655 ], [ -159.561141013328637, 22.223241526033394 ], [ -159.560881094193405, 22.223259821769084 ], [ -159.560599162521783, 22.223258468983982 ], [ -159.560516719754048, 22.223435185438898 ], [ -159.560571493238683, 22.223734384718767 ], [ -159.560511080249853, 22.223930765475131 ], [ -159.560386648950157, 22.224070002570588 ], [ -159.560246971419815, 22.224195629941924 ], [ -159.560101718927768, 22.224316280581235 ], [ -159.559954762131014, 22.224435411114989 ], [ -159.559810470232975, 22.224556920037685 ], [ -159.559674661381592, 22.224686000868431 ], [ -159.559542418153342, 22.224818265557495 ], [ -159.559410838768059, 22.224951121393019 ], [ -159.559269720295475, 22.225075463743405 ], [ -159.559178670787162, 22.225244499491392 ], [ -159.559051827960673, 22.225381584746739 ], [ -159.55894487275873, 22.225536422065627 ], [ -159.55883734184053, 22.225690746354399 ], [ -159.558704461586927, 22.225821603258648 ], [ -159.558577694213142, 22.22588171000103 ], [ -159.558500883753254, 22.225896915962416 ], [ -159.558306794045905, 22.225883676108349 ], [ -159.558115569711731, 22.225852544272467 ], [ -159.557923681685395, 22.225825561097043 ], [ -159.557729841127781, 22.225810758620348 ], [ -159.557534190097357, 22.225807267277599 ], [ -159.557336676408994, 22.225815398011839 ], [ -159.557140342591396, 22.225816161746891 ], [ -159.55694796516957, 22.225792227167762 ], [ -159.556765590379712, 22.225723480145614 ], [ -159.556720156311911, 22.225680359099552 ], [ -159.556581920541618, 22.225551755029233 ], [ -159.556425177397159, 22.225445029468151 ], [ -159.556273932795222, 22.225331804852459 ], [ -159.556132090506736, 22.225207465022986 ], [ -159.555992525829055, 22.225080433274609 ], [ -159.555835106621061, 22.224974507136015 ], [ -159.555672836419262, 22.224874315035656 ], [ -159.555498201270638, 22.224788741369682 ], [ -159.555321072114879, 22.224717321484327 ], [ -159.555055669625659, 22.224538033810749 ], [ -159.554884879768338, 22.224450041495565 ], [ -159.554595695615859, 22.224379135741376 ], [ -159.554400244182773, 22.224378768392473 ], [ -159.554204675908778, 22.224379286540291 ], [ -159.554012994511567, 22.224350130735267 ], [ -159.553823442218999, 22.224304717066449 ], [ -159.553633447273171, 22.224262683403012 ], [ -159.553441600326721, 22.224234791341871 ], [ -159.553249600840019, 22.22420806586344 ], [ -159.553055777542511, 22.224195267777706 ], [ -159.552861676609609, 22.22419950765779 ], [ -159.552628788004824, 22.224228499470694 ], [ -159.552440826803178, 22.224272807353103 ], [ -159.552254187665568, 22.224330659752916 ], [ -159.552075364173589, 22.224395713537941 ], [ -159.551922399658537, 22.224474331615252 ], [ -159.551748201897368, 22.224557410287673 ], [ -159.551572919308455, 22.224627136561015 ], [ -159.551265974276276, 22.224762574191242 ], [ -159.551074967477007, 22.224724535811202 ], [ -159.550905928650423, 22.224625710595681 ], [ -159.550726844420836, 22.224554681649547 ], [ -159.550538515288792, 22.224509236511871 ], [ -159.550357160181619, 22.224444491673673 ], [ -159.550179011425399, 22.224370875219932 ], [ -159.550003150389927, 22.224290929729229 ], [ -159.549812926892571, 22.224250725359273 ], [ -159.549603795429817, 22.224262837417804 ], [ -159.549398384697668, 22.224264655023969 ], [ -159.549202321994159, 22.224240608030627 ], [ -159.549018709035266, 22.224182111812695 ], [ -159.54882864144821, 22.224141474835015 ], [ -159.548634017983488, 22.224113445520132 ], [ -159.548447140558778, 22.22406398103254 ], [ -159.548260395737344, 22.224014150002983 ], [ -159.548081805071007, 22.223941760433821 ], [ -159.547909416988489, 22.223852208620706 ], [ -159.547741105194604, 22.223751379276209 ], [ -159.547559403811476, 22.223687596370837 ], [ -159.547372274832412, 22.22363883071008 ], [ -159.547182372565629, 22.223597736818203 ], [ -159.546993360328145, 22.223554183358956 ], [ -159.546807947220884, 22.22350067112027 ], [ -159.546621176811442, 22.223450914154942 ], [ -159.546438058369546, 22.223391051894033 ], [ -159.546261953874847, 22.223311785179384 ], [ -159.546094716866918, 22.223211667787183 ], [ -159.546020590115688, 22.223064184947088 ], [ -159.545971776251434, 22.22287304511535 ], [ -159.545883125910791, 22.222709351494796 ], [ -159.54577157597916, 22.222561435773663 ], [ -159.545640850222469, 22.222426732401164 ], [ -159.545505866808497, 22.222294962086274 ], [ -159.545361744638001, 22.222169489189834 ], [ -159.545187759319049, 22.222064590043693 ], [ -159.545001517293684, 22.221968136117717 ], [ -159.54486020514932, 22.221840726388084 ], [ -159.544769200397781, 22.221678655275838 ], [ -159.544662977738625, 22.221527070255025 ], [ -159.544602017731421, 22.22134429996969 ], [ -159.544625640788126, 22.221137403048594 ], [ -159.544502925766125, 22.221008390425624 ], [ -159.544489889839241, 22.220827840168006 ], [ -159.544532135719152, 22.220648914428686 ], [ -159.544598916123221, 22.220484650101412 ], [ -159.544646338556731, 22.220305825349392 ], [ -159.544643030498179, 22.220125034746829 ], [ -159.544599037973484, 22.219768778614419 ], [ -159.544510667229702, 22.219607709381755 ], [ -159.544393017548884, 22.219449295585065 ], [ -159.544278605953849, 22.219303216773714 ], [ -159.544161450561575, 22.219158864420372 ], [ -159.544034628866626, 22.219020596192138 ], [ -159.543905986785916, 22.218883475844944 ], [ -159.543786860489433, 22.218740363838865 ], [ -159.543674272662571, 22.218595146645878 ], [ -159.543589017460988, 22.218470130314344 ], [ -159.543476737153043, 22.218318241214678 ], [ -159.543336140701655, 22.218193701356263 ], [ -159.543174989419555, 22.21808901451751 ], [ -159.54300521865477, 22.217992653133596 ], [ -159.542833956555654, 22.217897731147072 ], [ -159.542680015181844, 22.217787803499562 ], [ -159.54262001579761, 22.217726539608268 ], [ -159.542523387005389, 22.21756549040845 ], [ -159.542452351852518, 22.217396904560427 ], [ -159.54241148854598, 22.217219436125536 ], [ -159.542392344034312, 22.217035572366331 ], [ -159.542387089619979, 22.216849936805282 ] ] } },
{ "type": "Feature", "properties": { "objectid": 108, "island": "Kauai", "st_lengthshape": 413.83212042046938 }, "geometry": { "type": "LineString", "coordinates": [ [ -159.542315793413422, 22.214933386387568 ], [ -159.542188092841116, 22.214775501163192 ], [ -159.54204233903107, 22.214647815322113 ], [ -159.541887495567607, 22.214535334989435 ], [ -159.541733267408944, 22.214421826188634 ], [ -159.541566849202582, 22.21432870878299 ], [ -159.541374144668026, 22.214279562399902 ], [ -159.541204819306671, 22.214191309179604 ], [ -159.541070392577041, 22.214044676518618 ], [ -159.54095200398217, 22.213871216243838 ], [ -159.540813158640333, 22.213731976143514 ], [ -159.540639118162915, 22.213651611147409 ], [ -159.540470999062933, 22.213561340344885 ], [ -159.540325685728476, 22.213432920583656 ], [ -159.5401737052876, 22.213315653658452 ], [ -159.539979087024108, 22.213269710892323 ], [ -159.539810728746801, 22.213179842197331 ], [ -159.53964970809929, 22.213077698831054 ], [ -159.539446778227244, 22.213045660172238 ], [ -159.539233188835908, 22.213031450932466 ], [ -159.539055657369033, 22.212958214599812 ] ] } },
{ "type": "Feature", "properties": { "objectid": 109, "island": "Kauai", "st_lengthshape": 1402.0588290636276 }, "geometry": { "type": "LineString", "coordinates": [ [ -159.531488004831857, 22.215546946369937 ], [ -159.531308012171905, 22.215479025266244 ], [ -159.531123329803336, 22.215423286324395 ], [ -159.530938539968247, 22.215367828479707 ], [ -159.530747869874489, 22.215327645401331 ], [ -159.530557379563959, 22.215286995354383 ], [ -159.530366615506267, 22.215247054244205 ], [ -159.530174028810706, 22.215211849978893 ], [ -159.529981397040046, 22.215176761266601 ], [ -159.529789306335999, 22.215140269381724 ], [ -159.529593321316412, 22.215113890914864 ], [ -159.529394563292897, 22.215094716853933 ], [ -159.52919126230023, 22.215087344050243 ], [ -159.528985453431488, 22.21508648637219 ], [ -159.528781299185169, 22.215081326462006 ], [ -159.52859035618701, 22.215041852704552 ], [ -159.528407779748875, 22.214980645435595 ], [ -159.528230037706322, 22.214906879387119 ], [ -159.52805258700414, 22.214832358755405 ], [ -159.527872972548664, 22.214763459609525 ], [ -159.527679007213521, 22.214731835229109 ], [ -159.527467421869034, 22.214745980041997 ], [ -159.527249682816176, 22.214776107692206 ], [ -159.527024026710563, 22.214826800518761 ], [ -159.526799633077161, 22.214874212296252 ], [ -159.526584747607586, 22.214896928223048 ], [ -159.526370320414372, 22.214918450792975 ], [ -159.526159382289677, 22.214930912387167 ], [ -159.525952760620783, 22.214932159335881 ], [ -159.525752285095791, 22.214917443767618 ], [ -159.525557210081615, 22.21488869959315 ], [ -159.525374645653898, 22.214827461754407 ], [ -159.525200852879891, 22.214743439514038 ], [ -159.52504666652041, 22.214608495701221 ], [ -159.524909521894955, 22.21442928499561 ], [ -159.52473341880588, 22.21435126740213 ], [ -159.524542483586828, 22.214311772570642 ], [ -159.524369571204772, 22.214225465481537 ], [ -159.52420742657705, 22.214111192922239 ], [ -159.524025403770821, 22.214048549707684 ], [ -159.52385317141983, 22.213960477322182 ], [ -159.523678840539333, 22.213877858137021 ], [ -159.523472226090803, 22.21387908833735 ], [ -159.523080117170224, 22.21436210022107 ], [ -159.522784117873357, 22.214595483200245 ], [ -159.522605988973453, 22.214522727620899 ], [ -159.522393773826991, 22.214538498510823 ], [ -159.522379484920236, 22.214040211116053 ], [ -159.522212662994946, 22.213938087004241 ], [ -159.522018413544885, 22.213907201152978 ], [ -159.521812143032605, 22.213907536481521 ], [ -159.521322589288928, 22.213909847008498 ], [ -159.521123331272321, 22.213948457103978 ], [ -159.520814320132274, 22.214030809711065 ], [ -159.520647497293425, 22.214117989156943 ], [ -159.520153997373598, 22.214617375608469 ], [ -159.520559799773139, 22.215005777788818 ] ] } },
{ "type": "Feature", "properties": { "objectid": 110, "island": "Kauai", "st_lengthshape": 1502.6751899644851 }, "geometry": { "type": "LineString", "coordinates": [ [ -159.517757633210891, 22.213054892444099 ], [ -159.517852281964338, 22.21288608248889 ], [ -159.51792736004532, 22.212714335445682 ], [ -159.517966280223447, 22.212537161037286 ], [ -159.517951151633582, 22.212351873477804 ], [ -159.517965330115345, 22.212170985293273 ], [ -159.518064607561314, 22.212002869654409 ], [ -159.518117529126414, 22.211841702367526 ], [ -159.518141697061253, 22.21166170925768 ], [ -159.518050590712136, 22.211311691500814 ], [ -159.517972739779168, 22.211145642829393 ], [ -159.517880758204541, 22.210986543812695 ], [ -159.517790327345296, 22.210826681846232 ], [ -159.517685199335602, 22.210674047748608 ], [ -159.517568579811098, 22.210527065694077 ], [ -159.517453330898462, 22.210379408864338 ], [ -159.51734457574517, 22.210228558542237 ], [ -159.517241034038506, 22.210075144870231 ], [ -159.517141669516548, 22.209919677058448 ], [ -159.517091081526615, 22.209740220554171 ], [ -159.517081985722712, 22.2097023063479 ], [ -159.517109845932367, 22.209512948625964 ], [ -159.517124288582721, 22.209326070914045 ], [ -159.517127824837701, 22.209141209016988 ], [ -159.517120301553604, 22.208958391427032 ], [ -159.517099268751025, 22.208778071304458 ], [ -159.51708541057971, 22.20859642476778 ], [ -159.517069657973252, 22.208415127537535 ], [ -159.517061980667933, 22.208232338421741 ], [ -159.517048283557386, 22.208050662447601 ], [ -159.517023212903098, 22.207871087779843 ], [ -159.516976248371975, 22.207695560335825 ], [ -159.516855627960211, 22.207399355597062 ], [ -159.51677718183123, 22.207233504146799 ], [ -159.51667238440794, 22.207080812207192 ], [ -159.516582526908621, 22.206920659425091 ], [ -159.51645522791901, 22.206779203946425 ], [ -159.516360274114703, 22.206621595833816 ], [ -159.516135246074043, 22.206379173528227 ], [ -159.515993608008927, 22.206254221404212 ], [ -159.515868728289576, 22.206108891183728 ], [ -159.5157493466387, 22.205956874487548 ], [ -159.515628091432234, 22.205807136604673 ], [ -159.515499110380205, 22.205666795039974 ], [ -159.515378652545081, 22.20551608778667 ], [ -159.515194083386518, 22.20544334144704 ], [ -159.515013841590701, 22.205365334212715 ], [ -159.514846480092643, 22.205271662507851 ], [ -159.514684617619338, 22.205171305188482 ], [ -159.514528629908199, 22.205063803958716 ], [ -159.514377086490214, 22.204950898801126 ], [ -159.514231870856122, 22.204830299059989 ], [ -159.514084932320571, 22.204711794206553 ], [ -159.513939247757321, 22.204591764820748 ], [ -159.513793303617121, 22.204472051407439 ], [ -159.513643431440983, 22.204357113920878 ], [ -159.513475857610246, 22.204263703420153 ], [ -159.513312347505092, 22.204165350032071 ], [ -159.513161379756809, 22.204051746260358 ], [ -159.513004837107843, 22.203944921016127 ], [ -159.512846679721179, 22.203840060194938 ], [ -159.512680070014881, 22.203745476803899 ], [ -159.512507829357588, 22.203657741632924 ], [ -159.512335315556186, 22.203570336878915 ], [ -159.511992962411426, 22.203405176738212 ], [ -159.511815805490556, 22.203318954128783 ], [ -159.511633533210698, 22.203252292637753 ], [ -159.511448092809189, 22.20319774927453 ], [ -159.511256139846239, 22.203168110533408 ], [ -159.510929965322958, 22.203141291363455 ], [ -159.510734607133912, 22.203140842785068 ], [ -159.510541630858256, 22.20315976100278 ] ] } },
{ "type": "Feature", "properties": { "objectid": 111, "island": "Kauai", "st_lengthshape": 2053.1257940773648 }, "geometry": { "type": "LineString", "coordinates": [ [ -159.508396960755931, 22.202971048273621 ], [ -159.508201735747775, 22.202965231794725 ], [ -159.508007063823925, 22.202955933425081 ], [ -159.507818708397053, 22.202906927468305 ], [ -159.507629169072516, 22.202865355520199 ], [ -159.507438595795378, 22.202830296536273 ], [ -159.507247478004587, 22.202798651199423 ], [ -159.507056398263444, 22.20276677243875 ], [ -159.5068649286641, 22.202737342904246 ], [ -159.506510863485374, 22.202681748596198 ], [ -159.506311390731014, 22.202667579296239 ], [ -159.506114830875276, 22.202669235650255 ], [ -159.50592019244624, 22.202681328301946 ], [ -159.505732534254264, 22.20273134312459 ], [ -159.505534813721368, 22.202726693879313 ], [ -159.505340513527528, 22.202740625937484 ], [ -159.504962328158456, 22.202785457412613 ], [ -159.504756669858835, 22.202796577358946 ], [ -159.504567601554697, 22.202844180405702 ], [ -159.504375200649321, 22.202884455165481 ], [ -159.504183770616635, 22.202926864159139 ], [ -159.50400053860804, 22.202987300378993 ], [ -159.503818622600392, 22.203050631362625 ], [ -159.503627375999855, 22.203093445673858 ], [ -159.503445989664954, 22.203157942714796 ], [ -159.503270865132549, 22.203236208032532 ], [ -159.503106258830115, 22.203337604979875 ], [ -159.50291035523702, 22.203370179151598 ], [ -159.502730213937468, 22.203437413404995 ], [ -159.502600481767701, 22.203615503695875 ], [ -159.502433783966467, 22.203712302655578 ], [ -159.502255964305277, 22.203784645234073 ], [ -159.502100531414897, 22.203906217629051 ], [ -159.501943570915444, 22.204024430291323 ], [ -159.501537384619837, 22.204302409864233 ], [ -159.501394995843867, 22.204426566720912 ], [ -159.501205594575623, 22.204493100583257 ], [ -159.501062847706862, 22.204616819199483 ], [ -159.500872304984881, 22.20468195229375 ], [ -159.500680762349617, 22.204745861412309 ], [ -159.50051931204365, 22.204846654342745 ], [ -159.500392689626722, 22.204990139996006 ], [ -159.500242594531528, 22.205104851816209 ], [ -159.500089042987213, 22.205215328093402 ], [ -159.499905871312592, 22.205289495915064 ], [ -159.499738595825647, 22.205383149160312 ], [ -159.499678715732898, 22.205608443595892 ], [ -159.499552904418437, 22.205752920770614 ], [ -159.499418788996991, 22.205887221122108 ], [ -159.499288614773548, 22.206026351551873 ], [ -159.49915334514742, 22.206159236875223 ], [ -159.499013443933933, 22.206286444805944 ], [ -159.498757268702775, 22.206604059104681 ], [ -159.498621169600057, 22.206736975443068 ], [ -159.498504005512359, 22.206881485862489 ], [ -159.498198934360033, 22.206910956640449 ], [ -159.498145107286774, 22.207094241527862 ], [ -159.498167626985293, 22.207324266454386 ], [ -159.498059366161982, 22.207474226683299 ], [ -159.497974463376579, 22.207638486826355 ], [ -159.497887584705751, 22.207801537882574 ], [ -159.497790919733347, 22.207958597594985 ], [ -159.497693509774081, 22.208115201499432 ], [ -159.497608363114722, 22.208279312230868 ], [ -159.497528285799177, 22.208446527799655 ], [ -159.497471502504311, 22.208628002924844 ], [ -159.497404570640697, 22.208850176004646 ], [ -159.497339216156377, 22.209020321416041 ], [ -159.497266781078338, 22.209188010378536 ], [ -159.497237205404673, 22.209370564986695 ], [ -159.497157246629428, 22.20953564524903 ], [ -159.497148709119557, 22.209725497462326 ], [ -159.497097728167176, 22.210039065659565 ], [ -159.49708587681593, 22.21021941327497 ], [ -159.497035079985295, 22.210397462287741 ], [ -159.497012631646243, 22.210577184567537 ], [ -159.496954757388551, 22.210754816104096 ], [ -159.496959865727717, 22.210936164390066 ], [ -159.496956545063767, 22.211117015332547 ], [ -159.496962408412173, 22.211298408282325 ], [ -159.496938532374912, 22.211478045457287 ], [ -159.496847647931645, 22.211653729693211 ], [ -159.496892105731661, 22.211837399758515 ], [ -159.496894252336261, 22.212018573672754 ], [ -159.496853865350033, 22.212197236761224 ], [ -159.496818746694146, 22.212376210790509 ], [ -159.496819798589257, 22.212557320280972 ], [ -159.49675090414442, 22.212734301475791 ], [ -159.496759377787441, 22.212915848143655 ], [ -159.496750185784236, 22.213096352888961 ], [ -159.496708787576182, 22.213345916727143 ], [ -159.496651049056055, 22.213524759176007 ], [ -159.496595466503379, 22.213703674524552 ], [ -159.49652952826122, 22.213882238400146 ], [ -159.49648665797119, 22.214061586504748 ] ] } },
{ "type": "Feature", "properties": { "objectid": 112, "island": "Kauai", "st_lengthshape": 487.47925724556058 }, "geometry": { "type": "LineString", "coordinates": [ [ -159.498369216716952, 22.215597659278661 ], [ -159.498469653949314, 22.215756272054652 ], [ -159.498483523612151, 22.215943296530899 ], [ -159.498564234722039, 22.216108382951795 ], [ -159.498647180828499, 22.216272737041457 ], [ -159.498733591749925, 22.216435953010908 ], [ -159.498737926550376, 22.216625539820555 ], [ -159.498695751897316, 22.216737043941428 ], [ -159.498619718340535, 22.21691143234268 ], [ -159.498579860062392, 22.217089262082002 ], [ -159.498516926182077, 22.217261070818047 ], [ -159.498500068499993, 22.217345514333022 ], [ -159.498455590769964, 22.217525049367332 ], [ -159.498386869985609, 22.217694400436233 ], [ -159.49826204302002, 22.217840178997015 ], [ -159.498178554543699, 22.217999926794434 ], [ -159.498095396412111, 22.218229658757924 ], [ -159.498046758798864, 22.218407659771529 ], [ -159.498116724745842, 22.218593227879008 ], [ -159.49809024513732, 22.218772642660202 ], [ -159.497716745204372, 22.218929921491782 ], [ -159.497703207437524, 22.219110162091575 ], [ -159.497754313814255, 22.219294525961683 ], [ -159.497939631286386, 22.219483907752529 ] ] } },
{ "type": "Feature", "properties": { "objectid": 113, "island": "Kauai", "st_lengthshape": 443.57827692958455 }, "geometry": { "type": "LineString", "coordinates": [ [ -159.496227517012812, 22.223103867369261 ], [ -159.49604249114077, 22.223160913533651 ], [ -159.495855778053368, 22.223211140289088 ], [ -159.495665550967203, 22.223247166932605 ], [ -159.495472649520224, 22.223272386804233 ], [ -159.495275405447643, 22.223280063742994 ], [ -159.495094294506629, 22.223341650998712 ], [ -159.494632628879458, 22.223520900053547 ], [ -159.494453391604281, 22.223438741483864 ], [ -159.494198669382087, 22.223388735739171 ], [ -159.494004053435845, 22.223407173586605 ], [ -159.493817578172866, 22.223458295282796 ], [ -159.493643440838667, 22.223538731961664 ], [ -159.493443383711735, 22.223641914478868 ], [ -159.493279860557436, 22.223739698344534 ], [ -159.49311389158953, 22.223833474715942 ], [ -159.49294688112073, 22.223925543924565 ], [ -159.492786707528438, 22.224028820714235 ], [ -159.492620896952275, 22.224122856291309 ], [ -159.492455734149701, 22.224217955762409 ], [ -159.49231785180055, 22.224348243375072 ] ] } },
{ "type": "Feature", "properties": { "objectid": 114, "island": "Kauai", "st_lengthshape": 81.7858534513649 }, "geometry": { "type": "LineString", "coordinates": [ [ -159.478010692178344, 22.228987127414516 ], [ -159.477804049116031, 22.228984004339427 ], [ -159.477619928957836, 22.229041152649895 ], [ -159.477427987689936, 22.229077372752641 ], [ -159.477259621502299, 22.229172598276747 ] ] } },
{ "type": "Feature", "properties": { "objectid": 115, "island": "Kauai", "st_lengthshape": 784.95475943482472 }, "geometry": { "type": "LineString", "coordinates": [ [ -159.471892389889064, 22.226147022512194 ], [ -159.47169585080718, 22.226113658605726 ], [ -159.471500806703943, 22.226103691151586 ], [ -159.471305856786131, 22.226095187617613 ], [ -159.471111590756266, 22.226097369207604 ], [ -159.470918351639824, 22.226115630095336 ], [ -159.47072368326215, 22.226111529171568 ], [ -159.470528659638177, 22.226101867650872 ], [ -159.470333720003538, 22.226093525534992 ], [ -159.470139244148754, 22.226092444357345 ], [ -159.46994750249732, 22.226134119765366 ], [ -159.469754953113949, 22.226163176644093 ], [ -159.469562475265349, 22.22619334338032 ], [ -159.469369691289018, 22.226218728120664 ], [ -159.469177275046206, 22.226203298219247 ], [ -159.4690581090031, 22.226181090021683 ], [ -159.468882425199581, 22.226103259068438 ], [ -159.46870535915545, 22.226028721220263 ], [ -159.46852338543053, 22.225965866657923 ], [ -159.468344419357862, 22.225895851836274 ], [ -159.468167280678415, 22.225821486153094 ], [ -159.467985803249604, 22.225757451505395 ], [ -159.467800896793932, 22.225701579789337 ], [ -159.467615233790013, 22.225647510531704 ], [ -159.467440645866759, 22.225571998416399 ], [ -159.46736698471409, 22.225524962592218 ], [ -159.467209878752783, 22.225413280755578 ], [ -159.467083659670976, 22.225275992361482 ], [ -159.466946782096869, 22.225147539092404 ], [ -159.466840442075011, 22.224993772151361 ], [ -159.466718186280389, 22.2248531981243 ], [ -159.466577663326262, 22.224727767858454 ], [ -159.466444367076008, 22.224596347010774 ], [ -159.466323156125213, 22.224454907820238 ], [ -159.466203867179985, 22.224311874830338 ], [ -159.466086044473855, 22.224167626073083 ], [ -159.465965764171386, 22.224025416033378 ], [ -159.465844124554422, 22.223884331826756 ], [ -159.465727776319113, 22.223738862579651 ], [ -159.465631476167829, 22.223576771835209 ], [ -159.465530172827528, 22.223423041953836 ] ] } },
{ "type": "Feature", "properties": { "objectid": 116, "island": "Kauai", "st_lengthshape": 1067.4674902217669 }, "geometry": { "type": "LineString", "coordinates": [ [ -159.463960856360842, 22.223049518552557 ], [ -159.463768772581545, 22.223080027801597 ], [ -159.463576301983267, 22.223105940469161 ], [ -159.463382183610406, 22.223112320439217 ], [ -159.463188686116922, 22.223126059402333 ], [ -159.462994593922531, 22.223132745092318 ], [ -159.462794901491407, 22.223073002413141 ], [ -159.46260438525195, 22.223122101643643 ], [ -159.462409611576646, 22.223120705755729 ], [ -159.46222077326567, 22.223132943312955 ], [ -159.461940845402978, 22.223171028412466 ], [ -159.461755180364548, 22.223232620606066 ], [ -159.461572945075943, 22.223299816655832 ], [ -159.461405298400251, 22.223390837444803 ], [ -159.46122747301942, 22.223465235245978 ], [ -159.461057620294241, 22.223552654614267 ], [ -159.460866512961644, 22.223605358109751 ], [ -159.460679896723093, 22.223665398818525 ], [ -159.460509999509412, 22.223752745474275 ], [ -159.46034477084396, 22.223847716182647 ], [ -159.460186409506491, 22.223953905735225 ], [ -159.460067513852152, 22.224124553041154 ], [ -159.459906465452519, 22.224226352118258 ], [ -159.459737896686164, 22.22431587054016 ], [ -159.459571310890055, 22.224408626433913 ], [ -159.459454086116665, 22.224582004106974 ], [ -159.459326924287268, 22.224734284386766 ], [ -159.459159547559437, 22.224750343400693 ], [ -159.458925422702322, 22.224679502612183 ], [ -159.458728993396875, 22.224705242778274 ], [ -159.458541378008476, 22.224753569344351 ], [ -159.458353789882068, 22.224801965181481 ], [ -159.458181815831637, 22.224890369565401 ], [ -159.458017695612057, 22.224998896824886 ], [ -159.457850672069753, 22.225099985273353 ], [ -159.457653854499114, 22.225124733298163 ], [ -159.45745152527212, 22.225135359101628 ], [ -159.457254339677263, 22.225159163614769 ], [ -159.45706329567102, 22.225198704320675 ], [ -159.45689044362453, 22.225284860326095 ], [ -159.456723894441325, 22.225387167710167 ], [ -159.456548961806391, 22.22546799365103 ], [ -159.456358197980563, 22.225508253672025 ], [ -159.456193892647633, 22.225616310762124 ], [ -159.456008502011002, 22.225670337751822 ], [ -159.455832290785509, 22.225747888937704 ], [ -159.455656609661105, 22.225826797180559 ], [ -159.455481165113127, 22.225906311665746 ], [ -159.45531340235695, 22.225986418784384 ], [ -159.455121090901969, 22.225986131178203 ], [ -159.4549449342191, 22.225906414512124 ], [ -159.454770940166355, 22.225820553829575 ], [ -159.454583391989331, 22.225786780877652 ] ] } },
{ "type": "Feature", "properties": { "objectid": 117, "island": "Kauai", "st_lengthshape": 1646.2125804494744 }, "geometry": { "type": "LineString", "coordinates": [ [ -159.454023421634162, 22.225518020394667 ], [ -159.453857509080279, 22.225291557203537 ], [ -159.453665460110415, 22.225265197384612 ], [ -159.453474983228688, 22.225226801320964 ], [ -159.453275694503816, 22.225255868353486 ], [ -159.453082877654424, 22.225235391193245 ], [ -159.452893266552564, 22.225190370027395 ], [ -159.452703022935708, 22.225150189071272 ], [ -159.452513781425097, 22.225102344172946 ], [ -159.452326329015762, 22.225040797453929 ], [ -159.452129389977642, 22.225051877753764 ], [ -159.451938388143901, 22.22501750513468 ], [ -159.451744305505798, 22.225006713566486 ], [ -159.451547333328222, 22.225018053436283 ], [ -159.451351920972485, 22.225017442023603 ], [ -159.451160642808532, 22.22498518865855 ], [ -159.450970332676292, 22.224945519890159 ], [ -159.450776296605028, 22.224934373801467 ], [ -159.450580698198962, 22.224952941409448 ], [ -159.450315936283204, 22.224990795651511 ], [ -159.450118544783663, 22.225001823276195 ], [ -159.449926990688624, 22.225033847878919 ], [ -159.449744664278882, 22.225099067010618 ], [ -159.449570170205078, 22.225182894456818 ], [ -159.449316045663835, 22.225176453211418 ], [ -159.449219617747218, 22.224987888330915 ], [ -159.449064571791638, 22.224878915884386 ], [ -159.448985953186195, 22.224666170655077 ], [ -159.448872309553252, 22.224500982767289 ], [ -159.448667616477593, 22.224461210033958 ], [ -159.448350949746839, 22.224312450857497 ], [ -159.448157655008117, 22.224291825503752 ], [ -159.447974774714567, 22.224219596348458 ], [ -159.447790442593629, 22.22415456575472 ], [ -159.447605632034339, 22.224091904108882 ], [ -159.447420788211247, 22.224029411279883 ], [ -159.447234588013174, 22.223973635222983 ], [ -159.447046901518945, 22.223925227651204 ], [ -159.446845547514101, 22.223944532012592 ], [ -159.446641674291527, 22.223976321875281 ], [ -159.446445117803165, 22.223971860959431 ], [ -159.446251614548174, 22.223952269212546 ], [ -159.446058645376155, 22.223930031482514 ], [ -159.445863285052468, 22.223919645618434 ], [ -159.445665794311594, 22.223919810887779 ], [ -159.445485668119858, 22.223833947000202 ], [ -159.445306432527474, 22.223743667301985 ], [ -159.445103894810501, 22.223768836797902 ], [ -159.444903785584074, 22.223781975885348 ], [ -159.444716513767219, 22.223731513729096 ], [ -159.444519046201719, 22.223731567323089 ], [ -159.444317153224176, 22.223753537806246 ], [ -159.444127896919269, 22.22372234475732 ], [ -159.443988197796102, 22.223639907500278 ], [ -159.443805889892133, 22.223576283378559 ], [ -159.443618300668703, 22.223529897011204 ], [ -159.443426124458767, 22.223498479826524 ], [ -159.443231260035645, 22.223475840066801 ], [ -159.443035507242882, 22.223456097929343 ], [ -159.442849185266539, 22.223405576815296 ], [ -159.44266345794469, 22.223353114240769 ], [ -159.442472998525886, 22.223316094610574 ], [ -159.442284779988768, 22.223271762765421 ], [ -159.442092103039499, 22.223241983243611 ], [ -159.441909202895857, 22.223180295500864 ], [ -159.441728848180361, 22.223110297371996 ], [ -159.441544982101732, 22.223051760230508 ], [ -159.441360295919168, 22.222995901915695 ], [ -159.441168575208366, 22.222963000116085 ], [ -159.441003542036043, 22.222842999990625 ], [ -159.440833563530674, 22.222739142625691 ], [ -159.440641812550837, 22.222706342365555 ], [ -159.440449210639912, 22.222676317659413 ], [ -159.440261718735798, 22.222629615444323 ], [ -159.4400791697812, 22.222566784560385 ], [ -159.439890528403026, 22.222523836896656 ], [ -159.439701449128279, 22.222482315781605 ], [ -159.439514776090334, 22.222432943609416 ], [ -159.439328618028469, 22.222381892192306 ], [ -159.439141824239471, 22.222346010582285 ] ] } },
{ "type": "Feature", "properties": { "objectid": 118, "island": "Kauai", "st_lengthshape": 104.48475597686731 }, "geometry": { "type": "LineString", "coordinates": [ [ -159.437778812233745, 22.22352603144402 ], [ -159.437668630163728, 22.223347752005569 ], [ -159.437517739806282, 22.223231236292381 ], [ -159.437379815957115, 22.223095047182024 ], [ -159.437211065365773, 22.223005628280028 ], [ -159.437016133404626, 22.222957554667545 ] ] } },
{ "type": "Feature", "properties": { "objectid": 119, "island": "Kauai", "st_lengthshape": 682.32610417167075 }, "geometry": { "type": "LineString", "coordinates": [ [ -159.43531675698452, 22.222021299998332 ], [ -159.435224556324727, 22.221859533889056 ], [ -159.435083562009851, 22.221732424859923 ], [ -159.434954937299523, 22.221596530367101 ], [ -159.434803709926001, 22.22147668929869 ], [ -159.434676393718519, 22.2213398659825 ], [ -159.434506927494027, 22.221232979517453 ], [ -159.434348093008509, 22.22111854266894 ], [ -159.434216179722171, 22.220984983536948 ], [ -159.434054709422838, 22.220872418974789 ], [ -159.433939939061275, 22.220726683741145 ], [ -159.433809954156544, 22.220591755869254 ], [ -159.433710381630107, 22.220435226609364 ], [ -159.433575539911033, 22.220303748070314 ], [ -159.433465719790121, 22.220154497656878 ], [ -159.433388450672311, 22.219982127934131 ], [ -159.433308468940908, 22.219811684243034 ], [ -159.433182270051248, 22.219674067131265 ], [ -159.433055426612441, 22.219536908758784 ], [ -159.432955630096473, 22.219380538592659 ], [ -159.432929598279884, 22.219171777381764 ], [ -159.432829538829225, 22.219015594832211 ], [ -159.432709267254324, 22.218873767910527 ], [ -159.432588628990089, 22.218732202052326 ], [ -159.432468273673663, 22.21859043569248 ], [ -159.432353853433995, 22.21844445349695 ], [ -159.432247232944576, 22.218292931540514 ], [ -159.432145135937986, 22.218138197602944 ], [ -159.43204974076059, 22.217978701974353 ], [ -159.431983814658366, 22.217798277258911 ], [ -159.431925303851671, 22.217612583992405 ], [ -159.431788532137091, 22.217482478567366 ], [ -159.431599684383656, 22.217389359606511 ], [ -159.431326468125292, 22.217361741166151 ] ] } },
{ "type": "Feature", "properties": { "objectid": 120, "island": "Kauai", "st_lengthshape": 444.17534775509347 }, "geometry": { "type": "LineString", "coordinates": [ [ -159.428288494807248, 22.215769710796572 ], [ -159.428101303010806, 22.215823381015472 ], [ -159.427907546743313, 22.21583975273213 ], [ -159.427713292873534, 22.215853305065306 ], [ -159.427530593685361, 22.215932495134364 ], [ -159.427350373223618, 22.216025759115048 ], [ -159.427173853011766, 22.216113234944434 ], [ -159.426588286973384, 22.216339102363246 ], [ -159.426417529302057, 22.21642660834927 ], [ -159.426247908402928, 22.216515668667807 ], [ -159.42609254111494, 22.216624251328376 ], [ -159.425939751545258, 22.216736363061532 ], [ -159.425779952716596, 22.216838875236743 ], [ -159.425633449724785, 22.216959596043022 ], [ -159.425503128378665, 22.217102476734411 ], [ -159.42540118574135, 22.217284219419188 ], [ -159.425414796181144, 22.217624205698087 ], [ -159.425352498817091, 22.217860241115151 ], [ -159.425299571300258, 22.218103735904624 ] ] } },
{ "type": "Feature", "properties": { "objectid": 121, "island": "Kauai", "st_lengthshape": 949.82979844090039 }, "geometry": { "type": "LineString", "coordinates": [ [ -159.42011892236593, 22.22233404142963 ], [ -159.419944611012198, 22.222470819411853 ], [ -159.419731367938851, 22.222364334873674 ], [ -159.419539235304768, 22.222389754708136 ], [ -159.419331421409282, 22.222317194224441 ], [ -159.419097811774549, 22.222083435849743 ], [ -159.418898886449597, 22.2220664146326 ], [ -159.418708074882915, 22.222100091811154 ], [ -159.418607517309908, 22.222697753504029 ], [ -159.41844546499749, 22.222911147685764 ], [ -159.418262878489287, 22.222996227380303 ], [ -159.417920108662685, 22.222080322729031 ], [ -159.417700337026929, 22.221933019714125 ], [ -159.417500667652348, 22.221911345201569 ], [ -159.417310714988048, 22.22195038482489 ], [ -159.417127557629101, 22.222031897126257 ], [ -159.416950264178382, 22.222150054778872 ], [ -159.416772836962622, 22.222267374213875 ], [ -159.416594421897258, 22.222378522951896 ], [ -159.416418912850332, 22.222507834445551 ], [ -159.41624410336712, 22.222641521911552 ], [ -159.416061622594157, 22.222727266504325 ], [ -159.41587033986653, 22.222758009995282 ], [ -159.415672291675889, 22.222746461812143 ], [ -159.415469306983937, 22.222704071657418 ], [ -159.415270622308014, 22.222688545065555 ], [ -159.415082673582816, 22.222740122716413 ], [ -159.414895915825895, 22.222799143965521 ], [ -159.414702202055025, 22.222814684195939 ], [ -159.414509169304182, 22.222834487484199 ], [ -159.414309641410654, 22.222813699474838 ], [ -159.414098237456216, 22.222718676199666 ], [ -159.41389463348284, 22.22267240548133 ], [ -159.413713551799816, 22.222766905220791 ], [ -159.413528796917234, 22.222838445667644 ], [ -159.413340327406843, 22.222886767633916 ], [ -159.413154449341249, 22.222951286458809 ], [ -159.412978730914006, 22.223065766155507 ] ] } },
{ "type": "Feature", "properties": { "objectid": 122, "island": "Kauai", "st_lengthshape": 965.48942896276196 }, "geometry": { "type": "LineString", "coordinates": [ [ -159.412205529717625, 22.222586183007856 ], [ -159.412039000496378, 22.2226962839561 ], [ -159.411868734574881, 22.222795152997232 ], [ -159.411685521594336, 22.222855101157595 ], [ -159.411492777022232, 22.222886394297877 ], [ -159.411315270639847, 22.222963494311074 ], [ -159.411137097456162, 22.223038594752165 ], [ -159.410954796148758, 22.223101284368113 ], [ -159.410771073339049, 22.22315969698791 ], [ -159.410587164397469, 22.223217553367565 ], [ -159.410404591461287, 22.223279428176401 ], [ -159.410234522374736, 22.223378892184812 ], [ -159.410070268463613, 22.223495837807818 ], [ -159.409906883517039, 22.223615400078863 ], [ -159.409761244972799, 22.223788311153431 ], [ -159.409595444581669, 22.223900611221183 ], [ -159.409417322129372, 22.223975867766818 ], [ -159.409233263736525, 22.22403327671956 ], [ -159.409048262574146, 22.224087855628355 ], [ -159.408872030698859, 22.22416879382904 ], [ -159.408689793452652, 22.22423168223019 ], [ -159.408498666204395, 22.224250740962351 ], [ -159.408007374370328, 22.224248509153519 ], [ -159.407829853481331, 22.224321858968967 ], [ -159.407666511444916, 22.224422014444222 ], [ -159.407498098761977, 22.224512585474251 ], [ -159.407328717041054, 22.224601322113983 ], [ -159.407149413827369, 22.224671303205863 ], [ -159.406955128532417, 22.224712957039539 ], [ -159.406781088538537, 22.224792888333649 ], [ -159.406619203779542, 22.224895802672403 ], [ -159.406464117969108, 22.225011570827327 ], [ -159.406309613381268, 22.225128438647971 ], [ -159.406153325086251, 22.225241935615831 ], [ -159.405996493109654, 22.225354403898134 ], [ -159.405845775147412, 22.225478432242635 ], [ -159.40570456636766, 22.225620440904525 ], [ -159.405545810646345, 22.22572927188612 ], [ -159.405403698859686, 22.225869574181608 ], [ -159.405290221396058, 22.226064015375425 ], [ -159.40515260469698, 22.226212816429182 ], [ -159.405005234395162, 22.22634317764269 ], [ -159.404856888196264, 22.22647169366785 ], [ -159.404702122130914, 22.226588070977119 ], [ -159.404560258399414, 22.226728844411625 ], [ -159.404465865254338, 22.226954325907442 ] ] } },
{ "type": "Feature", "properties": { "objectid": 123, "island": "Kauai", "st_lengthshape": 296.29007616568049 }, "geometry": { "type": "LineString", "coordinates": [ [ -159.395758025701809, 22.224751222701062 ], [ -159.395687878787442, 22.224517142851411 ], [ -159.395595689835545, 22.224315351362758 ], [ -159.395468573648628, 22.22416472027194 ], [ -159.395275231277481, 22.224111101660807 ], [ -159.395129277682372, 22.22398806484405 ], [ -159.394985864866555, 22.223861306874085 ], [ -159.394812116748398, 22.223778986468123 ], [ -159.394649507926545, 22.223680348444969 ], [ -159.394493729487152, 22.223571705519429 ], [ -159.39426735550046, 22.223566470566105 ], [ -159.393973420798289, 22.223660199268366 ], [ -159.393732887609332, 22.223675704169548 ], [ -159.393520066304717, 22.223651879200521 ] ] } },
{ "type": "Feature", "properties": { "objectid": 124, "island": "Kauai", "st_lengthshape": 278.13715878349763 }, "geometry": { "type": "LineString", "coordinates": [ [ -159.385777090378241, 22.218909495049044 ], [ -159.385525194263295, 22.21883401790976 ], [ -159.385399876312562, 22.218692323659859 ], [ -159.38529793600037, 22.218538400401524 ], [ -159.38521466156908, 22.218374713015468 ], [ -159.385129710187869, 22.218211903155154 ], [ -159.385062418921422, 22.218039854662862 ], [ -159.384956502174305, 22.217888011211507 ], [ -159.384850967400581, 22.217735968933802 ], [ -159.384738551828036, 22.217587525805911 ], [ -159.384654303922559, 22.217424348122098 ], [ -159.384540479082517, 22.217276642656259 ], [ -159.384418143806613, 22.217133389378205 ], [ -159.384137259195739, 22.217078970326074 ] ] } },
{ "type": "Feature", "properties": { "objectid": 125, "island": "Kauai", "st_lengthshape": 306.07509811121366 }, "geometry": { "type": "LineString", "coordinates": [ [ -159.383603186876968, 22.216570835006362 ], [ -159.38339681233083, 22.216563689248645 ], [ -159.383203849793176, 22.216525847824027 ], [ -159.383019122205781, 22.21646915503289 ], [ -159.382848422027877, 22.216380359486354 ], [ -159.38268456357369, 22.216275902269707 ], [ -159.382525443813392, 22.216160601759029 ], [ -159.382349913277437, 22.21608285951519 ], [ -159.382154450316591, 22.216050741346137 ], [ -159.381958315331048, 22.216020159426346 ], [ -159.38176670774763, 22.215979215279727 ], [ -159.381574350056439, 22.215939988256427 ], [ -159.381376244327555, 22.215913916503602 ], [ -159.381180026761939, 22.215883525359303 ], [ -159.380984527671444, 22.215851487170156 ], [ -159.380793733729433, 22.215824230371528 ] ] } },
{ "type": "Feature", "properties": { "objectid": 126, "island": "Kauai", "st_lengthshape": 163.65641843301083 }, "geometry": { "type": "LineString", "coordinates": [ [ -159.375529140827354, 22.216263077623143 ], [ -159.375376203819968, 22.216119814845133 ], [ -159.375266236384363, 22.215857786951243 ], [ -159.375063460378669, 22.215852280083784 ], [ -159.374850584437212, 22.215874689289098 ], [ -159.374631290695021, 22.215914835361328 ], [ -159.374432656355964, 22.215897883599773 ], [ -159.374210373822393, 22.215948184089132 ] ] } },
{ "type": "Feature", "properties": { "objectid": 127, "island": "Kauai", "st_lengthshape": 408.61446632399128 }, "geometry": { "type": "LineString", "coordinates": [ [ -159.373398973115911, 22.215477244261162 ], [ -159.373270219292948, 22.215291991767426 ], [ -159.373055949186323, 22.215303225618669 ], [ -159.372803976830028, 22.215401083180215 ], [ -159.372581218798445, 22.215431817183884 ], [ -159.372382959482536, 22.215406262402375 ], [ -159.37221750555355, 22.215305333260666 ], [ -159.372035158284916, 22.21524321822443 ], [ -159.371845955168766, 22.215196858017062 ], [ -159.371665432869776, 22.215130549237134 ], [ -159.371505037374561, 22.215022497895937 ], [ -159.371344449655226, 22.214899562996617 ], [ -159.371198659814212, 22.214779331544932 ], [ -159.371053710601984, 22.214658048268102 ], [ -159.370913503182038, 22.214530836653651 ], [ -159.370719767713865, 22.214470559235583 ], [ -159.370529147013798, 22.214416975155864 ], [ -159.369901288841703, 22.214309840311525 ] ] } },
{ "type": "Feature", "properties": { "objectid": 128, "island": "Kauai", "st_lengthshape": 278.69021795984577 }, "geometry": { "type": "LineString", "coordinates": [ [ -159.364203863124146, 22.21114955984725 ], [ -159.364015304841871, 22.211222221834987 ], [ -159.363826051600427, 22.21128657278873 ], [ -159.363635900241064, 22.211340192896632 ], [ -159.363443534378234, 22.211367324926538 ], [ -159.363248949141905, 22.211367920095846 ], [ -159.363056615434829, 22.211347631062221 ], [ -159.36291468041648, 22.21130478667094 ], [ -159.362727990575934, 22.211245966431022 ], [ -159.362542640964904, 22.211178912829578 ], [ -159.362352817580728, 22.21113935192739 ], [ -159.362161295050811, 22.211110227282575 ], [ -159.361966286214084, 22.211102523036462 ], [ -159.361771043361841, 22.211096250998072 ], [ -159.361578327460705, 22.211096979138112 ] ] } },
{ "type": "Feature", "properties": { "objectid": 129, "island": "Kauai", "st_lengthshape": 222.12166051210463 }, "geometry": { "type": "LineString", "coordinates": [ [ -159.360036979029275, 22.211550654224755 ], [ -159.359840916894626, 22.211552814217352 ], [ -159.359652690128343, 22.211500077473261 ], [ -159.359462946936617, 22.211457968085014 ], [ -159.359273464086755, 22.211414035700013 ], [ -159.359080577338574, 22.211393947356182 ], [ -159.358885796547867, 22.211387129691779 ], [ -159.358695217718207, 22.211350875412258 ], [ -159.358506240456876, 22.211303398702515 ], [ -159.358313318692609, 22.211283559770919 ], [ -159.358116905105931, 22.211288180278192 ], [ -159.357917089514501, 22.211317520200478 ] ] } },
{ "type": "Feature", "properties": { "objectid": 130, "island": "Kauai", "st_lengthshape": 604.02756317835247 }, "geometry": { "type": "LineString", "coordinates": [ [ -159.347839094272302, 22.211600901779711 ], [ -159.347655064305997, 22.21153130778923 ], [ -159.347462520571241, 22.211507743017417 ], [ -159.34727265787771, 22.211469685933732 ], [ -159.347070968168083, 22.211498685010302 ], [ -159.346819067987013, 22.211462915227784 ], [ -159.346693599625354, 22.211319816747011 ], [ -159.346586696317303, 22.211155183526465 ], [ -159.346450810741743, 22.211024169513152 ], [ -159.34630305436113, 22.210911989874887 ], [ -159.346048610833975, 22.21073073637163 ], [ -159.345869993579129, 22.210659071735638 ], [ -159.345704319950556, 22.210553221941595 ], [ -159.345526911933547, 22.210478364373092 ], [ -159.345329928327288, 22.210455213020509 ], [ -159.34514445777404, 22.210401651330802 ], [ -159.344974563635446, 22.210306948920778 ], [ -159.344798246593882, 22.210229212644769 ], [ -159.344613805127011, 22.210172935188123 ], [ -159.344427479164892, 22.210121632134829 ], [ -159.344235753925915, 22.210084592667517 ], [ -159.344051764980662, 22.210027118384556 ], [ -159.343878097896919, 22.209942383917152 ], [ -159.343749716564588, 22.209839579154394 ], [ -159.343604963819587, 22.209711204964517 ], [ -159.343533297982816, 22.209539490137328 ], [ -159.343472462722929, 22.209361352579844 ], [ -159.343406180937308, 22.209186444473143 ], [ -159.343295765925774, 22.209037707591484 ], [ -159.343174088233553, 22.208900254625572 ] ] } },
{ "type": "Feature", "properties": { "objectid": 131, "island": "Kauai", "st_lengthshape": 783.24872088470909 }, "geometry": { "type": "LineString", "coordinates": [ [ -159.341718244331645, 22.208334079031641 ], [ -159.341677386464596, 22.208095001828919 ], [ -159.34155161208912, 22.207952756324911 ], [ -159.341323206564198, 22.207927542952454 ], [ -159.341193537389756, 22.207789739326198 ], [ -159.340984852556318, 22.207742037710997 ], [ -159.340840304106791, 22.207621202322109 ], [ -159.340650107388456, 22.20755241814653 ], [ -159.34050412455403, 22.207433217936956 ], [ -159.340391687552966, 22.207275765209687 ], [ -159.340276696498734, 22.207121224950932 ], [ -159.340127317392529, 22.207005898136046 ], [ -159.339993752010571, 22.206872538365275 ], [ -159.339811113205627, 22.206795137725063 ], [ -159.339634075697774, 22.206711348835558 ], [ -159.339477115882488, 22.206604666715052 ], [ -159.339314173983411, 22.20650480600338 ], [ -159.339124411021231, 22.20643552854969 ], [ -159.338982162443074, 22.206312071261515 ], [ -159.338880903171685, 22.206141873976986 ], [ -159.338748897531786, 22.2060067382913 ], [ -159.338593425309767, 22.205898359184999 ], [ -159.338436759376151, 22.205791342058884 ], [ -159.338280057883964, 22.205684367312912 ], [ -159.338125089497908, 22.205575413930649 ], [ -159.337983075839134, 22.205451690547516 ], [ -159.337836355311794, 22.205333334100334 ], [ -159.337695767343234, 22.20520798404851 ], [ -159.337554719073154, 22.20508315971378 ], [ -159.337406282855653, 22.204966759623296 ], [ -159.337278414055561, 22.204826907293175 ], [ -159.337109037680477, 22.204734385307649 ], [ -159.336973408676357, 22.20460338246583 ], [ -159.336794347591251, 22.204521902853191 ], [ -159.33662349154244, 22.20443106829666 ], [ -159.336462043213146, 22.204329506746884 ], [ -159.336322719148541, 22.204202717319735 ], [ -159.33616345892807, 22.204098660208789 ], [ -159.335972770009164, 22.204036591142437 ] ] } },
{ "type": "Feature", "properties": { "objectid": 132, "island": "Kauai", "st_lengthshape": 65.722644830353971 }, "geometry": { "type": "LineString", "coordinates": [ [ -159.334772520362549, 22.202135230870613 ], [ -159.334709582573396, 22.201912904902823 ], [ -159.334583672565827, 22.201768307865262 ], [ -159.334441259735229, 22.201650070380499 ] ] } },
{ "type": "Feature", "properties": { "objectid": 133, "island": "Kauai", "st_lengthshape": 293.91169817215513 }, "geometry": { "type": "LineString", "coordinates": [ [ -159.333137883142342, 22.196831457705098 ], [ -159.333406186210539, 22.196769919393294 ], [ -159.333624796132909, 22.196625414415937 ], [ -159.333805473528059, 22.196387272917296 ], [ -159.333880672432741, 22.196218020370392 ], [ -159.333928957308927, 22.196047251015692 ], [ -159.333946283323939, 22.195868604030078 ], [ -159.33400623499611, 22.195692222142807 ], [ -159.334011761670837, 22.195511268507605 ], [ -159.334044878609433, 22.19533486664832 ], [ -159.334055576830252, 22.195111214701651 ], [ -159.334045682526323, 22.194927416179702 ], [ -159.334036932368349, 22.194743356023388 ], [ -159.334044563051634, 22.194563176803349 ] ] } },
{ "type": "Feature", "properties": { "objectid": 134, "island": "Kauai", "st_lengthshape": 740.6217053411491 }, "geometry": { "type": "LineString", "coordinates": [ [ -159.333714937031885, 22.193975246308057 ], [ -159.333636307220843, 22.193798431988156 ], [ -159.333540758180504, 22.193635675226137 ], [ -159.333365606236896, 22.193539058432528 ], [ -159.333263162111336, 22.193382030672606 ], [ -159.333150219945907, 22.193233726100168 ], [ -159.333021925674132, 22.193101687371673 ], [ -159.332809016204948, 22.192917285511374 ], [ -159.332650243660424, 22.192808629752083 ], [ -159.33246934746478, 22.192741700292192 ], [ -159.332293071902001, 22.192666056706951 ], [ -159.332121445498501, 22.19258515635854 ], [ -159.331761806470837, 22.192481643113734 ], [ -159.331567834978785, 22.192477466755388 ], [ -159.331378295703246, 22.192492651476527 ], [ -159.330999974499463, 22.1925386804892 ], [ -159.330788160464692, 22.192545105012254 ], [ -159.330612179110744, 22.192621215372068 ], [ -159.330444431406818, 22.192713338303207 ], [ -159.330287503725259, 22.19282650427558 ], [ -159.330124386539552, 22.19292763366786 ], [ -159.329959245993166, 22.193024828065276 ], [ -159.329799571026598, 22.193123372690689 ], [ -159.32961961043938, 22.193279486490713 ], [ -159.32949164661764, 22.193417490564105 ], [ -159.329364156153247, 22.19355599407718 ], [ -159.329217082284771, 22.193673864009277 ], [ -159.329030296318962, 22.193749892424293 ], [ -159.328801403965059, 22.193780258919169 ], [ -159.328456342598486, 22.193764596832548 ], [ -159.328262355157875, 22.193742188187052 ], [ -159.328068398820278, 22.19369931306348 ], [ -159.327874448325588, 22.193653054370102 ], [ -159.327685319338855, 22.193620155527011 ] ] } },
{ "type": "Feature", "properties": { "objectid": 135, "island": "Kauai", "st_lengthshape": 40.431753418758049 }, "geometry": { "type": "LineString", "coordinates": [ [ -159.313550684900946, 22.174393803179829 ], [ -159.313461946146759, 22.174226469321834 ], [ -159.313450237069162, 22.174048164224292 ] ] } },
{ "type": "Feature", "properties": { "objectid": 136, "island": "Kauai", "st_lengthshape": 199.11665433099395 }, "geometry": { "type": "LineString", "coordinates": [ [ -159.313746010678102, 22.173789104568101 ], [ -159.313794399682763, 22.173609466876389 ], [ -159.31382131390032, 22.173421736051377 ], [ -159.31388535229442, 22.173173119482172 ], [ -159.313953281855163, 22.173003083678239 ], [ -159.313999808720382, 22.172830756425263 ], [ -159.314081010370103, 22.172576602116063 ], [ -159.314094262216344, 22.172393289116588 ], [ -159.314068395132153, 22.172214185577918 ], [ -159.314036143873238, 22.172036845173903 ] ] } },
{ "type": "Feature", "properties": { "objectid": 137, "island": "Kauai", "st_lengthshape": 629.45146116120009 }, "geometry": { "type": "LineString", "coordinates": [ [ -159.311305521457712, 22.170592349967691 ], [ -159.31118088390221, 22.170450473245008 ], [ -159.311061615812804, 22.170305759348672 ], [ -159.310904920429522, 22.170180823231746 ], [ -159.310825335786035, 22.170015139872547 ], [ -159.310756704814565, 22.169843667197732 ], [ -159.310707059971861, 22.169662162769544 ], [ -159.310728484853428, 22.169443101053254 ], [ -159.310552921063902, 22.169328136443948 ], [ -159.310464436801027, 22.169167155920331 ], [ -159.310355366360596, 22.169017052969522 ], [ -159.310261948342799, 22.168858679979266 ], [ -159.310167646006818, 22.168700773878648 ], [ -159.310098890541525, 22.168529367072683 ], [ -159.310000456623442, 22.168373645083786 ], [ -159.309903568177049, 22.16821710519983 ], [ -159.309810290709578, 22.168058657576953 ], [ -159.309698419059913, 22.167910036580686 ], [ -159.309572937790392, 22.167768606440369 ], [ -159.309521052428948, 22.167588285715834 ], [ -159.309451196768634, 22.167417461594155 ], [ -159.309394782520428, 22.16723953446748 ], [ -159.309367327989776, 22.167046304292136 ], [ -159.309314742719806, 22.166866353408071 ], [ -159.309215859377133, 22.166710869348844 ], [ -159.309116864839012, 22.166555443254861 ], [ -159.309055847790432, 22.166383580395987 ], [ -159.30904829848248, 22.166234238025748 ], [ -159.309116519539856, 22.166060136279398 ], [ -159.309141178936784, 22.165880916970263 ], [ -159.309163096582665, 22.165701374908448 ], [ -159.309189623371964, 22.165534772044314 ] ] } },
{ "type": "Feature", "properties": { "objectid": 138, "island": "Kauai", "st_lengthshape": 19.793111105988014 }, "geometry": { "type": "LineString", "coordinates": [ [ -159.309137196679899, 22.16456733866092 ], [ -159.309151695113712, 22.164389032980186 ] ] } },
{ "type": "Feature", "properties": { "objectid": 139, "island": "Kauai", "st_lengthshape": 1698.9939957164663 }, "geometry": { "type": "LineString", "coordinates": [ [ -159.309525746665827, 22.16384542020057 ], [ -159.309643541339483, 22.163707952094484 ], [ -159.309780901226702, 22.163181412037382 ], [ -159.309699360062581, 22.163016718198044 ], [ -159.309630344321988, 22.162845364840027 ], [ -159.309528122236969, 22.162691666062436 ], [ -159.309447820709778, 22.162526312935572 ], [ -159.309332571062413, 22.162379540948706 ], [ -159.309232835496772, 22.162224519150293 ], [ -159.30914784478702, 22.162061660087435 ], [ -159.30905689345667, 22.161901969758677 ], [ -159.308905611487802, 22.161774353397583 ], [ -159.308818527927457, 22.161612606620615 ], [ -159.30871605943824, 22.161462510637261 ], [ -159.308623390238694, 22.161303215387381 ], [ -159.308475298808105, 22.161178950616844 ], [ -159.308445924470817, 22.160978141267222 ], [ -159.308287541039931, 22.160860512502293 ], [ -159.308204143827055, 22.160694534864174 ], [ -159.308099632065193, 22.160542172007151 ], [ -159.308010689511974, 22.16037977057384 ], [ -159.307912851299278, 22.160223103690651 ], [ -159.307797665172671, 22.160077623232322 ], [ -159.307661328068491, 22.159948590684955 ], [ -159.307475000974421, 22.159779004268486 ], [ -159.307321999880145, 22.159667757048599 ], [ -159.307167803591028, 22.159558044149623 ], [ -159.3070270058912, 22.159431131674346 ], [ -159.306894113210575, 22.159294071327434 ], [ -159.306748173516667, 22.159173759703588 ], [ -159.306611561567109, 22.15904147351274 ], [ -159.306458790200821, 22.158929932315615 ], [ -159.306302786752013, 22.158822541075452 ], [ -159.306135582591423, 22.15872952982496 ], [ -159.30608752497568, 22.158483561843443 ], [ -159.305975254420588, 22.15832002854858 ], [ -159.305843994271214, 22.158189754424868 ], [ -159.305575422426898, 22.158115893846759 ], [ -159.305443225454638, 22.157972362407303 ], [ -159.305353690757272, 22.157811589422881 ], [ -159.305471004364335, 22.157572075479347 ], [ -159.305489019524259, 22.157453011200055 ], [ -159.30561458339568, 22.157298012943105 ], [ -159.305684888406205, 22.157128687683588 ], [ -159.305752434399295, 22.156958646627093 ], [ -159.30581330873099, 22.15678687533412 ], [ -159.305840813809681, 22.15660645210858 ], [ -159.305894131400976, 22.156432721859623 ], [ -159.30589699794632, 22.156245910597978 ], [ -159.305926542593568, 22.156066016546504 ], [ -159.305979888025576, 22.15589229343621 ], [ -159.306025016478117, 22.155717090547029 ], [ -159.306088878046637, 22.155422892395045 ], [ -159.306110655206879, 22.155242291032376 ], [ -159.306105754574162, 22.155061584344487 ], [ -159.306090584199467, 22.154880837299462 ], [ -159.306077106255486, 22.154700097010394 ], [ -159.306055863735509, 22.154519325211051 ], [ -159.306023191617527, 22.15433850889919 ], [ -159.305984301899628, 22.154157668103089 ], [ -159.30597059916704, 22.153976926402137 ], [ -159.30597078173156, 22.153796239957728 ], [ -159.306016075570369, 22.153615731778043 ], [ -159.306040133641943, 22.153435138755363 ], [ -159.30604236248891, 22.153254460204955 ], [ -159.30606100295185, 22.153073846620366 ], [ -159.306051432724558, 22.152893121540618 ], [ -159.306078105322172, 22.152712539854058 ], [ -159.306049237316756, 22.152531738047799 ], [ -159.306014333141718, 22.1523509132257 ], [ -159.305999119575745, 22.152170165286041 ], [ -159.30601233763997, 22.15198953023587 ], [ -159.306008392582612, 22.151808827098861 ], [ -159.306010043452943, 22.151628145983413 ], [ -159.306006184730194, 22.15144744357973 ], [ -159.30602017471216, 22.151266811582783 ], [ -159.306058199847826, 22.151086274518672 ], [ -159.306071641782097, 22.150905639924837 ], [ -159.30621501573205, 22.150725519450287 ], [ -159.306267061195541, 22.150545037318906 ], [ -159.306300191981052, 22.150368899146915 ] ] } },
{ "type": "Feature", "properties": { "objectid": 140, "island": "Kauai", "st_lengthshape": 943.33953024613243 }, "geometry": { "type": "LineString", "coordinates": [ [ -159.30614084060096, 22.14870531601855 ], [ -159.306051398066273, 22.148542595216554 ], [ -159.30593670111071, 22.148396881834774 ], [ -159.305817076257284, 22.14825448597016 ], [ -159.305687212876336, 22.148118987922949 ], [ -159.305552812841, 22.147986543731225 ], [ -159.305408689471761, 22.147860648531296 ], [ -159.30528247475695, 22.147722691405377 ], [ -159.305172208666988, 22.147573995070637 ], [ -159.30502446525503, 22.147450537422799 ], [ -159.304910451990395, 22.147304363963674 ], [ -159.304833490809102, 22.14713388303435 ], [ -159.304619535884967, 22.147049688966277 ], [ -159.304460834235954, 22.146944869164269 ], [ -159.304307026867974, 22.146838023616567 ], [ -159.304094153488137, 22.146689468184814 ], [ -159.303928068486272, 22.146590433637616 ], [ -159.303759371693587, 22.146510203285914 ], [ -159.303521041794966, 22.146437763415225 ], [ -159.303333486483126, 22.146378580613877 ], [ -159.303145766207308, 22.146320637409556 ], [ -159.302958243660868, 22.146261213799342 ], [ -159.302774926703535, 22.146170255116147 ], [ -159.302594215300587, 22.146075438255622 ], [ -159.302219921183308, 22.146158356041102 ], [ -159.302026008066377, 22.146147896535112 ], [ -159.301832148471874, 22.146124773298382 ], [ -159.301638308307929, 22.146097085658106 ], [ -159.301444400618749, 22.146085475381032 ], [ -159.301250455820309, 22.146082390626219 ], [ -159.301056502554019, 22.146081249841355 ], [ -159.30086253516879, 22.146083504851564 ], [ -159.300668556694347, 22.146088305522191 ], [ -159.300474615212181, 22.146084497093469 ], [ -159.300280686647511, 22.146077630293991 ], [ -159.300086683800203, 22.14608832792003 ], [ -159.299892680075203, 22.146099084040312 ], [ -159.299698677921043, 22.146109222883378 ], [ -159.299504629352555, 22.146130443075098 ], [ -159.299310549468942, 22.146158898678973 ], [ -159.299116585273566, 22.146160442414836 ], [ -159.298922675570822, 22.14614921490859 ], [ -159.298728807483002, 22.146128280624087 ], [ -159.298534919971786, 22.146111906667961 ], [ -159.298341002418908, 22.146102426624168 ], [ -159.298151863834278, 22.146092415432779 ] ] } },
{ "type": "Feature", "properties": { "objectid": 141, "island": "Kauai", "st_lengthshape": 438.22323469395565 }, "geometry": { "type": "LineString", "coordinates": [ [ -159.293961707975569, 22.143129907720294 ], [ -159.294030194312285, 22.14294714100437 ], [ -159.294036810549784, 22.142766174275003 ], [ -159.294041595341184, 22.142587289639984 ], [ -159.294035114302915, 22.142279896671607 ], [ -159.293881932456969, 22.142153309021399 ], [ -159.293804332698727, 22.141986522435548 ], [ -159.293677212919334, 22.141846074172214 ], [ -159.293518143531372, 22.141723236070046 ], [ -159.293432552050064, 22.141642250917975 ], [ -159.293416145469564, 22.141459095001988 ], [ -159.293384264955421, 22.14137066200098 ], [ -159.293478961585123, 22.141198638048337 ], [ -159.29357102746755, 22.141026344128594 ], [ -159.293618830183505, 22.140849484354465 ], [ -159.293659508808076, 22.140673923872225 ], [ -159.293636426624289, 22.14041045667113 ], [ -159.29353859246757, 22.14022915382569 ], [ -159.293516791237067, 22.140048326703621 ], [ -159.293424834197651, 22.13986706108928 ], [ -159.293541923891581, 22.139726801261183 ], [ -159.293654072284937, 22.139576131853229 ] ] } },
{ "type": "Feature", "properties": { "objectid": 142, "island": "Kauai", "st_lengthshape": 96.315122559686046 }, "geometry": { "type": "LineString", "coordinates": [ [ -159.294335392086253, 22.137178126712982 ], [ -159.294518780330804, 22.136986014201689 ], [ -159.294565597202933, 22.136802129866272 ], [ -159.294555987263408, 22.136621644894056 ], [ -159.294368862689623, 22.136451855212371 ] ] } },
{ "type": "Feature", "properties": { "objectid": 143, "island": "Kauai", "st_lengthshape": 49.626403732889429 }, "geometry": { "type": "LineString", "coordinates": [ [ -159.294358198125764, 22.136090370191177 ], [ -159.294377014430012, 22.135910217878582 ], [ -159.294340140995928, 22.13564509692376 ] ] } },
{ "type": "Feature", "properties": { "objectid": 144, "island": "Kauai", "st_lengthshape": 266.28689137905502 }, "geometry": { "type": "LineString", "coordinates": [ [ -159.295226170903135, 22.133788857460242 ], [ -159.295301459583499, 22.133618231644306 ], [ -159.295316796644414, 22.133437412419575 ], [ -159.295098145040015, 22.133122486112779 ], [ -159.295082994057935, 22.132915071629174 ], [ -159.29499336664307, 22.132753646421971 ], [ -159.294798979739284, 22.132657904805896 ], [ -159.294656117989234, 22.132560001992854 ], [ -159.294636620501279, 22.132379583563807 ], [ -159.294677091599027, 22.13219826998969 ], [ -159.294700361845486, 22.132017213315976 ], [ -159.294721055250164, 22.131842525074365 ], [ -159.294826136991475, 22.131690949654622 ] ] } },
{ "type": "Feature", "properties": { "objectid": 145, "island": "Kauai", "st_lengthshape": 114.60808299122625 }, "geometry": { "type": "LineString", "coordinates": [ [ -159.29486571425528, 22.130023459349559 ], [ -159.29485297384673, 22.129816145204153 ], [ -159.294731131926682, 22.129676433262603 ], [ -159.294318847110105, 22.129419685784743 ], [ -159.294122720673414, 22.129452816745665 ] ] } },
{ "type": "Feature", "properties": { "objectid": 146, "island": "Kauai", "st_lengthshape": 299.78758632814026 }, "geometry": { "type": "LineString", "coordinates": [ [ -159.294002212508019, 22.124885375453125 ], [ -159.294176222191084, 22.12475936358522 ], [ -159.294319106836184, 22.12462057345142 ], [ -159.294395909960969, 22.124455838269828 ], [ -159.294401024697635, 22.124189690807071 ], [ -159.294382333836069, 22.124009845279694 ], [ -159.29438521611587, 22.123828017564701 ], [ -159.294393905690214, 22.123647679076761 ], [ -159.29429542943268, 22.123324194841963 ], [ -159.294225203467221, 22.123137016821694 ], [ -159.294077379789428, 22.123018665767443 ], [ -159.293910808590908, 22.122917585854353 ], [ -159.293504163667734, 22.122735127844837 ] ] } },
{ "type": "Feature", "properties": { "objectid": 147, "island": "Kauai", "st_lengthshape": 363.4741324435937 }, "geometry": { "type": "LineString", "coordinates": [ [ -159.294177883346947, 22.122671929914109 ], [ -159.294366146598549, 22.122744860989659 ], [ -159.294554802974829, 22.122813238729517 ], [ -159.294745625625012, 22.122807912854217 ], [ -159.295066237791019, 22.122761352605007 ], [ -159.295238238805609, 22.122673542256475 ], [ -159.295430742149819, 22.122610792951537 ], [ -159.295581257399022, 22.122496720327653 ], [ -159.295726837164466, 22.12238642924703 ], [ -159.296000105449679, 22.122056203975959 ], [ -159.29609122743787, 22.121890051633855 ], [ -159.296152891053168, 22.121717755106719 ], [ -159.296250701133488, 22.12155442281037 ], [ -159.296423938291014, 22.121257544257432 ], [ -159.296359090564835, 22.121081307893327 ], [ -159.296243980936168, 22.120912339572666 ] ] } },
{ "type": "Feature", "properties": { "objectid": 148, "island": "Kauai", "st_lengthshape": 20.000526417685855 }, "geometry": { "type": "LineString", "coordinates": [ [ -159.295642461168001, 22.119741999056405 ], [ -159.295491509269056, 22.119855431099005 ] ] } },
{ "type": "Feature", "properties": { "objectid": 149, "island": "Kauai", "st_lengthshape": 541.3092179488184 }, "geometry": { "type": "LineString", "coordinates": [ [ -159.296199978061566, 22.116783059412452 ], [ -159.296466020777814, 22.116635947367868 ], [ -159.296537480763646, 22.116462937182618 ], [ -159.296607320930008, 22.116289712177846 ], [ -159.296675670270076, 22.116116288383108 ], [ -159.296817548433069, 22.115952650668252 ], [ -159.297024064607626, 22.115797616154545 ], [ -159.297049611014074, 22.115618495275545 ], [ -159.297072677467639, 22.11543904462884 ], [ -159.297122358298537, 22.115263135814391 ], [ -159.297173203790891, 22.115087382964358 ], [ -159.297207042567038, 22.11491147222473 ], [ -159.29720038364934, 22.114693149314391 ], [ -159.297229273031832, 22.114511863997141 ], [ -159.297242736201525, 22.114330877775604 ], [ -159.297251866527404, 22.114149974419618 ], [ -159.297268085029145, 22.113968935292199 ], [ -159.297272026417545, 22.113788132618033 ], [ -159.297213074283292, 22.113612875846044 ], [ -159.297224948191484, 22.11333977731136 ], [ -159.297229267381056, 22.113152319230441 ], [ -159.297200280395685, 22.112972751823865 ], [ -159.297144324134507, 22.112799572877218 ], [ -159.297053510427986, 22.112634651460759 ], [ -159.296982078391693, 22.112465138726151 ], [ -159.296883177631571, 22.112305573018784 ] ] } },
{ "type": "Feature", "properties": { "objectid": 150, "island": "Kauai", "st_lengthshape": 17.210548757232235 }, "geometry": { "type": "LineString", "coordinates": [ [ -159.297005606918418, 22.106422507067713 ], [ -159.296960751142535, 22.106272744658956 ] ] } },
{ "type": "Feature", "properties": { "objectid": 151, "island": "Kauai", "st_lengthshape": 1381.2964987552775 }, "geometry": { "type": "LineString", "coordinates": [ [ -159.302464693211448, 22.100249585752149 ], [ -159.302665028276948, 22.100272755687431 ], [ -159.302845127145218, 22.100178021035752 ], [ -159.303291669784443, 22.100101948381056 ], [ -159.30348429790061, 22.100048241934648 ], [ -159.303669941838848, 22.099984122582129 ], [ -159.303853257270134, 22.09991653182869 ], [ -159.304090608735635, 22.099929508183003 ], [ -159.304197629251888, 22.099748159131547 ], [ -159.304317183060789, 22.099585496842302 ], [ -159.305099959698339, 22.099016631271294 ], [ -159.305124530460972, 22.098834347776791 ], [ -159.305267912991496, 22.098687141466744 ], [ -159.305288191879555, 22.098503590307057 ], [ -159.305382162281575, 22.098341796247581 ], [ -159.305464461536047, 22.098176555654081 ], [ -159.305549124664424, 22.098012013471976 ], [ -159.305647507296214, 22.09785152189384 ], [ -159.305694510979947, 22.097675860994588 ], [ -159.305753231028831, 22.097503660005923 ], [ -159.305848329407183, 22.097342198734893 ], [ -159.305911127289932, 22.097171200659741 ], [ -159.305970747092204, 22.096999264416592 ], [ -159.306054072199316, 22.096834327857703 ], [ -159.306166955895293, 22.096678117292228 ], [ -159.306156394140061, 22.096485461106774 ], [ -159.306190072015283, 22.096305867050244 ], [ -159.306286769705991, 22.096144877724615 ], [ -159.306345343885056, 22.095972633412376 ], [ -159.306320782091206, 22.095775844038933 ], [ -159.306346903836982, 22.095594019058446 ], [ -159.306410932340015, 22.095423384353364 ], [ -159.306428818897132, 22.095161778722794 ], [ -159.306546790823575, 22.094986910498061 ], [ -159.3065178576893, 22.094804450613058 ], [ -159.306549601303885, 22.094625126595002 ], [ -159.306642081549171, 22.094448941008952 ], [ -159.306721853848131, 22.094272098927853 ], [ -159.306710083365431, 22.094090525650813 ], [ -159.307248943567487, 22.093937406461372 ], [ -159.307326912464447, 22.093760470805993 ], [ -159.307253761143301, 22.093575726253569 ], [ -159.307140154398354, 22.093388891240934 ], [ -159.307089838849436, 22.093205326946808 ], [ -159.307038266923797, 22.093021697233976 ], [ -159.307056822971191, 22.092841691370893 ], [ -159.30705154317954, 22.092660453720569 ], [ -159.306986628912199, 22.092476134419673 ], [ -159.306972334602023, 22.092294431251151 ], [ -159.306915950467101, 22.09211055303178 ], [ -159.306955898075046, 22.091931652553608 ], [ -159.306909004740135, 22.091748265135621 ], [ -159.306938599742523, 22.091568829380439 ], [ -159.306900963504376, 22.091385919652659 ], [ -159.306785153943537, 22.090951139163696 ], [ -159.306693439072347, 22.090786723931149 ], [ -159.306528135942585, 22.090640237131666 ], [ -159.306283182343122, 22.090513153468109 ] ] } },
{ "type": "Feature", "properties": { "objectid": 152, "island": "Kauai", "st_lengthshape": 754.79416434699567 }, "geometry": { "type": "LineString", "coordinates": [ [ -159.311376966888844, 22.08335697359243 ], [ -159.311526931937038, 22.083220942789172 ], [ -159.311655977759528, 22.083076369963383 ], [ -159.311758711910642, 22.082921052021721 ], [ -159.311857671682191, 22.082764191816899 ], [ -159.31192812427463, 22.082595691831251 ], [ -159.311986988424138, 22.082422460032571 ], [ -159.31203816540679, 22.082246088977104 ], [ -159.312118803826877, 22.082081747867427 ], [ -159.312168981206923, 22.081904968513509 ], [ -159.312233191632885, 22.081733919958989 ], [ -159.312311610668331, 22.08156867322441 ], [ -159.312401837968963, 22.081408248128081 ], [ -159.31245656408683, 22.081233326490583 ], [ -159.312568250116584, 22.081081664301994 ], [ -159.31266750170974, 22.080924924999508 ], [ -159.312760717419422, 22.080765720855808 ], [ -159.312870171282157, 22.080613146641859 ], [ -159.31296473806168, 22.08045449450626 ], [ -159.31297332936208, 22.08029614600574 ], [ -159.313045812230371, 22.080125932322154 ], [ -159.313172862938529, 22.07998629578244 ], [ -159.31332631664614, 22.079861455664034 ], [ -159.313480652290338, 22.079737107892552 ], [ -159.313641695960342, 22.079616519869504 ], [ -159.313767242280676, 22.079476041039914 ], [ -159.313872516942098, 22.079324203244155 ], [ -159.314032010849303, 22.079202746898357 ], [ -159.31423144167951, 22.07910366862572 ], [ -159.314332006901509, 22.079031702621336 ], [ -159.314409510700699, 22.07885455292141 ], [ -159.314473953203446, 22.078666682803405 ], [ -159.314580167735954, 22.07851309820385 ], [ -159.314572456382393, 22.078266007302403 ], [ -159.314681676016335, 22.078114889564056 ], [ -159.314804256547092, 22.077974738169683 ], [ -159.314936257310023, 22.077842319141403 ], [ -159.315075788570709, 22.077716080376536 ] ] } },
{ "type": "Feature", "properties": { "objectid": 153, "island": "Kauai", "st_lengthshape": 767.15267002404198 }, "geometry": { "type": "LineString", "coordinates": [ [ -159.315593267197016, 22.077161059931399 ], [ -159.315753430885053, 22.077051817817939 ], [ -159.315863250327823, 22.076901157981876 ], [ -159.315984606029588, 22.07675998899078 ], [ -159.316116916301553, 22.076627833121481 ], [ -159.316188188815829, 22.076445462793099 ], [ -159.316307601640318, 22.076302695521136 ], [ -159.316477293058114, 22.076201292383878 ], [ -159.316580766994008, 22.07604541343391 ], [ -159.316724128918537, 22.075922349569609 ], [ -159.316832705423906, 22.075770668795183 ], [ -159.317068350774122, 22.075500215066054 ], [ -159.317158385565648, 22.075338854438868 ], [ -159.317222237017972, 22.075168165044975 ], [ -159.317309977216439, 22.07500598665273 ], [ -159.317382628792217, 22.074838433121197 ], [ -159.317427329684364, 22.074660921894203 ], [ -159.317517533741352, 22.074410020939009 ], [ -159.317517790805226, 22.074229219797292 ], [ -159.317525073752762, 22.074048194511985 ], [ -159.317539589002507, 22.073866939261098 ], [ -159.317546950415903, 22.073685911104661 ], [ -159.317543553505033, 22.073505226356737 ], [ -159.317538583570354, 22.073324592540537 ], [ -159.317559546925764, 22.073143131419702 ], [ -159.317578925565869, 22.072961720348165 ], [ -159.317618031504622, 22.072779681022702 ], [ -159.317656788431208, 22.072597653203847 ], [ -159.317651302778472, 22.072417034828685 ], [ -159.317618541679934, 22.072237286118998 ], [ -159.317632512929691, 22.072056047237616 ], [ -159.317574267894685, 22.071593976372004 ], [ -159.317554250731263, 22.071404092503709 ], [ -159.317517187621661, 22.071221399660516 ], [ -159.317436240603968, 22.071057215793655 ], [ -159.317338387240198, 22.070900162094244 ] ] } },
{ "type": "Feature", "properties": { "objectid": 154, "island": "Kauai", "st_lengthshape": 1287.1566765107939 }, "geometry": { "type": "LineString", "coordinates": [ [ -159.316681738985068, 22.070516082584913 ], [ -159.316577690180509, 22.070359400873173 ], [ -159.316567635103212, 22.070236281585956 ], [ -159.316655505616751, 22.070071377542245 ], [ -159.316678702937566, 22.069889952786692 ], [ -159.316713161664296, 22.069711405359797 ], [ -159.316714496406348, 22.069524395392584 ], [ -159.316764641681004, 22.069349855049417 ], [ -159.316794430547276, 22.069170114160173 ], [ -159.316845351450439, 22.068995771945129 ], [ -159.316909442204462, 22.068824793905442 ], [ -159.316998337522335, 22.068660151480952 ], [ -159.31707077505348, 22.068491305580132 ], [ -159.317180501364476, 22.06833198549727 ], [ -159.317252389606665, 22.068162998738025 ], [ -159.317340670238679, 22.067998200115799 ], [ -159.317419235204824, 22.067830919574433 ], [ -159.317464649328826, 22.067655170337861 ], [ -159.317499383924854, 22.06747669354835 ], [ -159.317552369049167, 22.06730287830845 ], [ -159.317606708851827, 22.06712940914689 ], [ -159.317652333945915, 22.066953713644573 ], [ -159.317696634192373, 22.066777680102724 ], [ -159.317742550977329, 22.066602059892464 ], [ -159.317788312483344, 22.066426399313528 ], [ -159.317834519015292, 22.066250853494896 ], [ -159.317874935790286, 22.066073827330335 ], [ -159.317922727708549, 22.06589868585267 ], [ -159.317974938831668, 22.065724673200734 ], [ -159.31804562910358, 22.06555538122042 ], [ -159.318024526159377, 22.065362640895689 ], [ -159.318048592878569, 22.065181438230073 ], [ -159.31809285138101, 22.065005394696648 ], [ -159.318120586642635, 22.064825129880084 ], [ -159.318147578984764, 22.064644674970847 ], [ -159.318245964448892, 22.064482457176844 ], [ -159.318263620522657, 22.064299618155189 ], [ -159.318309947031537, 22.064124102653153 ], [ -159.318351242231842, 22.063947301391572 ], [ -159.318444614225399, 22.063783803113349 ], [ -159.318491475666775, 22.06360842473805 ], [ -159.318628432819594, 22.063364841025681 ], [ -159.318671288592583, 22.063185775324804 ], [ -159.318667249234721, 22.063004732966437 ], [ -159.318681766261705, 22.062824472983323 ], [ -159.318717046705814, 22.062645087740741 ], [ -159.318722827317913, 22.062464459897061 ], [ -159.318711585050181, 22.062283113542389 ], [ -159.318725490331275, 22.062102827629069 ], [ -159.318740099290295, 22.061922571057316 ], [ -159.318705569682066, 22.061740242835238 ], [ -159.318665764285555, 22.06155769178697 ], [ -159.318592277935664, 22.061373721043068 ], [ -159.318560267853684, 22.061191498992958 ], [ -159.318588636051118, 22.061011822740905 ], [ -159.318760770329277, 22.060797523146991 ], [ -159.318803472657407, 22.060614827641899 ], [ -159.318881002585925, 22.060448816752093 ], [ -159.318950413379923, 22.06027891607669 ], [ -159.319067883757413, 22.060132037998088 ], [ -159.319161992527881, 22.059973969312868 ], [ -159.319275623212235, 22.059825251941053 ], [ -159.319359118145428, 22.05966209850709 ], [ -159.319434446424708, 22.059495032811967 ] ] } },
{ "type": "Feature", "properties": { "objectid": 155, "island": "Kauai", "st_lengthshape": 1424.370208938815 }, "geometry": { "type": "LineString", "coordinates": [ [ -159.319698360259764, 22.059156771830274 ], [ -159.319852387637468, 22.059032293035951 ], [ -159.319977545981459, 22.058891620365134 ], [ -159.320100939870372, 22.058749957265583 ], [ -159.32018693682474, 22.058587316181324 ], [ -159.320282340729108, 22.058429951704674 ], [ -159.32035257203367, 22.05825846689002 ], [ -159.320466919834359, 22.058111729430248 ], [ -159.320583556591686, 22.057966276615968 ], [ -159.320715182010218, 22.057829231575877 ], [ -159.320839630053655, 22.057688161219101 ], [ -159.320973641194769, 22.057552453807002 ], [ -159.321055205570502, 22.057387326554338 ], [ -159.321146040999736, 22.057227400242901 ], [ -159.321248929608203, 22.057074235962542 ], [ -159.321350156663186, 22.056920138011606 ], [ -159.321424322873582, 22.056750861139236 ], [ -159.32147772136031, 22.056569934506111 ], [ -159.321573545596777, 22.056412806045287 ], [ -159.321675353109384, 22.056259035600938 ], [ -159.321745029531456, 22.056087239574712 ], [ -159.321829730456813, 22.055923872887757 ], [ -159.321940341758022, 22.055775040335586 ], [ -159.322126388895072, 22.055569819202873 ], [ -159.322294411582362, 22.055475623706549 ], [ -159.322475493722692, 22.055411018891562 ], [ -159.322661392960526, 22.055357327878621 ], [ -159.322853208198069, 22.055317040172071 ], [ -159.323027909029776, 22.055237975125475 ], [ -159.323197772891064, 22.05514795529275 ], [ -159.323372380777556, 22.055068682273149 ], [ -159.323555776544907, 22.055009318880469 ], [ -159.323744801959833, 22.054962710663755 ], [ -159.323938163349084, 22.054925926692874 ], [ -159.32413622509651, 22.054899792878484 ], [ -159.324326281832242, 22.054855520054193 ], [ -159.324508469892493, 22.05479342327861 ], [ -159.324683757558915, 22.054715691500174 ], [ -159.324862792767618, 22.054646448953331 ], [ -159.325044886795041, 22.054584139462374 ], [ -159.325224239249536, 22.054515616837879 ], [ -159.325403985110114, 22.054447986738388 ], [ -159.325764042101781, 22.054278786189762 ], [ -159.325918514047203, 22.05416769614353 ], [ -159.326078393886121, 22.054061793574988 ], [ -159.326244389690572, 22.053961756444245 ], [ -159.326397843975712, 22.053849691358046 ], [ -159.326539419148901, 22.05372623214841 ], [ -159.326677869438896, 22.053599776017833 ], [ -159.326811159992076, 22.053468370185101 ], [ -159.326899779751386, 22.053294118362899 ], [ -159.326982333605173, 22.053114049611281 ], [ -159.327069272611254, 22.052938185700249 ], [ -159.327139123567093, 22.052811676505449 ], [ -159.32726787585375, 22.052663603668037 ], [ -159.327451739342905, 22.052596463612371 ], [ -159.327614700248802, 22.05249862833913 ], [ -159.327771372210407, 22.052391556978577 ], [ -159.327912318727414, 22.0522613916079 ], [ -159.328068729592673, 22.052153938332367 ], [ -159.328235297292821, 22.052061400218925 ], [ -159.328402158450103, 22.051969293192943 ], [ -159.328583004968323, 22.05189772384286 ], [ -159.328773157533163, 22.051839820918591 ], [ -159.328940078367509, 22.051747801765377 ], [ -159.329118870532767, 22.051673215754004 ], [ -159.329289451213981, 22.051586571586398 ], [ -159.329435723548784, 22.051464230642225 ], [ -159.329568183056921, 22.051321604424157 ], [ -159.329707436758241, 22.051188956465758 ] ] } },
{ "type": "Feature", "properties": { "objectid": 156, "island": "Kauai", "st_lengthshape": 254.0785212987669 }, "geometry": { "type": "LineString", "coordinates": [ [ -159.330110168959663, 22.051351929553828 ], [ -159.330228966231886, 22.051525955453865 ], [ -159.330360010783522, 22.051679117793789 ], [ -159.330539467197184, 22.051749802084991 ], [ -159.331187060121806, 22.051843944391219 ], [ -159.331379006301518, 22.051807650531554 ], [ -159.331559358087503, 22.051741199609673 ], [ -159.331743450000573, 22.051684479092259 ], [ -159.331928983863747, 22.051631507432102 ], [ -159.332093365691804, 22.051523516507981 ], [ -159.332256781964702, 22.051413015816088 ] ] } },
{ "type": "Feature", "properties": { "objectid": 157, "island": "Kauai", "st_lengthshape": 727.38131024020481 }, "geometry": { "type": "LineString", "coordinates": [ [ -159.332730844884992, 22.050922452567438 ], [ -159.332944778331694, 22.050896230724756 ], [ -159.333140169353385, 22.050843950469023 ], [ -159.333288054062763, 22.050724907616807 ], [ -159.333426121865187, 22.050592068315954 ], [ -159.333596185942611, 22.050504196580633 ], [ -159.333796814138395, 22.050459276042908 ], [ -159.334262157833393, 22.050164545013775 ], [ -159.334340756707149, 22.049998289755699 ], [ -159.334377492804663, 22.049819522396252 ], [ -159.334432863589427, 22.049646324613686 ], [ -159.334533124467072, 22.049486543327376 ], [ -159.33457243405428, 22.049308545810121 ], [ -159.334633411798166, 22.049137024121524 ], [ -159.334683112567603, 22.048962131236419 ], [ -159.334726787862678, 22.0487854383518 ], [ -159.334813115704605, 22.048621492506062 ], [ -159.334926774154837, 22.048465715626218 ], [ -159.335018345261716, 22.048303337254399 ], [ -159.335086981489155, 22.048134104391099 ], [ -159.335158400863122, 22.04796570328913 ], [ -159.335215598063598, 22.047793051676695 ], [ -159.335252085233719, 22.047614210518088 ], [ -159.335296244324468, 22.047437661927624 ], [ -159.335334993826962, 22.047259497305916 ], [ -159.335378762855726, 22.04708283203944 ], [ -159.335434547439348, 22.046909758615008 ], [ -159.33553814427205, 22.046750974483555 ], [ -159.33562612151826, 22.046587522606895 ], [ -159.33570068741875, 22.046420061607353 ], [ -159.335734160534344, 22.046240319446873 ], [ -159.335777916166222, 22.046063651377445 ], [ -159.335842568522821, 22.045893227476263 ], [ -159.335894001663405, 22.045718853720913 ], [ -159.335934014569148, 22.045541066689722 ] ] } },
{ "type": "Feature", "properties": { "objectid": 158, "island": "Kauai", "st_lengthshape": 733.92592717824004 }, "geometry": { "type": "LineString", "coordinates": [ [ -159.335169145364887, 22.042935610460422 ], [ -159.335078752775274, 22.04277341911428 ], [ -159.334966581411493, 22.042626048942545 ], [ -159.334825220060139, 22.042498540896275 ], [ -159.334691137826326, 22.042376045495374 ], [ -159.334856455978496, 22.042094781661461 ], [ -159.33513105788245, 22.04171662405658 ], [ -159.335082614579562, 22.041480524854631 ], [ -159.334995908123773, 22.041303396517474 ], [ -159.334941021407275, 22.041156044614816 ], [ -159.334859430312491, 22.040986032075757 ], [ -159.334915735427103, 22.04081289712332 ], [ -159.334978542485629, 22.040641272955352 ], [ -159.335043403954444, 22.040470125189053 ], [ -159.33509460182637, 22.040295804460989 ], [ -159.335136792113417, 22.040119394419264 ], [ -159.335188973880349, 22.039945302020893 ], [ -159.335228168902887, 22.039768196106852 ], [ -159.335298825859553, 22.039598393334511 ], [ -159.335362961236314, 22.039427077068563 ], [ -159.335424019007974, 22.03925504613256 ], [ -159.33551492324321, 22.039089944859729 ], [ -159.335562253380289, 22.038914726642648 ], [ -159.335614004684174, 22.03874053559688 ], [ -159.335666005044402, 22.038566401842203 ], [ -159.335703664277219, 22.038388939372776 ], [ -159.335712226468218, 22.038204721877538 ], [ -159.335732913161877, 22.038023319041258 ], [ -159.335760012559234, 22.037843404572602 ], [ -159.335810691872553, 22.037668964489487 ], [ -159.335869097571958, 22.037496318137624 ], [ -159.335920993442357, 22.037322160105067 ], [ -159.335971509494414, 22.037147682355446 ], [ -159.336001967020167, 22.036968547841731 ], [ -159.33604277991148, 22.036792018378453 ] ] } },
{ "type": "Feature", "properties": { "objectid": 159, "island": "Kauai", "st_lengthshape": 3799.5907326610313 }, "geometry": { "type": "LineString", "coordinates": [ [ -159.3360604243897, 22.036224386010108 ], [ -159.336161285455887, 22.036055493855461 ], [ -159.336159699702392, 22.035872681191112 ], [ -159.336192117371468, 22.035694489403664 ], [ -159.336205822880714, 22.035513754882786 ], [ -159.336223572428537, 22.03533357038317 ], [ -159.336214807725185, 22.035149782267577 ], [ -159.336214410333696, 22.034967131571431 ], [ -159.336253636333993, 22.034789865359866 ], [ -159.336284431966845, 22.034611452810662 ], [ -159.336318583344394, 22.034433495924915 ], [ -159.336310481613054, 22.034249798584923 ], [ -159.336333430914806, 22.034078757948581 ], [ -159.336326349661419, 22.034014073408954 ], [ -159.336384936035131, 22.033840844631357 ], [ -159.336467895798108, 22.033677430450258 ], [ -159.336553627446534, 22.03351513170232 ], [ -159.336608759410268, 22.033340512311817 ], [ -159.336736028105776, 22.033194938450766 ], [ -159.336801456530821, 22.033024464500357 ], [ -159.336846561825553, 22.032845808281593 ], [ -159.336887642767948, 22.032665531418157 ], [ -159.336952992212673, 22.032495025942701 ], [ -159.337010294006944, 22.03232128008721 ], [ -159.337086746881823, 22.032155245432151 ], [ -159.337138603214868, 22.031979307237727 ], [ -159.337190236339637, 22.031803279139694 ], [ -159.337261408466389, 22.031635118626703 ], [ -159.337355250449008, 22.031476085852724 ], [ -159.337473059017782, 22.03132670391204 ], [ -159.337495766495948, 22.031139028492234 ], [ -159.337600320673829, 22.03098431002784 ], [ -159.337705475973479, 22.030829832379528 ], [ -159.337859440304385, 22.030695008675909 ], [ -159.337998538395794, 22.030554199479539 ], [ -159.33811411084298, 22.030403917344213 ], [ -159.338209561137262, 22.03024553213822 ], [ -159.338307281797626, 22.030088061891618 ], [ -159.338377296923426, 22.029925688914091 ], [ -159.33845869660081, 22.029584354836029 ], [ -159.338485115907645, 22.029405336501469 ], [ -159.338511048588941, 22.029226262248049 ], [ -159.338527447689557, 22.02904608832144 ], [ -159.338528324266946, 22.028864121510338 ], [ -159.33854896375766, 22.028684436609321 ], [ -159.33860058411662, 22.028508327647469 ], [ -159.338554688827628, 22.028320962743294 ], [ -159.338537624721226, 22.028136926159718 ], [ -159.338543567516155, 22.027955544229091 ], [ -159.338565483360497, 22.027776006641911 ], [ -159.338617509497226, 22.027599944702946 ], [ -159.338690349865601, 22.027426284435936 ], [ -159.338769177030571, 22.027253316441705 ], [ -159.3388185412133, 22.027076946441678 ], [ -159.338849370629362, 22.026898437459945 ], [ -159.338852891858721, 22.026716776822521 ], [ -159.338865866958884, 22.026536206960365 ], [ -159.338929421278607, 22.026361475322869 ], [ -159.338987350044079, 22.026186094880689 ], [ -159.339050308959401, 22.026011294858844 ], [ -159.339070084816825, 22.025831509539294 ], [ -159.339109089084531, 22.02565394483431 ], [ -159.339145972593883, 22.025476134253125 ], [ -159.339166430601381, 22.025296428810286 ], [ -159.339175191995253, 22.025115372533207 ], [ -159.339182236881896, 22.024934118337303 ], [ -159.339194110280829, 22.024755812013431 ], [ -159.339228200868064, 22.024550297690745 ], [ -159.339223549349327, 22.024369397451316 ], [ -159.339212544580761, 22.024188959370388 ], [ -159.33925210527633, 22.024004834456942 ], [ -159.339270783863157, 22.02382223170201 ], [ -159.339242005911615, 22.023643090710046 ], [ -159.339178279457485, 22.023466498384973 ], [ -159.339133448139989, 22.023288528024867 ], [ -159.339061934017224, 22.023112503763727 ], [ -159.339003695158027, 22.022935511519862 ], [ -159.338985574216167, 22.022755593133578 ], [ -159.338973167126994, 22.022575258179582 ], [ -159.338938859123061, 22.022396519729963 ], [ -159.338909641114128, 22.022217411171713 ], [ -159.338847492884184, 22.022040703385446 ], [ -159.338790735020865, 22.02186360317377 ], [ -159.338746607073489, 22.021685581519176 ], [ -159.338725093062493, 22.021505910400929 ], [ -159.338687541265614, 22.021327408951876 ], [ -159.338641255224417, 22.02114954439601 ], [ -159.338629112241989, 22.020969189856622 ], [ -159.338647556849196, 22.020786604749983 ], [ -159.338680976448245, 22.020602927146186 ], [ -159.338611495758641, 22.020426754761111 ], [ -159.338591719107512, 22.020246957136205 ], [ -159.338641262582655, 22.020062103361308 ], [ -159.338571695028094, 22.019885937448024 ], [ -159.338587830087903, 22.019703520619093 ], [ -159.33860532813955, 22.019521004300589 ], [ -159.338615739759575, 22.019339004932228 ], [ -159.338644143885546, 22.019155692722112 ], [ -159.338635092373778, 22.018975113116774 ], [ -159.338630506797273, 22.018794207171098 ], [ -159.338625150399594, 22.018614292084173 ], [ -159.338660128000384, 22.018429166616464 ], [ -159.338743906790995, 22.018252307977324 ], [ -159.338853023290397, 22.018076681608672 ], [ -159.33893451088187, 22.017899711965317 ], [ -159.339007464140025, 22.017722326279021 ], [ -159.338940038833442, 22.017538112677165 ], [ -159.338916918183685, 22.017358979650343 ], [ -159.338675397715349, 22.016746913481299 ], [ -159.33864171793843, 22.016562242419106 ], [ -159.338532116301053, 22.016410500581166 ], [ -159.338434222591161, 22.01625368062804 ], [ -159.33834335796567, 22.016093811435152 ], [ -159.33819985450188, 22.015956774217269 ], [ -159.338072645840668, 22.015812668145841 ], [ -159.338002208677182, 22.015650198966604 ], [ -159.338003867021968, 22.015614898002497 ], [ -159.337994245876445, 22.015432250561563 ], [ -159.337958790498419, 22.015254577439393 ], [ -159.337934945895313, 22.015074668738272 ], [ -159.33791094059211, 22.014894790174019 ], [ -159.337917688238832, 22.014708991182655 ], [ -159.337900137687058, 22.014527870618149 ], [ -159.337880675482893, 22.014347118075499 ], [ -159.337832247330567, 22.014171942555897 ], [ -159.337852249092805, 22.013983591108911 ], [ -159.337700411462578, 22.013828325517991 ], [ -159.337726356644964, 22.013638829818074 ], [ -159.337573011670742, 22.013483854497892 ], [ -159.337453543802468, 22.013322355994294 ], [ -159.337566237504006, 22.013116159526653 ], [ -159.337586365387551, 22.012927784336526 ], [ -159.337693198624379, 22.012722714695236 ], [ -159.337605038617568, 22.012555189056219 ], [ -159.337666598582501, 22.012358836931536 ], [ -159.337539171112439, 22.012198871736501 ], [ -159.33735442963507, 22.012049940703516 ], [ -159.337558120399194, 22.011826223460144 ], [ -159.337146798106886, 22.011536417431785 ], [ -159.337008090826544, 22.011378623380924 ], [ -159.336881079462756, 22.011218577279696 ], [ -159.336822094012746, 22.011045434131166 ], [ -159.336783537483143, 22.010868357856822 ], [ -159.336804056400723, 22.010679907817988 ], [ -159.336845674127488, 22.010487395000762 ], [ -159.336890242504637, 22.010294315067558 ], [ -159.336876355449931, 22.010112489289686 ], [ -159.336823924691288, 22.0099380840851 ], [ -159.336758734288452, 22.009766135333209 ], [ -159.336680074440636, 22.009596779992727 ], [ -159.336611190866165, 22.009425543442163 ], [ -159.336553668809444, 22.009252117979184 ], [ -159.336470162625915, 22.009083696693637 ], [ -159.336380299059215, 22.008916498115479 ], [ -159.336291001256058, 22.008749191715555 ], [ -159.336257372311962, 22.008571166468688 ], [ -159.336246378879224, 22.008388783553418 ], [ -159.336159206240723, 22.008221067060951 ], [ -159.33611462402834, 22.008045151183822 ], [ -159.336107972977686, 22.007863923883722 ], [ -159.336149907621518, 22.007745349341814 ], [ -159.336222584351788, 22.007556936008655 ], [ -159.336253247954005, 22.007372461996795 ], [ -159.336261004605745, 22.007190135463887 ], [ -159.336264845117711, 22.007008175625643 ], [ -159.336252254978632, 22.006827756424617 ], [ -159.336247195861091, 22.006646631543052 ], [ -159.336233843484763, 22.006466284363878 ], [ -159.336226803594144, 22.006285344223976 ], [ -159.336254385787782, 22.00610115928303 ], [ -159.336336298241008, 22.005911879501308 ], [ -159.336198295503436, 22.005743219220204 ], [ -159.336148426759536, 22.005566295044638 ], [ -159.336078032388798, 22.005391294794045 ], [ -159.33604378947598, 22.005212906589584 ], [ -159.335985700568699, 22.005036752667706 ], [ -159.335939879174902, 22.004859449702849 ], [ -159.33592657484607, 22.004679096934552 ], [ -159.335891876094422, 22.004500751171413 ], [ -159.335829347615004, 22.004325013721218 ], [ -159.335765675379122, 22.004149384286777 ], [ -159.335698184919778, 22.00398309432321 ] ] } },
{ "type": "Feature", "properties": { "objectid": 160, "island": "Kauai", "st_lengthshape": 386.39790135667732 }, "geometry": { "type": "LineString", "coordinates": [ [ -159.341544787405041, 21.994492830124493 ], [ -159.341551856171975, 21.994300541367963 ], [ -159.34155887748787, 21.994108266257296 ], [ -159.341553703484493, 21.993919716144767 ], [ -159.341550175156982, 21.993730663899107 ], [ -159.341529603658955, 21.993546815745809 ], [ -159.341508854100027, 21.993363022162683 ], [ -159.341482598442894, 21.993180910505256 ], [ -159.341450618900808, 21.99300054717563 ], [ -159.341396254760753, 21.992827018912436 ], [ -159.341311308848645, 21.992662831741193 ], [ -159.341255973115409, 21.99248960086944 ], [ -159.341192701649391, 21.992318793258683 ], [ -159.341179052213732, 21.992132831921374 ], [ -159.341156584131738, 21.991949564020814 ], [ -159.341087748844615, 21.991780455561656 ], [ -159.341037945009333, 21.991605535390519 ], [ -159.340952040944956, 21.991441639994637 ], [ -159.340860955276298, 21.991279327310373 ], [ -159.34074915593726, 21.991145960643106 ] ] } },
{ "type": "Feature", "properties": { "objectid": 161, "island": "Kauai", "st_lengthshape": 463.89701941340763 }, "geometry": { "type": "LineString", "coordinates": [ [ -159.351862681679393, 21.960361798549705 ], [ -159.351679550209582, 21.960463375231939 ], [ -159.351493350443803, 21.960538264980105 ], [ -159.351305099922484, 21.960595339281006 ], [ -159.351115147018163, 21.960637604963591 ], [ -159.350921417518236, 21.960647037228657 ], [ -159.350728453968628, 21.960663130564985 ], [ -159.350537890185592, 21.9607000818974 ], [ -159.35034384884051, 21.960706809222181 ], [ -159.3501460648082, 21.96068099213074 ], [ -159.34996537988826, 21.960803839727671 ], [ -159.349772603031397, 21.96082155775435 ], [ -159.349578303187286, 21.96082603513948 ], [ -159.349378259955557, 21.96078056920846 ], [ -159.34917652375691, 21.96072038583441 ], [ -159.348986386764238, 21.960691173090961 ], [ -159.348736336782537, 21.96066448329784 ], [ -159.348529566001361, 21.960556769423803 ], [ -159.348292087293089, 21.960384472304192 ], [ -159.348035768788151, 21.960246431080616 ], [ -159.347944735937347, 21.960082012822205 ], [ -159.347864377421871, 21.959909302630738 ] ] } },
{ "type": "Feature", "properties": { "objectid": 162, "island": "Kauai", "st_lengthshape": 83.912053631929041 }, "geometry": { "type": "LineString", "coordinates": [ [ -159.342213927834536, 21.959034614105036 ], [ -159.34201907380384, 21.959032067489289 ], [ -159.341829132868668, 21.959077246888775 ], [ -159.341627582932858, 21.959009633749378 ], [ -159.341433256907379, 21.958941464177407 ] ] } },
{ "type": "Feature", "properties": { "objectid": 163, "island": "Kauai", "st_lengthshape": 40.617034027508218 }, "geometry": { "type": "LineString", "coordinates": [ [ -159.337789680780077, 21.958201092032784 ], [ -159.337593719144536, 21.958136703085319 ], [ -159.337466966320676, 21.958010216737481 ] ] } },
{ "type": "Feature", "properties": { "objectid": 164, "island": "Kauai", "st_lengthshape": 1022.3740335321585 }, "geometry": { "type": "LineString", "coordinates": [ [ -159.390753735376336, 21.907602996643085 ], [ -159.39086163328318, 21.907830520433027 ], [ -159.390903143038884, 21.908036035676275 ], [ -159.390999346229933, 21.908259681516675 ], [ -159.390847903733288, 21.90840122909265 ], [ -159.390786288708256, 21.90857255601308 ], [ -159.390775207909684, 21.908760636672156 ], [ -159.390773799068228, 21.908951923293507 ], [ -159.390727501353126, 21.909128328246858 ], [ -159.390654398866616, 21.909295847234176 ], [ -159.390580537450148, 21.909463114119347 ], [ -159.390501349033144, 21.909628615619795 ], [ -159.390423422131022, 21.909794535096232 ], [ -159.390369881080659, 21.909968538586789 ], [ -159.390349110158951, 21.910153406923143 ], [ -159.390331084499195, 21.910339184840719 ], [ -159.390334289696739, 21.910532000868198 ], [ -159.390258073470335, 21.910698488083153 ], [ -159.390166470472536, 21.910859873820893 ], [ -159.390107145429425, 21.911031960252284 ], [ -159.390009454460994, 21.911191327569533 ], [ -159.389919974073251, 21.911353417345676 ], [ -159.389814145528305, 21.9115100871525 ], [ -159.389717925912123, 21.911669943190478 ], [ -159.389618334735104, 21.911828681455461 ], [ -159.389506457241851, 21.911981067670112 ], [ -159.38933486408564, 21.912230108117175 ], [ -159.389174145117693, 21.912339116627578 ], [ -159.389011041806469, 21.912446187296407 ], [ -159.388856949680303, 21.912560577952807 ], [ -159.388699371891221, 21.912672137153962 ], [ -159.388581446288953, 21.912815907266445 ], [ -159.388450894544405, 21.912949421313435 ], [ -159.38832094318596, 21.913083421704286 ], [ -159.388182309708498, 21.91320380939888 ], [ -159.387937125584841, 21.913389704537568 ], [ -159.387771853379775, 21.913486063269136 ], [ -159.387584979590656, 21.913540209277045 ], [ -159.387431406760641, 21.91364878277583 ], [ -159.387159737333292, 21.913672575955509 ], [ -159.386959781072989, 21.913628973316232 ], [ -159.38676756792097, 21.913628527264756 ], [ -159.386479587584034, 21.913591089209717 ], [ -159.386293041999949, 21.913541704687511 ], [ -159.386115698073269, 21.913469260346496 ], [ -159.385897203923804, 21.913360430968435 ], [ -159.3857468550014, 21.913246063287254 ], [ -159.385522004497346, 21.913209974339722 ] ] } },
{ "type": "Feature", "properties": { "objectid": 165, "island": "Kauai", "st_lengthshape": 122.40058966433489 }, "geometry": { "type": "LineString", "coordinates": [ [ -159.385322895407256, 21.913550389691704 ], [ -159.385363949609484, 21.913734603046787 ], [ -159.385445268946683, 21.913898888587518 ], [ -159.385556630377181, 21.91404830514697 ], [ -159.385616146271104, 21.914223381917825 ], [ -159.38567341230717, 21.914399571567262 ], [ -159.385704050737644, 21.914584293477247 ] ] } },
{ "type": "Feature", "properties": { "objectid": 166, "island": "Kauai", "st_lengthshape": 522.42915110749436 }, "geometry": { "type": "LineString", "coordinates": [ [ -159.383291947506876, 21.917449443818683 ], [ -159.38343426741406, 21.917579668062601 ], [ -159.383568411036435, 21.917714629968756 ], [ -159.383704457421914, 21.917848488725312 ], [ -159.383810901055483, 21.917999505214723 ], [ -159.383895278460926, 21.918163309078551 ], [ -159.383955004568577, 21.918341400692661 ], [ -159.383957558746602, 21.918551230262878 ], [ -159.384025485615382, 21.918805364234892 ], [ -159.383994253537992, 21.91898525008861 ], [ -159.383925338511602, 21.919171918463292 ], [ -159.383829124643484, 21.919331031112623 ], [ -159.383673101631047, 21.91954179709175 ], [ -159.383551335907782, 21.919687695676611 ], [ -159.383391484376688, 21.91979021792601 ], [ -159.383117733103916, 21.919929343959883 ], [ -159.382927462533445, 21.919969848754477 ], [ -159.382760512002477, 21.920070170758038 ], [ -159.382584649482936, 21.92014763252493 ], [ -159.382426564415624, 21.920270697824641 ], [ -159.382230142439454, 21.920295423798436 ], [ -159.382038746069981, 21.920333042758976 ], [ -159.381852482488483, 21.920383825510729 ], [ -159.38168477125862, 21.920482199454575 ], [ -159.381476496110992, 21.920467850679767 ] ] } },
{ "type": "Feature", "properties": { "objectid": 167, "island": "Kauai", "st_lengthshape": 622.7367185595192 }, "geometry": { "type": "LineString", "coordinates": [ [ -159.380610067377972, 21.92069726915993 ], [ -159.380520311189315, 21.920864883597449 ], [ -159.380401506721, 21.9210081801242 ], [ -159.380262799999315, 21.921134815060508 ], [ -159.380170752980519, 21.921300512059183 ], [ -159.380065039148974, 21.92145279814002 ], [ -159.37993358270478, 21.92157241701188 ], [ -159.379779553565413, 21.921684134823956 ], [ -159.379610910948344, 21.921773060533383 ], [ -159.379452194997441, 21.921877469099279 ], [ -159.379285241531761, 21.921963830200724 ], [ -159.37906715588889, 21.922076712344783 ], [ -159.378875756866506, 21.92210724008806 ], [ -159.378692044287703, 21.922162864946333 ], [ -159.378328769314408, 21.922114957991592 ], [ -159.378136933745651, 21.922088422106082 ], [ -159.37794263126446, 21.922092749939534 ], [ -159.377857834311527, 21.922079451733023 ], [ -159.377682355797447, 21.922160929582802 ], [ -159.377502266722416, 21.922236341217417 ], [ -159.377337959533037, 21.922332515700305 ], [ -159.37720165818439, 21.922465536287216 ], [ -159.377052263039474, 21.922577303280139 ], [ -159.376921282868693, 21.922690879108135 ], [ -159.37677690907509, 21.922811268627431 ], [ -159.376525435498564, 21.922936291309981 ], [ -159.376335202594049, 21.922973498078576 ], [ -159.376159113848445, 21.923054535733325 ], [ -159.375963272389725, 21.92307435985402 ], [ -159.375768723368935, 21.923098192112175 ], [ -159.375576628728737, 21.923119036243772 ] ] } },
{ "type": "Feature", "properties": { "objectid": 168, "island": "Kauai", "st_lengthshape": 61.79526897501723 }, "geometry": { "type": "LineString", "coordinates": [ [ -159.418163422084291, 21.88797709721522 ], [ -159.418068315270602, 21.888145859521543 ], [ -159.417923498870323, 21.888265948904671 ], [ -159.417742107733119, 21.888344921812003 ] ] } },
{ "type": "Feature", "properties": { "objectid": 169, "island": "Kauai", "st_lengthshape": 977.09074507585399 }, "geometry": { "type": "LineString", "coordinates": [ [ -159.416763668379474, 21.888884457848516 ], [ -159.41657538471938, 21.888926867075085 ], [ -159.416381430750164, 21.888944106711282 ], [ -159.416185356544304, 21.888951932994821 ], [ -159.415991064159414, 21.888967669683961 ], [ -159.415796074485456, 21.88898030996922 ], [ -159.415604315007386, 21.889007291394709 ], [ -159.415407507142106, 21.889011860758423 ], [ -159.415228074041806, 21.889093558921839 ], [ -159.415043935689482, 21.889154367395577 ], [ -159.414866310457654, 21.889244091394101 ], [ -159.414674004234911, 21.889268648255232 ], [ -159.414490787191085, 21.889333550045283 ], [ -159.414297889462574, 21.889355478010135 ], [ -159.414113165930019, 21.889413692209459 ], [ -159.413931362449546, 21.889484869720079 ], [ -159.413736343423324, 21.889497385684798 ], [ -159.413543966037793, 21.889521626106511 ], [ -159.413351694475836, 21.889546333123153 ], [ -159.413159415986854, 21.889571011926446 ], [ -159.412965599903572, 21.889588865169639 ], [ -159.412770682597994, 21.889601828753886 ], [ -159.412577759708199, 21.889623649973672 ], [ -159.412376262847317, 21.889607405618897 ], [ -159.412186121660852, 21.889641570505376 ], [ -159.41200021630334, 21.889694543478569 ], [ -159.411817774043271, 21.889762892465189 ], [ -159.411630253455343, 21.889808693848078 ], [ -159.41144055696401, 21.889844833519756 ], [ -159.411260031135555, 21.889921689428874 ], [ -159.411077077371971, 21.889987768504 ], [ -159.410888039404114, 21.890026836697459 ], [ -159.410697207990182, 21.890057940701727 ], [ -159.410507526351239, 21.89008323784369 ], [ -159.41044826092147, 21.890219743593647 ], [ -159.41039396024766, 21.890391027979774 ], [ -159.410441440241101, 21.8904437082717 ], [ -159.410556193879131, 21.890595089185293 ], [ -159.410712580093133, 21.89073054401921 ], [ -159.410755271018047, 21.89090949266005 ], [ -159.410864794963459, 21.891062873981021 ], [ -159.410900793701813, 21.891244383392483 ], [ -159.410951666670115, 21.891420201866232 ], [ -159.41105657194251, 21.891575350880142 ], [ -159.411008465506569, 21.891781579040412 ], [ -159.411046155446087, 21.892285169238061 ], [ -159.411009212981469, 21.892462575603634 ], [ -159.41084649532047, 21.892613946687447 ] ] } },
{ "type": "Feature", "properties": { "objectid": 170, "island": "Kauai", "st_lengthshape": 39.755028376939862 }, "geometry": { "type": "LineString", "coordinates": [ [ -159.410276640124039, 21.893043278545122 ], [ -159.410105055209613, 21.89312885093041 ], [ -159.409920725312304, 21.893172993665161 ] ] } },
{ "type": "Feature", "properties": { "objectid": 171, "island": "Kauai", "st_lengthshape": 116.84478887773868 }, "geometry": { "type": "LineString", "coordinates": [ [ -159.40610004649136, 21.894594125402904 ], [ -159.406203887709466, 21.894770720831261 ], [ -159.406099079758633, 21.894955895204163 ], [ -159.406046700885497, 21.895138914668287 ], [ -159.405946055654141, 21.895323917860168 ], [ -159.4057666987635, 21.89550671725015 ] ] } },
{ "type": "Feature", "properties": { "objectid": 172, "island": "Kauai", "st_lengthshape": 119.45110820508948 }, "geometry": { "type": "LineString", "coordinates": [ [ -159.404391135919127, 21.899003387389772 ], [ -159.404593952000027, 21.899310796120062 ], [ -159.404324682753582, 21.899380541973294 ], [ -159.404145935935418, 21.89949585930939 ], [ -159.403883511102521, 21.899565449413679 ] ] } },
{ "type": "Feature", "properties": { "objectid": 173, "island": "Kauai", "st_lengthshape": 437.03080793201855 }, "geometry": { "type": "LineString", "coordinates": [ [ -159.440313132237236, 21.87403884954843 ], [ -159.440198247827851, 21.874262104804671 ], [ -159.44003368348865, 21.874365765515194 ], [ -159.439855908974266, 21.874437629132025 ], [ -159.439668956478442, 21.874487398759037 ], [ -159.43948318860626, 21.874540018114406 ], [ -159.439299570721943, 21.874597815532375 ], [ -159.439086345471878, 21.874584339786864 ], [ -159.438909030437287, 21.874657307893671 ], [ -159.438724471186276, 21.874712839520271 ], [ -159.438536877267666, 21.874761062870853 ], [ -159.438326298241634, 21.874753957466801 ], [ -159.438117553377197, 21.874751265696283 ], [ -159.437911663818909, 21.874730144698887 ], [ -159.437655843167391, 21.874838985664031 ], [ -159.437461181994081, 21.874842157898154 ], [ -159.437285048303465, 21.874983972260015 ], [ -159.43709268489323, 21.87500434419448 ], [ -159.436900806733661, 21.875028337458328 ], [ -159.436710427145954, 21.875063558235247 ], [ -159.436494669094287, 21.874900106592051 ] ] } },
{ "type": "Feature", "properties": { "objectid": 174, "island": "Kauai", "st_lengthshape": 318.80446290199916 }, "geometry": { "type": "LineString", "coordinates": [ [ -159.503818504610308, 21.888939616531562 ], [ -159.503632280506963, 21.889020168965924 ], [ -159.503444825377443, 21.889088730838555 ], [ -159.503257962748705, 21.889139708772888 ], [ -159.502591986467877, 21.889260812164913 ], [ -159.502444152325779, 21.889130076065321 ], [ -159.502294285107212, 21.889003341056469 ], [ -159.502120430384792, 21.888923803581957 ], [ -159.501956189827013, 21.888825351024579 ], [ -159.501783606476636, 21.888743313998965 ], [ -159.501630588771945, 21.888622779265205 ], [ -159.50149134339344, 21.888475147007615 ], [ -159.501470874820285, 21.888095846925538 ] ] } },
{ "type": "Feature", "properties": { "objectid": 175, "island": "Kauai", "st_lengthshape": 20.011874511398993 }, "geometry": { "type": "LineString", "coordinates": [ [ -159.492042472132027, 21.885490839878702 ], [ -159.492036117498486, 21.885671537952327 ] ] } },
{ "type": "Feature", "properties": { "objectid": 176, "island": "Kauai", "st_lengthshape": 138.47492943616032 }, "geometry": { "type": "LineString", "coordinates": [ [ -159.487395814054707, 21.885567700586712 ], [ -159.487289613799589, 21.885415121140323 ], [ -159.487193746390062, 21.885259763674096 ], [ -159.487084532215249, 21.884945806884208 ], [ -159.487038452391545, 21.884764890836799 ], [ -159.487031039683728, 21.884584163986919 ], [ -159.487116184485785, 21.884408388028703 ] ] } },
{ "type": "Feature", "properties": { "objectid": 177, "island": "Kauai", "st_lengthshape": 224.48202137885318 }, "geometry": { "type": "LineString", "coordinates": [ [ -159.477919498266971, 21.88189795681264 ], [ -159.477717941492244, 21.881941364003474 ], [ -159.477529759765076, 21.881891616607493 ], [ -159.477338974633767, 21.881860003298868 ], [ -159.477144434673704, 21.88185454369038 ], [ -159.476945450996737, 21.881880021710149 ], [ -159.476750148472377, 21.881879871595469 ], [ -159.476559831179941, 21.881858791123072 ], [ -159.476354441251686, 21.881817475249122 ], [ -159.476170466176455, 21.881761081015171 ], [ -159.475994347530616, 21.881680538217722 ], [ -159.475824560744741, 21.881592164829271 ] ] } },
{ "type": "Feature", "properties": { "objectid": 178, "island": "Kauai", "st_lengthshape": 135.83717012885884 }, "geometry": { "type": "LineString", "coordinates": [ [ -159.474112626378627, 21.881144106612371 ], [ -159.473924309979935, 21.881174240067736 ], [ -159.473672972950595, 21.881177690543225 ], [ -159.473482475526168, 21.881155301528594 ], [ -159.473244867145979, 21.881022556937136 ], [ -159.473129294681087, 21.880875456261535 ], [ -159.473073081177773, 21.880688483931785 ] ] } },
{ "type": "Feature", "properties": { "objectid": 179, "island": "Kauai", "st_lengthshape": 195.66530730049249 }, "geometry": { "type": "LineString", "coordinates": [ [ -159.472742252744354, 21.88021683852914 ], [ -159.472576649506379, 21.880100014604032 ], [ -159.472500792315884, 21.879935388261352 ], [ -159.472436256595358, 21.879883674818473 ], [ -159.472259236705952, 21.879809433881618 ], [ -159.47202948901753, 21.87982689021058 ], [ -159.471847121998564, 21.879761947977389 ], [ -159.471645290413448, 21.879730857445377 ], [ -159.471481789794694, 21.879633103573333 ], [ -159.471312194144872, 21.87954595176808 ], [ -159.471164588327781, 21.879423886388537 ] ] } },
{ "type": "Feature", "properties": { "objectid": 180, "island": "Kauai", "st_lengthshape": 60.702717371862178 }, "geometry": { "type": "LineString", "coordinates": [ [ -159.464836033365032, 21.876781188816622 ], [ -159.464648965929541, 21.876734675776312 ], [ -159.464465113452405, 21.876677193720813 ], [ -159.464298260705732, 21.876574135150523 ] ] } },
{ "type": "Feature", "properties": { "objectid": 181, "island": "Kauai", "st_lengthshape": 80.445132477483483 }, "geometry": { "type": "LineString", "coordinates": [ [ -159.463754686628192, 21.876434730018481 ], [ -159.463555416397952, 21.876429626223626 ], [ -159.463361642881239, 21.876405868577212 ], [ -159.46316353391245, 21.876407567625201 ], [ -159.462999109620199, 21.876326901002177 ] ] } },
{ "type": "Feature", "properties": { "objectid": 182, "island": "Kauai", "st_lengthshape": 632.18181393295356 }, "geometry": { "type": "LineString", "coordinates": [ [ -159.462162039268549, 21.875767570818617 ], [ -159.461987896775327, 21.875685251814538 ], [ -159.461842801595878, 21.875540805925517 ], [ -159.461751915011149, 21.87554629436573 ], [ -159.461634976403218, 21.87568806607004 ], [ -159.461411239582361, 21.875872262865453 ], [ -159.461227828606837, 21.875980353749892 ], [ -159.461043745798918, 21.876081875527507 ], [ -159.460859633752875, 21.876183115307633 ], [ -159.460669790443774, 21.87622831098864 ], [ -159.460477514790085, 21.876249736276293 ], [ -159.460288654378871, 21.876257712088435 ], [ -159.460005450363582, 21.876209583139477 ], [ -159.459793810909105, 21.876208905508854 ], [ -159.459616846683332, 21.876135651654884 ], [ -159.459455694386634, 21.876029303529428 ], [ -159.45928299766689, 21.875947119459862 ], [ -159.459106435918613, 21.875873022813394 ], [ -159.458938383715235, 21.875792045992284 ], [ -159.458693848015372, 21.875595204074436 ], [ -159.458564215794297, 21.875457967795807 ], [ -159.458446564486309, 21.875313643937336 ], [ -159.458343508347809, 21.87516068487032 ], [ -159.458242225504051, 21.875009188002558 ], [ -159.458104824380115, 21.874932203215952 ], [ -159.457919327918773, 21.874875194459186 ], [ -159.45771992150776, 21.874858246048611 ], [ -159.457543723466273, 21.87477581687061 ], [ -159.457425806718902, 21.874644591197782 ], [ -159.45732900746907, 21.874515512138828 ], [ -159.457352982625139, 21.874295166494946 ] ] } },
{ "type": "Feature", "properties": { "objectid": 183, "island": "Kauai", "st_lengthshape": 390.87424290169207 }, "geometry": { "type": "LineString", "coordinates": [ [ -159.456627466538322, 21.87409302183741 ], [ -159.456430487868744, 21.874101929981091 ], [ -159.456222560977153, 21.874181481840473 ], [ -159.456035784223246, 21.874131337985993 ], [ -159.455784661236692, 21.874054106725641 ], [ -159.455629456055476, 21.873942848832439 ], [ -159.455486922633526, 21.87382014879843 ], [ -159.4553700307236, 21.873674295527017 ], [ -159.455234536662232, 21.873545239010056 ], [ -159.455069643949685, 21.873569650406534 ], [ -159.454848690391913, 21.873558968313766 ], [ -159.454627864493688, 21.873540298170635 ], [ -159.454431219551992, 21.87352418917418 ], [ -159.454234365460479, 21.873504371856598 ], [ -159.4539184064148, 21.873447288118353 ], [ -159.453780630628813, 21.873319178061266 ], [ -159.453588101451174, 21.872978005300919 ], [ -159.453564089433854, 21.872802480445742 ] ] } },
{ "type": "Feature", "properties": { "objectid": 184, "island": "Kauai", "st_lengthshape": 123.21611221155082 }, "geometry": { "type": "LineString", "coordinates": [ [ -159.451854907342181, 21.873150484111314 ], [ -159.451627587186209, 21.873228257508352 ], [ -159.451417879855171, 21.873251516031061 ], [ -159.451178542382024, 21.873366482456614 ], [ -159.451010966963281, 21.873259333996437 ], [ -159.450883742826505, 21.873040188937587 ] ] } },
{ "type": "Feature", "properties": { "objectid": 185, "island": "Kauai", "st_lengthshape": 22.43042562888991 }, "geometry": { "type": "LineString", "coordinates": [ [ -159.628693981394605, 21.911241358245743 ], [ -159.628484131148525, 21.911189228182565 ] ] } },
{ "type": "Feature", "properties": { "objectid": 186, "island": "Kauai", "st_lengthshape": 80.564400985700217 }, "geometry": { "type": "LineString", "coordinates": [ [ -159.621687012891357, 21.907677293156357 ], [ -159.621524818242079, 21.907578414003623 ], [ -159.621360267651113, 21.90748316723262 ], [ -159.621194438213081, 21.907389891882872 ], [ -159.621052488972964, 21.907259795546711 ] ] } },
{ "type": "Feature", "properties": { "objectid": 187, "island": "Kauai", "st_lengthshape": 1104.661500100565 }, "geometry": { "type": "LineString", "coordinates": [ [ -159.609847308250295, 21.901080890813908 ], [ -159.609644365355479, 21.901072249664178 ], [ -159.609449999402926, 21.9010419014006 ], [ -159.609101181388468, 21.900907264268735 ], [ -159.609003315807229, 21.900742780134674 ], [ -159.608908297827213, 21.900575617569743 ], [ -159.608781941601904, 21.900437928736551 ], [ -159.60856002641961, 21.900390116791911 ], [ -159.607911127327384, 21.900396434658202 ], [ -159.607714748656747, 21.900312113568098 ], [ -159.607551198645325, 21.900203083293359 ], [ -159.607353751710093, 21.899921354312731 ], [ -159.607196252358904, 21.899791167380425 ], [ -159.607094616762737, 21.899636195515985 ], [ -159.607070572133495, 21.899446798586698 ], [ -159.606887072294938, 21.899111782870456 ], [ -159.60679526043188, 21.898944200619663 ], [ -159.606793214207642, 21.898760611996529 ], [ -159.606821318046457, 21.898571646124843 ], [ -159.606960493191991, 21.897974757342482 ], [ -159.606857491482714, 21.897796727514088 ], [ -159.606861219683083, 21.89761587123818 ], [ -159.606868210854259, 21.897434928847833 ], [ -159.60690108409932, 21.89725330019019 ], [ -159.606944764448343, 21.897071385944699 ], [ -159.606950406182676, 21.896890479233612 ], [ -159.607207264546815, 21.896702917424172 ], [ -159.607209266460785, 21.89652210634069 ], [ -159.607274887627653, 21.896339610571768 ], [ -159.607301374605555, 21.896158150835682 ], [ -159.607280597789327, 21.895977944148413 ], [ -159.607259581945385, 21.89579774285248 ], [ -159.607046158724415, 21.895622639118137 ], [ -159.607021115639157, 21.895442544777445 ], [ -159.606949617028448, 21.895327867525499 ], [ -159.606803611538055, 21.89518225042065 ], [ -159.60654286121536, 21.894772618853086 ], [ -159.606464303472279, 21.89460600650796 ], [ -159.606356832467895, 21.894455428110454 ], [ -159.606232961349832, 21.894418468672502 ], [ -159.606036152562297, 21.894365332483378 ], [ -159.605842687255205, 21.894307777715664 ], [ -159.605703223880624, 21.894178858021625 ], [ -159.605543371461152, 21.894076883063775 ], [ -159.605450545010086, 21.893886332041351 ] ] } },
{ "type": "Feature", "properties": { "objectid": 188, "island": "Kauai", "st_lengthshape": 248.17217746013901 }, "geometry": { "type": "LineString", "coordinates": [ [ -159.590712342517719, 21.904244716102486 ], [ -159.590573174847407, 21.904118828075774 ], [ -159.590414810623599, 21.904009819865063 ], [ -159.590261828228307, 21.903896079889936 ], [ -159.590117357837499, 21.903774855023677 ], [ -159.589970998006606, 21.903655290982446 ], [ -159.589720251047623, 21.903349286372503 ], [ -159.589575712092113, 21.903214677798104 ], [ -159.58943144685702, 21.903079941628643 ], [ -159.589299630102602, 21.902939404983176 ], [ -159.589156209908197, 21.902804275249238 ], [ -159.589122793637728, 21.902617889301787 ] ] } },
{ "type": "Feature", "properties": { "objectid": 189, "island": "Kauai", "st_lengthshape": 140.76140640016681 }, "geometry": { "type": "LineString", "coordinates": [ [ -159.584921510430064, 21.898356430899533 ], [ -159.584729295511039, 21.898315261329376 ], [ -159.584545676888069, 21.898255978779158 ], [ -159.584410882875176, 21.898093824848626 ], [ -159.584121202522425, 21.898258010474713 ], [ -159.583945036361712, 21.898183028031994 ], [ -159.583809197828572, 21.89802307625683 ] ] } },
{ "type": "Feature", "properties": { "objectid": 190, "island": "Kauai", "st_lengthshape": 144.75225769545068 }, "geometry": { "type": "LineString", "coordinates": [ [ -159.574992553365917, 21.897519692148734 ], [ -159.574836098527214, 21.897412082940406 ], [ -159.574661085451936, 21.897324115801286 ], [ -159.574537020679287, 21.89718222440623 ], [ -159.574398421318506, 21.89705571672722 ], [ -159.574278438515165, 21.896909505108734 ], [ -159.574170594344935, 21.896750445768319 ], [ -159.574093080942504, 21.896559283613939 ] ] } },
{ "type": "Feature", "properties": { "objectid": 191, "island": "Kauai", "st_lengthshape": 41.548938248338239 }, "geometry": { "type": "LineString", "coordinates": [ [ -159.527409102626052, 21.884128826327728 ], [ -159.527218125001554, 21.884087068180449 ], [ -159.52706609992677, 21.883957275759592 ] ] } },
{ "type": "Feature", "properties": { "objectid": 192, "island": "Kauai", "st_lengthshape": 343.76275509898119 }, "geometry": { "type": "LineString", "coordinates": [ [ -159.526134767434513, 21.885025467461485 ], [ -159.525973267247963, 21.885131863985542 ], [ -159.525808643776855, 21.885231574015599 ], [ -159.525632189390109, 21.885305948483381 ], [ -159.525445166643692, 21.885357690937013 ], [ -159.525244607705645, 21.885380443347376 ], [ -159.525046299501582, 21.885408017235243 ], [ -159.524866412191557, 21.885475038785021 ], [ -159.524695927879293, 21.885562199521118 ], [ -159.524528161466861, 21.885655180433364 ], [ -159.52434849701919, 21.88572268134579 ], [ -159.524170970001762, 21.885794760228677 ], [ -159.52400241855841, 21.885886059095903 ], [ -159.523829703916533, 21.885968445030024 ], [ -159.523650151903894, 21.886036186954758 ], [ -159.523467688467491, 21.886097694253483 ], [ -159.523271974996391, 21.886130823882169 ], [ -159.52308094927136, 21.886173995505466 ] ] } },
{ "type": "Feature", "properties": { "objectid": 193, "island": "Kauai", "st_lengthshape": 190.27573400706905 }, "geometry": { "type": "LineString", "coordinates": [ [ -159.635502065295753, 21.916959966886289 ], [ -159.635559895067445, 21.91713249378169 ], [ -159.635640324527913, 21.917299127006906 ], [ -159.635963345652499, 21.917595889616944 ], [ -159.636134311024108, 21.91769933838178 ], [ -159.636495492804983, 21.917843848914764 ], [ -159.636636628257691, 21.917976385413162 ], [ -159.636784456546906, 21.918105307468437 ] ] } },
{ "type": "Feature", "properties": { "objectid": 194, "island": "Kauai", "st_lengthshape": 92.127828695133132 }, "geometry": { "type": "LineString", "coordinates": [ [ -159.636980017232872, 21.919648044926461 ], [ -159.636946119829531, 21.919826016322592 ], [ -159.637083112374398, 21.920263148203578 ], [ -159.63725063278855, 21.920381564334523 ] ] } },
{ "type": "Feature", "properties": { "objectid": 195, "island": "Kauai", "st_lengthshape": 135.23554921864891 }, "geometry": { "type": "LineString", "coordinates": [ [ -159.637219637422618, 21.921796052080044 ], [ -159.637291317548346, 21.921968491095672 ], [ -159.63744090172068, 21.922092748445579 ], [ -159.637619741861812, 21.922198913177045 ], [ -159.638064683238241, 21.922353402346605 ], [ -159.638287193118884, 21.92237876083782 ] ] } },
{ "type": "Feature", "properties": { "objectid": 196, "island": "Kauai", "st_lengthshape": 20.073863250910335 }, "geometry": { "type": "LineString", "coordinates": [ [ -159.639022208536119, 21.922670679563158 ], [ -159.639186502165927, 21.922767571207658 ] ] } },
{ "type": "Feature", "properties": { "objectid": 197, "island": "Kauai", "st_lengthshape": 515.9727561128276 }, "geometry": { "type": "LineString", "coordinates": [ [ -159.640435866170094, 21.924486841655696 ], [ -159.640607308679051, 21.924599578021539 ], [ -159.640792717520668, 21.924653935629486 ], [ -159.640973587104526, 21.924727263649888 ], [ -159.641163794100919, 21.924761562380077 ], [ -159.641297914936786, 21.924794822047598 ], [ -159.641488875353474, 21.924845969026496 ], [ -159.641675811352258, 21.924903910776528 ], [ -159.641857211339811, 21.92497119725239 ], [ -159.642026287050811, 21.92505928689906 ], [ -159.642186025240647, 21.925163140535798 ], [ -159.642329012056223, 21.925295268849975 ], [ -159.642451402717995, 21.925462164451968 ], [ -159.642525184986567, 21.92562114165699 ], [ -159.642587900770735, 21.925792727786604 ], [ -159.642631398821663, 21.925968832025681 ], [ -159.642673029262539, 21.926145375382863 ], [ -159.642766489277648, 21.9264333774905 ], [ -159.642927072529204, 21.926690867770802 ], [ -159.643197348284559, 21.926941247128983 ], [ -159.6433084083327, 21.927099611034983 ], [ -159.643512873723779, 21.927152225005486 ], [ -159.643732486069325, 21.9271876884583 ], [ -159.643968834835533, 21.927204202717682 ] ] } },
{ "type": "Feature", "properties": { "objectid": 198, "island": "Kauai", "st_lengthshape": 144.80194426554607 }, "geometry": { "type": "LineString", "coordinates": [ [ -159.644593588714486, 21.928223527413529 ], [ -159.644626752893316, 21.928401581354969 ], [ -159.644717741101857, 21.928569089668986 ], [ -159.644810973100732, 21.92873618890933 ], [ -159.644868425182977, 21.928909812910302 ], [ -159.644901384781974, 21.929087904614182 ], [ -159.645016311088938, 21.929251046554803 ], [ -159.645126591831371, 21.929415035976167 ] ] } },
{ "type": "Feature", "properties": { "objectid": 199, "island": "Kauai", "st_lengthshape": 3711.5992083724809 }, "geometry": { "type": "LineString", "coordinates": [ [ -159.645328754252006, 21.9299492551174 ], [ -159.645352757107219, 21.930139577151298 ], [ -159.645426996037003, 21.930306860740686 ], [ -159.64551375622662, 21.930468401760045 ], [ -159.645563689593786, 21.930646821428034 ], [ -159.64580826934727, 21.930925042035479 ], [ -159.645953651243957, 21.931047312915521 ], [ -159.646106536655367, 21.931159078987434 ], [ -159.646279731553477, 21.931242418386898 ], [ -159.64646493011179, 21.931308951912072 ], [ -159.646668253823208, 21.931350115393251 ], [ -159.646979269858633, 21.931439762552767 ], [ -159.647170435080653, 21.931470855821999 ], [ -159.647359899853541, 21.931508537898516 ], [ -159.647548908909812, 21.931547987740156 ], [ -159.647737654490101, 21.93158846288118 ], [ -159.64792500989094, 21.931634324968687 ], [ -159.648110220531976, 21.931688500456218 ], [ -159.648288557098397, 21.931769323982394 ], [ -159.648455897460025, 21.931892777103773 ], [ -159.648656162479114, 21.931888594748575 ], [ -159.648703339356445, 21.932016525625965 ], [ -159.648768630813777, 21.932186682328414 ], [ -159.648837210240913, 21.932355657897237 ], [ -159.648906138825595, 21.932524509187143 ], [ -159.648957067202701, 21.932699817786393 ], [ -159.648991015201631, 21.932881216511021 ], [ -159.649104880501511, 21.933033948513767 ], [ -159.649242893879773, 21.933178018819344 ], [ -159.649292881327142, 21.933353664366198 ], [ -159.649412985625446, 21.933504159010997 ], [ -159.649522272491708, 21.933658533132323 ], [ -159.64962263089555, 21.933816110755494 ], [ -159.649691946872622, 21.933984822801843 ], [ -159.649758223619415, 21.934154625510264 ], [ -159.649830789113622, 21.934322171874708 ], [ -159.649915799530163, 21.934485254881576 ], [ -159.649997930247025, 21.934649370993561 ], [ -159.650077360098948, 21.934814455364965 ], [ -159.649743074659767, 21.93519237553442 ], [ -159.649803094472503, 21.935368070641914 ], [ -159.649881389804335, 21.935541928185732 ], [ -159.649917646710492, 21.935720011871211 ], [ -159.64991088845116, 21.935902419546668 ], [ -159.64987752513747, 21.936034613623868 ], [ -159.649771470484353, 21.936193122621113 ], [ -159.649649320375261, 21.936346981109146 ], [ -159.6494984526216, 21.936492543931728 ], [ -159.649415096360457, 21.936657609491121 ], [ -159.649358270920743, 21.936830339630031 ], [ -159.649353680366659, 21.937018159240214 ], [ -159.649318724945232, 21.937197207321105 ], [ -159.649280019036155, 21.937375171646298 ], [ -159.649255287869465, 21.937557173262469 ], [ -159.649242781369452, 21.937742706847082 ], [ -159.649239922375358, 21.937931026417303 ], [ -159.648974113341438, 21.938486847375508 ], [ -159.649044525307488, 21.938656864299958 ], [ -159.649111642653708, 21.938827622356026 ], [ -159.649164361168374, 21.939001622710769 ], [ -159.649268506318151, 21.939242397759504 ], [ -159.649403282965636, 21.939485858634797 ], [ -159.649487108148463, 21.939648765707972 ], [ -159.649590219827218, 21.939802673416157 ], [ -159.649704716638524, 21.939951269102131 ], [ -159.649835077114659, 21.940111801220883 ], [ -159.649973318088456, 21.940271863000248 ], [ -159.650153070360886, 21.940446171825133 ], [ -159.650266690655542, 21.940603435264382 ], [ -159.65039804722042, 21.940739765728338 ], [ -159.650535744662619, 21.940868614144943 ], [ -159.650680730733967, 21.94098885921473 ], [ -159.650833147018488, 21.941100335032285 ], [ -159.650981708899764, 21.941216361142004 ], [ -159.651142603556508, 21.941317830214153 ], [ -159.651301319735268, 21.941421871664279 ], [ -159.651445073176404, 21.941543572708937 ], [ -159.651613176943499, 21.941636534122406 ], [ -159.652160911671871, 21.941811984909364 ], [ -159.652355636532832, 21.941803065952183 ], [ -159.652547274367009, 21.941837690346148 ], [ -159.652740129592445, 21.94185514288074 ], [ -159.652934607941432, 21.94184970870938 ], [ -159.653129763089169, 21.941834717042482 ], [ -159.653325646923747, 21.941809452163049 ], [ -159.653521980991201, 21.941777833311381 ], [ -159.653717880153067, 21.941752354699059 ], [ -159.653912594805149, 21.94174358119859 ], [ -159.654105552787655, 21.941759575407374 ], [ -159.654297744920228, 21.941786384573341 ], [ -159.654490281905993, 21.941808337158353 ], [ -159.654682858934137, 21.941829717491899 ], [ -159.654875446930561, 21.941850943973328 ], [ -159.65506741371135, 21.941880931363887 ], [ -159.655259468805184, 21.941909675973385 ], [ -159.655351067253662, 21.941926931955603 ], [ -159.655531838994762, 21.941994309026157 ], [ -159.655711624334941, 21.942064896067656 ], [ -159.655899994934032, 21.942107523927145 ], [ -159.656086994582836, 21.942154615419575 ], [ -159.656274809155633, 21.942199053710937 ], [ -159.656459263504019, 21.942254435686753 ], [ -159.656636902904523, 21.942332016416469 ], [ -159.656796029325136, 21.942469899239843 ], [ -159.656990213990554, 21.942493588592733 ], [ -159.657268588873876, 21.942545922743932 ], [ -159.657457054787699, 21.942589042582668 ], [ -159.657648222953668, 21.942618141153325 ], [ -159.657844590180559, 21.942620257026121 ], [ -159.65803682244777, 21.942643830987361 ], [ -159.658227943491255, 21.942673172991423 ], [ -159.658418112227196, 21.942707459389574 ], [ -159.658609173834435, 21.942737109250867 ], [ -159.658801865055295, 21.942758302670825 ], [ -159.658993009066563, 21.942787522627842 ], [ -159.659182512319262, 21.942825265479197 ], [ -159.65936907063238, 21.942878290427679 ], [ -159.659554647396959, 21.942936407159657 ], [ -159.659737130859639, 21.94301058263504 ], [ -159.659920740856933, 21.94307891186866 ], [ -159.6601055842184, 21.943140837018358 ], [ -159.660293058690655, 21.943189107040403 ], [ -159.660341088985149, 21.943195271418457 ], [ -159.660377077925261, 21.943206315656536 ], [ -159.660528645890906, 21.943323850309056 ], [ -159.660680950354504, 21.943440819023699 ], [ -159.66076479552828, 21.943563268365534 ], [ -159.660823588217085, 21.943735815435662 ], [ -159.660842049060903, 21.943917713347005 ], [ -159.660884929349805, 21.944093949792482 ], [ -159.660954881601214, 21.944263909695565 ], [ -159.661012102906113, 21.944436820747136 ], [ -159.661061136810588, 21.944611630268817 ], [ -159.661085557878778, 21.944792147212791 ], [ -159.661237991901658, 21.94494298130185 ], [ -159.661175016925284, 21.945143762128232 ], [ -159.661181222227668, 21.945328502639477 ], [ -159.661315179905813, 21.94559528531402 ], [ -159.661475160579585, 21.945830057058391 ], [ -159.661571464002037, 21.945987424399725 ], [ -159.661766756751035, 21.946282470705643 ], [ -159.661880102817491, 21.946431542675306 ], [ -159.662007349471139, 21.94656808776309 ], [ -159.662145132999598, 21.946695134200468 ], [ -159.662311388644156, 21.946796518878823 ], [ -159.662479925241115, 21.946895847943122 ], [ -159.66263114693507, 21.94701078274635 ], [ -159.662753959711324, 21.947151323756881 ], [ -159.662926656319456, 21.947246902638327 ], [ -159.663117209288373, 21.947326388948358 ], [ -159.663365995452295, 21.947565920864079 ], [ -159.663508164800646, 21.947688734846942 ], [ -159.663660384643578, 21.947802002336221 ], [ -159.663734425083305, 21.947989534822803 ], [ -159.663848816207491, 21.948138737526989 ], [ -159.663958169906664, 21.948292725128539 ], [ -159.664090873542506, 21.948424532407177 ], [ -159.664237410027397, 21.948543199442422 ], [ -159.664595347548271, 21.948718914188103 ], [ -159.664800290674464, 21.948782097707326 ], [ -159.665002948954452, 21.948847451190566 ], [ -159.665122183045952, 21.948992053018873 ], [ -159.665279711660133, 21.949147622585649 ], [ -159.665093331893644, 21.949381290097904 ], [ -159.665117143921634, 21.949562395902703 ], [ -159.66519942150893, 21.949728881682333 ], [ -159.665262938820177, 21.949900058939097 ], [ -159.665376528764398, 21.950058715283635 ], [ -159.665480762404542, 21.95021971044444 ], [ -159.665479122869471, 21.950407180844259 ], [ -159.665444890558547, 21.950602801991035 ], [ -159.665515171865906, 21.950772287625732 ] ] } },
{ "type": "Feature", "properties": { "objectid": 200, "island": "Kauai", "st_lengthshape": 2606.5750342957967 }, "geometry": { "type": "LineString", "coordinates": [ [ -159.666693708674927, 21.952428700443129 ], [ -159.666850726634294, 21.95253463663245 ], [ -159.667006083645362, 21.952642578672126 ], [ -159.667160148546571, 21.952752082394237 ], [ -159.667325690705894, 21.95284772157374 ], [ -159.667446882189552, 21.952996939071927 ], [ -159.667606785501192, 21.953099390046987 ], [ -159.667768731557686, 21.953199373454733 ], [ -159.667933658317793, 21.953295757107416 ], [ -159.668100492021523, 21.953389835443105 ], [ -159.668273249828189, 21.953490331773885 ], [ -159.668475429981328, 21.953620676352926 ], [ -159.668634587058961, 21.95372457117988 ], [ -159.668793957786249, 21.953828129808862 ], [ -159.668939898817428, 21.953952872988236 ], [ -159.66909774437093, 21.954058837899495 ], [ -159.66925515658815, 21.954165485594679 ], [ -159.669538262569347, 21.954328356381424 ], [ -159.669724714033066, 21.954377323131368 ], [ -159.669908655905289, 21.95443424545331 ], [ -159.670085825536887, 21.954512636888754 ], [ -159.670262063065337, 21.954593987008195 ], [ -159.670435353095684, 21.954684680356138 ], [ -159.670627957341793, 21.95471414057311 ], [ -159.670819682800499, 21.954746386674906 ], [ -159.671008049417793, 21.954789283100535 ], [ -159.671196526842067, 21.954831830135895 ], [ -159.671371805392539, 21.954916219341669 ], [ -159.671555737123953, 21.954973177771624 ], [ -159.671744118552567, 21.955016028109497 ], [ -159.671930107848937, 21.955066462258745 ], [ -159.672105054086359, 21.955151908117646 ], [ -159.672294214530496, 21.955192287397072 ], [ -159.672487143264533, 21.955220720510329 ], [ -159.672679085425472, 21.955252283256467 ], [ -159.672873770998962, 21.955275147285708 ], [ -159.673064632195491, 21.955310137050564 ], [ -159.673264439070095, 21.955316764207826 ], [ -159.673454751731384, 21.955353490323652 ], [ -159.673635604667709, 21.955420211393939 ], [ -159.673812238359403, 21.955500310192573 ], [ -159.67398809267192, 21.95558287922405 ], [ -159.674169039641924, 21.955649302987243 ], [ -159.674353349279585, 21.955705063271491 ], [ -159.674542706631996, 21.955744821184361 ], [ -159.674746046458097, 21.955740246820547 ], [ -159.674942981923436, 21.955755978406305 ], [ -159.675130976949106, 21.955800055948867 ], [ -159.675305442142871, 21.955887029791917 ], [ -159.675487105683374, 21.955951182462393 ], [ -159.675673063060714, 21.956001722661259 ], [ -159.675863847573453, 21.956036955179339 ], [ -159.676058234070524, 21.956060769732325 ], [ -159.676252646375929, 21.956084499929869 ], [ -159.676452151903334, 21.956092081140223 ], [ -159.676651805344989, 21.956099195335842 ], [ -159.676850614391526, 21.956108985071847 ], [ -159.677041088253901, 21.956145202215946 ], [ -159.677233591623946, 21.956174986579622 ], [ -159.677420455302752, 21.95622265269747 ], [ -159.677614076093846, 21.956248891516324 ], [ -159.677799310383904, 21.956301726940353 ], [ -159.677989955491086, 21.956337400216448 ], [ -159.678175888423482, 21.956388020764525 ], [ -159.678379252753786, 21.956383363187268 ], [ -159.678575902200009, 21.956400001308719 ], [ -159.678763330445065, 21.956445878399983 ], [ -159.678949964997372, 21.956494270050367 ], [ -159.679127103726699, 21.956572772738497 ], [ -159.679329629636669, 21.956570776197736 ], [ -159.67949702664157, 21.956680171309635 ], [ -159.679697615928035, 21.956684315610598 ], [ -159.679908837303685, 21.956654747172617 ], [ -159.680035003258496, 21.956631898790349 ], [ -159.680229131148508, 21.95664137404825 ], [ -159.680422102112402, 21.956658654860004 ], [ -159.680619258030561, 21.956647712573982 ], [ -159.680809202939685, 21.956685392840942 ], [ -159.681001747088459, 21.956705553018704 ], [ -159.68119186763289, 21.956742051347145 ], [ -159.681382098056673, 21.956777810907184 ], [ -159.681572734853631, 21.95681083211397 ], [ -159.681767198941145, 21.956818041096234 ], [ -159.681966546698447, 21.956792312738937 ], [ -159.682154205599602, 21.956845415900361 ], [ -159.682339435516752, 21.956914902428579 ], [ -159.682524254642686, 21.956987156707076 ], [ -159.682712526659628, 21.957036128065205 ], [ -159.682903282272122, 21.957068348599716 ], [ -159.683111745816376, 21.956981137894221 ], [ -159.683304276519522, 21.957001386656977 ], [ -159.683494633490881, 21.957036301240951 ], [ -159.683682533407506, 21.957087782712968 ], [ -159.683867195775179, 21.957161097624045 ], [ -159.684054964643281, 21.957213466361651 ], [ -159.684247970476662, 21.957230513037491 ], [ -159.68444089377877, 21.957248113622594 ], [ -159.684645101159447, 21.957189604849297 ], [ -159.684843779923995, 21.957168385635086 ], [ -159.685022960554079, 21.957278685296203 ], [ -159.685203849752554, 21.957377456380456 ], [ -159.685392073394752, 21.957426760002036 ], [ -159.685582895714845, 21.957458535350117 ], [ -159.685774925445145, 21.957482166572117 ], [ -159.685967746050238, 21.957500465023152 ], [ -159.686157757124448, 21.957537710550358 ], [ -159.686345012238007, 21.957593547895918 ], [ -159.686535682069405, 21.957626356270094 ], [ -159.686723369874699, 21.957679275147822 ], [ -159.686914104620172, 21.95771164645739 ], [ -159.687107726710366, 21.957724535983306 ], [ -159.687300656561746, 21.957742095214929 ], [ -159.687492181295795, 21.957769133301912 ], [ -159.687690487017534, 21.957750430917145 ], [ -159.687888811418702, 21.957731597220736 ], [ -159.688078635658883, 21.957770110586203 ], [ -159.688284677809548, 21.957699216460611 ], [ -159.68848722011478, 21.95765192308642 ], [ -159.688674959290978, 21.95770450433513 ], [ -159.68887074721232, 21.957702779009875 ], [ -159.689069389324061, 21.957681800565268 ], [ -159.689236201283364, 21.957875563254873 ], [ -159.689418931474734, 21.957961939692535 ], [ -159.689613783668278, 21.957966530458162 ], [ -159.689800973064251, 21.958022822125358 ], [ -159.689977258401626, 21.958152678298664 ], [ -159.69016859278176, 21.95818100682472 ], [ -159.690367150899277, 21.958160594497976 ] ] } },
{ "type": "Feature", "properties": { "objectid": 201, "island": "Kauai", "st_lengthshape": 12871.127808905536 }, "geometry": { "type": "LineString", "coordinates": [ [ -159.693467207848897, 21.960338794903858 ], [ -159.693653175029482, 21.960421486761501 ], [ -159.693839304431009, 21.96050263920521 ], [ -159.694022137449139, 21.960615322733158 ], [ -159.694205466811297, 21.960723261936835 ], [ -159.694390800031641, 21.960812025646394 ], [ -159.694578513800451, 21.960878032038661 ], [ -159.694767626941683, 21.960930640099289 ], [ -159.694958856668023, 21.960963000727123 ], [ -159.69515581019391, 21.960940609959565 ], [ -159.695353469701644, 21.960911457536646 ], [ -159.695553198259944, 21.960862502340234 ], [ -159.695752007811251, 21.960822345520263 ], [ -159.695948363210647, 21.960805674041861 ], [ -159.696140666411537, 21.960827765070761 ], [ -159.696340792482374, 21.960775008389025 ], [ -159.696542098160847, 21.960710957418531 ], [ -159.696738174752056, 21.960696946733563 ], [ -159.696933113169308, 21.960693824057078 ], [ -159.697128008071871, 21.960691115097021 ], [ -159.697331571883723, 21.960605458408921 ], [ -159.697531225260889, 21.960557212133953 ], [ -159.697725472277114, 21.960560701727296 ], [ -159.697916520729393, 21.960594795133733 ], [ -159.698111977989555, 21.960586703701534 ], [ -159.698308121705935, 21.960572037696235 ], [ -159.698502711056193, 21.960572250043661 ], [ -159.698695181697417, 21.9605927338106 ], [ -159.698889327896524, 21.96059718549191 ], [ -159.699074759983745, 21.960685036408965 ], [ -159.699268390069221, 21.960694427887521 ], [ -159.699457949518177, 21.960742770832415 ], [ -159.699647111303335, 21.960794924938842 ], [ -159.6998336810436, 21.960871889437751 ], [ -159.700019352685217, 21.96095744809384 ], [ -159.70020932069977, 21.961001889288227 ], [ -159.700401842993273, 21.961021885682918 ], [ -159.700593059128892, 21.961054383418411 ], [ -159.700786020956315, 21.961070177522135 ], [ -159.700981546137996, 21.961061438241202 ], [ -159.701174535705974, 21.96107695622813 ], [ -159.701375298356652, 21.961018086372707 ], [ -159.70157720690969, 21.960948243055427 ], [ -159.701774405182704, 21.960923488131897 ], [ -159.701969241870955, 21.960921333784949 ], [ -159.702153359860262, 21.961021765894309 ], [ -159.702348654547649, 21.961015233912711 ], [ -159.702547677636403, 21.960973000080035 ], [ -159.702743532705057, 21.960961095353763 ], [ -159.702936976427026, 21.960972268431348 ], [ -159.703132031410831, 21.960968024888146 ], [ -159.703330711979305, 21.960929070060271 ], [ -159.703528164207313, 21.960901879062551 ], [ -159.703725752261505, 21.960873376396659 ], [ -159.703923667644972, 21.96084174177037 ], [ -159.704119762867066, 21.960827540617508 ], [ -159.70431579695213, 21.960813913159832 ], [ -159.70451159146549, 21.960802579355136 ], [ -159.704703597902324, 21.960827513669635 ], [ -159.704896209198665, 21.960846652487447 ], [ -159.705161442816802, 21.960876388877637 ], [ -159.705340198291054, 21.960945972628622 ], [ -159.705528753605734, 21.960993903577833 ], [ -159.705727432506677, 21.961019468414271 ], [ -159.70589180655432, 21.961120824895989 ], [ -159.706068940734184, 21.961193990507297 ], [ -159.70625433705365, 21.961248902201412 ], [ -159.706453120845737, 21.961274237134049 ], [ -159.706639325962442, 21.961327360671103 ], [ -159.706812126713317, 21.961410101296828 ], [ -159.706979483283448, 21.961504869698778 ], [ -159.70714556305569, 21.961602461161025 ], [ -159.70732672876639, 21.961666719362881 ], [ -159.707511000487642, 21.961724116124202 ], [ -159.707687251008565, 21.961799236027257 ], [ -159.707860052907023, 21.961881974610804 ], [ -159.708052776567826, 21.961920700567585 ], [ -159.708230411898995, 21.961992760374685 ], [ -159.708414174720218, 21.962051281236953 ], [ -159.708575614608804, 21.96215912596637 ], [ -159.708730235776017, 21.962282037229915 ], [ -159.708894809726019, 21.962382956110151 ], [ -159.709041760813676, 21.962522814733294 ], [ -159.70918376976195, 21.962691508842575 ], [ -159.709378712919857, 21.962753498190974 ], [ -159.70952451445433, 21.962872713872493 ], [ -159.709685447599156, 21.962974309855397 ], [ -159.70987558926268, 21.963041891584218 ], [ -159.71002527592006, 21.963156582891692 ], [ -159.710139070925777, 21.963313072876716 ], [ -159.710277252144266, 21.963441163389021 ], [ -159.710410692194813, 21.963574776057477 ], [ -159.710539152277647, 21.96371418927351 ], [ -159.710665619359503, 21.963855921929738 ], [ -159.710787023663698, 21.964003551271585 ], [ -159.710908658356601, 21.964150912108572 ], [ -159.711030678473264, 21.964297824893688 ], [ -159.711144291587573, 21.964454528107893 ], [ -159.711262403719559, 21.964605992747423 ], [ -159.711386668195871, 21.964750291893779 ], [ -159.711549009660814, 21.964850249193663 ], [ -159.711701162701956, 21.964962070702288 ], [ -159.711827792861556, 21.965103615582155 ], [ -159.711987425392977, 21.965280390284548 ], [ -159.712117803892369, 21.965425167332398 ], [ -159.712261187990237, 21.965551139389049 ], [ -159.712422105744935, 21.965651763253334 ], [ -159.712616120181508, 21.965704533345047 ], [ -159.712805684593349, 21.965763737634646 ], [ -159.712963273986475, 21.965869172506331 ], [ -159.713113844137354, 21.965984756796843 ], [ -159.713233030754907, 21.96614571640945 ], [ -159.713387318846884, 21.966255925258022 ], [ -159.713506925246833, 21.966416278449632 ], [ -159.713616020989662, 21.966591829211328 ], [ -159.71376389714564, 21.966711309236086 ], [ -159.713893988352282, 21.966856503402703 ], [ -159.714016744009314, 21.967012303765383 ], [ -159.714135460389372, 21.967173945876365 ], [ -159.714313967390581, 21.967249139817635 ], [ -159.714457012931717, 21.967375605481887 ], [ -159.714608325314202, 21.967490118161663 ], [ -159.714775398973586, 21.967581844047711 ], [ -159.714962654160814, 21.967644390293469 ], [ -159.715162728094299, 21.967688401251205 ], [ -159.715635787252438, 21.967844968833219 ], [ -159.71582142391307, 21.967896719975251 ], [ -159.716006711296899, 21.967949483341965 ], [ -159.716192824615007, 21.967999858796791 ], [ -159.716377980498095, 21.968052999936269 ], [ -159.716562081550734, 21.968109182728206 ], [ -159.716749913737772, 21.968154602068566 ], [ -159.716935672428036, 21.96820600448865 ], [ -159.717118543285551, 21.968265739704698 ], [ -159.71730187825699, 21.9683241329301 ], [ -159.717484923162147, 21.968383366481373 ], [ -159.717667819264193, 21.968443025980651 ], [ -159.717851284517508, 21.968501045807066 ], [ -159.718034294534249, 21.968560380068507 ], [ -159.718216437847019, 21.968622214935138 ], [ -159.718396018000277, 21.968691444370254 ], [ -159.718576995968931, 21.968756641897585 ], [ -159.718759742138673, 21.968816736255601 ], [ -159.718943038356571, 21.968875246129159 ], [ -159.719125759048666, 21.968935415166385 ], [ -159.719311702827184, 21.968986285545828 ], [ -159.719497560812982, 21.969037403621222 ], [ -159.719685264257265, 21.969083194124238 ], [ -159.71987300506396, 21.969128880353843 ], [ -159.720056929303155, 21.969185578488069 ], [ -159.720240810723624, 21.969242400367325 ], [ -159.720425564815315, 21.969296702215342 ], [ -159.720609012153091, 21.969354776800063 ], [ -159.720793329317303, 21.969410344012847 ], [ -159.720977006039902, 21.969467754973476 ], [ -159.721159529724929, 21.969528495331826 ], [ -159.721348146920519, 21.969571651875764 ], [ -159.721531789709985, 21.969629165342308 ], [ -159.721714225985721, 21.96969015660423 ], [ -159.721899908119923, 21.969741785823683 ], [ -159.722086791269106, 21.969789946784317 ], [ -159.722268985507498, 21.969851638624149 ], [ -159.72245858, 21.969891978167944 ], [ -159.722643501813337, 21.96994579973957 ], [ -159.722829021337702, 21.969997896572234 ], [ -159.723016380493618, 21.970044684796136 ], [ -159.723205335839424, 21.970086866522369 ], [ -159.723391860922931, 21.970136063760929 ], [ -159.723579656672314, 21.970181592768775 ], [ -159.723773163801781, 21.970210642614362 ], [ -159.723967231340282, 21.970238075369039 ], [ -159.72415219516742, 21.970291776683858 ], [ -159.724335633714446, 21.970349877787775 ], [ -159.724520001214131, 21.970405301400081 ], [ -159.724703536467587, 21.970463126119196 ], [ -159.724885484420099, 21.970525529783544 ], [ -159.7250670994014, 21.970588897745117 ], [ -159.725248415758585, 21.970653126864718 ], [ -159.725429776169335, 21.970717226397841 ], [ -159.725610960154143, 21.970781836931387 ], [ -159.725792150030628, 21.97084643187668 ], [ -159.72597426215313, 21.970908365618396 ], [ -159.726244321387384, 21.970984461314359 ], [ -159.726431148447944, 21.971036625013923 ], [ -159.726605896923672, 21.971152569209352 ], [ -159.726794065562416, 21.971197651063456 ], [ -159.726981082654788, 21.97124881050145 ], [ -159.727174779550495, 21.971264700028357 ], [ -159.727365779889936, 21.971294821804879 ], [ -159.727562499751201, 21.971294747825546 ], [ -159.727759601569176, 21.971292652802347 ], [ -159.727952346913753, 21.97131356314922 ], [ -159.728145205500169, 21.971333878324309 ], [ -159.72832835065006, 21.971405488450788 ], [ -159.72851294274065, 21.971469454544689 ], [ -159.728692210074428, 21.971561547244455 ], [ -159.728876014075183, 21.971629679317541 ], [ -159.729058876082831, 21.971702790425088 ], [ -159.729241154460055, 21.97177898001673 ], [ -159.729422001386638, 21.971862730951969 ], [ -159.729603652998776, 21.971942234804438 ], [ -159.729788902723641, 21.972002734652818 ], [ -159.729962589351373, 21.972124309018707 ], [ -159.730143873776598, 21.972205754406406 ], [ -159.730351617494478, 21.972147456769211 ], [ -159.730547519801917, 21.972151697492322 ], [ -159.730737597740273, 21.972186701412088 ], [ -159.730905276173047, 21.972340011066901 ], [ -159.731106108086578, 21.972318215578603 ], [ -159.731285429944165, 21.972410029591842 ], [ -159.731473026293088, 21.972458142191034 ], [ -159.731660497339846, 21.972506917327955 ], [ -159.731850911714304, 21.972540148667164 ], [ -159.732041080033213, 21.972574678171974 ], [ -159.732232865704873, 21.972600663954008 ], [ -159.732343642541025, 21.972666304571359 ], [ -159.732533842837285, 21.972706260116791 ], [ -159.732764642005804, 21.972637456542074 ], [ -159.732963423919585, 21.972654419538053 ], [ -159.733129850730109, 21.972758058644452 ], [ -159.733315176816973, 21.972811070290621 ], [ -159.733496548580632, 21.972874672857344 ], [ -159.733655527662307, 21.972998264793951 ], [ -159.733885567168784, 21.972931495705524 ], [ -159.734057557291948, 21.973020232587334 ], [ -159.734219401286282, 21.973136149363956 ], [ -159.734391309700385, 21.973225107583254 ], [ -159.734568533165856, 21.973299824934809 ], [ -159.734736269787049, 21.973399958511379 ], [ -159.734911096584085, 21.973481099487092 ], [ -159.735092572096818, 21.973544427859164 ], [ -159.735275524784811, 21.973603798816633 ], [ -159.735461323697962, 21.973655545621352 ], [ -159.735655072429324, 21.973685995836661 ], [ -159.73584289505655, 21.973732321734229 ], [ -159.736030000306698, 21.973780567657005 ], [ -159.736221408657912, 21.973817287387412 ], [ -159.73640690912984, 21.973869833958293 ], [ -159.736589675491132, 21.9739297056521 ], [ -159.736759578105307, 21.97402404016842 ], [ -159.736931822513839, 21.97411210067968 ], [ -159.737046321709073, 21.974354863768681 ], [ -159.737230133140031, 21.974411936703316 ], [ -159.737589144755589, 21.97428770112991 ], [ -159.737772299852082, 21.974350632277034 ], [ -159.737944933276253, 21.9744554896739 ], [ -159.738133782829237, 21.974495726564044 ], [ -159.738315081177063, 21.974566054392337 ], [ -159.738506969685176, 21.974594179679514 ], [ -159.73869358939433, 21.974643301904237 ], [ -159.738877076587698, 21.974704909521058 ], [ -159.739064844824384, 21.974749452206982 ], [ -159.739236521182448, 21.974858131209015 ], [ -159.739431858839112, 21.974872510821569 ], [ -159.739623088382956, 21.974903260340991 ], [ -159.739805824703211, 21.974967864167599 ], [ -159.739985354601771, 21.97504524554547 ], [ -159.740168471772904, 21.975108328618653 ], [ -159.740353482271871, 21.975163864933851 ], [ -159.740542700591902, 21.97520263292849 ], [ -159.740733131769758, 21.975236567434127 ], [ -159.740920924966844, 21.975281017510632 ], [ -159.741113437348986, 21.97530665614806 ], [ -159.741313537503146, 21.975302054955211 ], [ -159.74150640867839, 21.975326265936378 ], [ -159.741697485474106, 21.975357625307264 ], [ -159.74188995157354, 21.975383448434943 ], [ -159.742084510100455, 21.975400932485638 ], [ -159.742276978218115, 21.975426748823317 ], [ -159.742468138816747, 21.97545777897464 ], [ -159.742660332826489, 21.975484686508146 ], [ -159.742852229906845, 21.975512779521754 ], [ -159.74304282327941, 21.975546069172324 ], [ -159.743232244842147, 21.975584026375056 ], [ -159.743420021150257, 21.97562854410306 ], [ -159.743606034550993, 21.975680088147516 ], [ -159.743791108695831, 21.975735376327382 ], [ -159.743987534284969, 21.975745418241033 ], [ -159.744191947428448, 21.975723623877428 ], [ -159.74438455101199, 21.975748898680123 ], [ -159.744573411457111, 21.975789098209514 ], [ -159.744767351164029, 21.975809048158293 ], [ -159.744951276850031, 21.975868917773777 ], [ -159.745136283392526, 21.975924475745405 ], [ -159.745342222289537, 21.975896597629326 ], [ -159.745551347241445, 21.975856015572941 ], [ -159.745760951238765, 21.975813526700648 ], [ -159.745959301185223, 21.975815893929752 ], [ -159.746152361524395, 21.975839348729505 ], [ -159.746336853261056, 21.975896961114923 ], [ -159.746518918106545, 21.975964248037293 ], [ -159.746710637128729, 21.975993051906727 ], [ -159.746898355149597, 21.97603780166795 ], [ -159.747079281889938, 21.976109629125897 ], [ -159.747261305567747, 21.976177078008341 ], [ -159.747454408322028, 21.976200367549584 ], [ -159.747568585627249, 21.976242865856104 ], [ -159.747787494998704, 21.976196010134608 ], [ -159.747976121789293, 21.976238848325934 ], [ -159.748166423522207, 21.97627672710821 ], [ -159.748356680518526, 21.976314737768114 ], [ -159.748528268568123, 21.976408045749189 ], [ -159.748714626849704, 21.976457607518235 ], [ -159.748892625529976, 21.976531928847969 ], [ -159.749076737014803, 21.976588142271019 ], [ -159.74924746080373, 21.976684014570871 ], [ -159.749452262330095, 21.976678941997825 ], [ -159.749621898235233, 21.976778035884898 ], [ -159.749817008898958, 21.976801673000423 ], [ -159.750003010437013, 21.976852290989342 ], [ -159.750186966322531, 21.976908966397932 ], [ -159.750366736418812, 21.97697804277578 ], [ -159.750547424171515, 21.977044400932908 ], [ -159.750728279000498, 21.977110266671104 ], [ -159.750910256505648, 21.977172803449541 ], [ -159.751076235498175, 21.977282733480919 ], [ -159.751282225133224, 21.977274143448277 ], [ -159.751461151197731, 21.977345722180019 ], [ -159.751632807295152, 21.977438836799919 ], [ -159.751820072957145, 21.977485712234071 ], [ -159.751998375803367, 21.977559135258627 ], [ -159.752200429834147, 21.977562206055751 ], [ -159.752382567783116, 21.977624269760994 ], [ -159.752564059280047, 21.977688248727485 ], [ -159.752723797236143, 21.977816670304865 ], [ -159.752898565629778, 21.977900569036343 ], [ -159.753107052710078, 21.977884579018895 ], [ -159.75328105749611, 21.977970739345295 ], [ -159.753464398048123, 21.978029244124922 ], [ -159.7536487658422, 21.978084704029314 ], [ -159.753820254448186, 21.978178320262071 ], [ -159.753987385939467, 21.978284840651202 ], [ -159.754161944843815, 21.978369360504406 ], [ -159.754337881048826, 21.978449802201457 ], [ -159.754528626820701, 21.978486368738672 ], [ -159.75472054569272, 21.978519462399195 ], [ -159.754898229469688, 21.978594727081557 ], [ -159.755077620575605, 21.978652867852432 ], [ -159.755246355311073, 21.978742672924408 ], [ -159.755462088242751, 21.978740028647483 ], [ -159.755635195536343, 21.97882123176672 ], [ -159.755833246053811, 21.978853369890359 ], [ -159.755963342848446, 21.97901917919199 ], [ -159.756103791002118, 21.979164627697514 ], [ -159.756367426934588, 21.97906775260704 ], [ -159.756589793807137, 21.979052058241098 ], [ -159.756770665785922, 21.979117989370245 ], [ -159.7569084758114, 21.979268626724064 ], [ -159.75705571680777, 21.979400713359187 ], [ -159.757285490192913, 21.979370450850471 ], [ -159.757460745521001, 21.979447429520647 ], [ -159.757629545895128, 21.979537107102857 ], [ -159.757810803327601, 21.97960228003226 ], [ -159.757886324827183, 21.979818686287608 ], [ -159.758007402122502, 21.979980799053003 ], [ -159.758164699615378, 21.980087296317496 ], [ -159.758444872247736, 21.98000511663232 ], [ -159.758675450678368, 21.980050042169484 ], [ -159.758870184309359, 21.980111921939898 ], [ -159.759035597405415, 21.980208197681129 ], [ -159.759165608349576, 21.9803460046707 ], [ -159.759355463183766, 21.980413607782701 ], [ -159.759505430191979, 21.98052800536113 ], [ -159.759673830155549, 21.980620777673465 ], [ -159.759806922390482, 21.9807549707104 ], [ -159.759935301057823, 21.980894694398675 ], [ -159.760139637246994, 21.980945308810096 ], [ -159.760204430392236, 21.981159626106376 ], [ -159.760338293710618, 21.981292916223616 ], [ -159.760509505874353, 21.981382389839474 ], [ -159.760673533058338, 21.981469490816814 ], [ -159.760731708568841, 21.981591618453745 ], [ -159.760898031726583, 21.981689440053582 ], [ -159.761001506933923, 21.981818723876344 ], [ -159.761158912895013, 21.981934416974209 ], [ -159.761297872034902, 21.982063034624055 ], [ -159.761427285575905, 21.982198340952319 ], [ -159.761574385058452, 21.982321256258118 ], [ -159.761680632157066, 21.982472794681023 ], [ -159.761844612058127, 21.982583882650381 ], [ -159.761945903357514, 21.982738893076423 ], [ -159.762068351736758, 21.982879080653742 ], [ -159.76217459592894, 21.983030622351158 ], [ -159.762356402486716, 21.983129217867429 ], [ -159.762430671583189, 21.983303163200755 ], [ -159.762598388570581, 21.983411633018669 ], [ -159.762694845626839, 21.983570031469409 ], [ -159.762750793685797, 21.983756815090771 ], [ -159.762907214061926, 21.983873199371445 ], [ -159.763064667250859, 21.983988859585761 ], [ -159.763147175987825, 21.984157032346939 ], [ -159.763236177528597, 21.984320656050357 ], [ -159.763352654158325, 21.984465028707437 ], [ -159.763481846033812, 21.984600491499865 ], [ -159.763591067206903, 21.984749947737075 ], [ -159.763604671131986, 21.98496640057509 ], [ -159.763730347601182, 21.985116531755025 ], [ -159.763814403638605, 21.985279434615325 ], [ -159.763910375832324, 21.985436510125506 ], [ -159.764013349630289, 21.985590163413569 ], [ -159.764093334130479, 21.985755056284145 ], [ -159.764160370053474, 21.985926279911748 ], [ -159.764255263937144, 21.986083883278845 ], [ -159.764361265412759, 21.98623605599597 ], [ -159.764461183517056, 21.986391203869957 ], [ -159.76457499356863, 21.986539559322882 ], [ -159.764665154380793, 21.986699477304523 ], [ -159.764735892645461, 21.986868891050666 ], [ -159.764819800194147, 21.987031866273263 ], [ -159.7649469734815, 21.987173688091048 ], [ -159.764978152768862, 21.987362442727989 ], [ -159.765090966155384, 21.987511285739838 ], [ -159.765164955374615, 21.987679110380743 ], [ -159.765084794650761, 21.98792229907788 ], [ -159.765186715601317, 21.988076467743824 ], [ -159.765274210656258, 21.988237689615367 ], [ -159.765385500525895, 21.988387277568592 ], [ -159.765501061855986, 21.988534776723444 ], [ -159.765557845465821, 21.988711013472937 ], [ -159.765646167381306, 21.988871831050112 ], [ -159.765695640231371, 21.989044704168592 ], [ -159.765764049706775, 21.989213814755228 ], [ -159.765822750948473, 21.989386627583816 ], [ -159.76591634480846, 21.989546133935583 ], [ -159.765976027568911, 21.989718572622177 ], [ -159.766083448342442, 21.989872807112366 ], [ -159.76615297135308, 21.990041492218985 ], [ -159.766206829362943, 21.990216152357842 ], [ -159.766279417105636, 21.99038366944206 ], [ -159.766327944117677, 21.990560362683787 ], [ -159.766405295079238, 21.990726064200491 ], [ -159.76634788064527, 21.99094315635644 ], [ -159.76642573066556, 21.991108667612064 ], [ -159.766640675455136, 21.991221898114844 ], [ -159.766770616291382, 21.991367544826922 ], [ -159.766840284934375, 21.991536175593609 ], [ -159.766903884828338, 21.991707120293352 ], [ -159.767046327706595, 21.991847999800072 ], [ -159.766931782955311, 21.992086878200283 ], [ -159.76690417995141, 21.992292603692956 ], [ -159.766988925904656, 21.992455485110863 ], [ -159.767036516872707, 21.992632534762951 ], [ -159.767148723340284, 21.992784943763169 ], [ -159.767338672312917, 21.992907707174727 ], [ -159.767371603819242, 21.993090347754944 ], [ -159.76745676165325, 21.993253072483263 ], [ -159.767571822784134, 21.993404392760031 ], [ -159.76757335028995, 21.993599009325042 ], [ -159.767456458926347, 21.993838783462063 ], [ -159.76752221063299, 21.994008908319604 ], [ -159.767507505092738, 21.99420971502883 ], [ -159.767586667275026, 21.994374726197943 ], [ -159.767689978127578, 21.994530527984104 ], [ -159.767822947011268, 21.994675020348822 ], [ -159.767939558398211, 21.99482575035595 ], [ -159.768199013669886, 21.994922007652352 ], [ -159.768163219170191, 21.995130856725101 ], [ -159.768123777153903, 21.99534109693732 ], [ -159.768232562872754, 21.995494811138983 ], [ -159.76836879589834, 21.995638059099644 ], [ -159.768654283751403, 21.995724389091382 ], [ -159.768641853435412, 21.995924328743044 ], [ -159.768672640338906, 21.996107787530313 ], [ -159.76881498214172, 21.996248705501415 ], [ -159.769078100583869, 21.99634356555773 ], [ -159.769284787994707, 21.99645994591701 ], [ -159.769326780168313, 21.99663913131571 ], [ -159.769421009349287, 21.996798397455876 ], [ -159.769497578626982, 21.996964397203275 ], [ -159.76940452163214, 21.997195083731885 ], [ -159.769486810276476, 21.997358902941023 ], [ -159.76956697424805, 21.99752353248077 ], [ -159.769771553408304, 21.997640716137862 ], [ -159.769627729613973, 21.997890762354302 ], [ -159.769445189649787, 21.998155573640503 ], [ -159.769537722432148, 21.998315486318084 ], [ -159.769679652612211, 21.998456561646513 ], [ -159.76977071738898, 21.99861703394448 ], [ -159.769664076245647, 21.998852901192439 ], [ -159.76975277469765, 21.999014275342184 ], [ -159.769796942515057, 21.999192632746954 ], [ -159.769880818284292, 21.999355847084846 ], [ -159.76985247216237, 21.999561856367741 ], [ -159.76989933750221, 21.999739184741042 ], [ -159.770070516334357, 21.999869106323274 ], [ -159.77014229404935, 22.000036934041173 ], [ -159.770250115040199, 22.000191017085001 ], [ -159.770228792730819, 22.000394348266397 ], [ -159.770351823901194, 22.000542630443846 ], [ -159.770470474042241, 22.000692584513352 ], [ -159.77042714785253, 22.000904306846888 ], [ -159.770436607011419, 22.001095899219973 ], [ -159.770473693994148, 22.001276956456472 ], [ -159.770600638651132, 22.001423747482573 ], [ -159.770933556418697, 22.001622419888765 ], [ -159.771141291189963, 22.001826695957984 ], [ -159.771232464952391, 22.001986178458196 ], [ -159.771309009146449, 22.002152513319736 ], [ -159.771582135292618, 22.002562244367475 ], [ -159.771801090396707, 22.002634933913569 ], [ -159.77204677212643, 22.00268892710287 ], [ -159.772216944966516, 22.0027957448149 ], [ -159.77229182832744, 22.002969224723927 ], [ -159.772203355512545, 22.003256985761361 ], [ -159.772393894666692, 22.003349555641368 ], [ -159.772542017984875, 22.003471798451926 ], [ -159.772517232396154, 22.003715005778133 ], [ -159.772652522302394, 22.003846227264571 ], [ -159.772900568979509, 22.00389856649247 ], [ -159.772877631157513, 22.00414048141138 ], [ -159.772954887328609, 22.004312301973229 ], [ -159.773094544330235, 22.004440467966347 ], [ -159.7731788384705, 22.004607366040759 ], [ -159.773351699369101, 22.004712303381584 ], [ -159.773399806446946, 22.004904517135291 ], [ -159.773470745143499, 22.005080757717931 ], [ -159.773578843476599, 22.005231002976288 ], [ -159.77363405037562, 22.005418249693065 ], [ -159.773866667115641, 22.005481383491162 ], [ -159.774007842277911, 22.00560848901841 ], [ -159.77413704554715, 22.005743968510355 ], [ -159.774083887295347, 22.00600702743559 ], [ -159.774056489566675, 22.006252063929679 ], [ -159.774113236879174, 22.006438233543804 ], [ -159.774354397671033, 22.006495390040062 ], [ -159.774469195901389, 22.006640948697093 ], [ -159.774523720307258, 22.006828674354477 ], [ -159.774682750998011, 22.006943288544793 ], [ -159.774762216229334, 22.007113565509872 ], [ -159.774848685477536, 22.007278942733045 ], [ -159.77497126752894, 22.007419056481954 ], [ -159.775196818648368, 22.007487134348168 ], [ -159.775391769176224, 22.007576618948669 ], [ -159.77555655924607, 22.007687203864855 ], [ -159.775727206831647, 22.007793691094946 ], [ -159.775795737153771, 22.00797161950657 ], [ -159.776246272436623, 22.00814567272306 ], [ -159.77643295254731, 22.008223691354782 ], [ -159.776741361089393, 22.008179365298385 ], [ -159.776926854444611, 22.008258575140577 ], [ -159.777117186757181, 22.008332923243557 ], [ -159.777342377082135, 22.008372235682245 ], [ -159.777495541454869, 22.008483938803334 ], [ -159.777709071746358, 22.008534970667434 ], [ -159.777894691336115, 22.008614055022544 ], [ -159.778013543999577, 22.008760243141356 ], [ -159.778178412051432, 22.008860183857543 ], [ -159.778339511099205, 22.008963913066939 ], [ -159.778505541594456, 22.009062685251692 ], [ -159.778635702959775, 22.009197508676838 ], [ -159.778810313937981, 22.009287657530873 ], [ -159.778934944322202, 22.009428041176719 ], [ -159.779056848229231, 22.009571164122473 ], [ -159.779174274977692, 22.009718787281333 ], [ -159.779306428179183, 22.009851609583411 ], [ -159.779468204566228, 22.009954657760829 ], [ -159.779614074708689, 22.010073694718706 ], [ -159.779756338692749, 22.010196355044439 ], [ -159.779834808362153, 22.010383134537339 ], [ -159.779993203832078, 22.010489581462739 ], [ -159.780147841877778, 22.010599806038648 ], [ -159.78027141102362, 22.010741256931901 ], [ -159.780394991013594, 22.010882696831199 ], [ -159.780416668129476, 22.011126559042498 ], [ -159.780521379318174, 22.011286964185032 ], [ -159.780676946493912, 22.011396255106327 ], [ -159.780760782865656, 22.011577641457539 ], [ -159.780873486100148, 22.011730014144558 ], [ -159.781031281652702, 22.011837065415715 ], [ -159.781179471298827, 22.011953772615819 ], [ -159.781238817298004, 22.01215977545284 ], [ -159.781483991956776, 22.012179002774047 ], [ -159.781725185478024, 22.0122022317783 ], [ -159.781909575809777, 22.012282553085644 ], [ -159.782090201946687, 22.012366658390096 ], [ -159.782222176296841, 22.01249966331784 ], [ -159.782309422513549, 22.012608125877723 ], [ -159.782375732648404, 22.012787175658453 ], [ -159.782579432286468, 22.012871313005967 ], [ -159.78268455866322, 22.013023547071462 ], [ -159.782801082828996, 22.013167907754713 ], [ -159.782871760234968, 22.013343939886614 ], [ -159.782974840181055, 22.013497588292612 ], [ -159.783050488557876, 22.013670187177183 ], [ -159.783161842302093, 22.013818119898833 ], [ -159.783242686549841, 22.0139871290603 ], [ -159.783377606147809, 22.014118781871851 ], [ -159.783572337087946, 22.014209115596351 ], [ -159.783873830509663, 22.014225694988898 ], [ -159.784038804066768, 22.014336584442312 ], [ -159.784199378688299, 22.014450514813138 ], [ -159.784336424879854, 22.014580698543593 ], [ -159.784433119879452, 22.014738758864542 ], [ -159.784522110206098, 22.014902140850591 ], [ -159.784615246118904, 22.015062659955653 ], [ -159.784687807863776, 22.015237392119666 ], [ -159.784712809928237, 22.015291821147386 ], [ -159.784754542486951, 22.015468469707731 ], [ -159.784816375444052, 22.015641919754636 ], [ -159.78481372008153, 22.015825628542448 ], [ -159.784821486121302, 22.016007680289114 ], [ -159.784808581664805, 22.016193019082895 ], [ -159.784816486155307, 22.016375048477069 ], [ -159.784838952225584, 22.016554761399785 ], [ -159.784847599242795, 22.016736672496585 ], [ -159.784855876514087, 22.016918642272778 ], [ -159.784983046327113, 22.017081700158599 ], [ -159.785058744989527, 22.01725294531435 ], [ -159.785173093200626, 22.017418041975521 ] ] } },
{ "type": "Feature", "properties": { "objectid": 202, "island": "Kauai", "st_lengthshape": 309.60215272030985 }, "geometry": { "type": "LineString", "coordinates": [ [ -159.785668798109242, 22.018062777975853 ], [ -159.785726801808835, 22.018235390413345 ], [ -159.785715797548249, 22.018424799819154 ], [ -159.785834398668868, 22.018582662873023 ], [ -159.785868848538342, 22.018761008185038 ], [ -159.785870939412121, 22.018947229955089 ], [ -159.785828664688779, 22.01914425041803 ], [ -159.785821126342881, 22.019332815681608 ], [ -159.785826280497332, 22.019518291907463 ], [ -159.785852431813481, 22.01969865722679 ], [ -159.785894498706284, 22.019875148350167 ], [ -159.785950555777902, 22.020048235228476 ], [ -159.786036017403035, 22.02021416439414 ], [ -159.786131039788529, 22.020377766577091 ], [ -159.786223282565572, 22.020542045122195 ], [ -159.786339005619197, 22.020700609003246 ] ] } },
{ "type": "Feature", "properties": { "objectid": 203, "island": "Kauai", "st_lengthshape": 20.000166313767657 }, "geometry": { "type": "LineString", "coordinates": [ [ -159.787311451482338, 22.02638357787589 ], [ -159.787253950332655, 22.026211037960611 ] ] } },
{ "type": "Feature", "properties": { "objectid": 204, "island": "Kauai", "st_lengthshape": 80.818658403590007 }, "geometry": { "type": "LineString", "coordinates": [ [ -159.785872400981248, 22.037325453265304 ], [ -159.785893578207151, 22.037507833053155 ], [ -159.785896221179911, 22.037689068642621 ], [ -159.785920072856044, 22.037871613551484 ], [ -159.785925830307463, 22.038053041062454 ] ] } },
{ "type": "Feature", "properties": { "objectid": 205, "island": "Kauai", "st_lengthshape": 546.41298770665492 }, "geometry": { "type": "LineString", "coordinates": [ [ -159.785483064315542, 22.042918315424799 ], [ -159.785366819912667, 22.043072231694477 ], [ -159.785269551085605, 22.043232188197646 ], [ -159.785114573091391, 22.043373776277317 ], [ -159.784951568787164, 22.043512809960845 ], [ -159.784885336406376, 22.043682644193307 ], [ -159.784777356540388, 22.043839191772005 ], [ -159.784718616906417, 22.044011411114695 ], [ -159.784663986259943, 22.044184938729682 ], [ -159.78458772263258, 22.044351580453124 ], [ -159.784451674061302, 22.04449919318176 ], [ -159.784415646138854, 22.04467864184873 ], [ -159.784252583374325, 22.044817657080348 ], [ -159.784142675056955, 22.044973590154722 ], [ -159.784029430068784, 22.045128461390718 ], [ -159.784016376014051, 22.045315222219557 ], [ -159.783918555725023, 22.045475003528097 ], [ -159.783881426096002, 22.045654101418037 ], [ -159.783797457951323, 22.045818290831079 ], [ -159.783708049562733, 22.045980749148335 ], [ -159.783671250584291, 22.046159952910255 ], [ -159.783828756472587, 22.046401000458037 ], [ -159.783782194728275, 22.04657709723703 ], [ -159.783738201474392, 22.046754010115819 ], [ -159.783695922470685, 22.046931469457899 ], [ -159.783636576555807, 22.047103496181816 ], [ -159.78356603382673, 22.047271959296737 ] ] } },
{ "type": "Feature", "properties": { "objectid": 206, "island": "Kauai", "st_lengthshape": 61.798475050001855 }, "geometry": { "type": "LineString", "coordinates": [ [ -159.783582067732397, 22.047658895028583 ], [ -159.78353302406083, 22.047834201395972 ], [ -159.78350137530245, 22.048015043590354 ], [ -159.783510118843054, 22.048208742850278 ] ] } },
{ "type": "Feature", "properties": { "objectid": 207, "island": "Kauai", "st_lengthshape": 5731.4263719816854 }, "geometry": { "type": "LineString", "coordinates": [ [ -159.78279803957841, 22.065746558120342 ], [ -159.782677301066286, 22.065890867581054 ], [ -159.782557551488651, 22.066036168663654 ], [ -159.782437103878976, 22.066180769260566 ], [ -159.782314636736572, 22.066323344997695 ], [ -159.782193284250866, 22.066467039133133 ], [ -159.782054505354779, 22.066593251897263 ], [ -159.781911601859292, 22.066715326865616 ], [ -159.781763402345774, 22.066832089799366 ], [ -159.781610244009499, 22.066943877844093 ], [ -159.781143413457954, 22.066741002034025 ], [ -159.780878118271801, 22.066740298181877 ], [ -159.780725544039512, 22.066852671635637 ], [ -159.78055862800781, 22.066950659155385 ], [ -159.780416641843658, 22.067073655352914 ], [ -159.780237128224798, 22.067159003708319 ], [ -159.78002999650397, 22.067216648332906 ], [ -159.780030160137557, 22.067482244779086 ], [ -159.779879730411466, 22.067596771764656 ], [ -159.779670966484986, 22.067652777756749 ], [ -159.779566207815236, 22.067813119886655 ], [ -159.779466814816743, 22.067978844976817 ], [ -159.779238647751612, 22.068015387217333 ], [ -159.779136751575436, 22.068178601776733 ], [ -159.778959214116213, 22.068265934042319 ], [ -159.778844447470959, 22.068416237043532 ], [ -159.778693949514548, 22.068530695543753 ], [ -159.778542243842537, 22.068643942792349 ], [ -159.778352554695601, 22.068719085905574 ], [ -159.778118080752819, 22.068749300377224 ], [ -159.777853749397821, 22.068749562786561 ], [ -159.777595856870136, 22.068756284111171 ], [ -159.777355077348545, 22.068780172123201 ], [ -159.777157739105093, 22.068847640692393 ], [ -159.776860922046922, 22.068815311577481 ], [ -159.776667678531965, 22.068886887702604 ], [ -159.776443007774986, 22.068926936324804 ], [ -159.776276565725908, 22.069025399741705 ], [ -159.776059551582648, 22.069073128263771 ], [ -159.775893862409021, 22.069172347478951 ], [ -159.775754724341368, 22.069298202632382 ], [ -159.775563831142051, 22.069372136826939 ], [ -159.775441087265193, 22.069514439699837 ], [ -159.775331780099776, 22.069670222414533 ], [ -159.775121648763388, 22.069724856032519 ], [ -159.775006024123115, 22.069874301383351 ], [ -159.774871693933704, 22.070004981523791 ], [ -159.77469499832938, 22.070093158975844 ], [ -159.774507727791388, 22.070170728120885 ], [ -159.7743046383479, 22.070232426205347 ], [ -159.774201629777394, 22.070394530112512 ], [ -159.774016231615292, 22.070473977027223 ], [ -159.773862748339241, 22.070585442459635 ], [ -159.773712389179536, 22.070700041288337 ], [ -159.773551579831206, 22.070804157685632 ], [ -159.7734226375687, 22.070940243277384 ], [ -159.773209208657647, 22.070991570127635 ], [ -159.773068170937222, 22.07111552137907 ], [ -159.772945471781128, 22.071257871921283 ], [ -159.772886055820123, 22.071463709912258 ], [ -159.772678625148586, 22.071521054135861 ], [ -159.772605541801369, 22.071713180802355 ], [ -159.772422173876151, 22.071794666162297 ], [ -159.772319522617494, 22.071957129504906 ], [ -159.77207837498932, 22.071980646660656 ], [ -159.771985286326554, 22.072152705640292 ], [ -159.771772357876955, 22.072204533297317 ], [ -159.771653198916567, 22.072350436397841 ], [ -159.771501848891177, 22.072464044203887 ], [ -159.771358906899508, 22.072586086922811 ], [ -159.771190247685979, 22.072682328908979 ], [ -159.771080248344248, 22.072837421064794 ], [ -159.770910662837593, 22.072932734839934 ], [ -159.770752298846389, 22.073039306006262 ], [ -159.770596376795567, 22.073148327256234 ], [ -159.770438508363469, 22.07325539627065 ], [ -159.770305549712049, 22.073387454835952 ], [ -159.770136325538459, 22.073483131097902 ], [ -159.77002641799001, 22.073638316996337 ], [ -159.769843147392919, 22.073719901166029 ], [ -159.769758029499599, 22.073899957070566 ], [ -159.769598372300948, 22.074005232358612 ], [ -159.769492556806739, 22.0741645244394 ], [ -159.769406115775894, 22.074343253893176 ], [ -159.769228765167497, 22.074430778245869 ], [ -159.76901742459367, 22.074484200263885 ], [ -159.768882683013715, 22.074614473769753 ], [ -159.768803877386432, 22.074800863907875 ], [ -159.768673359906018, 22.074935374165623 ], [ -159.768608631957477, 22.075135889401857 ], [ -159.768526499613529, 22.075318942564142 ], [ -159.768377206029271, 22.075434617514389 ], [ -159.768370302504053, 22.075693144988655 ], [ -159.768248089786056, 22.075835988522662 ], [ -159.768212449835715, 22.076065687385704 ], [ -159.7681425332934, 22.076260997086276 ], [ -159.768037299265671, 22.076420875444363 ], [ -159.767939957799399, 22.076588671928196 ], [ -159.767875923950271, 22.076789884648854 ], [ -159.767790080666686, 22.07696921755068 ], [ -159.76769978935576, 22.077144086861782 ], [ -159.767545616587881, 22.077254866842782 ], [ -159.767457951196434, 22.077432371537203 ], [ -159.767223317826051, 22.077462429675322 ], [ -159.767117784657188, 22.077622008039313 ], [ -159.766975175795523, 22.077744390598262 ], [ -159.766803921022102, 22.077838033208973 ], [ -159.766670557136933, 22.077969690628539 ], [ -159.766527879320648, 22.078092004475479 ], [ -159.766380903534042, 22.078210006589195 ], [ -159.766211842463349, 22.078305850718795 ], [ -159.766024796024993, 22.078383649696534 ], [ -159.765911864080124, 22.078535807196701 ], [ -159.765770998657047, 22.078659940376923 ], [ -159.765610159792573, 22.078764034002436 ], [ -159.765505729965469, 22.07892472188858 ], [ -159.765386403078566, 22.079070463287525 ], [ -159.765259809781753, 22.079208915728088 ], [ -159.765126706306688, 22.079340836309783 ], [ -159.764961870576229, 22.079440919803616 ], [ -159.76482778427004, 22.079571854632214 ], [ -159.764709419977635, 22.079718564004271 ], [ -159.764559455964616, 22.079833568412546 ], [ -159.764406594408371, 22.079945667379089 ], [ -159.764246009379065, 22.080050016888247 ], [ -159.764067061844884, 22.080135943388779 ], [ -159.763932878547678, 22.080266781298342 ], [ -159.763745312703605, 22.080344061622128 ], [ -159.763566328427146, 22.080429951623636 ], [ -159.763479882138625, 22.080608685331644 ], [ -159.7633571418543, 22.080751003841431 ], [ -159.763235660440159, 22.08089458745652 ], [ -159.763114210937687, 22.081038202454444 ], [ -159.762989309365906, 22.081178352711181 ], [ -159.762844678015369, 22.081298710401615 ], [ -159.76268591950037, 22.081404893723366 ], [ -159.762566423933265, 22.081550469509306 ], [ -159.762438817034109, 22.081687907352379 ], [ -159.762312626869061, 22.081826766754354 ], [ -159.762147169358229, 22.081926229766307 ], [ -159.762001177041753, 22.082045221732152 ], [ -159.761902156277586, 22.082211340483973 ], [ -159.761813133089106, 22.0823874899157 ], [ -159.761673635332926, 22.082512999113145 ], [ -159.7615229427945, 22.082627276991005 ], [ -159.76140839178251, 22.082777814743494 ], [ -159.761240564387776, 22.082874900243517 ], [ -159.761113250311723, 22.083012633844376 ], [ -159.760929646595059, 22.083093890996647 ], [ -159.760779280272942, 22.083208495525792 ], [ -159.76063647904931, 22.083330690244559 ], [ -159.760489412030608, 22.083448606352967 ], [ -159.76032275946929, 22.08354687162371 ], [ -159.760173661995253, 22.083662749816163 ], [ -159.76001083109665, 22.083764849968933 ], [ -159.759877422213464, 22.083896468819944 ], [ -159.75973444020596, 22.084018483841021 ], [ -159.759567843938157, 22.084116805919106 ], [ -159.759438265216346, 22.084252267720178 ], [ -159.759309883957627, 22.084388931693855 ], [ -159.759171757081987, 22.084515818259586 ], [ -159.758988840245308, 22.084597766614387 ], [ -159.758888122417517, 22.084762185892778 ], [ -159.758730700920466, 22.084869714371113 ], [ -159.758598327693818, 22.085002373533417 ], [ -159.758440500297439, 22.085109494388174 ], [ -159.758266754585804, 22.085200643806399 ], [ -159.75810512602726, 22.085303951600054 ], [ -159.757934333672267, 22.085398064553804 ], [ -159.757795067294552, 22.0855238088734 ], [ -159.75766318082259, 22.085656957394747 ], [ -159.757490807045798, 22.085749483646079 ], [ -159.757325128095374, 22.085848727938156 ], [ -159.757193409472478, 22.085982045152722 ], [ -159.757066108168004, 22.086119794621272 ], [ -159.756925512020075, 22.086244205557144 ], [ -159.756775479208386, 22.086359148259866 ], [ -159.756633127428103, 22.086481797337097 ], [ -159.756447468096468, 22.086560994854434 ], [ -159.756307848423859, 22.086686386356451 ], [ -159.756166345704685, 22.086809888429343 ], [ -159.756034972034655, 22.086943552758399 ], [ -159.755921356071838, 22.087095034657509 ], [ -159.755759721666891, 22.087198337516661 ], [ -159.755659480681942, 22.087363238706054 ], [ -159.755472826590164, 22.087441439692732 ], [ -159.755412508841317, 22.08764639867525 ], [ -159.755274260303452, 22.08777316607992 ], [ -159.755086845313343, 22.087850603176424 ], [ -159.75487293841968, 22.087901459973398 ], [ -159.754723962463771, 22.088017463778257 ], [ -159.754660747092203, 22.088219516119491 ], [ -159.754513518950063, 22.088337275090002 ], [ -159.754389086841172, 22.088477906476765 ], [ -159.75420259914597, 22.088556274219563 ], [ -159.754026905153779, 22.088645471501465 ], [ -159.753922743539221, 22.088806441935517 ], [ -159.75376605438484, 22.088914708598033 ], [ -159.753609165209809, 22.089022774580521 ], [ -159.753462865055184, 22.089141465171419 ], [ -159.753302055830716, 22.089245598408141 ], [ -159.753154143314276, 22.089362671864592 ], [ -159.752992249925626, 22.089465716697237 ], [ -159.752872067193778, 22.089610612176717 ], [ -159.752693010860014, 22.089696437640956 ], [ -159.752536425995544, 22.08980481018148 ], [ -159.75246609951347, 22.08999973057071 ], [ -159.752317377628543, 22.090115992161181 ], [ -159.752191296776829, 22.09025497089511 ], [ -159.752058044107571, 22.090386754501864 ], [ -159.751951459243742, 22.090545295722226 ], [ -159.751794636060112, 22.090653429274013 ], [ -159.751638729668144, 22.090762482632666 ], [ -159.751494581729617, 22.09088333517937 ], [ -159.751367080478275, 22.091020889762103 ], [ -159.751242814424728, 22.091161690620996 ], [ -159.751117306574429, 22.09130124589884 ], [ -159.750989352400865, 22.091438346066244 ], [ -159.75080633697425, 22.091520201051392 ], [ -159.750707806321543, 22.091686824172704 ], [ -159.750577858492647, 22.091821924947563 ], [ -159.75051752611742, 22.092026876872385 ], [ -159.750376254707334, 22.09215061604673 ], [ -159.750182555175655, 22.092221750082 ], [ -159.749975068759682, 22.092279051192833 ], [ -159.749892593004347, 22.092461786230128 ], [ -159.749825348002759, 22.092659802677304 ], [ -159.749573522551458, 22.092672615042552 ], [ -159.749483975828156, 22.092848254555559 ], [ -159.749408690191672, 22.093038203390059 ], [ -159.74928615511169, 22.093180742938614 ], [ -159.749174172033605, 22.093333871460189 ], [ -159.749031028025655, 22.093455733619955 ], [ -159.748990719447448, 22.093680778608704 ], [ -159.748926539515338, 22.093881872057498 ], [ -159.748771199421299, 22.093991497444652 ], [ -159.748623259699315, 22.094108548090432 ], [ -159.748398532303014, 22.094148550414609 ], [ -159.748329283751815, 22.094344558175894 ], [ -159.74821891841836, 22.094499311087283 ], [ -159.74798235457115, 22.094527437763713 ], [ -159.747899142153756, 22.094709436233632 ], [ -159.747728968918665, 22.094804178318984 ], [ -159.747494647813369, 22.09483455432602 ], [ -159.74725707751719, 22.094861670966111 ], [ -159.747120136121509, 22.094989758223857 ], [ -159.746979905436348, 22.09511454495928 ], [ -159.746908354589038, 22.095308245477128 ], [ -159.746714423813245, 22.095379149821394 ], [ -159.746560262442642, 22.095489958449004 ], [ -159.746478771597282, 22.095673685587023 ], [ -159.746344496005577, 22.095804447629014 ], [ -159.746276173567111, 22.096001388960154 ], [ -159.746132147291917, 22.096122368271182 ], [ -159.745868349902622, 22.09612316855522 ], [ -159.745738906025991, 22.096258780955495 ], [ -159.745619984875134, 22.096404950156341 ], [ -159.745479103413601, 22.096529086366594 ], [ -159.7453019272603, 22.096616802451582 ], [ -159.745245823625538, 22.0968260053886 ], [ -159.74509961072431, 22.096944790417936 ], [ -159.744971646657945, 22.097081888790076 ], [ -159.744916408726937, 22.097291960347306 ], [ -159.744811820285207, 22.097452513389371 ], [ -159.744723503396358, 22.097629394185148 ], [ -159.744575630584279, 22.097746515054407 ], [ -159.744473389081321, 22.097909423175821 ], [ -159.744392060857734, 22.09809331660475 ], [ -159.744312538244344, 22.098279022103064 ], [ -159.744398052328705, 22.098630326288337 ] ] } },
{ "type": "Feature", "properties": { "objectid": 208, "island": "Maui", "st_lengthshape": 102.89060419259197 }, "geometry": { "type": "LineString", "coordinates": [ [ -156.442445653611941, 20.625853429929641 ], [ -156.44252885932255, 20.626016876192899 ], [ -156.442567229869098, 20.626191460412379 ], [ -156.442677592655087, 20.626358710208773 ], [ -156.442763804144278, 20.626523623024298 ], [ -156.442927390849292, 20.626632635138073 ] ] } },
{ "type": "Feature", "properties": { "objectid": 209, "island": "Maui", "st_lengthshape": 47.12069425773516 }, "geometry": { "type": "LineString", "coordinates": [ [ -156.442934423320793, 20.627026268438399 ], [ -156.443050479306066, 20.627172285281731 ], [ -156.443308578771081, 20.627177858436635 ] ] } },
{ "type": "Feature", "properties": { "objectid": 210, "island": "Maui", "st_lengthshape": 1171.542742334932 }, "geometry": { "type": "LineString", "coordinates": [ [ -156.443660522960329, 20.627583472363547 ], [ -156.443808353699154, 20.627700204339884 ], [ -156.444002796610562, 20.627774915324881 ], [ -156.444158701527215, 20.627881261964642 ], [ -156.444156418840691, 20.627973702010035 ], [ -156.444138952532683, 20.628194628140754 ], [ -156.44419218828034, 20.628375322026258 ], [ -156.444238158790569, 20.62856015028196 ], [ -156.444252609407073, 20.628762915292317 ], [ -156.444278533754158, 20.62895283451779 ], [ -156.444365164784244, 20.629163719033382 ], [ -156.44447877008318, 20.629309224838995 ], [ -156.444546441259916, 20.629487453387704 ], [ -156.444582815982415, 20.62968797773862 ], [ -156.444671135664521, 20.629851497199514 ], [ -156.44477383516093, 20.63000477272082 ], [ -156.444953770826856, 20.630103026821637 ], [ -156.445119020379792, 20.630211742279528 ], [ -156.445254307629455, 20.630341033343662 ], [ -156.445388916629554, 20.630704747713796 ], [ -156.44554543482991, 20.630811415815486 ], [ -156.445640071732868, 20.630980868511422 ], [ -156.445813435242968, 20.631070445920486 ], [ -156.445945624954987, 20.63120179814414 ], [ -156.446089137491157, 20.631321661957845 ], [ -156.446235848466699, 20.631438281830171 ], [ -156.446394920366004, 20.631542360446087 ], [ -156.446541589871657, 20.631659021016524 ], [ -156.446664989985408, 20.631799291870344 ], [ -156.44685735710533, 20.631869590306433 ], [ -156.44701369515127, 20.631976441501841 ], [ -156.44716262127892, 20.632090814477401 ], [ -156.447274529966677, 20.632242745141223 ], [ -156.447422197862181, 20.632354433887279 ], [ -156.447728554312221, 20.632591528725865 ], [ -156.447876504437659, 20.63270738289479 ], [ -156.448024558771124, 20.632823098542726 ], [ -156.448191428452787, 20.632913605372842 ], [ -156.448343835327705, 20.633023488124923 ], [ -156.448493826981007, 20.633136609066192 ], [ -156.448661283037268, 20.63322632958733 ], [ -156.44877838653062, 20.633383513629802 ], [ -156.448828647517246, 20.633630251429171 ], [ -156.448935495239368, 20.633801178035018 ], [ -156.449096834290401, 20.633899094858116 ], [ -156.449293194053752, 20.633950092978004 ], [ -156.44948401387424, 20.634008511433571 ], [ -156.449660811327874, 20.634085719157312 ], [ -156.449829235524504, 20.634174144654629 ], [ -156.449998774644541, 20.634258359878014 ], [ -156.450364168999045, 20.634408608134748 ], [ -156.450573368262155, 20.634396427167218 ], [ -156.450809035841161, 20.634325585464335 ], [ -156.451044547430683, 20.634255114023777 ] ] } },
{ "type": "Feature", "properties": { "objectid": 211, "island": "Maui", "st_lengthshape": 104.86125709670478 }, "geometry": { "type": "LineString", "coordinates": [ [ -156.451601964583176, 20.634467163868273 ], [ -156.451581114739241, 20.634662059835154 ], [ -156.451534133252323, 20.63486450305631 ], [ -156.451555318532598, 20.635047257710372 ], [ -156.451621489397809, 20.635217019831298 ], [ -156.451691903546873, 20.635383224755362 ] ] } },
{ "type": "Feature", "properties": { "objectid": 212, "island": "Maui", "st_lengthshape": 544.44883299412606 }, "geometry": { "type": "LineString", "coordinates": [ [ -156.447880364762398, 20.639253568118686 ], [ -156.447699198787291, 20.639351494331631 ], [ -156.447534200583561, 20.639460805182651 ], [ -156.447380728506829, 20.639578232091065 ], [ -156.447191898826247, 20.639670760422867 ], [ -156.446942534325359, 20.639720662455314 ], [ -156.44680624962939, 20.639850192150515 ], [ -156.446658022160648, 20.63997131303876 ], [ -156.446506463996116, 20.640090087450474 ], [ -156.446408788281985, 20.640245968382956 ], [ -156.446250630509411, 20.640622769107758 ], [ -156.44621279392959, 20.640800689169382 ], [ -156.446288218748293, 20.641011158267862 ], [ -156.446270930226348, 20.641194983276176 ], [ -156.446179109726643, 20.641357389384012 ], [ -156.446130472201332, 20.641532205997638 ], [ -156.446100098378054, 20.641712269827988 ], [ -156.446059831686966, 20.641889491985758 ], [ -156.446015010373316, 20.642065405185264 ], [ -156.445953088764753, 20.64223640344046 ], [ -156.445881451782498, 20.642404609567048 ], [ -156.445828879444377, 20.642578295097248 ], [ -156.445809356142576, 20.642761478313805 ], [ -156.445749791865836, 20.642933154217452 ], [ -156.445683162230779, 20.6431027995508 ], [ -156.445624913872052, 20.643272224913748 ] ] } },
{ "type": "Feature", "properties": { "objectid": 213, "island": "Maui", "st_lengthshape": 400.27636016767212 }, "geometry": { "type": "LineString", "coordinates": [ [ -156.443887185442549, 20.645189446823863 ], [ -156.443776029719459, 20.645350050466714 ], [ -156.443609830819241, 20.645442664606868 ], [ -156.443349872211542, 20.645416729587595 ], [ -156.443101560725893, 20.645778217288509 ], [ -156.442979608726546, 20.645928948455676 ], [ -156.442864438439642, 20.646081960591516 ], [ -156.442775458144325, 20.646243780594173 ], [ -156.442724171503585, 20.64641827740353 ], [ -156.442647649276381, 20.646584286435832 ], [ -156.442575424032214, 20.646751740588027 ], [ -156.442533097563683, 20.646929250448324 ], [ -156.442498828293481, 20.647109470219039 ], [ -156.442470114265802, 20.647291557408341 ], [ -156.442438289566581, 20.647472598931103 ], [ -156.442402769475393, 20.647652397404947 ], [ -156.442347335286968, 20.647825498890526 ], [ -156.442252875158232, 20.64798547560844 ], [ -156.442222339043667, 20.648165665733963 ] ] } },
{ "type": "Feature", "properties": { "objectid": 214, "island": "Maui", "st_lengthshape": 62.354309843101916 }, "geometry": { "type": "LineString", "coordinates": [ [ -156.442151161544274, 20.64945680666974 ], [ -156.4419578651422, 20.649525337762793 ], [ -156.441826751598626, 20.64965796279801 ], [ -156.441727337255628, 20.649820271856946 ] ] } },
{ "type": "Feature", "properties": { "objectid": 215, "island": "Maui", "st_lengthshape": 19.723661076282486 }, "geometry": { "type": "LineString", "coordinates": [ [ -156.441314350092142, 20.650404226291663 ], [ -156.441177397886634, 20.650527068532234 ] ] } },
{ "type": "Feature", "properties": { "objectid": 216, "island": "Maui", "st_lengthshape": 64.159751029776857 }, "geometry": { "type": "LineString", "coordinates": [ [ -156.440682546819033, 20.652400528755123 ], [ -156.440627761376106, 20.652574160794103 ], [ -156.440591619909355, 20.652751530367123 ], [ -156.440683585033526, 20.652951072444626 ] ] } },
{ "type": "Feature", "properties": { "objectid": 217, "island": "Maui", "st_lengthshape": 108.71539161681063 }, "geometry": { "type": "LineString", "coordinates": [ [ -156.440667053573236, 20.653141003706523 ], [ -156.440605504502372, 20.653320785341105 ], [ -156.440773171632657, 20.653500593359688 ], [ -156.440887938516795, 20.653654422115231 ], [ -156.440930499656844, 20.653831575397877 ], [ -156.440944981239653, 20.654014835615921 ] ] } },
{ "type": "Feature", "properties": { "objectid": 218, "island": "Maui", "st_lengthshape": 52.245942591901333 }, "geometry": { "type": "LineString", "coordinates": [ [ -156.441504697256931, 20.658452200006906 ], [ -156.441375141785784, 20.65860948043683 ], [ -156.441547734181967, 20.658828473077758 ] ] } },
{ "type": "Feature", "properties": { "objectid": 219, "island": "Maui", "st_lengthshape": 481.92136850854433 }, "geometry": { "type": "LineString", "coordinates": [ [ -156.441433393064699, 20.660249434744671 ], [ -156.441239681246969, 20.66039452330573 ], [ -156.441237709386229, 20.660455995499994 ], [ -156.441143125124199, 20.660625961380184 ], [ -156.441092655632701, 20.660801673489818 ], [ -156.441051360160685, 20.660975772777388 ], [ -156.441079677882499, 20.661081847270772 ], [ -156.441067890818971, 20.661262089154455 ], [ -156.441138281605362, 20.661445984081801 ], [ -156.44119581465975, 20.66162930803555 ], [ -156.441229829907968, 20.661807421625241 ], [ -156.441147970174626, 20.66190615444134 ], [ -156.441148556246389, 20.662087037740868 ], [ -156.441148917609553, 20.662267933051954 ], [ -156.441172013515626, 20.662447491778529 ], [ -156.441224171239497, 20.66262528955215 ], [ -156.441233355954751, 20.662724743381549 ], [ -156.441242580178738, 20.662907382847589 ], [ -156.44130871613865, 20.663078850036747 ], [ -156.441311196172535, 20.663262813310638 ], [ -156.441329098489717, 20.663440936956778 ], [ -156.441402765715196, 20.663545742317453 ], [ -156.441403192739472, 20.663741162062351 ], [ -156.441564390057579, 20.663873586534276 ], [ -156.441817820758075, 20.663969870500992 ], [ -156.441947672053317, 20.66411072145867 ] ] } },
{ "type": "Feature", "properties": { "objectid": 220, "island": "Maui", "st_lengthshape": 346.79286396310403 }, "geometry": { "type": "LineString", "coordinates": [ [ -156.441691142538417, 20.664430796430526 ], [ -156.441707070601694, 20.664610944913107 ], [ -156.441686936831672, 20.664795560394989 ], [ -156.441661493485555, 20.664980833850947 ], [ -156.441683988421858, 20.665160169643965 ], [ -156.441729464364215, 20.66533665737823 ], [ -156.441709995817945, 20.665519234895601 ], [ -156.441782781873997, 20.665631465359173 ], [ -156.441817471984081, 20.665809786663011 ], [ -156.44184776446707, 20.665989253517004 ], [ -156.442073843709863, 20.666117664602716 ], [ -156.442213810002471, 20.666266098447917 ], [ -156.442194886008167, 20.666462461774731 ], [ -156.442478231157196, 20.66651699561902 ], [ -156.442445409954104, 20.666743325666612 ], [ -156.442520621158138, 20.666910954405704 ], [ -156.442718098640569, 20.667010401856217 ] ] } },
{ "type": "Feature", "properties": { "objectid": 221, "island": "Maui", "st_lengthshape": 41.545490340270703 }, "geometry": { "type": "LineString", "coordinates": [ [ -156.442976553387126, 20.667973072795185 ], [ -156.442909883557888, 20.66814248546283 ], [ -156.442909098748856, 20.668336900425949 ] ] } },
{ "type": "Feature", "properties": { "objectid": 222, "island": "Maui", "st_lengthshape": 41.246432151977984 }, "geometry": { "type": "LineString", "coordinates": [ [ -156.44293511249208, 20.668624711880494 ], [ -156.442889783121927, 20.668800217978166 ], [ -156.44290748246064, 20.668991252138074 ] ] } },
{ "type": "Feature", "properties": { "objectid": 223, "island": "Maui", "st_lengthshape": 329.63507521720635 }, "geometry": { "type": "LineString", "coordinates": [ [ -156.442729646981661, 20.66934098436948 ], [ -156.442597697463526, 20.669510039509699 ], [ -156.442524641233007, 20.669684633804298 ], [ -156.442492003090649, 20.669860394845205 ], [ -156.442521220219561, 20.669995363377122 ], [ -156.442541268488384, 20.670175178393052 ], [ -156.442581284384346, 20.670352589068873 ], [ -156.442584652326104, 20.670470072737007 ], [ -156.442608485019008, 20.670649855419505 ], [ -156.442712672577613, 20.670811277714872 ], [ -156.442731469386416, 20.670904596147199 ], [ -156.442800921922526, 20.671072933129636 ], [ -156.442876924366971, 20.671238977251129 ], [ -156.44301873226874, 20.671380458619765 ], [ -156.44307107714215, 20.671531745601261 ], [ -156.443183914305308, 20.671677836236832 ], [ -156.443345886340381, 20.671791884270885 ], [ -156.443583360763711, 20.671853007002532 ] ] } },
{ "type": "Feature", "properties": { "objectid": 224, "island": "Maui", "st_lengthshape": 124.59989543932808 }, "geometry": { "type": "LineString", "coordinates": [ [ -156.44379445621496, 20.67330997093794 ], [ -156.443699608031693, 20.673478723734934 ], [ -156.443660340247163, 20.673655697679415 ], [ -156.443617766765925, 20.673832181940323 ], [ -156.443535676240003, 20.674002821336561 ], [ -156.443549319704289, 20.67418762113088 ], [ -156.443610575678974, 20.674378781343595 ] ] } },
{ "type": "Feature", "properties": { "objectid": 225, "island": "Maui", "st_lengthshape": 276.72736089668388 }, "geometry": { "type": "LineString", "coordinates": [ [ -156.443431300918917, 20.674636625717731 ], [ -156.443378336792193, 20.674810735417172 ], [ -156.443242236841229, 20.674968853364035 ], [ -156.443182134657775, 20.675137215616608 ], [ -156.443301210762513, 20.675377494881282 ], [ -156.443440934749844, 20.675561018642927 ], [ -156.443412376274324, 20.675732008752266 ], [ -156.443435374696804, 20.675835600612242 ], [ -156.443394082512157, 20.676020806953979 ], [ -156.443350927007714, 20.676206185171626 ], [ -156.443254944154063, 20.676396407404901 ], [ -156.443227551855756, 20.676580340029847 ], [ -156.443278018272338, 20.676757131026857 ], [ -156.44341297912149, 20.676921736684573 ] ] } },
{ "type": "Feature", "properties": { "objectid": 226, "island": "Maui", "st_lengthshape": 460.47441303044201 }, "geometry": { "type": "LineString", "coordinates": [ [ -156.443666920970685, 20.680696207086807 ], [ -156.443603836561891, 20.680881439367429 ], [ -156.443347129316606, 20.680986274556119 ], [ -156.443180294765028, 20.681104656973481 ], [ -156.443090393346495, 20.681260148832617 ], [ -156.443075111400248, 20.681491599218951 ], [ -156.442915817531087, 20.681631038229352 ], [ -156.442967684156855, 20.681835207667181 ], [ -156.44291814671891, 20.6820262242863 ], [ -156.442904410191574, 20.682207001382711 ], [ -156.442881639929055, 20.682386427242044 ], [ -156.442879463042971, 20.682567821956628 ], [ -156.442805662577086, 20.682682349666862 ], [ -156.442750937361666, 20.682860392785344 ], [ -156.442811349961573, 20.683044296717615 ], [ -156.442836342657642, 20.683226397215471 ], [ -156.442797579636931, 20.683405252439126 ], [ -156.44286223010792, 20.683585510091458 ], [ -156.442892644966946, 20.683722497301225 ], [ -156.442942333814358, 20.683899886384133 ], [ -156.442946611112376, 20.684080708728455 ], [ -156.442954454448653, 20.68426126256805 ], [ -156.443031905867997, 20.684432406545813 ] ] } },
{ "type": "Feature", "properties": { "objectid": 227, "island": "Maui", "st_lengthshape": 1823.4310881723629 }, "geometry": { "type": "LineString", "coordinates": [ [ -156.443287928132946, 20.689644670525961 ], [ -156.443259753402685, 20.689825686416444 ], [ -156.443242671732378, 20.690004910361072 ], [ -156.443237841573279, 20.690150848628349 ], [ -156.443250445639364, 20.690331354809619 ], [ -156.443275139328961, 20.690500598700009 ], [ -156.443350637471326, 20.690707257122241 ], [ -156.443450377976347, 20.690864631176908 ], [ -156.44355301649361, 20.691018107876264 ], [ -156.443617254491471, 20.691247766142951 ], [ -156.443734540117845, 20.691392044570229 ], [ -156.443902183467628, 20.691507692168106 ], [ -156.444003785485563, 20.691660888728219 ], [ -156.444248335219839, 20.691728932571738 ], [ -156.444209735774166, 20.6917472496519 ], [ -156.444050847495191, 20.691875750460515 ], [ -156.443952868349299, 20.692031780456777 ], [ -156.443908932066591, 20.692205726494123 ], [ -156.443717501530358, 20.692441732877569 ], [ -156.443675918244423, 20.692618843258487 ], [ -156.443667875112567, 20.692799839288753 ], [ -156.443688424052908, 20.692980653017639 ], [ -156.443739128820397, 20.693263983889373 ], [ -156.443794586866687, 20.693438820255459 ], [ -156.443824007249049, 20.693612396059418 ], [ -156.443879217407044, 20.693842322988846 ], [ -156.443979403285709, 20.693999879603904 ], [ -156.444062170213215, 20.694163547698874 ], [ -156.444116741580871, 20.694337106761498 ], [ -156.444207862708254, 20.694497844246779 ], [ -156.444295162745476, 20.694659921797005 ], [ -156.444419861103967, 20.694808879699899 ], [ -156.444551046616937, 20.694951342507888 ], [ -156.444535542584873, 20.695122269602862 ], [ -156.444560620578613, 20.695302399300321 ], [ -156.444305771915253, 20.695481589472099 ], [ -156.444290962829058, 20.695549962542717 ], [ -156.444241331734787, 20.695727042923743 ], [ -156.444190499900145, 20.695904021481692 ], [ -156.444174234244542, 20.696083939271244 ], [ -156.444163789935089, 20.696262721820442 ], [ -156.444200360616463, 20.696476756055166 ], [ -156.444227745568014, 20.696655764273888 ], [ -156.444222403553226, 20.696837440567755 ], [ -156.444230000501989, 20.69701806200268 ], [ -156.444261710373723, 20.697196717273112 ], [ -156.444282129077919, 20.697372634321567 ], [ -156.444328018961443, 20.69763006749417 ], [ -156.444360304536843, 20.697811366921719 ], [ -156.444412453921984, 20.697985743283535 ], [ -156.444455790192137, 20.698163190562795 ], [ -156.44448743409265, 20.698344714311844 ], [ -156.444566767659268, 20.698509615342381 ], [ -156.444594993946083, 20.698692329866347 ], [ -156.444547974029859, 20.698901269620599 ], [ -156.444624825380572, 20.69906703581665 ], [ -156.444729825121158, 20.699222993351114 ], [ -156.444800956029724, 20.699390753103597 ], [ -156.444980215532752, 20.699519325656727 ], [ -156.445188428801544, 20.699718118812747 ], [ -156.445217347249184, 20.699897084724078 ], [ -156.445233141453315, 20.700077037782119 ], [ -156.445248607093617, 20.700257014856319 ], [ -156.445266762937877, 20.700436789871684 ], [ -156.445292115631077, 20.700615533111762 ], [ -156.445313411397535, 20.700784994639076 ], [ -156.445351586579989, 20.700962387790156 ], [ -156.445356385557773, 20.701143916687929 ], [ -156.445316341429873, 20.701331001184805 ], [ -156.445404780249504, 20.701502166141722 ], [ -156.445401700069795, 20.701684670635991 ], [ -156.445380570999589, 20.70186941196209 ], [ -156.445400940810543, 20.702049010347771 ], [ -156.445409966849809, 20.702230015070668 ], [ -156.44543864474673, 20.702408585532449 ], [ -156.445509159021697, 20.702580843361282 ], [ -156.445531596847587, 20.702773039248047 ], [ -156.445563150638804, 20.702951505206151 ], [ -156.445613433058384, 20.703125891616583 ], [ -156.44565096497729, 20.703303055790947 ], [ -156.445728385098619, 20.703471530800648 ], [ -156.445801755488731, 20.703640888339226 ], [ -156.445976298729533, 20.70378386773092 ], [ -156.446067155779872, 20.703975010240335 ], [ -156.44617123176269, 20.704128975255895 ], [ -156.44621808905157, 20.704307102100845 ], [ -156.446276160980432, 20.704480493389127 ], [ -156.446458945682934, 20.704600566650228 ] ] } },
{ "type": "Feature", "properties": { "objectid": 228, "island": "Maui", "st_lengthshape": 318.83230866376857 }, "geometry": { "type": "LineString", "coordinates": [ [ -156.445884383530995, 20.711705727454898 ], [ -156.445947446053168, 20.711875744790138 ], [ -156.446008585199309, 20.712253830807789 ], [ -156.446018436354223, 20.712437931157105 ], [ -156.446012072382388, 20.712625974937456 ], [ -156.446043031686742, 20.712804944007022 ], [ -156.446122800322712, 20.712972043663719 ], [ -156.446184989503195, 20.713143418628309 ], [ -156.446268632045189, 20.713309576211618 ], [ -156.446329672899367, 20.713481230258424 ], [ -156.446317169152195, 20.713670766652015 ], [ -156.446382656144692, 20.71384133997779 ], [ -156.446506708155169, 20.713994528196288 ], [ -156.446765218250874, 20.714137540417717 ], [ -156.446818422542066, 20.714317712666109 ] ] } },
{ "type": "Feature", "properties": { "objectid": 229, "island": "Maui", "st_lengthshape": 380.75033986508527 }, "geometry": { "type": "LineString", "coordinates": [ [ -156.446256335642943, 20.715219563822391 ], [ -156.446124559216372, 20.715419560585264 ], [ -156.446183808798423, 20.71559401696129 ], [ -156.446235006074232, 20.715769550163603 ], [ -156.446322608398958, 20.715940059063218 ], [ -156.446357010464226, 20.71604406482798 ], [ -156.446427237845114, 20.716213619639927 ], [ -156.446472959506792, 20.71638898846043 ], [ -156.446516726289218, 20.716564821252405 ], [ -156.44655514953763, 20.716741920977043 ], [ -156.446573975014559, 20.716923671483347 ], [ -156.446651191305875, 20.717091567487323 ], [ -156.44674217607394, 20.717251920787014 ], [ -156.446772136499959, 20.717423624554794 ], [ -156.446867095704619, 20.717581911332438 ], [ -156.446935443602996, 20.717750755526204 ], [ -156.447046161344474, 20.717898385113976 ], [ -156.447114034101418, 20.718073206749668 ], [ -156.447223081846801, 20.718221840798268 ], [ -156.447360328879768, 20.718352350020879 ] ] } },
{ "type": "Feature", "properties": { "objectid": 230, "island": "Maui", "st_lengthshape": 584.08855299134655 }, "geometry": { "type": "LineString", "coordinates": [ [ -156.447288125297746, 20.720503376721002 ], [ -156.447351789857635, 20.720673735978174 ], [ -156.447399029830535, 20.720849782744743 ], [ -156.447462568156965, 20.721020186154799 ], [ -156.447486546308511, 20.721204286645325 ], [ -156.447562515124986, 20.721370387001599 ], [ -156.447624427248059, 20.721541353143465 ], [ -156.447680335234054, 20.721714398985455 ], [ -156.447738521480602, 20.721886655163512 ], [ -156.447808320556589, 20.722054891401136 ], [ -156.447840276513773, 20.722236229948134 ], [ -156.447943973878751, 20.722392729192972 ], [ -156.447984139072759, 20.722571226160618 ], [ -156.447974175357615, 20.722767078308621 ], [ -156.448094940019701, 20.722917668329352 ], [ -156.448134246319199, 20.723096463141257 ], [ -156.448205654489158, 20.723264141682378 ], [ -156.448263683414808, 20.723436453216014 ], [ -156.448298890270991, 20.723616666168166 ], [ -156.448371367401933, 20.723783975886953 ], [ -156.448351938895883, 20.723983105193156 ], [ -156.448376676925221, 20.72416694333614 ], [ -156.448454745520905, 20.724332317075532 ], [ -156.448487888821091, 20.724513244304571 ], [ -156.448531601572, 20.724690512607037 ], [ -156.448709174982355, 20.724821434469469 ], [ -156.448942280371455, 20.724933129722135 ], [ -156.449036510548439, 20.72509290744987 ], [ -156.449240836274299, 20.725210151871213 ] ] } },
{ "type": "Feature", "properties": { "objectid": 231, "island": "Maui", "st_lengthshape": 39.945981580206777 }, "geometry": { "type": "LineString", "coordinates": [ [ -156.450025486637543, 20.726923058319283 ], [ -156.450042605935693, 20.727108814986419 ], [ -156.4501372180423, 20.727258535838853 ] ] } },
{ "type": "Feature", "properties": { "objectid": 232, "island": "Maui", "st_lengthshape": 2170.6941521334829 }, "geometry": { "type": "LineString", "coordinates": [ [ -156.450036676659892, 20.728457556388918 ], [ -156.450168101255684, 20.728594304686528 ], [ -156.450308049665068, 20.728720111317159 ], [ -156.45045492799315, 20.728837023019157 ], [ -156.450632102887482, 20.728915049948974 ], [ -156.450770896560527, 20.729042338886391 ], [ -156.450957759689089, 20.729107930582831 ], [ -156.451095334620334, 20.729236784948036 ], [ -156.451251770439001, 20.729341430726713 ], [ -156.451417197884581, 20.72943453490954 ], [ -156.451589671897892, 20.729518595912239 ], [ -156.451767238635227, 20.729596121056581 ], [ -156.451939113773761, 20.72968095027835 ], [ -156.452103688717443, 20.729775150018128 ], [ -156.452253336469909, 20.729888509605686 ], [ -156.452391281923326, 20.730003252328068 ], [ -156.452440295301415, 20.730035292681489 ], [ -156.452601003341613, 20.730144787052524 ], [ -156.452748001651287, 20.730264871691869 ], [ -156.452871543533405, 20.730403073454234 ], [ -156.452979823782584, 20.730548879190959 ], [ -156.453026481462786, 20.730627583520643 ], [ -156.453134778533069, 20.730776874703881 ], [ -156.453250949730318, 20.730921580060414 ], [ -156.453388893719591, 20.731053601278052 ], [ -156.453456748751847, 20.731226450928848 ], [ -156.453444791399022, 20.731445791740914 ], [ -156.453652489970409, 20.731537180689276 ], [ -156.453765901852194, 20.731683493648593 ], [ -156.453825796347616, 20.731860979188745 ], [ -156.453908413441638, 20.732025230323806 ], [ -156.454015212884855, 20.732175394615773 ], [ -156.454135266710153, 20.732317837417103 ], [ -156.454259730715421, 20.732457712538544 ], [ -156.454378855476165, 20.73260069764796 ], [ -156.454493212822314, 20.732746459918165 ], [ -156.454598861876491, 20.73289729402282 ], [ -156.454698157815841, 20.733051829900145 ], [ -156.454793585762218, 20.73320861814334 ], [ -156.454893203188675, 20.733357785417805 ], [ -156.454973020382255, 20.733461794314639 ], [ -156.455088084902428, 20.733613949499645 ], [ -156.455193254047288, 20.733769614980019 ], [ -156.455274499735566, 20.733933768602768 ], [ -156.455326788638246, 20.73410819591043 ], [ -156.455386121122473, 20.734280124345368 ], [ -156.4554509446574, 20.734450104277549 ], [ -156.455498396600774, 20.734626247747801 ], [ -156.455569136134841, 20.734794129246477 ], [ -156.455576827387375, 20.734980220396441 ], [ -156.455602921786436, 20.735025363496693 ], [ -156.455716247832328, 20.735185153952074 ], [ -156.455806370803145, 20.735350290258708 ], [ -156.455893561986301, 20.735516101869511 ], [ -156.455927344754144, 20.735694219924827 ], [ -156.456046184815364, 20.735852740157565 ], [ -156.456029624055162, 20.736042457015259 ], [ -156.456099416584493, 20.736212278290072 ], [ -156.456156141042214, 20.736385110629801 ], [ -156.456188401842411, 20.736563579047452 ], [ -156.45621088041699, 20.73673963095473 ], [ -156.456215195792225, 20.736812007049704 ], [ -156.456248455895178, 20.736991563824212 ], [ -156.456269255447296, 20.73717154206442 ], [ -156.456288756621319, 20.737351564294446 ], [ -156.456276577551932, 20.737532658097219 ], [ -156.456274446656636, 20.737713412110146 ], [ -156.456292592778595, 20.737893479294957 ], [ -156.456320398209215, 20.738073220804399 ], [ -156.456344190345987, 20.738253097050379 ], [ -156.456336334685858, 20.738434045343379 ], [ -156.456317702740421, 20.738615357851359 ], [ -156.456333862860589, 20.738795492252962 ], [ -156.456362744952088, 20.738975197323256 ], [ -156.456394556227906, 20.739154802174923 ], [ -156.456393472979983, 20.73933552111259 ], [ -156.456344806248296, 20.739517850051168 ], [ -156.456417362512042, 20.739690895011467 ], [ -156.45638948829432, 20.73982765966128 ], [ -156.456404250178338, 20.740008758448987 ], [ -156.456475439560649, 20.740179928575586 ], [ -156.45647114078406, 20.740364380448153 ], [ -156.456478417060111, 20.740546795972776 ], [ -156.45645255447505, 20.740735042422237 ], [ -156.456478364938391, 20.740914197295368 ], [ -156.456526422728558, 20.74108943767602 ], [ -156.456569150302215, 20.741265615858705 ], [ -156.456599662606095, 20.741443943706201 ], [ -156.456629361512086, 20.741622413914001 ], [ -156.456688704058706, 20.741795669611765 ], [ -156.456765346969149, 20.741965880231024 ], [ -156.456824436588192, 20.742139180013865 ], [ -156.45691483931725, 20.742306970316669 ], [ -156.457013553978669, 20.742473298951133 ], [ -156.457118654292572, 20.742638503989244 ], [ -156.457164253516311, 20.74281417651483 ], [ -156.457223450672188, 20.742987457942974 ], [ -156.457301584874642, 20.743157406958016 ], [ -156.457372564577469, 20.743328614411567 ], [ -156.457431781378915, 20.743501891574372 ], [ -156.457486751874427, 20.743675916725909 ], [ -156.457509756475133, 20.743855565466969 ], [ -156.457554940480634, 20.744031311255196 ], [ -156.457628242772131, 20.744202110581092 ], [ -156.457669949731553, 20.744378468560942 ], [ -156.457673131794678, 20.744561604567377 ], [ -156.457706061977717, 20.744739507617954 ], [ -156.457748435292189, 20.744915748137295 ], [ -156.457792367281058, 20.745091714649682 ], [ -156.457838424980736, 20.745267307192417 ], [ -156.457885300895214, 20.745441215244732 ] ] } },
{ "type": "Feature", "properties": { "objectid": 233, "island": "Maui", "st_lengthshape": 2017.9732342068696 }, "geometry": { "type": "LineString", "coordinates": [ [ -156.457316172224495, 20.745832162212459 ], [ -156.457324381480902, 20.74601265747048 ], [ -156.457330167067852, 20.746193324535188 ], [ -156.457344631529168, 20.746373376014272 ], [ -156.457352201695898, 20.746553916888825 ], [ -156.457396657432895, 20.746731842439033 ], [ -156.457447635663755, 20.746909304685872 ], [ -156.457506668232924, 20.747086197174067 ], [ -156.45755059247179, 20.747261080123987 ], [ -156.457668321270546, 20.747606769001873 ], [ -156.457735545049388, 20.747775962446642 ], [ -156.457822577893779, 20.747937643206793 ], [ -156.457922062728329, 20.748094602592619 ], [ -156.457989231891816, 20.748263816836456 ], [ -156.458071071004781, 20.748427467594329 ], [ -156.458124058478006, 20.74860205837221 ], [ -156.458175516845444, 20.74877722967172 ], [ -156.458246028924634, 20.748945175948663 ], [ -156.458323558258741, 20.749110461270288 ], [ -156.458425893044534, 20.74926634028926 ], [ -156.458531597483017, 20.749420941813444 ], [ -156.458613297618001, 20.749584645424182 ], [ -156.458687505495533, 20.749751189838317 ], [ -156.458785969230149, 20.749908537382858 ], [ -156.458877301046329, 20.750068589293861 ], [ -156.458957735413492, 20.750232771582684 ], [ -156.459066104319248, 20.750386362181025 ], [ -156.45916984811555, 20.750541707325787 ], [ -156.459284661765565, 20.750692854116473 ], [ -156.459393147213973, 20.750846401137142 ], [ -156.45948387545414, 20.751006680457316 ], [ -156.459556041709646, 20.751173998931957 ], [ -156.459631774652365, 20.751339966084352 ], [ -156.459737042072163, 20.751494733067538 ], [ -156.459843060305786, 20.751649214945832 ], [ -156.459944601202096, 20.751805394886173 ], [ -156.460079819981274, 20.751948804261023 ], [ -156.460259267406173, 20.752075114161428 ], [ -156.460704944040032, 20.752574568586311 ], [ -156.460707530130577, 20.752755616497296 ], [ -156.46063192260479, 20.752932180406937 ], [ -156.460424392528864, 20.753101177006709 ], [ -156.460243333188203, 20.753271691511362 ], [ -156.460117994761305, 20.753441799857075 ], [ -156.459865009656966, 20.753760633382822 ], [ -156.45971480349516, 20.753924949785091 ], [ -156.459613412931759, 20.754095001860851 ], [ -156.459527258785243, 20.754266844852292 ], [ -156.459457869173974, 20.754440658495106 ], [ -156.459419867713251, 20.754618160654694 ], [ -156.45937928804193, 20.754795360106826 ], [ -156.459341831481481, 20.75497292626758 ], [ -156.459286665349026, 20.75514841108248 ], [ -156.459254323554717, 20.755326578353831 ], [ -156.459288380088736, 20.755512548397224 ], [ -156.459281907380273, 20.755693756495596 ], [ -156.459253417510638, 20.75587158434001 ], [ -156.45929988021598, 20.756137195842545 ], [ -156.459347051493609, 20.756313692293215 ], [ -156.459389869845978, 20.756490687775688 ], [ -156.459436193971499, 20.75666728093799 ], [ -156.459471082635389, 20.756845183035853 ], [ -156.45952432114035, 20.757020985467911 ], [ -156.459572865294888, 20.757197325222673 ], [ -156.459594329206737, 20.757370414824255 ], [ -156.459602978199285, 20.757397178015282 ], [ -156.459617792564472, 20.757580032775348 ], [ -156.459626910948259, 20.757762351827225 ], [ -156.459625978167281, 20.757943726741296 ], [ -156.459611974142177, 20.758123873570781 ], [ -156.459623854692666, 20.75830645288061 ], [ -156.459637025077825, 20.758483884752906 ], [ -156.459640702796548, 20.75874151451529 ], [ -156.459680834519361, 20.75891819123504 ], [ -156.459722091645546, 20.759094679633247 ], [ -156.459750739891433, 20.759273290302716 ], [ -156.459793107114052, 20.759449591052732 ], [ -156.459854653576258, 20.759622664005533 ], [ -156.45993464097478, 20.759792633664794 ], [ -156.460024266316537, 20.759945502756576 ], [ -156.460060191943342, 20.76000711036497 ], [ -156.46012655174215, 20.760195365731949 ], [ -156.460147888312889, 20.760379098865666 ], [ -156.460104869583574, 20.760556368806466 ], [ -156.460036709261431, 20.760731114322233 ], [ -156.459949732964617, 20.760898597404637 ], [ -156.459905648872791, 20.76096305861471 ], [ -156.459806957395529, 20.761118107556186 ], [ -156.459686539736452, 20.761262018955716 ], [ -156.459545116407213, 20.761395160980044 ], [ -156.459380258505035, 20.761512377179017 ], [ -156.459289898745141, 20.761649853559746 ], [ -156.459216965717815, 20.761817487922293 ], [ -156.459119973843713, 20.761977883303167 ], [ -156.4590465867376, 20.762145380818357 ], [ -156.459017988540694, 20.762320704789698 ] ] } },
{ "type": "Feature", "properties": { "objectid": 234, "island": "Maui", "st_lengthshape": 181.24093266360711 }, "geometry": { "type": "LineString", "coordinates": [ [ -156.458874830308645, 20.762966550011992 ], [ -156.458847672536763, 20.763145664014456 ], [ -156.458853964145504, 20.763327247686256 ], [ -156.45887587547557, 20.763509985285587 ], [ -156.458824761987785, 20.763687330787295 ], [ -156.458800991354764, 20.763866695327287 ], [ -156.458832933591935, 20.764050172783833 ], [ -156.459139826326521, 20.764253950732268 ], [ -156.4591789892348, 20.764436270015722 ] ] } },
{ "type": "Feature", "properties": { "objectid": 235, "island": "Maui", "st_lengthshape": 1923.5953458097565 }, "geometry": { "type": "LineString", "coordinates": [ [ -156.458827084901628, 20.76474157853362 ], [ -156.458723072660007, 20.764910996262046 ], [ -156.45867215477864, 20.765086870967078 ], [ -156.458621299035457, 20.765262752883753 ], [ -156.458551741195976, 20.765436360699876 ], [ -156.45858938347186, 20.765623006017002 ], [ -156.458652993625094, 20.765812809449997 ], [ -156.458711849121158, 20.766002035057156 ], [ -156.458736774542814, 20.766187133247954 ], [ -156.458669649723987, 20.766361037122508 ], [ -156.458622852930716, 20.766535329423501 ], [ -156.458734969503524, 20.766719957454956 ], [ -156.458733264741625, 20.766900682322781 ], [ -156.45874070704258, 20.767081854984323 ], [ -156.458633027840818, 20.767257391457132 ], [ -156.458658257744702, 20.767439435062322 ], [ -156.458807570495878, 20.767627553570723 ], [ -156.458809494407717, 20.76780845674212 ], [ -156.458788649242422, 20.767988244582327 ], [ -156.458676740110292, 20.7681635739394 ], [ -156.458675297888703, 20.768344311690079 ], [ -156.458725316837132, 20.768526497394237 ], [ -156.458817818828521, 20.768649905215106 ], [ -156.4587362818001, 20.768841256770376 ], [ -156.458734881316701, 20.769023342289728 ], [ -156.458762761310965, 20.769202041874088 ], [ -156.458803174628514, 20.769379291789033 ], [ -156.458847448030411, 20.769556095910342 ], [ -156.458895335611686, 20.76973148808403 ], [ -156.458951163968521, 20.769946733475646 ], [ -156.459025744727086, 20.770113200791979 ], [ -156.459105087581662, 20.770277932731375 ], [ -156.459202055530767, 20.770435156784046 ], [ -156.459279024695036, 20.770552199237681 ], [ -156.459299636364591, 20.770732948293997 ], [ -156.459310095086693, 20.770915861269042 ], [ -156.459348823778981, 20.771092748499132 ], [ -156.459392181018927, 20.771268649616609 ], [ -156.459435083577773, 20.771444647835796 ], [ -156.459476517884184, 20.771620959304052 ], [ -156.459520546900194, 20.771796716852418 ], [ -156.459576116415803, 20.771970015882271 ], [ -156.459662968189576, 20.772135201908551 ], [ -156.45977208068328, 20.772333029214799 ], [ -156.459844065550527, 20.772500519740174 ], [ -156.459913306890996, 20.772669150668655 ], [ -156.459977291119827, 20.772839966506794 ], [ -156.460039365160156, 20.773011575723221 ], [ -156.460147152707151, 20.773164186703454 ], [ -156.46022815601853, 20.773322663987265 ], [ -156.460244069243345, 20.773354831207481 ], [ -156.460293264154984, 20.773532961212524 ], [ -156.46032852065639, 20.773711870971404 ], [ -156.460370583593118, 20.773890400176121 ], [ -156.460396145220216, 20.774069852707346 ], [ -156.460407524251309, 20.774250098542485 ], [ -156.460409328357372, 20.774430881705108 ], [ -156.460419001688621, 20.774611223291345 ], [ -156.460413779291372, 20.774792399092515 ], [ -156.460425184227745, 20.774972644401302 ], [ -156.46044230301888, 20.775152568839225 ], [ -156.460462054823552, 20.77533234713513 ], [ -156.46048991705797, 20.775508748421288 ], [ -156.460536418739792, 20.775762409352328 ], [ -156.460584180440947, 20.775937306441122 ], [ -156.460630343299925, 20.776112573541173 ], [ -156.460684020004095, 20.776286099914824 ], [ -156.460735612100535, 20.776460110102494 ], [ -156.460763165274329, 20.77663968598096 ], [ -156.460814786722949, 20.77681315664573 ], [ -156.460830532573397, 20.776967739270596 ], [ -156.460839655756445, 20.777148330944705 ], [ -156.460843913545403, 20.777328908421602 ], [ -156.460841094031224, 20.777509465159792 ], [ -156.460859812607396, 20.777690085926498 ], [ -156.460872113440359, 20.777870687587257 ], [ -156.460928540093249, 20.778046991371344 ], [ -156.460979094289428, 20.778357936574338 ], [ -156.461045817001065, 20.778530282573648 ], [ -156.461077325398293, 20.778721842715658 ], [ -156.461159462902373, 20.778885778503629 ], [ -156.461201177137639, 20.779071769621584 ], [ -156.461279305530894, 20.779237892530357 ], [ -156.461370656971525, 20.779396801661509 ], [ -156.461448597708966, 20.779563027384814 ], [ -156.461516474373553, 20.779734743854391 ], [ -156.461640543109809, 20.779875801244376 ], [ -156.461797810422496, 20.779998744926505 ], [ -156.461890037760526, 20.780157175624208 ], [ -156.461966165535529, 20.780324391961518 ], [ -156.462064767814098, 20.780479344023004 ], [ -156.462198250785605, 20.780615265468729 ], [ -156.462352046665501, 20.780740103195811 ], [ -156.462406778296128, 20.780918992871658 ], [ -156.462541620034585, 20.781049657530343 ] ] } },
{ "type": "Feature", "properties": { "objectid": 236, "island": "Maui", "st_lengthshape": 5070.1949885368822 }, "geometry": { "type": "LineString", "coordinates": [ [ -156.462870182059817, 20.781471737311406 ], [ -156.462992587450117, 20.781615963875378 ], [ -156.463091612328071, 20.781786866420504 ], [ -156.463306222664102, 20.781825895038931 ], [ -156.463458983158915, 20.781935488876702 ], [ -156.463578227091688, 20.782083323388832 ], [ -156.463722643098663, 20.782202438686728 ], [ -156.463850654290411, 20.782340270052842 ], [ -156.463950311873845, 20.782510452007799 ], [ -156.464110172488091, 20.782611947256896 ], [ -156.464261730492723, 20.782722914121511 ], [ -156.464390303440041, 20.782860105163294 ], [ -156.464527287119409, 20.782987701362472 ], [ -156.464665842925143, 20.783113504022168 ], [ -156.464791089747195, 20.783254490312814 ], [ -156.464930596388001, 20.783379208891922 ], [ -156.46506885044991, 20.78350535625432 ], [ -156.465202598509308, 20.783636645009498 ], [ -156.465346647325106, 20.783756180820035 ], [ -156.465494158243274, 20.783871767724236 ], [ -156.465625029447295, 20.784006338268831 ], [ -156.465771465177369, 20.784123151510716 ], [ -156.465917835559083, 20.784240039526221 ], [ -156.466064786579011, 20.784356265139049 ], [ -156.466220993012001, 20.784461931307415 ], [ -156.466380765306781, 20.784563529069807 ], [ -156.466546456410015, 20.784658373556631 ], [ -156.466750945854585, 20.784708951616356 ], [ -156.466926588444437, 20.784792442173156 ], [ -156.467103731660501, 20.784874222010661 ], [ -156.467276511800407, 20.784960978292482 ], [ -156.467447180941889, 20.785050144760024 ], [ -156.467612923247202, 20.785144931284165 ], [ -156.467768678507554, 20.785251113234512 ], [ -156.467900547403076, 20.785384547608039 ], [ -156.468032574083594, 20.785517803642616 ], [ -156.468150152558906, 20.785667544140789 ], [ -156.468270472763862, 20.785814156676999 ], [ -156.468398072232759, 20.785952464021904 ], [ -156.46849195168241, 20.786129244819264 ], [ -156.468623996157874, 20.786262480889324 ], [ -156.468748457434344, 20.786404368769116 ], [ -156.468897576853493, 20.786518123195886 ], [ -156.469054040146204, 20.786623498368769 ], [ -156.469193764894783, 20.786747972540013 ], [ -156.46933002408565, 20.786876400865577 ], [ -156.469491704851521, 20.78697582383397 ], [ -156.469629076373707, 20.787102983505154 ], [ -156.469771972252175, 20.787223839985749 ], [ -156.469914419110864, 20.787345208924954 ], [ -156.470074246024666, 20.787446748520637 ], [ -156.470219065860022, 20.787565410056882 ], [ -156.470320480875728, 20.787733595224825 ], [ -156.47046451523164, 20.787853153350561 ], [ -156.470602882807924, 20.787979176732293 ], [ -156.470744798599327, 20.788101153056786 ], [ -156.47089564481854, 20.78821294051313 ], [ -156.471070093086723, 20.788297797534767 ], [ -156.471212668270567, 20.788419022081879 ], [ -156.471357636779743, 20.788537514342451 ], [ -156.471510109630628, 20.78864744632067 ], [ -156.471656309862567, 20.788764534413367 ], [ -156.47180403032749, 20.788879888615455 ], [ -156.471957335825437, 20.788988870003593 ], [ -156.472111683924652, 20.789096662134387 ], [ -156.47225967930251, 20.789211577616186 ], [ -156.472446397786229, 20.789337616929764 ], [ -156.472599961780759, 20.789452635876376 ], [ -156.472775441409141, 20.789526335562389 ], [ -156.472948209088315, 20.789605147224496 ], [ -156.473118193399955, 20.789689208870428 ], [ -156.473285702708012, 20.789777935441233 ], [ -156.473464077648686, 20.789846177407487 ], [ -156.473638538214175, 20.789921798951692 ], [ -156.473823039593981, 20.789978492085158 ], [ -156.474002160526908, 20.790045326923241 ], [ -156.474193404928343, 20.790089304650191 ], [ -156.474379636551618, 20.790142736044409 ], [ -156.474566358068216, 20.790195240833807 ], [ -156.474751760318242, 20.790250235241437 ], [ -156.474939762824761, 20.790300326922704 ], [ -156.475124086892663, 20.790357353818575 ], [ -156.475310475935771, 20.790410486801282 ], [ -156.475491204003816, 20.790474294650561 ], [ -156.475666148247853, 20.790549006728298 ], [ -156.475844504610848, 20.790617284933766 ], [ -156.476036029013784, 20.790660736616623 ], [ -156.476196377566737, 20.790762966834357 ], [ -156.476393935049543, 20.79079504514959 ], [ -156.476565965926113, 20.790875250264406 ], [ -156.476748200924334, 20.790936217669877 ], [ -156.476890941724491, 20.791071647165676 ], [ -156.477062359624028, 20.791153009395618 ], [ -156.477245022431077, 20.791213170877562 ], [ -156.477418013829038, 20.791291566329317 ], [ -156.477586670692745, 20.791378135289794 ], [ -156.47776980487663, 20.791437408382471 ], [ -156.477949586856454, 20.791503001256064 ], [ -156.478108801749528, 20.791607372999472 ], [ -156.478244616666188, 20.791755864381443 ], [ -156.478403873692628, 20.791860156147642 ], [ -156.478571101471857, 20.791949421042638 ], [ -156.47872155175898, 20.792070320669918 ], [ -156.478885657598141, 20.79216547164128 ], [ -156.479049088632053, 20.792261894712919 ], [ -156.479178932866176, 20.792421646629865 ], [ -156.479358894170474, 20.79248690401516 ], [ -156.479554657846705, 20.792522367445393 ], [ -156.479723336332, 20.792608896910963 ], [ -156.479898734532895, 20.792682758446603 ], [ -156.480037567516746, 20.792825563888183 ], [ -156.48021212360544, 20.792901013657112 ], [ -156.480381707903632, 20.792985837573486 ], [ -156.480554618944268, 20.793064389700611 ], [ -156.480738563487876, 20.793122137712515 ], [ -156.480878935090971, 20.793262043290145 ], [ -156.481024623827579, 20.793391925793145 ], [ -156.481182217418336, 20.793499359224004 ], [ -156.481363525168263, 20.793562079164264 ], [ -156.481535985433794, 20.793641484269642 ], [ -156.481706125494043, 20.793725262349167 ], [ -156.481860361714354, 20.793839027836356 ], [ -156.482028217456417, 20.793927113377389 ], [ -156.482196902061872, 20.794013636228055 ], [ -156.482375970785711, 20.794080580531496 ], [ -156.482542282832526, 20.794171577478412 ], [ -156.482718749989289, 20.794243428613939 ], [ -156.48288977067304, 20.794325548131834 ], [ -156.483068619118342, 20.794392907494025 ], [ -156.483254227741611, 20.794447520794314 ], [ -156.483426125217306, 20.794527987682208 ], [ -156.483594011501367, 20.79461601809966 ], [ -156.483769032647558, 20.7946905955422 ], [ -156.483951404694551, 20.79475131322382 ], [ -156.484111526566977, 20.794853983163453 ], [ -156.484290024403123, 20.794922006178705 ], [ -156.484464090782922, 20.794998385661021 ], [ -156.484632394606251, 20.795085628504381 ], [ -156.484810351808903, 20.795154671528856 ], [ -156.484982606874382, 20.795234466841187 ], [ -156.485172088403004, 20.795268901213301 ], [ -156.485304029141673, 20.795339364710561 ], [ -156.485452537732499, 20.795490354270342 ], [ -156.485646839039674, 20.795513606486921 ], [ -156.485835072720619, 20.795553784382506 ], [ -156.486025907953888, 20.795586706332028 ], [ -156.486217759136991, 20.795616792411224 ], [ -156.486404001830039, 20.795662524252837 ], [ -156.486578715433296, 20.795740417321607 ], [ -156.486772773725505, 20.795764349162692 ], [ -156.486965598897484, 20.795791718241293 ], [ -156.487147069211204, 20.795850762643141 ], [ -156.487343027524361, 20.795869393492538 ], [ -156.487519922502514, 20.79594120386502 ], [ -156.487711947406808, 20.795951757738042 ], [ -156.488270414713185, 20.796043161899799 ], [ -156.488461250063352, 20.796064449650608 ], [ -156.488653851439864, 20.796064564895584 ], [ -156.488845342232452, 20.796077996372453 ], [ -156.489036850020597, 20.796091216600349 ], [ -156.489229504116935, 20.79609070533624 ], [ -156.489423147689138, 20.796078334765564 ], [ -156.48961473941722, 20.796090551517548 ], [ -156.489806425820518, 20.796101634455777 ], [ -156.489996668811557, 20.79613002245123 ], [ -156.490175275396297, 20.796227729732635 ], [ -156.49027313507807, 20.796254918022854 ], [ -156.490465647893217, 20.796276601044287 ], [ -156.490682297007197, 20.796212311096546 ], [ -156.490870210178599, 20.796250378725926 ], [ -156.491053875851719, 20.796303574081019 ], [ -156.491229497078905, 20.796382771656191 ], [ -156.491385204579473, 20.796379206458926 ], [ -156.491560800279586, 20.796454101762784 ], [ -156.491740468817625, 20.796518000034819 ], [ -156.491906870367046, 20.796617717655142 ], [ -156.492097058531982, 20.796653213212977 ], [ -156.492281588159983, 20.796703988358399 ], [ -156.492468447765958, 20.796748469614968 ], [ -156.492651783655305, 20.796802467561033 ], [ -156.492831069246762, 20.796867401149637 ], [ -156.49300229529581, 20.796954097574027 ], [ -156.493186244801194, 20.797006438038935 ], [ -156.493348132390622, 20.797107936708045 ], [ -156.493709078854664, 20.797170989145915 ], [ -156.493904511498158, 20.797153237473399 ], [ -156.494091684237503, 20.797203420950606 ], [ -156.494279481684657, 20.797248464821184 ], [ -156.494464956939851, 20.79731260236208 ], [ -156.494657730592252, 20.797316724343311 ], [ -156.494848204168591, 20.797339760623281 ], [ -156.495030422815915, 20.797430693399075 ], [ -156.495220966674623, 20.797453151525488 ], [ -156.495416068589947, 20.797438121082745 ], [ -156.495606829160835, 20.797458801359262 ], [ -156.495796576572758, 20.797487808864112 ], [ -156.495988708419446, 20.797497212107601 ], [ -156.496181696016237, 20.797499569374558 ], [ -156.496369464716793, 20.797544857117035 ], [ -156.496560779733244, 20.79752080753099 ], [ -156.49677972679703, 20.797479660337597 ], [ -156.496968491739665, 20.797444244809743 ], [ -156.497159610721695, 20.797426070697824 ], [ -156.497351478352357, 20.797413383608934 ], [ -156.497540945573718, 20.797383115393178 ], [ -156.497728635362023, 20.797339813307062 ], [ -156.497921873509512, 20.797337170879171 ], [ -156.498113965411392, 20.797326133150083 ], [ -156.498308783295244, 20.797335063711106 ], [ -156.49850607787414, 20.797362140406232 ], [ -156.498701193078773, 20.797373252749885 ], [ -156.498890741671602, 20.797343571107529 ], [ -156.499076597712929, 20.797286843864608 ], [ -156.499261553377806, 20.797223510924628 ], [ -156.49944753860629, 20.797167726901773 ], [ -156.499639516466971, 20.797155850549704 ], [ -156.499834762785298, 20.797167917902311 ], [ -156.500025639171668, 20.797149583490683 ], [ -156.500144472476961, 20.797136488588571 ], [ -156.500335247739116, 20.797114849399811 ], [ -156.500521985061937, 20.797069278335869 ], [ -156.500706827421084, 20.797012484801989 ], [ -156.500892651257146, 20.79696150222858 ], [ -156.501079424136435, 20.796916144136208 ], [ -156.501269288454864, 20.796889106367718 ], [ -156.501459908518768, 20.796866549846836 ], [ -156.50165597355678, 20.796883008092159 ], [ -156.501913648951302, 20.796791863610483 ], [ -156.502104992321335, 20.796809738798725 ], [ -156.502295176469715, 20.79685083586088 ], [ -156.502487579169838, 20.796847485296446 ], [ -156.502673985326766, 20.79687556341878 ], [ -156.503045466683574, 20.796839076067322 ], [ -156.503227417011118, 20.796780523813293 ], [ -156.503396755673293, 20.796692638126594 ], [ -156.503554742201885, 20.796578346646712 ], [ -156.503726956612411, 20.796497150809319 ], [ -156.503898861971578, 20.796415236057527 ], [ -156.504077056775373, 20.796347951804933 ], [ -156.504267081672339, 20.796308182369629 ], [ -156.504452068132451, 20.79625669145797 ], [ -156.504631977191622, 20.796193393639449 ], [ -156.504813417612979, 20.796133658331218 ], [ -156.504998993733466, 20.79608354152202 ], [ -156.505175244760778, 20.796011733828919 ], [ -156.505346222243332, 20.795927662227765 ], [ -156.505493014342903, 20.795787337542748 ], [ -156.505671205096917, 20.795720044217425 ] ] } },
{ "type": "Feature", "properties": { "objectid": 237, "island": "Maui", "st_lengthshape": 487.48102678778866 }, "geometry": { "type": "LineString", "coordinates": [ [ -156.506474064623035, 20.795276974633953 ], [ -156.506628557209609, 20.795169279343362 ], [ -156.506784631420686, 20.795063838958839 ], [ -156.506966254856337, 20.794994832415693 ], [ -156.507136257357928, 20.794912178532371 ], [ -156.507256693587664, 20.794835501200421 ], [ -156.507392542829564, 20.794707882517905 ], [ -156.50751946278595, 20.794571798877087 ], [ -156.507626090765257, 20.794416477405736 ], [ -156.507765859255954, 20.794292574040135 ], [ -156.507910391740012, 20.794173188559938 ], [ -156.508066173251848, 20.794064467602013 ], [ -156.50819451028471, 20.793929726753277 ], [ -156.508338384998325, 20.793809717290543 ], [ -156.508481139094641, 20.793688645798849 ], [ -156.50860341115316, 20.793548155925144 ], [ -156.508618022776972, 20.793305600047049 ], [ -156.508744276692397, 20.793168886188649 ], [ -156.508898298954136, 20.793058497217693 ], [ -156.509023150741598, 20.792917267892648 ], [ -156.509206267533159, 20.792853881294377 ], [ -156.509345397929394, 20.792720134959811 ], [ -156.509484458835573, 20.792586278223908 ], [ -156.509658459146976, 20.792520426414754 ], [ -156.509869659536093, 20.792546374144546 ] ] } },
{ "type": "Feature", "properties": { "objectid": 238, "island": "Maui", "st_lengthshape": 9.1118697793421894 }, "geometry": { "type": "LineString", "coordinates": [ [ -156.515662601266996, 20.786531550529958 ], [ -156.515685512413711, 20.786452156510283 ] ] } },
{ "type": "Feature", "properties": { "objectid": 239, "island": "Maui", "st_lengthshape": 9.4440178292766017 }, "geometry": { "type": "LineString", "coordinates": [ [ -156.515976846131707, 20.786007823639455 ], [ -156.515969562467831, 20.785922834753517 ] ] } },
{ "type": "Feature", "properties": { "objectid": 240, "island": "Maui", "st_lengthshape": 85.932781817614767 }, "geometry": { "type": "LineString", "coordinates": [ [ -156.516268721478468, 20.785517267902854 ], [ -156.516469475101644, 20.785394403149652 ], [ -156.516590468936926, 20.785243894806623 ], [ -156.516700147021595, 20.785089464507376 ], [ -156.516794185332742, 20.784937068750249 ] ] } },
{ "type": "Feature", "properties": { "objectid": 241, "island": "Maui", "st_lengthshape": 13.415773618837573 }, "geometry": { "type": "LineString", "coordinates": [ [ -156.516789472074663, 20.7844587556555 ], [ -156.516905087598673, 20.784405379692672 ] ] } },
{ "type": "Feature", "properties": { "objectid": 242, "island": "Maui", "st_lengthshape": 124.90799901042035 }, "geometry": { "type": "LineString", "coordinates": [ [ -156.520457189990225, 20.780996804892883 ], [ -156.520689669407176, 20.780996362428631 ], [ -156.520842920116195, 20.780887246247772 ], [ -156.520974215772839, 20.780748013559975 ], [ -156.521117785955767, 20.780625618405736 ], [ -156.521266624177656, 20.780510449672196 ], [ -156.521423829533489, 20.780410044796948 ] ] } },
{ "type": "Feature", "properties": { "objectid": 243, "island": "Maui", "st_lengthshape": 6633.3334786935011 }, "geometry": { "type": "LineString", "coordinates": [ [ -156.566584757064163, 20.792722781842066 ], [ -156.566769992031936, 20.792875183949594 ], [ -156.566963067246434, 20.792856159244007 ], [ -156.567154293870118, 20.792877554085397 ], [ -156.567345627407605, 20.792896597987685 ], [ -156.567537871441829, 20.79289575395519 ], [ -156.567727436488667, 20.792953473812727 ], [ -156.56791819137004, 20.792985205598757 ], [ -156.568109044437392, 20.793014772336331 ], [ -156.568300234885101, 20.793036956419513 ], [ -156.568491816700771, 20.793050604609267 ], [ -156.568683551343383, 20.793060892077591 ], [ -156.568876025126912, 20.793055021151037 ], [ -156.56906856838981, 20.793047631285383 ], [ -156.56926126689811, 20.793036845508286 ], [ -156.569452952748208, 20.79304820777163 ], [ -156.569645519521458, 20.793040311017876 ], [ -156.569837641549384, 20.793042133686402 ], [ -156.570027932153522, 20.793084014153639 ], [ -156.570216794661206, 20.793157147824193 ], [ -156.570406504600982, 20.793211738069616 ], [ -156.57059712642868, 20.793246394309669 ], [ -156.570789341772581, 20.793246190977637 ], [ -156.570981870592448, 20.793239125644057 ], [ -156.571174475035377, 20.79323039607635 ], [ -156.571367533044878, 20.793211749913397 ], [ -156.571556363607641, 20.793223002604094 ], [ -156.571676515055429, 20.793241610953586 ], [ -156.57186315804293, 20.793284191788036 ], [ -156.572049746122303, 20.793326971208028 ], [ -156.572235905338289, 20.7933712956759 ], [ -156.572423447453474, 20.793410637937605 ], [ -156.572610638140873, 20.79345124641895 ], [ -156.572797611898721, 20.793492637223444 ], [ -156.57298088481059, 20.793547364799906 ], [ -156.573164328077013, 20.793601476965318 ], [ -156.573348299286522, 20.793653689327463 ], [ -156.573531573697892, 20.793708410949737 ], [ -156.57371507541427, 20.793762318407982 ], [ -156.573894004180147, 20.793832703533099 ], [ -156.57407781810079, 20.793885481805194 ], [ -156.574263487694992, 20.793931573403182 ], [ -156.574448111909675, 20.793981436208743 ], [ -156.574633994733347, 20.794026760199486 ], [ -156.574819093105447, 20.794074910963356 ], [ -156.574996423113049, 20.794151060487131 ], [ -156.575206475723888, 20.794109280366385 ], [ -156.575435500930013, 20.793999120202763 ], [ -156.575579554798395, 20.794195199085483 ], [ -156.575760742068127, 20.794257448667835 ], [ -156.575949350369626, 20.794292952905813 ], [ -156.576139005217527, 20.794324685546375 ], [ -156.576327778838476, 20.794359592140321 ], [ -156.576516382349354, 20.794395115572556 ], [ -156.576704886176685, 20.794430994975198 ], [ -156.576887563632766, 20.794453935262492 ], [ -156.577090890392412, 20.794469589261364 ], [ -156.57728235147502, 20.794485065486736 ], [ -156.577472775879102, 20.794508397219985 ], [ -156.577661984172408, 20.79454096078118 ], [ -156.57785062117361, 20.794577856690854 ], [ -156.578039437486638, 20.794613392337162 ], [ -156.578228540104902, 20.794646760160678 ], [ -156.578417866804159, 20.794678428830395 ], [ -156.578607479938569, 20.79470792064641 ], [ -156.578797608819372, 20.794733502415216 ], [ -156.57898822076973, 20.794755415671091 ], [ -156.579178413211054, 20.794780514830219 ], [ -156.579367669357197, 20.794812722368086 ], [ -156.579554519981059, 20.79486317477145 ], [ -156.579739734126036, 20.794926046044989 ], [ -156.579922374616302, 20.795008438454126 ], [ -156.580113662322447, 20.795025231107861 ], [ -156.5803092303222, 20.795009555891266 ], [ -156.580509321095576, 20.794959567799303 ], [ -156.580698734822505, 20.794933536622004 ], [ -156.58098350954532, 20.794923762010562 ], [ -156.581177963179528, 20.794919789847437 ], [ -156.581363930586832, 20.794872255405576 ], [ -156.581555707217603, 20.794854540521452 ], [ -156.581696320999555, 20.794886930127543 ], [ -156.581885602869392, 20.794935350122962 ], [ -156.582077626400633, 20.794978709436457 ], [ -156.582263101493908, 20.795034156544279 ], [ -156.582439311378408, 20.795106708064516 ], [ -156.582616814514608, 20.795176873908837 ], [ -156.582790846199885, 20.795253446973231 ], [ -156.582970598545074, 20.795319458858561 ], [ -156.583149191521443, 20.79538761235607 ], [ -156.583332379218689, 20.795447284605252 ], [ -156.583520823540852, 20.795497250539345 ], [ -156.583704819838886, 20.795555431243727 ], [ -156.583886826770538, 20.795617281447235 ], [ -156.584072907985586, 20.795671611037132 ], [ -156.584254285981984, 20.795734624987478 ], [ -156.584431524769542, 20.795805278381867 ], [ -156.584608593565804, 20.795876246158674 ], [ -156.584786850717222, 20.795945021806023 ], [ -156.584965154563889, 20.796013710349012 ], [ -156.585140216556852, 20.796088382286204 ], [ -156.585316499549947, 20.796160802054199 ], [ -156.585481063057586, 20.79625485827281 ], [ -156.58565012133721, 20.79634061600575 ], [ -156.585820563893066, 20.79642381866919 ], [ -156.585994743383623, 20.796500120810151 ], [ -156.586162627922789, 20.796588046779306 ], [ -156.586322127132519, 20.796691452713173 ], [ -156.586490894591719, 20.796777748292293 ], [ -156.58666288846004, 20.79685808699352 ], [ -156.586832719850577, 20.796942418801375 ], [ -156.587000280923291, 20.797030943570942 ], [ -156.587159788159624, 20.797134335374672 ], [ -156.58732752280909, 20.797222539029931 ], [ -156.587495401124613, 20.797310477274255 ], [ -156.587664596421064, 20.797395985003195 ], [ -156.587833126105608, 20.797482722111532 ], [ -156.588006557073612, 20.797560410576885 ], [ -156.588169318497336, 20.797657795509679 ], [ -156.588328082306418, 20.797762561964984 ], [ -156.588501445605857, 20.797840377246768 ], [ -156.588675278074334, 20.797917323972577 ], [ -156.588847955198645, 20.797996405200166 ], [ -156.589027679373515, 20.798062475816945 ], [ -156.589211709161532, 20.798120599120558 ], [ -156.589411261143738, 20.798143974165882 ], [ -156.589555395531534, 20.798146171660722 ], [ -156.58975378450026, 20.798204302088514 ], [ -156.589919871898502, 20.798298933897389 ], [ -156.590035764398436, 20.798450286393724 ], [ -156.590176972280915, 20.798573031334271 ], [ -156.590288489444163, 20.798729327455273 ], [ -156.590408006513968, 20.798876582370951 ], [ -156.590542345779539, 20.799007091034628 ], [ -156.590682261888134, 20.799131296568685 ], [ -156.590826445488716, 20.799250680422542 ], [ -156.590975657337083, 20.799364382794806 ], [ -156.591127819542919, 20.799474751140341 ], [ -156.591287468271048, 20.799576659711697 ], [ -156.591464464956857, 20.799658965096786 ], [ -156.591651784825984, 20.799729605150752 ], [ -156.591849238132113, 20.799788795695349 ], [ -156.592207764170411, 20.799948285730952 ], [ -156.592331780128035, 20.80009046018845 ], [ -156.592437623342732, 20.80025316977266 ], [ -156.592569667740008, 20.800386272543903 ], [ -156.592705014492111, 20.800515644401639 ], [ -156.592808590774354, 20.800680917164662 ], [ -156.592939314820825, 20.800815511863721 ], [ -156.593082012626866, 20.800936577157781 ], [ -156.593226460987097, 20.80105566409792 ], [ -156.593370003120157, 20.801175775745769 ], [ -156.593514024620049, 20.80129534590581 ], [ -156.593676500959276, 20.801394061323268 ], [ -156.593840826586842, 20.801490687759369 ], [ -156.593979354350097, 20.801616466176931 ], [ -156.594133518840749, 20.801724573931097 ], [ -156.59427333584776, 20.801848895658349 ], [ -156.594419579384777, 20.801965955332765 ], [ -156.594559034073058, 20.802090687152532 ], [ -156.594711329866442, 20.80220090741598 ], [ -156.594860213244203, 20.802314985112982 ], [ -156.594992971486249, 20.802447283640383 ], [ -156.595132312690907, 20.802572144404813 ], [ -156.595281812785515, 20.802685526107748 ], [ -156.595437375662954, 20.802792055975285 ], [ -156.595595180945736, 20.802896050874597 ], [ -156.595736522725332, 20.803018652005186 ], [ -156.59587635889207, 20.803142953922251 ], [ -156.596026736294078, 20.803255343240849 ], [ -156.596131318279703, 20.803419484423642 ], [ -156.596222020201537, 20.803599309996489 ], [ -156.59636294172256, 20.803722385195652 ], [ -156.596549871296048, 20.803793471005921 ], [ -156.596691946113253, 20.803915244677139 ], [ -156.596831296937523, 20.804040096277475 ], [ -156.596966437470599, 20.804169705307849 ], [ -156.597099616698159, 20.804301531588841 ], [ -156.597233410247014, 20.804432662965642 ], [ -156.597332815710359, 20.804602655529202 ], [ -156.59746491512513, 20.804735702636584 ], [ -156.597602782999786, 20.804862230551084 ], [ -156.597771932845916, 20.804953408558951 ], [ -156.597973377627653, 20.805008093124343 ], [ -156.598202533925246, 20.805027903086341 ], [ -156.598492036377792, 20.805119692721387 ], [ -156.59864037516536, 20.805237415240978 ], [ -156.59880393205097, 20.805332061815861 ], [ -156.598934461697269, 20.805476790488733 ], [ -156.599042532822438, 20.805655573209325 ], [ -156.59918048888639, 20.805789040721368 ], [ -156.59933064722668, 20.805904005203605 ], [ -156.599485332981487, 20.80601210433262 ], [ -156.599651725045049, 20.806102453749787 ], [ -156.599802220580699, 20.80621690788773 ], [ -156.599955338581083, 20.806327385741387 ], [ -156.600123390235922, 20.806415219680634 ], [ -156.600294488412317, 20.806498433981716 ], [ -156.600463533319243, 20.806584759983959 ], [ -156.600621026846966, 20.806688603789897 ], [ -156.600786647021067, 20.806780125231064 ], [ -156.600971151349484, 20.806843009713123 ], [ -156.601145038058206, 20.806921996539142 ], [ -156.601312019651374, 20.807011453370482 ], [ -156.601479281874305, 20.807100485060662 ], [ -156.601641831212333, 20.807196663750648 ], [ -156.601818675506536, 20.807271164641378 ], [ -156.601994420909392, 20.807347333164831 ], [ -156.60215963440163, 20.807439472579887 ], [ -156.602303001702921, 20.807564738602906 ], [ -156.602478973052428, 20.807640564892861 ], [ -156.602640763102158, 20.807737895161708 ], [ -156.602806386778411, 20.807829413077783 ], [ -156.602982024205375, 20.807905745317765 ], [ -156.603146536440079, 20.807998949531171 ], [ -156.603303566089835, 20.808103498907702 ], [ -156.603481883352742, 20.808175769472342 ], [ -156.603632949819882, 20.808289361739636 ], [ -156.603805581354464, 20.808370253732974 ], [ -156.60396130224845, 20.808476789820023 ], [ -156.604134306118453, 20.808557117832486 ], [ -156.604335290093758, 20.80858536210927 ], [ -156.604620199384044, 20.808676699672532 ], [ -156.604800965100878, 20.808738208825467 ], [ -156.604966418806043, 20.808834626609531 ], [ -156.605145982420879, 20.808898877266994 ], [ -156.605322115211692, 20.808970947584051 ], [ -156.605503295052188, 20.809031514592942 ], [ -156.60568360934829, 20.809094054107231 ], [ -156.605862801062955, 20.809159153096662 ], [ -156.606040337220662, 20.809228026772754 ], [ -156.606217539818317, 20.809297661356425 ], [ -156.606387006965377, 20.809384929737455 ], [ -156.606546613689517, 20.80949468113679 ], [ -156.606717221932627, 20.809579349188283 ], [ -156.606910090817564, 20.809613268176875 ], [ -156.60710432164538, 20.809644081614444 ], [ -156.607255376721866, 20.809773331445413 ], [ -156.607435051258818, 20.809837330383036 ], [ -156.607599002755506, 20.80993717882702 ], [ -156.60776836789276, 20.810024683828555 ], [ -156.607947329708168, 20.810090308544819 ], [ -156.608120604743476, 20.810168693384949 ], [ -156.608410896507564, 20.810225485745992 ], [ -156.608599963190414, 20.810263334784782 ], [ -156.608792821724649, 20.81026416234344 ], [ -156.608985033082746, 20.810271315152505 ], [ -156.609177606856036, 20.81027491681553 ], [ -156.609360573196767, 20.810372336185068 ], [ -156.609547458693498, 20.810431479779467 ], [ -156.609741237995138, 20.810423329829511 ], [ -156.609939795506506, 20.810368508249699 ], [ -156.610124535648595, 20.810448613206763 ], [ -156.610317089229198, 20.81045242282033 ], [ -156.610519543331066, 20.810359561186523 ], [ -156.610716365995359, 20.810321683549056 ], [ -156.610906803656235, 20.810346155096816 ], [ -156.611095467480851, 20.810387937393674 ], [ -156.611281284508976, 20.810457529057526 ], [ -156.611472956336172, 20.810469949581769 ], [ -156.611660643343782, 20.810438089330233 ], [ -156.611910120202026, 20.810423152171218 ], [ -156.61210889250998, 20.810478330165619 ], [ -156.612300273470481, 20.810463020175561 ], [ -156.612494484832979, 20.810474700166949 ], [ -156.61267981014629, 20.810401632036747 ], [ -156.612863386827939, 20.810311897145123 ], [ -156.613053981926612, 20.810289092225005 ], [ -156.613246451548036, 20.810284158174689 ], [ -156.61343304370709, 20.810267458223837 ], [ -156.613685398612262, 20.810220680067264 ], [ -156.613918987954463, 20.810238802262141 ], [ -156.614120890479938, 20.810205853059522 ], [ -156.614245428276973, 20.810048205894887 ], [ -156.614404753768213, 20.809946631158503 ], [ -156.614565530778691, 20.809847396249829 ], [ -156.614733535329719, 20.809759810153874 ], [ -156.614897051511832, 20.809664989833042 ], [ -156.615065241141963, 20.80957770213481 ], [ -156.615199487175715, 20.809435705388907 ], [ -156.615358757123971, 20.809334041287908 ], [ -156.615593477926524, 20.809353985541247 ], [ -156.61581217998031, 20.809348113060786 ], [ -156.615912753140094, 20.809151844112403 ], [ -156.616056049412236, 20.80902443575123 ], [ -156.616226122200658, 20.808940184473414 ], [ -156.616360783428036, 20.808798857049201 ], [ -156.616501680313974, 20.808667583473667 ], [ -156.616665502482789, 20.808573256747138 ], [ -156.616835741181546, 20.808489273480046 ], [ -156.617002247283665, 20.8083992747491 ], [ -156.617184794661256, 20.808335129477094 ], [ -156.617376876695147, 20.808286350980318 ], [ -156.617572201204865, 20.8082427987176 ], [ -156.617771670163506, 20.808205927300119 ], [ -156.617960632020612, 20.808152119310272 ], [ -156.618099756110269, 20.808022861289878 ], [ -156.618210107716237, 20.808045055081507 ], [ -156.618298202141858, 20.808084310552676 ], [ -156.61846960980759, 20.808165922665331 ], [ -156.618659756320511, 20.808215059446063 ], [ -156.618857868921225, 20.808250391475354 ], [ -156.619047685000481, 20.80830010026958 ], [ -156.61925091783101, 20.808319941607223 ], [ -156.619358419597432, 20.808382792335571 ], [ -156.619510464328755, 20.80849322557356 ], [ -156.619659809891886, 20.808606767260656 ], [ -156.619777231276345, 20.808757080849141 ], [ -156.619905601145319, 20.808894783404998 ], [ -156.620038490776636, 20.809027281441729 ], [ -156.620149039140699, 20.80918551171089 ], [ -156.620296585277828, 20.809301127420667 ], [ -156.620411795612227, 20.809446211403223 ], [ -156.620942065370542, 20.80970568604576 ], [ -156.621143692074725, 20.809622484384914 ], [ -156.621455173461101, 20.80950756918741 ], [ -156.621641932184644, 20.80946525698991 ], [ -156.621814224902835, 20.809360336707119 ], [ -156.621940113463211, 20.809289224633822 ], [ -156.622133784605182, 20.809307441897285 ], [ -156.622334608013944, 20.809300657469965 ], [ -156.622516547697529, 20.809359880243903 ], [ -156.622696633378467, 20.809405798513499 ] ] } },
{ "type": "Feature", "properties": { "objectid": 244, "island": "Maui", "st_lengthshape": 3179.4798805667565 }, "geometry": { "type": "LineString", "coordinates": [ [ -156.623081838129536, 20.80961561722269 ], [ -156.623197683078786, 20.809760846522575 ], [ -156.62330887620567, 20.809910119913813 ], [ -156.623443525395771, 20.810039005431825 ], [ -156.623553109549306, 20.810189676809223 ], [ -156.623723675624547, 20.810287344901706 ], [ -156.623792014075605, 20.810473866893201 ], [ -156.623948337313436, 20.810583914346221 ], [ -156.624093174812572, 20.810703944071271 ], [ -156.624239853670531, 20.81082237471448 ], [ -156.624347946562665, 20.810974343395088 ], [ -156.624480890802801, 20.81110471080925 ], [ -156.62461565692692, 20.811233496043826 ], [ -156.624778565360998, 20.811332731271861 ], [ -156.624909100117236, 20.811388318237249 ], [ -156.625047165786128, 20.811514527487464 ], [ -156.625196105491995, 20.811628574885006 ], [ -156.625362426449556, 20.81172318567566 ], [ -156.625509935545779, 20.811838832998241 ], [ -156.625658194589931, 20.811953643584335 ], [ -156.625799894795364, 20.812075789490592 ], [ -156.626003454759001, 20.812128752607506 ], [ -156.626152757471488, 20.812242397048397 ], [ -156.626288727292462, 20.812370949496124 ], [ -156.626422501821366, 20.812501960124354 ], [ -156.626563106432684, 20.812625331036728 ], [ -156.626708461956753, 20.812743388454905 ], [ -156.626822118642991, 20.812888712762977 ], [ -156.626833810275116, 20.812953044634472 ], [ -156.626860363980057, 20.813143018211814 ], [ -156.62688461666184, 20.813334094097527 ], [ -156.626965408410769, 20.813498064497526 ], [ -156.627013133638542, 20.813669546954152 ], [ -156.627130143024118, 20.813922743148137 ], [ -156.62722187657829, 20.814083186122851 ], [ -156.627323672589682, 20.814236806221341 ], [ -156.627435713573504, 20.814383479533646 ], [ -156.627550811502545, 20.814528080274204 ], [ -156.627662881049815, 20.814674734901729 ], [ -156.627787751468276, 20.814812709108192 ], [ -156.627902320024731, 20.814957669855161 ], [ -156.628017611006015, 20.815102140276807 ], [ -156.628120829575465, 20.815254795424842 ], [ -156.628209086452671, 20.815410934941251 ], [ -156.628226880050846, 20.815431348832604 ], [ -156.628303855002798, 20.815601003631933 ], [ -156.628387823302177, 20.815769338373922 ], [ -156.628417828505945, 20.815947861698216 ], [ -156.628431620284147, 20.816129446680119 ], [ -156.62847112903097, 20.816306175408499 ], [ -156.628484670401946, 20.816487808393731 ], [ -156.628466324166538, 20.816675461088828 ], [ -156.628439735263726, 20.816864670261886 ], [ -156.628447835142339, 20.817047329600506 ], [ -156.628459729289773, 20.817229272990097 ], [ -156.628470315341701, 20.817411462855244 ], [ -156.628473205879857, 20.817595106609634 ], [ -156.628506866906775, 20.817772939152782 ], [ -156.628539228527558, 20.817951018290369 ], [ -156.628566818197697, 20.81812999760043 ], [ -156.628594069788051, 20.818309041760962 ], [ -156.62861807425449, 20.818488698369723 ], [ -156.628641897669553, 20.818668388591313 ], [ -156.628697970422309, 20.81884199096325 ], [ -156.628785079894897, 20.819009732493353 ], [ -156.628862670492254, 20.819179271088586 ], [ -156.62893221308596, 20.819350330024339 ], [ -156.628918033790626, 20.819537196084852 ], [ -156.628979844359748, 20.819709714731697 ], [ -156.629041210975458, 20.819882317522268 ], [ -156.629107965338051, 20.82005390221412 ], [ -156.629171528479304, 20.82022609018787 ], [ -156.62924632457063, 20.820396156192835 ], [ -156.62933551991739, 20.820563504698736 ], [ -156.629411633125642, 20.820733322491968 ], [ -156.629479218878771, 20.820904728962063 ], [ -156.629584470710597, 20.821143244773797 ], [ -156.629646602638218, 20.821316788107346 ], [ -156.629709067693597, 20.821490164465086 ], [ -156.629777085658674, 20.82166074878652 ], [ -156.629865198712224, 20.821821231055985 ], [ -156.629954189979088, 20.821981271230648 ], [ -156.630038139750638, 20.822143846799083 ], [ -156.630143462547437, 20.822295676953608 ], [ -156.630197968111077, 20.822473054472528 ], [ -156.630282775121401, 20.822635198439723 ], [ -156.630338848219623, 20.822811788521911 ], [ -156.630431343907333, 20.822970067374079 ], [ -156.63051547567062, 20.823132552287515 ], [ -156.630618485887709, 20.823285544920086 ], [ -156.630697048722368, 20.823450828817805 ], [ -156.630776984444083, 20.823615421915992 ], [ -156.630866136327711, 20.823775382704991 ], [ -156.631001791552706, 20.823911964814954 ], [ -156.631098680648734, 20.824068035808729 ], [ -156.631189670517671, 20.824227071926913 ], [ -156.631337211443622, 20.824357678644823 ], [ -156.631393819636287, 20.824534000487361 ], [ -156.631496791904055, 20.824687012965615 ], [ -156.631577245970959, 20.824851347478312 ], [ -156.631686423008631, 20.825001240892362 ], [ -156.631819238626576, 20.825134466504089 ], [ -156.632005785694446, 20.825366279608332 ], [ -156.632147965478879, 20.825487712999365 ], [ -156.632259737471855, 20.825639957288296 ], [ -156.632392458017506, 20.825770976086364 ], [ -156.632517325484599, 20.825909951895781 ], [ -156.632651354241574, 20.826039644937527 ], [ -156.632780936890725, 20.826173842941291 ], [ -156.632920271264624, 20.82629816039946 ], [ -156.63302561709628, 20.826456918254543 ], [ -156.633150565719063, 20.826595812634277 ], [ -156.633279651551277, 20.826730514563817 ], [ -156.63341529976654, 20.826858567957007 ], [ -156.63358519953897, 20.826951914299062 ], [ -156.633730504105671, 20.827070182278245 ], [ -156.633863096404838, 20.827201331996609 ], [ -156.634048096469598, 20.827279378316032 ], [ -156.6342560526098, 20.827334162245293 ], [ -156.634419064412441, 20.827434487750846 ], [ -156.634546096785016, 20.827571272633332 ], [ -156.634682573482479, 20.82769848687348 ], [ -156.63481823258266, 20.827826529526931 ], [ -156.63496776866404, 20.827940511567917 ], [ -156.635101221628332, 20.828070791015794 ], [ -156.635243865188471, 20.828191756343273 ], [ -156.635335830793167, 20.828364074772335 ], [ -156.635497078986162, 20.828466189179132 ], [ -156.635589931174536, 20.828637609513923 ], [ -156.635717676069731, 20.828773673886722 ], [ -156.635844194463232, 20.828910980041339 ], [ -156.63596522638386, 20.829053846050709 ], [ -156.636140171023328, 20.829142081960885 ], [ -156.636290295952591, 20.829255468840447 ], [ -156.636470348078035, 20.829338530274402 ], [ -156.636633137171032, 20.829439083848023 ], [ -156.636781675935623, 20.82955407748263 ], [ -156.63692693969432, 20.829672390420079 ], [ -156.637031738616542, 20.829831706736041 ], [ -156.63720859279141, 20.829918008492267 ], [ -156.637313323851686, 20.830077394168249 ], [ -156.637416476062953, 20.830238379815256 ], [ -156.637552913668287, 20.830365636736179 ], [ -156.637674386537185, 20.830508058127624 ], [ -156.637844128312963, 20.830601568339471 ], [ -156.637999580723118, 20.830709556989824 ], [ -156.638150093178012, 20.830822552287483 ], [ -156.638291989348119, 20.830944279020141 ], [ -156.638439630078182, 20.831060185522013 ], [ -156.638633505867034, 20.831129239381166 ], [ -156.638756886368839, 20.83126972870982 ], [ -156.638939348090048, 20.831350349525305 ], [ -156.639052586177456, 20.831501117741759 ], [ -156.63921698580711, 20.831600041572489 ], [ -156.639375025517523, 20.831705409950068 ], [ -156.639522156479757, 20.831821833257212 ], [ -156.639666613627128, 20.831940965648212 ], [ -156.63985373468563, 20.832011946094799 ] ] } },
{ "type": "Feature", "properties": { "objectid": 245, "island": "Maui", "st_lengthshape": 1510.7141961158477 }, "geometry": { "type": "LineString", "coordinates": [ [ -156.640340941547578, 20.832732373691098 ], [ -156.6405417105602, 20.832756239335396 ], [ -156.640698299658112, 20.832866999288036 ], [ -156.64086673114636, 20.832954468450463 ], [ -156.641016320047669, 20.833078997386728 ], [ -156.641217042134514, 20.83310295645235 ], [ -156.641392282647246, 20.833177032512783 ], [ -156.641562489622572, 20.833261010093487 ], [ -156.641748282425795, 20.833314333742297 ], [ -156.641929931173905, 20.833363805705901 ], [ -156.642259053307072, 20.833382175541121 ], [ -156.642422660105495, 20.833507795745426 ], [ -156.642618889156893, 20.833516130754287 ], [ -156.642800438884336, 20.833577242946561 ], [ -156.642984786881669, 20.833628294232813 ], [ -156.643169176757738, 20.833679194201082 ], [ -156.643353553576503, 20.833730139853955 ], [ -156.643536447017311, 20.83378642154948 ], [ -156.643718524549286, 20.833845640155104 ], [ -156.643901728668965, 20.833900803317032 ], [ -156.64408435191271, 20.833958058699078 ], [ -156.644266106399385, 20.834018438094091 ], [ -156.644449679288812, 20.834072277448382 ], [ -156.644639246116583, 20.834104568391002 ], [ -156.644842141682204, 20.834088933752049 ], [ -156.645040847414634, 20.834088362132341 ], [ -156.645225530783961, 20.834138209303045 ], [ -156.645404853350044, 20.834207335861162 ], [ -156.645576634903875, 20.834303575255181 ], [ -156.6457614672739, 20.834352890251594 ], [ -156.645940438402846, 20.834423279280255 ], [ -156.646122848615562, 20.834481302642285 ], [ -156.646313543407757, 20.834499557382099 ], [ -156.646478548255288, 20.834559361200199 ], [ -156.646609725873617, 20.834693500788291 ], [ -156.646756103357603, 20.834810456296701 ], [ -156.64688789056018, 20.834943906959076 ], [ -156.64696677737615, 20.835137169337127 ], [ -156.647123126384713, 20.835242850264279 ], [ -156.647289170684161, 20.835337570791463 ], [ -156.647473396919821, 20.8354117328965 ], [ -156.647617771460602, 20.835530953898822 ], [ -156.647765981569592, 20.835643382667364 ], [ -156.648016267840291, 20.835722356223105 ], [ -156.648115578329708, 20.835876936547734 ], [ -156.648132031564927, 20.836078932837655 ], [ -156.64821532988006, 20.836242676392171 ], [ -156.648316829224058, 20.836396005326069 ], [ -156.648457606045753, 20.836526857667234 ], [ -156.648626014933882, 20.836641897463558 ], [ -156.648658299170592, 20.836834834508888 ], [ -156.648787889619967, 20.836972087976523 ], [ -156.648914259762279, 20.837111184440108 ], [ -156.649008759092709, 20.837268519320606 ], [ -156.649131428422407, 20.837409733876644 ], [ -156.64925617586664, 20.837549759632019 ], [ -156.64936496813084, 20.837698915154622 ], [ -156.649496783198771, 20.837834896583278 ], [ -156.649579114655097, 20.837999194365629 ], [ -156.649623499369824, 20.838185206985443 ], [ -156.649692576712738, 20.838357090498537 ], [ -156.649741159118491, 20.838540700918585 ], [ -156.649778015585412, 20.838731021391567 ], [ -156.649939970275824, 20.838849756077938 ], [ -156.649985081493355, 20.839035353298136 ], [ -156.650067358773754, 20.839199682687315 ], [ -156.650197197613238, 20.839336795153812 ], [ -156.650356310670702, 20.839457156575232 ], [ -156.650467834470504, 20.83960474982019 ], [ -156.650581737800167, 20.839750982313166 ], [ -156.650716718983205, 20.840096565446775 ], [ -156.650812237542851, 20.840253317586299 ], [ -156.650916772578825, 20.840404910778265 ] ] } },
{ "type": "Feature", "properties": { "objectid": 246, "island": "Maui", "st_lengthshape": 1665.4503226338343 }, "geometry": { "type": "LineString", "coordinates": [ [ -156.651600010473175, 20.841580795796091 ], [ -156.651749326084882, 20.841697385363098 ], [ -156.651954625293683, 20.841766517305107 ], [ -156.652115708630248, 20.841873132577945 ], [ -156.652279837963732, 20.841977163528334 ], [ -156.652402465210031, 20.842116379095014 ], [ -156.652504342009649, 20.842273185180467 ], [ -156.652565801995678, 20.842464252661841 ], [ -156.652642848008242, 20.842642108759815 ], [ -156.652878387035173, 20.842943451985299 ], [ -156.652949932651296, 20.843111131489074 ], [ -156.653070939049513, 20.843261733112943 ], [ -156.653162292845053, 20.843422572883128 ], [ -156.65325328950334, 20.843583535046815 ], [ -156.653324270813783, 20.843751408980857 ], [ -156.653386744817965, 20.843922220268777 ], [ -156.65346628020805, 20.844087141177607 ], [ -156.653553995840667, 20.844249236686597 ], [ -156.653586558409671, 20.844430375656255 ], [ -156.653494748889415, 20.84465445749764 ], [ -156.653529923845326, 20.844834694051638 ], [ -156.653554826928627, 20.845017916935873 ], [ -156.653729608659916, 20.845405185207891 ], [ -156.653836690160631, 20.845556435410824 ], [ -156.653957600556026, 20.845696797840727 ], [ -156.654136120936528, 20.8457918057893 ], [ -156.654254349681395, 20.845934280462743 ], [ -156.654371090757593, 20.84607792575817 ], [ -156.654481785150807, 20.846226331893774 ], [ -156.65460888165066, 20.846361824784761 ], [ -156.654757020959323, 20.846480751178863 ], [ -156.654922806206713, 20.846585785261421 ], [ -156.655062197535244, 20.846711598955082 ], [ -156.655185127861444, 20.846850372849772 ], [ -156.655220624292042, 20.847057982123236 ], [ -156.655251735843621, 20.847269044045902 ], [ -156.655370459789111, 20.847411129369398 ], [ -156.655493909260997, 20.847549494826918 ], [ -156.655648712925483, 20.847663175062785 ], [ -156.655831613918167, 20.847754735095389 ], [ -156.656029594531361, 20.847834422752953 ], [ -156.656221088884195, 20.847919217316921 ], [ -156.656344664038528, 20.848057484638989 ], [ -156.656464039251318, 20.848199058106868 ], [ -156.656555400228683, 20.848362686928336 ], [ -156.656618245104283, 20.848548766112835 ], [ -156.656747299151277, 20.848682719574935 ], [ -156.656865380806494, 20.848825312676979 ], [ -156.656954916209827, 20.84899037923012 ], [ -156.657073918261744, 20.849132247959993 ], [ -156.657140174541865, 20.849315642099285 ], [ -156.657274379029474, 20.849445540780778 ], [ -156.657412414384055, 20.849572424270601 ], [ -156.657557381890257, 20.849693850814653 ], [ -156.657701720444692, 20.849815771624112 ], [ -156.657840722177809, 20.849941895065381 ], [ -156.657966168568635, 20.850078689852008 ], [ -156.658093308298049, 20.850214151407133 ], [ -156.658225004370195, 20.850346027051948 ], [ -156.658403720803193, 20.850440882135413 ], [ -156.658551406916047, 20.850552735281148 ], [ -156.658732949656411, 20.850692539203685 ], [ -156.65889374745268, 20.850795061816399 ], [ -156.659062889385382, 20.850889097217763 ], [ -156.659187606574221, 20.851028314896187 ], [ -156.659366442669324, 20.851112491673501 ], [ -156.659509306277442, 20.851233253196717 ], [ -156.659644080949903, 20.851362242435744 ], [ -156.659798946011136, 20.851470798379946 ], [ -156.65993538524711, 20.851598094457398 ], [ -156.660063712145472, 20.851733640536377 ], [ -156.66017752894399, 20.851883944781846 ], [ -156.660288871779329, 20.852036765257743 ], [ -156.660371132683991, 20.852219162761553 ], [ -156.66047748951118, 20.852377054036378 ], [ -156.660670260513371, 20.85244706038387 ], [ -156.66081840956457, 20.852562448053419 ], [ -156.660961727605411, 20.852682748805147 ], [ -156.661219628309453, 20.852686515533247 ] ] } },
{ "type": "Feature", "properties": { "objectid": 247, "island": "Maui", "st_lengthshape": 874.61775761355239 }, "geometry": { "type": "LineString", "coordinates": [ [ -156.662052411892631, 20.853671377273056 ], [ -156.662173222545562, 20.853813682263308 ], [ -156.662293293166783, 20.853956705808436 ], [ -156.662428423391304, 20.854085126452791 ], [ -156.662540975027895, 20.854235440133355 ], [ -156.662683540284434, 20.85435665316151 ], [ -156.662845631951029, 20.854458932861366 ], [ -156.662975536531775, 20.854592421733912 ], [ -156.663095454442924, 20.854735592630497 ], [ -156.663224331516176, 20.854870078692517 ], [ -156.663352124311643, 20.855005615426592 ], [ -156.663496876582997, 20.855124707661425 ], [ -156.663638407698727, 20.855246924492771 ], [ -156.663750216252708, 20.855397959726474 ], [ -156.663890658436571, 20.8555212324923 ], [ -156.664031897665325, 20.855643732222621 ], [ -156.664163445714706, 20.855775628186201 ], [ -156.664313099206822, 20.855889969146318 ], [ -156.664459934339732, 20.856007043783588 ], [ -156.664594008091598, 20.856136491548867 ], [ -156.664716366931998, 20.856277298218348 ], [ -156.66484780298336, 20.856409304184755 ], [ -156.664975915486252, 20.856544532728353 ], [ -156.665111993401979, 20.856672037122369 ], [ -156.665248545521763, 20.856799082841917 ], [ -156.665390584845426, 20.856920807814316 ], [ -156.665539186123141, 20.857036171062806 ], [ -156.665676510387613, 20.857162468491868 ], [ -156.665813086843741, 20.857289490681481 ], [ -156.665955771757353, 20.857410590141139 ], [ -156.666104176960175, 20.85752614353693 ], [ -156.666248891911408, 20.857645274809002 ], [ -156.666392483553636, 20.857765495947547 ], [ -156.666516488288636, 20.85789589866496 ], [ -156.66671592942194, 20.858095966552689 ], [ -156.666854540785124, 20.858230870227711 ], [ -156.667000764335114, 20.858353549615551 ], [ -156.667157910060894, 20.858458686807552 ], [ -156.667325957223966, 20.85854631670643 ], [ -156.667501447099937, 20.858621992638668 ], [ -156.667689249033316, 20.858677894905703 ], [ -156.66787011304794, 20.858744938655217 ], [ -156.668055761878264, 20.858804298647179 ], [ -156.668219083504113, 20.858899518209792 ] ] } },
{ "type": "Feature", "properties": { "objectid": 248, "island": "Maui", "st_lengthshape": 1503.1087930609656 }, "geometry": { "type": "LineString", "coordinates": [ [ -156.669324386122213, 20.859447373447829 ], [ -156.66942188461158, 20.85960329737625 ], [ -156.669521686185277, 20.859757782520589 ], [ -156.669653257788582, 20.859892433917889 ], [ -156.669748109448022, 20.860043603381676 ], [ -156.669864650646218, 20.860267972484984 ], [ -156.669874767786723, 20.860448770812564 ], [ -156.669965018233938, 20.860620190921537 ], [ -156.669952917117826, 20.860801424415637 ], [ -156.66985181219755, 20.861039771625958 ], [ -156.669858646152221, 20.861222587719404 ], [ -156.669866951327492, 20.861405130368212 ], [ -156.669961969519335, 20.861571550417619 ], [ -156.670067925977776, 20.861728914032298 ], [ -156.670195633697091, 20.861931625399954 ], [ -156.67025332625991, 20.862113216109382 ], [ -156.670373523583322, 20.86224512238141 ], [ -156.670541404874427, 20.862444269179043 ], [ -156.670666689509972, 20.862589841303638 ], [ -156.670983632088905, 20.862794206785008 ], [ -156.671127380844609, 20.862915638568325 ], [ -156.671285871330895, 20.863017796424373 ], [ -156.671446214169151, 20.863117532182791 ], [ -156.671618551382466, 20.86320158759715 ], [ -156.671797741380232, 20.863276681548058 ], [ -156.67195762795464, 20.86337701478276 ], [ -156.672135716293411, 20.863453549984964 ], [ -156.672299812480446, 20.863548379423698 ], [ -156.672472922361578, 20.863631425054781 ], [ -156.672650994642311, 20.8637079812165 ], [ -156.672809146325164, 20.863806998810286 ], [ -156.672907101003744, 20.863878352415465 ], [ -156.673026330668677, 20.864020060656394 ], [ -156.673143425952816, 20.864151588052191 ], [ -156.673215075439657, 20.864241891147927 ], [ -156.67331536973856, 20.86439594330097 ], [ -156.673388515409442, 20.864565117454315 ], [ -156.673461199980949, 20.864734547190942 ], [ -156.673529943553149, 20.864906173631478 ], [ -156.673634125420108, 20.865058060706247 ], [ -156.673726179809961, 20.865216703544956 ], [ -156.673802527043364, 20.865384094308055 ], [ -156.673896270864049, 20.865541794727417 ], [ -156.673989696028627, 20.865699674088404 ], [ -156.67409085927909, 20.865853242866784 ], [ -156.674199708064094, 20.865994868012269 ], [ -156.674378054105262, 20.866183846929047 ], [ -156.674509746394762, 20.866315342689351 ], [ -156.674641308392552, 20.866446953986042 ], [ -156.67475617209297, 20.866593281370914 ], [ -156.674854617987506, 20.866754076746211 ], [ -156.675006484794039, 20.866867794164904 ], [ -156.675140472851837, 20.866997268163463 ], [ -156.675271113656152, 20.867129690993949 ], [ -156.675406854335193, 20.867257620091884 ], [ -156.675542735480889, 20.867385426390893 ], [ -156.675697768712297, 20.867489365965753 ], [ -156.675761360401538, 20.867524395903249 ], [ -156.675803094463078, 20.867709981075329 ], [ -156.675987531481496, 20.867818904623476 ], [ -156.676025887792406, 20.868006304090095 ], [ -156.676154999127363, 20.868144949968443 ], [ -156.676234314183631, 20.868310345749876 ], [ -156.676305049979362, 20.868480351355025 ], [ -156.676433848077693, 20.868619165290273 ], [ -156.676535145982029, 20.868772751919522 ], [ -156.676629479583028, 20.868930080830228 ], [ -156.676722910484642, 20.869087894101074 ], [ -156.676818953375971, 20.869244304302541 ], [ -156.676895927134296, 20.869410959379426 ], [ -156.676957695180107, 20.869585783410471 ], [ -156.677067904975786, 20.869734582937134 ], [ -156.67716111588544, 20.86989251495217 ], [ -156.677258092589881, 20.870042425971 ] ] } },
{ "type": "Feature", "properties": { "objectid": 249, "island": "Maui", "st_lengthshape": 352.48585501439896 }, "geometry": { "type": "LineString", "coordinates": [ [ -156.678227309158956, 20.873754307498519 ], [ -156.678192155062817, 20.873979856342128 ], [ -156.678339222788992, 20.874106872854345 ], [ -156.678567221548406, 20.874309558595645 ], [ -156.678719483108381, 20.874426068252028 ], [ -156.678902807522178, 20.874518954702356 ], [ -156.67906507314234, 20.874627856476046 ], [ -156.679230233127612, 20.874734557903714 ], [ -156.679376856129863, 20.874855355719969 ], [ -156.679509591992087, 20.874986714534124 ], [ -156.679633575669698, 20.875124729862801 ], [ -156.679753363696506, 20.875265936352708 ], [ -156.679906106451455, 20.87538208047761 ], [ -156.680122759646565, 20.87544962136954 ], [ -156.680171181636837, 20.875645101686843 ], [ -156.680380523693344, 20.875718202333442 ], [ -156.680502304864177, 20.875857893061223 ] ] } },
{ "type": "Feature", "properties": { "objectid": 250, "island": "Maui", "st_lengthshape": 20.000461764015125 }, "geometry": { "type": "LineString", "coordinates": [ [ -156.6809457087883, 20.876789904394631 ], [ -156.680824839388464, 20.876649519204197 ] ] } },
{ "type": "Feature", "properties": { "objectid": 251, "island": "Maui", "st_lengthshape": 1038.7245543258668 }, "geometry": { "type": "LineString", "coordinates": [ [ -156.681960636170686, 20.878239434413551 ], [ -156.682084438252616, 20.878378511414944 ], [ -156.682203536479392, 20.878522023430477 ], [ -156.682324080758292, 20.878664172454787 ], [ -156.683006942811403, 20.879299351407369 ], [ -156.683180042695795, 20.879391943621908 ], [ -156.683298199517736, 20.87953555964134 ], [ -156.683434565747575, 20.87962911131752 ], [ -156.683589739637426, 20.879735626882805 ], [ -156.683763753715255, 20.879817599664772 ], [ -156.683900507710774, 20.879948111586042 ], [ -156.684048616307507, 20.880063832202225 ], [ -156.684214356221815, 20.880156583845029 ], [ -156.684384728873681, 20.880243300879677 ], [ -156.684532999939506, 20.880358809308881 ], [ -156.684718468668166, 20.880425861281722 ], [ -156.684936747599238, 20.88045016847629 ], [ -156.685139496678289, 20.880494707760825 ], [ -156.685357422872727, 20.880519474711107 ], [ -156.685562438941957, 20.88056106151619 ], [ -156.685733937498469, 20.880646311581788 ], [ -156.685884742494693, 20.880758521089966 ], [ -156.686035090843689, 20.88087132571443 ], [ -156.686189085623909, 20.880979379101053 ], [ -156.686340042305375, 20.881091390741339 ], [ -156.686483724484106, 20.881212880388794 ], [ -156.686635042422978, 20.881324421699762 ], [ -156.686790427358289, 20.881430665700904 ], [ -156.686939474126291, 20.881545165956037 ], [ -156.687092933970604, 20.881653918456113 ], [ -156.687241170377092, 20.881769475794854 ], [ -156.687376563134052, 20.881896521829574 ], [ -156.687444941317125, 20.881957065476065 ], [ -156.687539648107247, 20.882114839960948 ], [ -156.687630933980699, 20.882274776929442 ], [ -156.687610933108374, 20.882363716189936 ], [ -156.6875758926424, 20.88254181622839 ], [ -156.687540826231185, 20.882719909577762 ], [ -156.68745390695716, 20.882885072656148 ], [ -156.687406053933358, 20.883059976863873 ], [ -156.687294162678086, 20.883218912450165 ], [ -156.687244742396501, 20.883389410291688 ], [ -156.687237884766176, 20.883425221761744 ], [ -156.687128531353949, 20.883573764312303 ], [ -156.686991817639182, 20.883703704478052 ], [ -156.686856538672998, 20.883834621135506 ], [ -156.686713737377119, 20.883960423173761 ], [ -156.686591032492743, 20.884099888913756 ], [ -156.686486806453615, 20.88425191829548 ], [ -156.686470283452593, 20.884455435849791 ] ] } },
{ "type": "Feature", "properties": { "objectid": 252, "island": "Maui", "st_lengthshape": 960.94550229405627 }, "geometry": { "type": "LineString", "coordinates": [ [ -156.685708533884394, 20.885872647811318 ], [ -156.685590183738839, 20.886018960502987 ], [ -156.685489875726688, 20.886173739446765 ], [ -156.685426778940354, 20.88634598102502 ], [ -156.685364160918425, 20.886518446677961 ], [ -156.685276594171285, 20.88667920534013 ], [ -156.685129047547946, 20.886810469735728 ], [ -156.68503307060115, 20.887046480635355 ], [ -156.684992874883704, 20.887223091253535 ], [ -156.684942078291101, 20.887397712475604 ], [ -156.684897205680358, 20.887573446072718 ], [ -156.684864484959661, 20.887751459141658 ], [ -156.684827626921475, 20.887928695535606 ], [ -156.68478016315251, 20.888103943359088 ], [ -156.684754501663662, 20.888283281024325 ], [ -156.684760330813987, 20.888465357939001 ], [ -156.684787747919472, 20.888678663070561 ], [ -156.684817937257378, 20.888858956021085 ], [ -156.684830912337503, 20.889039423929251 ], [ -156.684846652711997, 20.889215518934346 ], [ -156.684864852567756, 20.889387069834335 ], [ -156.684904329308125, 20.889563971321472 ], [ -156.684958299680687, 20.889737411002962 ], [ -156.685026102101062, 20.889907548771955 ], [ -156.685093372297644, 20.890077812961106 ], [ -156.68516580815961, 20.890246844044999 ], [ -156.6852248287978, 20.890419078822902 ], [ -156.685252135834929, 20.890598885695919 ], [ -156.685273355640447, 20.890775428761462 ], [ -156.685269882866237, 20.890854494656612 ], [ -156.685300968286668, 20.89103323656953 ], [ -156.685340323070392, 20.891211309377297 ], [ -156.685375454267472, 20.89138972410651 ], [ -156.68533311191706, 20.891573513521138 ], [ -156.685330119319559, 20.891607990131337 ], [ -156.685370057307097, 20.891792277313286 ], [ -156.685362033248737, 20.891972856276951 ], [ -156.685345031400459, 20.892144907383479 ], [ -156.685318676119863, 20.892266137883915 ], [ -156.68528181773496, 20.89244338508394 ], [ -156.685243463709185, 20.892620341098045 ], [ -156.685208361238267, 20.892797929913201 ], [ -156.685168038175306, 20.892974502521277 ], [ -156.685150955727835, 20.893155598954081 ], [ -156.685119036617721, 20.893333806978543 ], [ -156.685067174271353, 20.893508134508089 ], [ -156.685025533436686, 20.893684449887179 ], [ -156.684999797365805, 20.893863862282387 ], [ -156.684973603256282, 20.894043185381612 ], [ -156.684950916836073, 20.894222734794013 ] ] } },
{ "type": "Feature", "properties": { "objectid": 253, "island": "Maui", "st_lengthshape": 100.35929181101807 }, "geometry": { "type": "LineString", "coordinates": [ [ -156.684899462593961, 20.895311275884289 ], [ -156.684894262155154, 20.895494570426024 ], [ -156.68488652031192, 20.895678219728676 ], [ -156.68493504677997, 20.895854017557919 ], [ -156.684981786977204, 20.896030063887959 ], [ -156.685034819927466, 20.896198819590605 ] ] } },
{ "type": "Feature", "properties": { "objectid": 254, "island": "Maui", "st_lengthshape": 504.52456383518046 }, "geometry": { "type": "LineString", "coordinates": [ [ -156.684735984285055, 20.900627420716773 ], [ -156.684662339415297, 20.900798939410315 ], [ -156.684625704418806, 20.900976278519554 ], [ -156.684590220141303, 20.901150890732232 ], [ -156.684579139872966, 20.901400929917806 ], [ -156.68458502134169, 20.9015842661499 ], [ -156.684664756752341, 20.90175309589473 ], [ -156.684735360127547, 20.901918544632967 ], [ -156.684811836129455, 20.902125817839043 ], [ -156.684871878186669, 20.902298367428983 ], [ -156.684940783671436, 20.902467213744707 ], [ -156.684937225522276, 20.902666339604515 ], [ -156.684970920622533, 20.902849899308659 ], [ -156.684981499897617, 20.903043117772164 ], [ -156.684992413824375, 20.903236196285871 ], [ -156.685055446958359, 20.903407496870038 ], [ -156.685138315458971, 20.903570509238897 ], [ -156.685229972078389, 20.903729848893946 ], [ -156.685321330012073, 20.903889313596903 ], [ -156.685417161416098, 20.904046909129764 ], [ -156.685524039395943, 20.904199888168161 ], [ -156.685619754154828, 20.904357532603491 ], [ -156.685710128214907, 20.904517409142453 ], [ -156.685877844719698, 20.904644966043723 ], [ -156.686061223261163, 20.904760664301165 ] ] } },
{ "type": "Feature", "properties": { "objectid": 255, "island": "Maui", "st_lengthshape": 42.863233563435706 }, "geometry": { "type": "LineString", "coordinates": [ [ -156.687254164744218, 20.907101944894414 ], [ -156.687240714162243, 20.907313232529294 ], [ -156.687338083866933, 20.90746283106229 ] ] } },
{ "type": "Feature", "properties": { "objectid": 256, "island": "Maui", "st_lengthshape": 2509.7512932454665 }, "geometry": { "type": "LineString", "coordinates": [ [ -156.687823015897038, 20.908643173391084 ], [ -156.687862758984608, 20.908830935185687 ], [ -156.687912392878303, 20.909013193325158 ], [ -156.687981083296734, 20.90918484882015 ], [ -156.688077489058458, 20.909341083865392 ], [ -156.688208692475172, 20.909474225597474 ], [ -156.688333635324, 20.909647271950817 ], [ -156.688392118955448, 20.909848723454441 ], [ -156.688561723129169, 20.909944317884062 ], [ -156.688707931571287, 20.910062199954535 ], [ -156.688775655621413, 20.910254849162744 ], [ -156.688873480367931, 20.91041528316099 ], [ -156.689047439676642, 20.910647445205743 ], [ -156.689171849698681, 20.910796187129655 ], [ -156.689312857030842, 20.910922238471748 ], [ -156.689483274552941, 20.911008085958045 ], [ -156.689654575719715, 20.911092726163556 ], [ -156.689841721212275, 20.911155705742967 ], [ -156.690012491741328, 20.911241070789348 ], [ -156.690180154706553, 20.911330684808505 ], [ -156.690381194377835, 20.911374670667843 ], [ -156.690542669725062, 20.911472743264223 ], [ -156.690751464373477, 20.911506128254498 ], [ -156.690935998914597, 20.911572677168767 ], [ -156.691107451850229, 20.91165711038154 ], [ -156.691289955826051, 20.911726436272716 ], [ -156.691466734338661, 20.911803588740103 ], [ -156.691632747853845, 20.911895459277744 ], [ -156.691797334356352, 20.911989279873424 ], [ -156.691965651154732, 20.912077999900031 ], [ -156.692143661401758, 20.912153468880987 ], [ -156.692313062281983, 20.912240707838482 ], [ -156.692474294539238, 20.912339115020966 ], [ -156.692616011007829, 20.912464200970842 ], [ -156.692745927974784, 20.912605418836158 ], [ -156.692888196555685, 20.912729751708341 ], [ -156.693021307125349, 20.912866603985933 ], [ -156.693166913630762, 20.91298637182026 ], [ -156.693327844950716, 20.913085191426823 ], [ -156.693546535234248, 20.913105049555533 ], [ -156.69370821394844, 20.913202847673436 ], [ -156.693844245936418, 20.913335706849942 ], [ -156.693984888702659, 20.913462261883964 ], [ -156.694132592250583, 20.913579165829763 ], [ -156.694280841463211, 20.913684036095393 ], [ -156.694330432567682, 20.913717062108578 ], [ -156.694511258651005, 20.913807641079572 ], [ -156.694644078636742, 20.913938328807401 ], [ -156.694768070130948, 20.914076394160876 ], [ -156.694903137413291, 20.914205204873699 ], [ -156.695038488225009, 20.914333778216186 ], [ -156.695172911507882, 20.914463127287423 ], [ -156.695287177631286, 20.914609318300489 ], [ -156.695403395859501, 20.914753877648579 ], [ -156.69551385603063, 20.914903247287075 ], [ -156.695638315407621, 20.915040922007677 ], [ -156.695760703410429, 20.915180325984341 ], [ -156.695881675935766, 20.915320235443325 ], [ -156.695906617329598, 20.915348235353555 ], [ -156.695997530423227, 20.915509344851756 ], [ -156.696071477787655, 20.915676242216456 ], [ -156.69612965638467, 20.915848519196732 ], [ -156.69618779740108, 20.916020810106048 ], [ -156.696242170688862, 20.916194385734048 ], [ -156.696265232192104, 20.916378645127708 ], [ -156.696276951487476, 20.916566774440284 ], [ -156.696273192590098, 20.916760183467229 ], [ -156.696309589513191, 20.916939893668129 ], [ -156.696350755296891, 20.91711797594829 ], [ -156.696409212846874, 20.917290158212751 ], [ -156.696404032226326, 20.917480067793811 ], [ -156.696396146536244, 20.91754470201472 ], [ -156.69636382894538, 20.917722892541342 ], [ -156.696370584600089, 20.917908988066504 ], [ -156.696307912441938, 20.918081036523283 ], [ -156.696319770013872, 20.918268165323745 ], [ -156.696339504373924, 20.918456887705883 ], [ -156.696302352642959, 20.918634099986125 ], [ -156.696271172847958, 20.91881251982127 ], [ -156.696254477029754, 20.918993871287704 ], [ -156.696223664021176, 20.919172365580657 ], [ -156.69618560167271, 20.919349393030178 ], [ -156.696151788539595, 20.919527280602512 ], [ -156.696131294365898, 20.919707862854295 ], [ -156.696103730976546, 20.919887015008385 ], [ -156.696076268104747, 20.920066187469935 ], [ -156.696053450198832, 20.920246300357132 ], [ -156.696045095360375, 20.920429339207335 ], [ -156.69603465748304, 20.920611956215751 ], [ -156.696010868791774, 20.920791871755917 ], [ -156.695947168523503, 20.920963711875096 ], [ -156.69591947901074, 20.921142838760495 ], [ -156.69589038094162, 20.92132168022577 ], [ -156.6958477834456, 20.921497790197755 ], [ -156.695790665085525, 20.921670962528886 ], [ -156.695716844136086, 20.92184075416046 ], [ -156.695658400349174, 20.922013657483738 ], [ -156.695644459841134, 20.922191091600098 ], [ -156.695568088901041, 20.922322718463629 ], [ -156.695477343202157, 20.922488160010634 ], [ -156.695439095521493, 20.922665227039424 ], [ -156.695361391866101, 20.922833557283475 ], [ -156.695322290459757, 20.923010434838112 ], [ -156.695281038488986, 20.923186837237854 ], [ -156.695233600428338, 20.923361869267151 ], [ -156.695179492389627, 20.92352864785094 ], [ -156.695129863946192, 20.923688332238225 ], [ -156.695050475681967, 20.923858969306782 ], [ -156.695007394157813, 20.924035300817938 ], [ -156.694965843761082, 20.924211872422212 ], [ -156.694935859612741, 20.924390257277775 ], [ -156.694918681515816, 20.92457065003558 ], [ -156.69489644933924, 20.924750251196595 ], [ -156.694883679768878, 20.924927569989311 ], [ -156.69489077968538, 20.925212297403451 ], [ -156.694903435511179, 20.925392594642574 ], [ -156.694924867539868, 20.925572072181296 ], [ -156.694947286177467, 20.925751457390799 ], [ -156.694981874541298, 20.925925269160782 ], [ -156.695065471319566, 20.926242060443144 ], [ -156.695134497789667, 20.926410773811558 ], [ -156.695206174434986, 20.926578408623225 ], [ -156.695296294202933, 20.926738533718183 ], [ -156.695414856710073, 20.926887078732776 ], [ -156.695565319470433, 20.927020763561423 ] ] } },
{ "type": "Feature", "properties": { "objectid": 257, "island": "Maui", "st_lengthshape": 3964.9275832758481 }, "geometry": { "type": "LineString", "coordinates": [ [ -156.694677862140708, 20.928732691317752 ], [ -156.694477195211164, 20.928828089130455 ], [ -156.694282171457388, 20.928926784930532 ], [ -156.694104580674718, 20.929035670107069 ], [ -156.693969635295701, 20.929169480559647 ], [ -156.6938736677169, 20.929326071807989 ], [ -156.693795645681547, 20.929493152146506 ], [ -156.693797600208825, 20.929706976618512 ], [ -156.693693170730853, 20.929858622166442 ], [ -156.693576781602644, 20.930003278205671 ], [ -156.693534500510339, 20.930187256650392 ], [ -156.693504126813821, 20.930365046883239 ], [ -156.693463532895919, 20.930545411621537 ], [ -156.693408342707443, 20.930719803276205 ], [ -156.693343870848622, 20.930890396821493 ], [ -156.693284748819821, 20.931063179343475 ], [ -156.693244126665803, 20.931243532763304 ], [ -156.693196587875889, 20.931421056485579 ], [ -156.69308928686803, 20.931572607585771 ], [ -156.693066120650286, 20.93176410005243 ], [ -156.693006681606334, 20.931936633404735 ], [ -156.692958407772807, 20.932111530109044 ], [ -156.692904698666894, 20.932285275981645 ], [ -156.692881188834036, 20.932465415447222 ], [ -156.692859867167357, 20.932646017943931 ], [ -156.692830692076797, 20.932824958316964 ], [ -156.692788435322484, 20.933001129184376 ], [ -156.692748187549455, 20.9331777245302 ], [ -156.692731249702803, 20.933359254973176 ], [ -156.692681028726554, 20.933526924475878 ], [ -156.692650302455291, 20.933715041981511 ], [ -156.692581325305099, 20.933894330693679 ], [ -156.69261422985079, 20.93407559608724 ], [ -156.692577496614803, 20.934255510521705 ], [ -156.692576212097748, 20.934436113012893 ], [ -156.69256197067395, 20.934616463489132 ], [ -156.692584891411258, 20.934797535147542 ], [ -156.692583866285503, 20.934978142041079 ], [ -156.692595845151118, 20.935159001581692 ], [ -156.692599863821044, 20.935339706492702 ], [ -156.69259286078082, 20.93552019820412 ], [ -156.692594347406242, 20.935700853508543 ], [ -156.692599872734888, 20.935881587820955 ], [ -156.692615773076312, 20.936062523873868 ], [ -156.692624309926543, 20.936243316075032 ], [ -156.692635850604404, 20.936424166965967 ], [ -156.692571694710693, 20.936603549638658 ], [ -156.692547662930622, 20.936783709830053 ], [ -156.69256949305688, 20.936964760402667 ], [ -156.692638277829957, 20.937146722454514 ], [ -156.692646800216693, 20.937327514446679 ], [ -156.692641669738578, 20.937508042288496 ], [ -156.692597740798647, 20.937687816823427 ], [ -156.692653095906081, 20.93786951774905 ], [ -156.692680877219544, 20.938050684031712 ], [ -156.692661110727244, 20.938230927187558 ], [ -156.692649539951361, 20.938411329964936 ], [ -156.692641375638033, 20.938591798683973 ], [ -156.692632732735206, 20.938772258214552 ], [ -156.692625038249076, 20.938952735085088 ], [ -156.692605541464559, 20.93913298456151 ], [ -156.692584621484997, 20.939313204842115 ], [ -156.692553899072095, 20.939488833376856 ], [ -156.692535904002995, 20.939637696934902 ], [ -156.692508132475837, 20.939816455509639 ], [ -156.692451191436021, 20.939991952330974 ], [ -156.692428765558788, 20.940171307853404 ], [ -156.692366119500718, 20.940346167560786 ], [ -156.692353293131703, 20.940526596596204 ], [ -156.692362021965948, 20.940709433959629 ], [ -156.692350711680348, 20.940890031594478 ], [ -156.692338811193594, 20.941070563443979 ], [ -156.692296957938709, 20.941247747952669 ], [ -156.692282430911462, 20.94142798598023 ], [ -156.692264029938372, 20.941607791408504 ], [ -156.692248439564622, 20.941787910281683 ], [ -156.692251893268377, 20.941970158810793 ], [ -156.692245655989609, 20.942151323513031 ], [ -156.69221897345659, 20.942330203225136 ], [ -156.692151940627014, 20.94250457262217 ], [ -156.692109913868592, 20.942681736602438 ], [ -156.692039634381899, 20.942855743223198 ], [ -156.691989138852392, 20.943031960854263 ], [ -156.691979934219006, 20.943209707136042 ], [ -156.69199352079778, 20.943397606609295 ], [ -156.692004506174698, 20.943578866177017 ], [ -156.692025911306445, 20.943760579209041 ], [ -156.692060465326335, 20.943942864815121 ], [ -156.692107382513655, 20.944125687975738 ], [ -156.692137226784752, 20.944307768059129 ], [ -156.692134447604332, 20.944488429557818 ], [ -156.692144479205155, 20.944669647311972 ], [ -156.692125472256805, 20.944849602451146 ], [ -156.692084142361608, 20.945028586319161 ], [ -156.692049772044101, 20.945207872959159 ], [ -156.692035064601299, 20.945388014485705 ], [ -156.692037567612658, 20.945568905474655 ], [ -156.692043219540494, 20.945749932995344 ], [ -156.692051266290974, 20.945931065169194 ], [ -156.692040317616375, 20.946111370430639 ], [ -156.692036373782742, 20.946291980902256 ], [ -156.692035692216109, 20.94647273305198 ], [ -156.692030685875267, 20.946653296625634 ], [ -156.692025012806084, 20.946833832206973 ], [ -156.692010750700462, 20.947013993260999 ], [ -156.691987989813725, 20.947193784616875 ], [ -156.691970587312937, 20.947366787339817 ], [ -156.69193356277006, 20.94747201007031 ], [ -156.691904912640013, 20.947652193051113 ], [ -156.69184447425593, 20.947823767940527 ], [ -156.691785658347186, 20.947995781954734 ], [ -156.691546632394818, 20.948160627032124 ], [ -156.691433871123877, 20.94830693203982 ], [ -156.691353596328241, 20.94847440116099 ], [ -156.691286797421952, 20.948650650362886 ], [ -156.69117226712126, 20.948795802410871 ], [ -156.691063630902079, 20.948944794359409 ], [ -156.690956278383652, 20.949094623547129 ], [ -156.690860938912692, 20.949252277477516 ], [ -156.690828389438479, 20.949450840660369 ], [ -156.690763941205148, 20.949628622214359 ], [ -156.69064153272862, 20.949768641777876 ], [ -156.690550997929734, 20.949929427201511 ], [ -156.690470610718165, 20.950096824677349 ], [ -156.690397351155099, 20.950268865362492 ], [ -156.690299359813253, 20.950420079614265 ], [ -156.690207113843741, 20.950636227430842 ], [ -156.690092280495065, 20.95078585249091 ], [ -156.689956677720232, 20.950914152959694 ], [ -156.689822591743336, 20.951044011696787 ], [ -156.689685428877794, 20.95117071048444 ], [ -156.689544986570723, 20.95129404339086 ], [ -156.689407251628552, 20.951420155325788 ], [ -156.689258024592334, 20.951534469635515 ], [ -156.689103550633433, 20.951643396596594 ], [ -156.688949014009097, 20.951752258434606 ], [ -156.6888255532632, 20.951893026983349 ], [ -156.688686106135179, 20.952017381226476 ], [ -156.688511095900338, 20.952105224484782 ], [ -156.688373585751066, 20.952226549783187 ], [ -156.688203390633078, 20.952449170339616 ], [ -156.688086431032872, 20.952593056031692 ], [ -156.687969699957165, 20.952737131647787 ], [ -156.687854369692843, 20.952882368482143 ], [ -156.687737786230912, 20.953026566906143 ], [ -156.687617252810327, 20.953167494195082 ], [ -156.687491578142385, 20.953304164338043 ], [ -156.687363764647472, 20.953439062526488 ], [ -156.687241172618457, 20.95357828465599 ], [ -156.687121386258951, 20.953719831186728 ], [ -156.687002643816328, 20.95386224242101 ], [ -156.686813920532558, 20.953945001434228 ], [ -156.686685922992069, 20.954186987227754 ], [ -156.686595842355558, 20.954346526316261 ], [ -156.686520831488735, 20.954513480463788 ], [ -156.6864415603861, 20.95467833862908 ], [ -156.686366251475391, 20.954845145954213 ], [ -156.686254245919201, 20.954991139029662 ], [ -156.686153355398289, 20.955171346524924 ], [ -156.686216029181907, 20.955386914110896 ], [ -156.686162281984906, 20.955560915733006 ], [ -156.686064381191215, 20.955719154463541 ], [ -156.6859049290386, 20.95585541694998 ], [ -156.685852276925942, 20.956029809849756 ], [ -156.685862248662829, 20.956226561025925 ], [ -156.685745626118006, 20.956378114934271 ], [ -156.68563656016039, 20.956532367521362 ], [ -156.685647391091607, 20.956729425633707 ], [ -156.685583113288999, 20.956899668290202 ], [ -156.685514300634196, 20.957068291623774 ], [ -156.685414962024595, 20.95722601635007 ], [ -156.685295630542385, 20.957376603845795 ], [ -156.685224148875534, 20.957544274201727 ], [ -156.685165284471992, 20.957716449453439 ], [ -156.685168912509681, 20.957910936340078 ], [ -156.685106053507894, 20.95807624042034 ], [ -156.685032820845521, 20.95824745558134 ], [ -156.684957910429176, 20.958417798166671 ], [ -156.684914767253758, 20.95859389730623 ], [ -156.684885467168414, 20.958772504315835 ], [ -156.684876967291558, 20.958954880409024 ], [ -156.684848362070397, 20.959133614227976 ], [ -156.684771832759338, 20.95930846510781 ], [ -156.684650817446453, 20.959451806736752 ], [ -156.684542326033039, 20.959601725314357 ], [ -156.684453559458689, 20.959762003011431 ], [ -156.684368379305454, 20.959924165207191 ], [ -156.684289746654599, 20.960089765598131 ], [ -156.684192177381419, 20.960245420152766 ], [ -156.684101895604442, 20.960404903121706 ], [ -156.684033079164237, 20.960575658411241 ], [ -156.683914961113345, 20.96092741872938 ], [ -156.68384547661293, 20.961097823478873 ], [ -156.683766438005534, 20.961261421428404 ] ] } },
{ "type": "Feature", "properties": { "objectid": 258, "island": "Maui", "st_lengthshape": 122.44048990978223 }, "geometry": { "type": "LineString", "coordinates": [ [ -156.683635013221078, 20.963715235803878 ], [ -156.683525513103802, 20.963865937898735 ], [ -156.683420007778182, 20.964018479475005 ], [ -156.683322039819558, 20.964174489885181 ], [ -156.683243721292143, 20.964339545595482 ], [ -156.683230413408779, 20.964534523452286 ], [ -156.68320095045317, 20.96471639742089 ] ] } },
{ "type": "Feature", "properties": { "objectid": 259, "island": "Maui", "st_lengthshape": 231.13397896652674 }, "geometry": { "type": "LineString", "coordinates": [ [ -156.682520618574046, 20.965708965959255 ], [ -156.682377415799607, 20.965829760454405 ], [ -156.682267860836447, 20.965989252491873 ], [ -156.682147301529426, 20.966136088885971 ], [ -156.682000280757592, 20.966252492980161 ], [ -156.681841577416264, 20.966355461858083 ], [ -156.681714940553547, 20.966495308035825 ], [ -156.681599438560511, 20.96664536067987 ], [ -156.681468996099511, 20.966770491701215 ], [ -156.68126716553374, 20.966859877800381 ], [ -156.681193191445004, 20.967031045164507 ], [ -156.68121306289521, 20.967261236582896 ] ] } },
{ "type": "Feature", "properties": { "objectid": 260, "island": "Maui", "st_lengthshape": 1466.9403210704138 }, "geometry": { "type": "LineString", "coordinates": [ [ -156.681084976290265, 20.967947876331696 ], [ -156.680965493508523, 20.968089433729908 ], [ -156.680859997486778, 20.968240866243431 ], [ -156.680736645205258, 20.968372975811008 ], [ -156.680615795282478, 20.968507948479587 ], [ -156.680491527526073, 20.96865468322116 ], [ -156.680359842497523, 20.968798475075481 ], [ -156.680301455117075, 20.968971345863487 ], [ -156.680240407920735, 20.969141688985783 ], [ -156.680188072737536, 20.96927877893409 ], [ -156.680125612947194, 20.969451488516302 ], [ -156.680026530958173, 20.969617715974913 ], [ -156.680018117041556, 20.969799991147045 ], [ -156.680012173895619, 20.969982703608661 ], [ -156.679965439821103, 20.970153268568406 ], [ -156.6799571879952, 20.970293831224691 ], [ -156.679945043850893, 20.970474468975294 ], [ -156.679935264888456, 20.970655097392648 ], [ -156.679929044321909, 20.970835711056218 ], [ -156.679904312723522, 20.971012014463401 ], [ -156.679897784562826, 20.971029894614123 ], [ -156.679925807062858, 20.971234657970225 ], [ -156.679877637213536, 20.971410997024371 ], [ -156.679812709027544, 20.971581083798352 ], [ -156.679764449027573, 20.971757389961681 ], [ -156.679707207076945, 20.971930344580151 ], [ -156.679666791110662, 20.972109575840005 ], [ -156.679615186892249, 20.972284634460831 ], [ -156.679540868856549, 20.972451218594763 ], [ -156.679469946075073, 20.972619069807127 ], [ -156.679402552389774, 20.972788237785906 ], [ -156.679320694421079, 20.972952010018016 ], [ -156.679242643720841, 20.973117202130414 ], [ -156.679162122714928, 20.973281472871072 ], [ -156.6790799848186, 20.973443100983005 ], [ -156.679038085662995, 20.97356458758556 ], [ -156.679079838984393, 20.973758478875212 ], [ -156.679042839808488, 20.973935758948819 ], [ -156.678996088684329, 20.974110981800141 ], [ -156.678942878357446, 20.97428484245755 ], [ -156.678891162875829, 20.974459017838285 ], [ -156.678835256607584, 20.974640020646959 ], [ -156.678747258268544, 20.974801908157186 ], [ -156.678667273099251, 20.974968791917519 ], [ -156.678556697848819, 20.975116604267988 ], [ -156.678450905648333, 20.975267398450896 ], [ -156.678240772590499, 20.975353139499742 ], [ -156.67817770463077, 20.975530570474074 ], [ -156.678094247325873, 20.975695290781836 ], [ -156.67806537615516, 20.975893111027858 ], [ -156.677970362912703, 20.976038538878488 ], [ -156.677885856465053, 20.976202675834088 ], [ -156.677858997546451, 20.976384299027597 ], [ -156.677801788332545, 20.976553166929055 ], [ -156.677785616885672, 20.976720164347391 ], [ -156.677808439041883, 20.976896565528421 ], [ -156.677856092014025, 20.977022323935937 ], [ -156.677897479363054, 20.977194290707789 ], [ -156.677906490494479, 20.977255788571689 ], [ -156.677691462899162, 20.977358226354909 ], [ -156.677489522174824, 20.977325102514399 ], [ -156.677311111559902, 20.977368954186169 ], [ -156.677220918957886, 20.977461604786537 ], [ -156.677031425594606, 20.9775058765964 ], [ -156.676836555039159, 20.977538809770518 ], [ -156.676680000359795, 20.9776415733328 ], [ -156.676565904061135, 20.977851360221603 ], [ -156.676481175224723, 20.978018200439145 ], [ -156.676352527618633, 20.978153015683255 ], [ -156.676233652451231, 20.978294957070514 ], [ -156.676110726887998, 20.978433945322507 ], [ -156.675989655988246, 20.978574286201038 ], [ -156.675867101695786, 20.978713545691512 ], [ -156.675756985302428, 20.97885730476262 ], [ -156.675648233190884, 20.978992104633523 ], [ -156.675570342412868, 20.97915422814328 ] ] } },
{ "type": "Feature", "properties": { "objectid": 261, "island": "Maui", "st_lengthshape": 184.27383894614533 }, "geometry": { "type": "LineString", "coordinates": [ [ -156.675830301761295, 20.979751490310605 ], [ -156.675659923372564, 20.979836197038896 ], [ -156.675524556571332, 20.97997349151132 ], [ -156.675355863501636, 20.98006072856333 ], [ -156.675144675265841, 20.980084142057521 ], [ -156.675023211548961, 20.980242318358108 ], [ -156.674859150292747, 20.980336513490656 ], [ -156.674695023994587, 20.980430611840326 ], [ -156.674530818584884, 20.980524590639511 ], [ -156.674370473632962, 20.980619977403201 ] ] } },
{ "type": "Feature", "properties": { "objectid": 262, "island": "Maui", "st_lengthshape": 136.380261373428 }, "geometry": { "type": "LineString", "coordinates": [ [ -156.67357504447159, 20.981283023661756 ], [ -156.673481114051384, 20.98143635811136 ], [ -156.673323172516746, 20.981720781826525 ], [ -156.673264231294809, 20.981894145244553 ], [ -156.673234732296606, 20.982072680639828 ], [ -156.673225699566984, 20.982254809731355 ], [ -156.673258246280653, 20.982441046784981 ] ] } },
{ "type": "Feature", "properties": { "objectid": 263, "island": "Maui", "st_lengthshape": 318.87599480650999 }, "geometry": { "type": "LineString", "coordinates": [ [ -156.672702581585355, 20.983817135066541 ], [ -156.672541222182332, 20.983931328145534 ], [ -156.672450624325933, 20.98409160630991 ], [ -156.672239740001885, 20.984320892230123 ], [ -156.67208157233577, 20.984467931113109 ], [ -156.672039748274869, 20.984644370566489 ], [ -156.671938582666172, 20.984805813238044 ], [ -156.671838595796203, 20.984967555492474 ], [ -156.671933007193246, 20.985178420235492 ], [ -156.672104047069354, 20.985408649318018 ], [ -156.671991485497188, 20.985567213585728 ], [ -156.671908775118425, 20.985733320621211 ], [ -156.6718582232524, 20.985907553764427 ], [ -156.671826711523352, 20.986086599318103 ], [ -156.671859703494306, 20.986279498659201 ] ] } },
{ "type": "Feature", "properties": { "objectid": 264, "island": "Maui", "st_lengthshape": 20.000439999412553 }, "geometry": { "type": "LineString", "coordinates": [ [ -156.669499693209275, 20.988192261877341 ], [ -156.669655190000498, 20.988086027891192 ] ] } },
{ "type": "Feature", "properties": { "objectid": 265, "island": "Maui", "st_lengthshape": 20.000452934161967 }, "geometry": { "type": "LineString", "coordinates": [ [ -156.669267025423551, 20.990640096415149 ], [ -156.669147954496481, 20.99049829683559 ] ] } },
{ "type": "Feature", "properties": { "objectid": 266, "island": "Maui", "st_lengthshape": 41.846733514696652 }, "geometry": { "type": "LineString", "coordinates": [ [ -156.668236652696635, 20.99103336528837 ], [ -156.668070627826694, 20.991133520641547 ], [ -156.667988012396734, 20.991309719282786 ] ] } },
{ "type": "Feature", "properties": { "objectid": 267, "island": "Maui", "st_lengthshape": 385.01205685343172 }, "geometry": { "type": "LineString", "coordinates": [ [ -156.667552253890591, 20.994085783860996 ], [ -156.667348591403709, 20.994078399995015 ], [ -156.667160527378968, 20.994108944601862 ], [ -156.666834389269354, 20.99430257435354 ], [ -156.666722261871229, 20.994450747283388 ], [ -156.666596070431581, 20.994667325865322 ], [ -156.666478447687524, 20.994812309684786 ], [ -156.666377974857539, 20.994966408706048 ], [ -156.666297418594809, 20.995131094870406 ], [ -156.666187947302973, 20.995280410848654 ], [ -156.666103312659061, 20.995442929733983 ], [ -156.666022983724474, 20.99560773712706 ], [ -156.665926833732925, 20.9957602470908 ], [ -156.66587428143535, 20.995995660172444 ], [ -156.665824991044502, 20.996163776412349 ], [ -156.665727627764426, 20.996388320278072 ], [ -156.665761064815371, 20.996569828550186 ], [ -156.665874260639839, 20.996748890099184 ] ] } },
{ "type": "Feature", "properties": { "objectid": 268, "island": "Maui", "st_lengthshape": 20.000300001603019 }, "geometry": { "type": "LineString", "coordinates": [ [ -156.667287325970364, 20.998100186691751 ], [ -156.667290131766407, 20.997919621474857 ] ] } },
{ "type": "Feature", "properties": { "objectid": 269, "island": "Maui", "st_lengthshape": 252.15679511953687 }, "geometry": { "type": "LineString", "coordinates": [ [ -156.666800744956191, 20.998629232429774 ], [ -156.666604399858585, 20.998685362809354 ], [ -156.666345574517749, 20.998933530478347 ], [ -156.666246415125755, 20.999090388661958 ], [ -156.666171054393629, 20.999254890216811 ], [ -156.666108605632559, 20.999491676409757 ], [ -156.666117459999043, 20.999674186630866 ], [ -156.666100553080526, 20.99985410315848 ], [ -156.666116147477965, 21.000035054225961 ], [ -156.666133286684584, 21.000240890698144 ], [ -156.666218451622115, 21.000411856982414 ], [ -156.666311981217405, 21.000581619572674 ] ] } },
{ "type": "Feature", "properties": { "objectid": 270, "island": "Maui", "st_lengthshape": 19.999980301013363 }, "geometry": { "type": "LineString", "coordinates": [ [ -156.66653138606884, 21.001211416463953 ], [ -156.666627220772938, 21.00105485758916 ] ] } },
{ "type": "Feature", "properties": { "objectid": 271, "island": "Maui", "st_lengthshape": 40.217558199022704 }, "geometry": { "type": "LineString", "coordinates": [ [ -156.666068507174117, 21.004350480365016 ], [ -156.665915365649141, 21.004460334714324 ], [ -156.665801716853309, 21.004607963401568 ] ] } },
{ "type": "Feature", "properties": { "objectid": 272, "island": "Maui", "st_lengthshape": 398.94584833823774 }, "geometry": { "type": "LineString", "coordinates": [ [ -156.661483228870907, 21.003855167283682 ], [ -156.661295111560236, 21.003794835423776 ], [ -156.661105506685914, 21.003753569656929 ], [ -156.66091442861574, 21.003731184152002 ], [ -156.660721926622074, 21.003727042960055 ], [ -156.660529870336688, 21.003717199809525 ], [ -156.660340152412942, 21.003713853184777 ], [ -156.660181089211648, 21.003721348570867 ], [ -156.659985804967164, 21.003708909437229 ], [ -156.659797574162127, 21.003751588743288 ], [ -156.659607209990583, 21.003777588958886 ], [ -156.659417004199298, 21.003804837275304 ], [ -156.659227336656159, 21.003836289924571 ], [ -156.659042429046792, 21.00387279783029 ], [ -156.658845107799664, 21.003873133891631 ], [ -156.658662146035425, 21.003930553639275 ], [ -156.658476843134963, 21.003979128579328 ], [ -156.658291197804175, 21.004026409110008 ], [ -156.658103389434103, 21.004065512788276 ], [ -156.657917804767948, 21.00411302218615 ], [ -156.657753693170804, 21.004221436340771 ] ] } },
{ "type": "Feature", "properties": { "objectid": 273, "island": "Maui", "st_lengthshape": 506.46949868249237 }, "geometry": { "type": "LineString", "coordinates": [ [ -156.654042465258129, 21.004625475260614 ], [ -156.653879469461657, 21.004457774886291 ], [ -156.65370269709959, 21.004384561894291 ], [ -156.653498636241324, 21.004336726754165 ], [ -156.653307111641993, 21.004317942161148 ], [ -156.65311469870673, 21.004315069461779 ], [ -156.652922427232483, 21.004309671909802 ], [ -156.652734525928963, 21.004302458007849 ], [ -156.652413293704711, 21.004322243159194 ], [ -156.652243228242099, 21.004414594568562 ], [ -156.652051362235795, 21.00444485374279 ], [ -156.651877722740039, 21.004527026514502 ], [ -156.651693614275501, 21.004579380307931 ], [ -156.651508190225286, 21.004627985451059 ], [ -156.651317351236059, 21.004661170102288 ], [ -156.651126596011949, 21.004694589564654 ], [ -156.650938254382652, 21.004734887747542 ], [ -156.650746300406581, 21.004764895852798 ], [ -156.65055454066632, 21.004795453632806 ], [ -156.650367147011025, 21.004838450663961 ], [ -156.65018318599715, 21.004891225576877 ], [ -156.650002833413566, 21.004954279261987 ], [ -156.649825292055056, 21.005025339613461 ], [ -156.649650395234005, 21.005103934777381 ], [ -156.649514086884381, 21.005280013933142 ] ] } },
{ "type": "Feature", "properties": { "objectid": 274, "island": "Maui", "st_lengthshape": 202.48242175884974 }, "geometry": { "type": "LineString", "coordinates": [ [ -156.643129556076588, 21.011027329176411 ], [ -156.642887265927783, 21.010925899423569 ], [ -156.642664167403638, 21.010875341712676 ], [ -156.642442848986974, 21.01082950033944 ], [ -156.642240090378039, 21.010832858114942 ], [ -156.642044606508591, 21.010855495137012 ], [ -156.641863783540487, 21.0109169976764 ], [ -156.641698188245215, 21.011018863563717 ], [ -156.641540295693773, 21.011141147965809 ], [ -156.641405546654767, 21.0113171479111 ] ] } },
{ "type": "Feature", "properties": { "objectid": 275, "island": "Maui", "st_lengthshape": 114.26999559820514 }, "geometry": { "type": "LineString", "coordinates": [ [ -156.638612655736523, 21.012932529462578 ], [ -156.638313090719635, 21.012833393392889 ], [ -156.638138023231221, 21.012912071468229 ], [ -156.637983751210442, 21.013020448528646 ], [ -156.637834903784807, 21.013136576182898 ], [ -156.637713081515244, 21.013286549270539 ] ] } },
{ "type": "Feature", "properties": { "objectid": 276, "island": "Maui", "st_lengthshape": 1903.2460792973291 }, "geometry": { "type": "LineString", "coordinates": [ [ -156.507698658057535, 20.937317188290525 ], [ -156.507694221831059, 20.937069293337476 ], [ -156.507628405557909, 20.936877510710964 ], [ -156.507547648656782, 20.936699388691412 ], [ -156.507436397631125, 20.936549143248833 ], [ -156.507293360447363, 20.936427956342651 ], [ -156.507182545096441, 20.936277313526229 ], [ -156.507065567298071, 20.936132303360974 ], [ -156.506940346458578, 20.935994829501592 ], [ -156.506815623543048, 20.935856900545556 ], [ -156.50668717884605, 20.935722374433148 ], [ -156.506563870420536, 20.935583153143682 ], [ -156.506426550564299, 20.93545674088568 ], [ -156.506258974830672, 20.93535798719628 ], [ -156.5061253608431, 20.935228187844061 ], [ -156.505978790354135, 20.935110233216417 ], [ -156.505817385797968, 20.935005838480652 ], [ -156.505647407389915, 20.934909282978214 ], [ -156.505347410202774, 20.934729081820219 ], [ -156.505033163841489, 20.934538137294989 ], [ -156.504870113003989, 20.934434455377737 ], [ -156.50468990458134, 20.934371562285961 ], [ -156.504491256830278, 20.934352502843087 ], [ -156.504278248705702, 20.934367580498428 ], [ -156.504123111740682, 20.934245088314025 ], [ -156.504007984913301, 20.934027483603899 ], [ -156.503794401970794, 20.93404392834217 ], [ -156.503607460039007, 20.933997042994999 ], [ -156.503466037292469, 20.933841950289018 ], [ -156.503314412451175, 20.933711109821076 ], [ -156.503131831457381, 20.933653858095315 ], [ -156.502958525554362, 20.933574558804498 ], [ -156.50278816744148, 20.933488251535959 ], [ -156.502605410870416, 20.933431418381737 ], [ -156.502416362064452, 20.933389542927383 ], [ -156.50224000323982, 20.933317502952743 ], [ -156.502061511479553, 20.93325053131483 ], [ -156.501875770905826, 20.933200793181243 ], [ -156.501692038603437, 20.933146279786907 ], [ -156.501517136310355, 20.933070776950739 ], [ -156.501341444774852, 20.932997150411246 ], [ -156.501167046140722, 20.932920451018578 ], [ -156.500984564204487, 20.932862966535133 ], [ -156.500814246203987, 20.932776568648343 ], [ -156.500637205685479, 20.932706148738635 ], [ -156.500456488221346, 20.932644472907853 ], [ -156.500268559895233, 20.932599935340829 ], [ -156.500089340605768, 20.932534698281234 ], [ -156.499901735706175, 20.93248939487238 ], [ -156.499718827603118, 20.932432928594913 ], [ -156.499529031714815, 20.932392834174109 ], [ -156.499343238239533, 20.932343227195091 ], [ -156.499170258324568, 20.932263162530145 ], [ -156.498979543321411, 20.932225253582285 ], [ -156.498809512497445, 20.932138179053624 ], [ -156.49861607018542, 20.93210675337669 ], [ -156.498426146025167, 20.932066966510785 ], [ -156.498241998395486, 20.932013449380662 ], [ -156.49805565866032, 20.931965140496867 ], [ -156.497822089431025, 20.931895695539069 ], [ -156.497621910815383, 20.931832855592042 ], [ -156.497435556311245, 20.931756030542221 ], [ -156.497265427650859, 20.931662792490233 ], [ -156.497122572643491, 20.931541965532944 ], [ -156.496973519493622, 20.9314274086464 ], [ -156.496865076116364, 20.931271772969765 ], [ -156.496762799058615, 20.931109900017365 ], [ -156.496664049055539, 20.930944458945817 ], [ -156.496642626362274, 20.930905062361031 ], [ -156.496553252055065, 20.930741918618629 ], [ -156.496466995125445, 20.930577879741282 ], [ -156.496457501858544, 20.93039178922497 ], [ -156.496412604075459, 20.930215868895356 ], [ -156.496384888602989, 20.930035012497143 ], [ -156.496359035940486, 20.929853621813763 ], [ -156.496274208827003, 20.929689172270685 ], [ -156.496235389299216, 20.929511506373462 ], [ -156.496175856254069, 20.929339790152405 ], [ -156.49613809140277, 20.929161820990061 ], [ -156.496074655329494, 20.928991226690638 ], [ -156.49597202687545, 20.928831890915639 ], [ -156.495948117680399, 20.928649941831338 ], [ -156.495896963304546, 20.928475818528053 ], [ -156.495813061465867, 20.928311103419922 ], [ -156.495730089911717, 20.928115477645211 ], [ -156.495619215091693, 20.92786762971383 ], [ -156.495518758429228, 20.927713689912906 ], [ -156.49541258656933, 20.927562989842439 ], [ -156.495293165940325, 20.927419803507462 ], [ -156.49517403854918, 20.927276449855338 ], [ -156.494997626363102, 20.927165581197105 ], [ -156.494872839877331, 20.927066833663307 ] ] } },
{ "type": "Feature", "properties": { "objectid": 277, "island": "Maui", "st_lengthshape": 3965.4431520556359 }, "geometry": { "type": "LineString", "coordinates": [ [ -156.49436084406517, 20.926413009419257 ], [ -156.494238932850209, 20.926273318162416 ], [ -156.494159915871109, 20.926102540633622 ], [ -156.494062276470657, 20.925945260096906 ], [ -156.493969537087366, 20.925784427143981 ], [ -156.493870717135621, 20.925628002317634 ], [ -156.493784182397036, 20.925462672660299 ], [ -156.493701147789778, 20.925294808406022 ], [ -156.493614236928693, 20.92512975216896 ], [ -156.493547259024922, 20.92495025025088 ], [ -156.493499211804391, 20.924835706483048 ], [ -156.493387467036825, 20.924627307985709 ], [ -156.493387199725817, 20.92444349120035 ], [ -156.493573289289515, 20.924226049140003 ], [ -156.493538343877333, 20.924048489494979 ], [ -156.493484947283491, 20.923874258792242 ], [ -156.493407165712199, 20.923704428312735 ], [ -156.493348003215544, 20.923531238839111 ], [ -156.493296408508826, 20.923356683333363 ], [ -156.493221526793121, 20.923186330167294 ], [ -156.493143207942069, 20.92301659645932 ], [ -156.493061953179279, 20.922847392955834 ], [ -156.493011570591108, 20.92267261864118 ], [ -156.492958608693641, 20.922498309356161 ], [ -156.492870885597739, 20.922330273060453 ], [ -156.492878562118534, 20.9221450235726 ], [ -156.492839295608348, 20.921968243712623 ], [ -156.492790038334988, 20.921793266486738 ], [ -156.492742624126976, 20.921617956966791 ], [ -156.492709116171739, 20.921440138455864 ], [ -156.492705460192354, 20.921256932842546 ], [ -156.492714267370417, 20.921071478750424 ], [ -156.492659502712371, 20.920897495983141 ], [ -156.492670825643359, 20.920711587658829 ], [ -156.492607551887716, 20.920539139451002 ], [ -156.492592218359675, 20.92035804215628 ], [ -156.492544045105717, 20.920182869544227 ], [ -156.492513729933592, 20.920004474004731 ], [ -156.49247205536895, 20.919828129154624 ], [ -156.49243970552206, 20.9196501019061 ], [ -156.492395647423763, 20.91947418613184 ], [ -156.492366448637654, 20.919295590281774 ], [ -156.492321953073798, 20.91911975384938 ], [ -156.492273536507895, 20.91894462548175 ], [ -156.492211565933331, 20.918771942626446 ], [ -156.492077353603094, 20.918612294742026 ], [ -156.491935150025199, 20.918454088698731 ], [ -156.491769644009423, 20.918300087254966 ], [ -156.49167526287232, 20.918133252069278 ], [ -156.491603326053678, 20.918068225431107 ], [ -156.491488665021279, 20.917877240490959 ], [ -156.491472682959198, 20.91769459507551 ], [ -156.491605165975585, 20.917524497990794 ], [ -156.491873480144903, 20.917365881050532 ], [ -156.49201708162218, 20.917196722561464 ], [ -156.492063216423219, 20.917019327459972 ], [ -156.492076906179761, 20.916839190199514 ], [ -156.49207404715898, 20.916657654950519 ], [ -156.492066683975992, 20.916302258608599 ], [ -156.492091284194231, 20.915906804094558 ], [ -156.492055770974076, 20.915728873005005 ], [ -156.492015292273692, 20.915552168267265 ], [ -156.491953490484178, 20.915380736633132 ], [ -156.491941766008438, 20.915196923963272 ], [ -156.49189466324583, 20.915021857310151 ], [ -156.491798542968468, 20.914858910932075 ], [ -156.4917235780498, 20.914690733209465 ], [ -156.491593069232948, 20.91439591498262 ], [ -156.491397888667478, 20.914045892339093 ], [ -156.491326220515901, 20.913872465490261 ], [ -156.491228655897174, 20.913716176595599 ], [ -156.491140186178086, 20.913553868794256 ], [ -156.491047760041823, 20.913394179985559 ], [ -156.490962829456578, 20.913229529578082 ], [ -156.490867085495211, 20.913072035704673 ], [ -156.490747868503121, 20.912930076512549 ], [ -156.49067332930818, 20.912758550375216 ], [ -156.490585118154343, 20.912596071907174 ], [ -156.490479844982644, 20.912444884685367 ], [ -156.490410011016991, 20.912270244828239 ], [ -156.490301993321225, 20.912120873594937 ], [ -156.490189421696357, 20.911974517042509 ], [ -156.490086935027676, 20.911821486202161 ], [ -156.489974899224933, 20.911674773540085 ], [ -156.489865828097408, 20.911526100821209 ], [ -156.489751209100461, 20.911381098126768 ], [ -156.489626793197232, 20.911242579684778 ], [ -156.489499170117199, 20.911106183735932 ], [ -156.489136565493482, 20.910716030911001 ], [ -156.488693841119385, 20.910354034103275 ], [ -156.488539930382728, 20.910239562139068 ], [ -156.488391147243192, 20.910115468088541 ], [ -156.488208741315702, 20.910054474877334 ], [ -156.488029125935697, 20.909988243148003 ], [ -156.487851097827928, 20.909919034183726 ], [ -156.487669836152548, 20.909855892963332 ], [ -156.487132523137177, 20.909703067728042 ], [ -156.486491625085108, 20.909684095677029 ], [ -156.486302408897501, 20.909722898677909 ], [ -156.486117994877731, 20.909811631517805 ], [ -156.485936350348339, 20.90992915575729 ], [ -156.485748821496742, 20.909985510466448 ], [ -156.485563859921001, 20.910068550692646 ], [ -156.485388565954878, 20.910252119003925 ], [ -156.485210655272908, 20.910408479645106 ], [ -156.485043959326049, 20.910006309997716 ], [ -156.48501598685101, 20.909995071936894 ], [ -156.484880629388897, 20.90986360365736 ], [ -156.48456005050852, 20.90996527942049 ], [ -156.484399542454241, 20.909865469580147 ], [ -156.484306932837484, 20.909680194510077 ], [ -156.484190699720472, 20.909524653042773 ], [ -156.484087355427306, 20.909352889941363 ], [ -156.484031819981965, 20.909260012498983 ], [ -156.483880493136525, 20.909103005680031 ], [ -156.48373837239231, 20.908966656006335 ], [ -156.483578334114924, 20.908838338206873 ], [ -156.483487766616122, 20.908678877619206 ], [ -156.48343777590523, 20.908501227065969 ], [ -156.483394328127844, 20.90832064273696 ], [ -156.483322019595647, 20.908152997159078 ], [ -156.483281179247086, 20.907971244944271 ], [ -156.483242943321983, 20.907788324810078 ], [ -156.483229252150295, 20.907594401379342 ], [ -156.483174021352568, 20.907419099702178 ], [ -156.483117341339863, 20.907244447524597 ], [ -156.48305830299455, 20.907070854012204 ], [ -156.483001229168536, 20.906896378398478 ], [ -156.482898176036372, 20.906742515887434 ], [ -156.482815250953422, 20.906579629189164 ], [ -156.482673258284933, 20.906443222984983 ], [ -156.482562693908164, 20.906292727641731 ], [ -156.482406853358583, 20.906162528743895 ], [ -156.482300642227642, 20.906010082129217 ], [ -156.482182599594637, 20.905862939035899 ], [ -156.482051621785189, 20.905721595123598 ], [ -156.481955615560651, 20.905564572930803 ], [ -156.4818459325368, 20.905413683006657 ], [ -156.481778177107316, 20.905243996721445 ], [ -156.481710324031496, 20.90507435412588 ], [ -156.481600175893192, 20.904923673027845 ], [ -156.481517995613302, 20.904760453752484 ], [ -156.481477905279434, 20.904649190703058 ], [ -156.481475743448271, 20.904467267383779 ], [ -156.481328663290782, 20.904303695875704 ], [ -156.481458079346595, 20.904105112005393 ], [ -156.481427935892555, 20.903926732616309 ], [ -156.481342526575645, 20.903755351141687 ], [ -156.481310467057114, 20.903577215264907 ], [ -156.481233840816913, 20.903404721776155 ], [ -156.481204330314142, 20.903226262316782 ], [ -156.481205526316842, 20.903043914489658 ], [ -156.481182700436221, 20.902864608258703 ], [ -156.481131999165513, 20.90268883215165 ], [ -156.48108188632952, 20.902512981646929 ], [ -156.481059564196102, 20.902333612412093 ], [ -156.481059180096565, 20.902151465204916 ], [ -156.481093493487094, 20.901964923263456 ], [ -156.481140167604337, 20.90177681735376 ], [ -156.481232935008251, 20.901582873901258 ], [ -156.481345959771517, 20.901386365039322 ], [ -156.481392078698661, 20.90119832847143 ], [ -156.481357528684327, 20.900913636565168 ], [ -156.481258346130147, 20.900613699227851 ], [ -156.481253693648142, 20.900425553229148 ], [ -156.481192493610905, 20.900254369898253 ], [ -156.481183440478674, 20.900067544083779 ], [ -156.481081197472747, 20.899908673553483 ], [ -156.481059503479628, 20.899725639589011 ], [ -156.480989400139634, 20.899557127582803 ], [ -156.480939856577891, 20.899382448445817 ], [ -156.480887895025091, 20.899208493899735 ], [ -156.48078469871885, 20.899049909869451 ], [ -156.480718126501586, 20.898880338378675 ], [ -156.480627687354257, 20.898717927149299 ], [ -156.480545043434915, 20.89855317762969 ], [ -156.480483542477685, 20.898382085420838 ], [ -156.480450378775686, 20.898202493035292 ], [ -156.48038089083397, 20.898033796727287 ] ] } },
{ "type": "Feature", "properties": { "objectid": 278, "island": "Maui", "st_lengthshape": 1542.6098339562536 }, "geometry": { "type": "LineString", "coordinates": [ [ -156.478866821247806, 20.895525477137472 ], [ -156.478795390946885, 20.895347891388276 ], [ -156.478733844261228, 20.895162866060751 ], [ -156.478646170766297, 20.894997509866684 ], [ -156.478581249756246, 20.89481502518149 ], [ -156.478476580022914, 20.89466246345815 ], [ -156.47836604873163, 20.894514314416377 ], [ -156.478250230977437, 20.894370145006903 ], [ -156.478171051329667, 20.894198394939679 ], [ -156.478036592955533, 20.894068258822706 ], [ -156.477889423665459, 20.893947691013505 ], [ -156.477711488212719, 20.89385028472752 ], [ -156.477538902842639, 20.893698857073517 ], [ -156.47728510423633, 20.893487982814069 ], [ -156.47711728940854, 20.893393946134378 ], [ -156.476974228799008, 20.893273391368069 ], [ -156.476817684917762, 20.893167280908006 ], [ -156.476657148671705, 20.893065446269645 ], [ -156.476492503605101, 20.892968013935675 ], [ -156.4763263746338, 20.892872170347641 ], [ -156.476168098040944, 20.892767916353275 ], [ -156.476026881986485, 20.892645388185905 ], [ -156.475879145539466, 20.892529843372131 ], [ -156.475741444172485, 20.892403549391691 ], [ -156.475600687657106, 20.892280529305307 ], [ -156.475455123804977, 20.892162658760665 ], [ -156.475322682700295, 20.892030730363071 ], [ -156.475169157578591, 20.891921387410047 ], [ -156.475015222761527, 20.891812483420821 ], [ -156.474864386575263, 20.891700260834199 ], [ -156.474730348760289, 20.891570043860838 ], [ -156.474616080510998, 20.891418651233639 ], [ -156.473922113999691, 20.890896954269223 ], [ -156.472984200075871, 20.890937618067305 ], [ -156.472798373145167, 20.890986373834505 ], [ -156.472625271091289, 20.891100286071818 ], [ -156.472435156587977, 20.891127084977718 ], [ -156.472241999722513, 20.891138308494984 ], [ -156.472055798132857, 20.8911851436837 ], [ -156.471878571783805, 20.891277940775097 ], [ -156.471725786585921, 20.891495886842158 ], [ -156.471500281791833, 20.891341472128033 ], [ -156.471314050558988, 20.89138815975226 ], [ -156.471124812456594, 20.891419451284801 ], [ -156.470937189236963, 20.891459007414849 ], [ -156.470752453125584, 20.891513353387399 ], [ -156.470567833769536, 20.891568293188769 ], [ -156.470387587145837, 20.891645627517224 ], [ -156.469812496337653, 20.89171211013392 ], [ -156.469212517455276, 20.892101970320912 ], [ -156.469076418418069, 20.892230407423767 ], [ -156.468927593600824, 20.892348859251726 ], [ -156.468761064331602, 20.892453418236911 ], [ -156.468599318185341, 20.892561729990771 ], [ -156.468452207248703, 20.892681526792515 ], [ -156.468305596794693, 20.892801716406048 ], [ -156.468174861971477, 20.892934362977439 ], [ -156.468045436528257, 20.893068038289339 ], [ -156.467928476557404, 20.893211494396009 ], [ -156.46783520542391, 20.893373540359352 ], [ -156.467706308468991, 20.89350762949298 ], [ -156.467606345534392, 20.893664424077173 ], [ -156.46754888918133, 20.893851647528127 ] ] } },
{ "type": "Feature", "properties": { "objectid": 279, "island": "Maui", "st_lengthshape": 649.69856153942715 }, "geometry": { "type": "LineString", "coordinates": [ [ -156.461004377827436, 20.896896504800214 ], [ -156.460802640545637, 20.896865311041239 ], [ -156.460608759379909, 20.8968734273449 ], [ -156.460402997356056, 20.896822086260368 ], [ -156.460192501635021, 20.896747053541166 ], [ -156.460009484840327, 20.896809545904333 ], [ -156.459826584983063, 20.896872617658087 ], [ -156.459646475357431, 20.896949660780489 ], [ -156.459519381014644, 20.896977996471445 ], [ -156.4593284432041, 20.897044790893741 ], [ -156.45913007887907, 20.897099156234688 ], [ -156.458936729293271, 20.89710291113742 ], [ -156.45874387848599, 20.89710164132925 ], [ -156.458554212382438, 20.897068234503365 ], [ -156.458363391109202, 20.897046482185576 ], [ -156.458171880925931, 20.897031690764528 ], [ -156.457980419637778, 20.897016396036165 ], [ -156.457788556693089, 20.897005154594225 ], [ -156.457594065661795, 20.897020438286543 ], [ -156.457406074229453, 20.896970132834049 ], [ -156.457217687871065, 20.896923827509077 ], [ -156.457031832577854, 20.896851981185851 ], [ -156.45684360304989, 20.896804085074919 ], [ -156.456653740069726, 20.896772669599756 ], [ -156.456461297519439, 20.896767286968565 ], [ -156.456271080284466, 20.896739453957615 ], [ -156.456079315368157, 20.896727225214203 ], [ -156.455890265348899, 20.896687619909535 ], [ -156.455700513914309, 20.896655086361065 ], [ -156.455512319776432, 20.896606848967945 ], [ -156.45531982678898, 20.896601972654683 ], [ -156.455131939840811, 20.896550632530783 ], [ -156.454933355279394, 20.896607209878493 ] ] } },
{ "type": "Feature", "properties": { "objectid": 280, "island": "Maui", "st_lengthshape": 731.37915051780124 }, "geometry": { "type": "LineString", "coordinates": [ [ -156.453391404303375, 20.89602166615013 ], [ -156.453204160421222, 20.896097659600951 ], [ -156.453013519674897, 20.896125064671569 ], [ -156.452821427503778, 20.896131731610712 ], [ -156.452629762004705, 20.896144483055245 ], [ -156.452438844598902, 20.896167952994748 ], [ -156.452247064514381, 20.896179067131111 ], [ -156.452058899122989, 20.896241885664839 ], [ -156.451867912751425, 20.896264367041528 ], [ -156.451675818351532, 20.896270989295992 ], [ -156.451483890987078, 20.896280009231411 ], [ -156.451292545609903, 20.896297347968968 ], [ -156.451101384477965, 20.896317314884122 ], [ -156.45091075236536, 20.896344865748109 ], [ -156.450719666957156, 20.896365919549311 ], [ -156.450529716591433, 20.896403212557253 ], [ -156.45033861407606, 20.896424022783098 ], [ -156.450146234071525, 20.896426560607093 ], [ -156.449954390963967, 20.896436784525573 ], [ -156.449764207394423, 20.896470753195413 ], [ -156.449572669970252, 20.896485342266747 ], [ -156.449045049211691, 20.896610315513524 ], [ -156.448486239020355, 20.896787575127664 ], [ -156.448285660449528, 20.896824225539508 ], [ -156.44810196272519, 20.896887386119669 ], [ -156.44794469252443, 20.896992048686847 ], [ -156.447861759449921, 20.897213452917562 ], [ -156.447534749077363, 20.897540266347178 ], [ -156.447148288031599, 20.897855208527016 ], [ -156.447124931209117, 20.898034383585497 ] ] } },
{ "type": "Feature", "properties": { "objectid": 281, "island": "Maui", "st_lengthshape": 706.60029598221149 }, "geometry": { "type": "LineString", "coordinates": [ [ -156.44663703163468, 20.89904266568869 ], [ -156.446440104281095, 20.899030423676262 ], [ -156.446250590224508, 20.899060209503713 ], [ -156.446063930534422, 20.899106180776702 ], [ -156.445648939545976, 20.898961866522811 ], [ -156.445454679257466, 20.898964745341086 ], [ -156.44526607083418, 20.898999662156637 ], [ -156.445080428040086, 20.899051392703633 ], [ -156.444896221011675, 20.899111267917821 ], [ -156.444702167557239, 20.899115315502012 ], [ -156.444509323837906, 20.899126223148208 ], [ -156.444314814503599, 20.899127689297057 ], [ -156.444124048420605, 20.899150372524961 ], [ -156.443916021218655, 20.899161924494887 ], [ -156.443530158734575, 20.899077228084899 ], [ -156.443366556093309, 20.899185468658921 ], [ -156.443194274010466, 20.899269959255758 ], [ -156.443019019381723, 20.899346317882994 ], [ -156.442840833577776, 20.899414656209807 ], [ -156.442656814067561, 20.899467033104251 ], [ -156.442475075300536, 20.899525653182394 ], [ -156.442287079647684, 20.899567149764319 ], [ -156.442096822302574, 20.899602458996778 ], [ -156.4418928750693, 20.899600311140759 ], [ -156.441711027605322, 20.899658632583517 ], [ -156.441540525542052, 20.899747996605914 ], [ -156.441347942933049, 20.899776945325033 ], [ -156.44116689213007, 20.899837445943856 ], [ -156.441079451940908, 20.900154083805944 ], [ -156.440907753485675, 20.900240175135405 ], [ -156.440738012452243, 20.900331623611223 ], [ -156.440434447459495, 20.900478033079327 ] ] } },
{ "type": "Feature", "properties": { "objectid": 282, "island": "Maui", "st_lengthshape": 2615.841237473946 }, "geometry": { "type": "LineString", "coordinates": [ [ -156.440597289424005, 20.901369468524649 ], [ -156.440409750318025, 20.901429594616523 ], [ -156.440237120221752, 20.901511308329081 ], [ -156.440074382756023, 20.901607348343916 ], [ -156.439935549519276, 20.901738003372078 ], [ -156.439585559636669, 20.901894583276224 ], [ -156.439433013312993, 20.902005381569165 ], [ -156.439275181375734, 20.902108526041488 ], [ -156.439098451853368, 20.902184302751465 ], [ -156.438931924320201, 20.902274856486677 ], [ -156.438774489429449, 20.902378575216872 ], [ -156.438608836492421, 20.902470394033703 ], [ -156.438425177879196, 20.902536138694369 ], [ -156.43823431225394, 20.902591446792009 ], [ -156.437935222727475, 20.902490035942026 ], [ -156.437758504389137, 20.902565830288452 ], [ -156.437574360566344, 20.902630871477559 ], [ -156.437392192472601, 20.902698775390132 ], [ -156.437204451996081, 20.902758608446053 ], [ -156.437060195038413, 20.902881410888106 ], [ -156.436713332611333, 20.903235989601431 ], [ -156.436498375480141, 20.903202757137475 ], [ -156.436307593668204, 20.903236382037676 ], [ -156.436112824408667, 20.903258976662716 ], [ -156.435900569170883, 20.903233215755169 ], [ -156.435691436041679, 20.903216088914093 ], [ -156.435518082150139, 20.903297907542854 ], [ -156.435326798159025, 20.903330142342277 ], [ -156.435132748240704, 20.90335472486997 ], [ -156.434940445510478, 20.903384142236018 ], [ -156.434747795864979, 20.903412598903586 ], [ -156.434551930640055, 20.903432161374493 ], [ -156.434360302291793, 20.903463441841367 ], [ -156.434181324937953, 20.903529709744301 ], [ -156.434008535280952, 20.90361309179826 ], [ -156.433830921304377, 20.903683129511389 ], [ -156.433651673748869, 20.903748648766953 ], [ -156.433477906326658, 20.903829324912323 ], [ -156.433296396430592, 20.903888588818713 ], [ -156.433138317866678, 20.904012656044273 ], [ -156.432660847929867, 20.904410612793697 ], [ -156.432497056281733, 20.904506446605279 ], [ -156.432321374353364, 20.904587517911612 ], [ -156.432141830505742, 20.904663795268 ], [ -156.431967255761066, 20.904746240776056 ], [ -156.431801751725317, 20.904839949767918 ], [ -156.431631011049518, 20.90492715573043 ], [ -156.431478804338695, 20.905037374237363 ], [ -156.431363670470233, 20.905193619960905 ], [ -156.431266601877496, 20.905372297952397 ], [ -156.431174199306611, 20.905556767693493 ], [ -156.431188739068347, 20.905874015815044 ], [ -156.431024099948417, 20.905968799605532 ], [ -156.430909564186749, 20.90612579066287 ], [ -156.430568139871042, 20.906300277843204 ], [ -156.430385011936949, 20.906372104764696 ], [ -156.43022603358844, 20.90647391702117 ], [ -156.430082221450704, 20.906594558763395 ], [ -156.429977472092389, 20.906763702109277 ], [ -156.429841113767964, 20.906893598481332 ], [ -156.429678627578113, 20.906991055057546 ], [ -156.429519474042166, 20.907092650828634 ], [ -156.429374912694414, 20.907212363246874 ], [ -156.429199721068812, 20.907294045911932 ], [ -156.429029346028784, 20.907381708525925 ], [ -156.428866298963641, 20.907478469586302 ], [ -156.428663281874776, 20.907525602428027 ], [ -156.428518644179945, 20.907645221675569 ], [ -156.428378886054645, 20.907770898636585 ], [ -156.4282389009268, 20.907896293951026 ], [ -156.428097387448048, 20.908019792606925 ], [ -156.427943993560547, 20.908015149846339 ], [ -156.427787013503092, 20.908126982815226 ], [ -156.427579879443499, 20.908135114138993 ], [ -156.427365378742024, 20.908128016203328 ], [ -156.427188840585586, 20.908199409537204 ], [ -156.427073828049458, 20.908257379251008 ], [ -156.426916813635813, 20.908296637337681 ], [ -156.426729248765753, 20.908341640421959 ], [ -156.426546762481223, 20.908398890802626 ], [ -156.426370919007582, 20.908472162678244 ], [ -156.426185308528744, 20.908521876978341 ], [ -156.426017747631363, 20.908615125167881 ], [ -156.425846500567246, 20.908699482816576 ], [ -156.425703349411663, 20.908851602350925 ], [ -156.425508071191274, 20.908878001019929 ], [ -156.425297516595066, 20.908867557805074 ], [ -156.425065412120745, 20.908805142225656 ], [ -156.424850335685733, 20.908783791985314 ], [ -156.424652694026946, 20.90880449200008 ], [ -156.424485912769342, 20.908899621114664 ], [ -156.42432820486539, 20.90901663301787 ], [ -156.424145344292754, 20.90907298116062 ], [ -156.424021384589452, 20.909105062352928 ], [ -156.423851951302794, 20.90920914625362 ], [ -156.42368342475342, 20.909316441679682 ], [ -156.423511525851524, 20.909411783238724 ], [ -156.423339732752709, 20.909507499996852 ], [ -156.42316655507895, 20.909598310132548 ], [ -156.422990299651474, 20.909678205545248 ], [ -156.422834264660395, 20.9096895525837 ], [ -156.422805257034582, 20.90969007449565 ], [ -156.422611987826855, 20.909710509358504 ], [ -156.422417754867496, 20.909752014603697 ], [ -156.422229125444346, 20.909671038920077 ], [ -156.422048283902143, 20.909419832686574 ], [ -156.421943606374469, 20.909282082125397 ], [ -156.421779463040394, 20.909126219101061 ], [ -156.421595228808798, 20.909058788396599 ], [ -156.421459444020968, 20.908926107949426 ], [ -156.421319631854317, 20.908798852536325 ], [ -156.421161386418731, 20.908696420708768 ], [ -156.421022519896837, 20.908567892757674 ], [ -156.420866954057317, 20.908461854403566 ], [ -156.420711057020895, 20.908356260560673 ], [ -156.420551961703183, 20.908254975612714 ], [ -156.42039245353709, 20.908154245892948 ], [ -156.420225671299676, 20.908063312620815 ], [ -156.420041085161245, 20.907996355424327 ], [ -156.419850683465086, 20.907937232096572 ], [ -156.419650656966922, 20.907891069428818 ], [ -156.419377173265929, 20.907943830812606 ] ] } },
{ "type": "Feature", "properties": { "objectid": 283, "island": "Maui", "st_lengthshape": 628.47266734515438 }, "geometry": { "type": "LineString", "coordinates": [ [ -156.41757995647626, 20.907546850009251 ], [ -156.417370791408757, 20.907459809241253 ], [ -156.417168401170187, 20.907413070809802 ], [ -156.416966846364062, 20.907371307047363 ], [ -156.416766201245309, 20.907334949755008 ], [ -156.416568852298752, 20.907318203122614 ], [ -156.416373037186418, 20.907310583268607 ], [ -156.416178610283708, 20.907311222124392 ], [ -156.415987828119938, 20.907333549047181 ], [ -156.415799308667545, 20.907369335899141 ], [ -156.415609334740822, 20.907396469841213 ], [ -156.415421789145682, 20.907438049463888 ], [ -156.41522911217001, 20.907449098690631 ], [ -156.415052394769788, 20.90755511004949 ], [ -156.414879628624021, 20.907684634356727 ], [ -156.414697913799102, 20.907760914392892 ], [ -156.414530173761335, 20.907920340282455 ], [ -156.414319794045582, 20.907826062538327 ], [ -156.414088730093255, 20.907608698903662 ], [ -156.413880788963041, 20.907528922716363 ], [ -156.413680419441874, 20.907494196618359 ], [ -156.413487512340168, 20.907503873404242 ], [ -156.413295476204269, 20.90751873397971 ], [ -156.413101617878169, 20.907522751986615 ], [ -156.41290041684033, 20.907483079936167 ], [ -156.412704323208573, 20.90747379575178 ], [ -156.41251764711302, 20.907520553375214 ], [ -156.412327693811164, 20.90754780488443 ], [ -156.41214499135333, 20.907618205610827 ], [ -156.411971214317305, 20.907741722591812 ] ] } },
{ "type": "Feature", "properties": { "objectid": 284, "island": "Maui", "st_lengthshape": 325.69788972218839 }, "geometry": { "type": "LineString", "coordinates": [ [ -156.410765983731693, 20.909376960544964 ], [ -156.410348573394714, 20.909414419739704 ], [ -156.410038041019902, 20.909231680966233 ], [ -156.409810223251213, 20.90920611701149 ], [ -156.409597963537351, 20.909210113500475 ], [ -156.409391217925531, 20.90922458916906 ], [ -156.409202334005073, 20.909273006782151 ], [ -156.409010982357955, 20.909316733275052 ], [ -156.408825320548601, 20.90937127212484 ], [ -156.408639394357152, 20.909425309259596 ], [ -156.408561457338834, 20.909684550678662 ], [ -156.408411626030556, 20.90980717739432 ], [ -156.408268560961631, 20.909942661666829 ], [ -156.408147363871279, 20.910119698798884 ] ] } },
{ "type": "Feature", "properties": { "objectid": 285, "island": "Maui", "st_lengthshape": 23.160726513259615 }, "geometry": { "type": "LineString", "coordinates": [ [ -156.407285461925483, 20.910518592884429 ], [ -156.407063477233748, 20.910504108983208 ] ] } },
{ "type": "Feature", "properties": { "objectid": 286, "island": "Maui", "st_lengthshape": 1385.9266725857574 }, "geometry": { "type": "LineString", "coordinates": [ [ -156.403221150976208, 20.912515490843365 ], [ -156.403020203204932, 20.912496763712127 ], [ -156.402818199537592, 20.912473460751006 ], [ -156.402625368080862, 20.912489892811767 ], [ -156.402442720712997, 20.912550452459442 ], [ -156.402234211520124, 20.912498959494229 ], [ -156.402062399081359, 20.912606458965193 ], [ -156.401891750532627, 20.912719003174114 ], [ -156.401705551321442, 20.91276417074657 ], [ -156.401513550081404, 20.912784203978799 ], [ -156.401317165068491, 20.912785240538053 ], [ -156.401114093936826, 20.912757311913747 ], [ -156.400882282317724, 20.912604854996371 ], [ -156.400660928366619, 20.912497709897462 ], [ -156.400459123046943, 20.912475256796188 ], [ -156.400268822714054, 20.912502656734944 ], [ -156.400079469170095, 20.912534158195303 ], [ -156.399882237974538, 20.912531525397103 ], [ -156.399674490828971, 20.912483330161308 ], [ -156.399472012536393, 20.912457962004456 ], [ -156.399277220512403, 20.912465895913602 ], [ -156.39908210572122, 20.912472432445924 ], [ -156.398884864956926, 20.912469754114117 ], [ -156.398690964251642, 20.912481553499234 ], [ -156.398507608728124, 20.912539039050678 ], [ -156.398313805450243, 20.912551257511474 ], [ -156.398087206801108, 20.912421373456294 ], [ -156.397870137886343, 20.912332778413216 ], [ -156.397665537992907, 20.912298210728828 ], [ -156.397469242577273, 20.912299628893461 ], [ -156.397278350536567, 20.912324458595407 ], [ -156.397090385388481, 20.912361971145433 ], [ -156.396908384842476, 20.912425330734973 ], [ -156.396727065361716, 20.912491642969819 ], [ -156.396544103562888, 20.912550835163138 ], [ -156.396362297505732, 20.912615038571545 ], [ -156.396182479512248, 20.91268785662324 ], [ -156.396001947067674, 20.912757580255569 ], [ -156.395815692274965, 20.912802504724425 ], [ -156.39562205057274, 20.912815423165107 ], [ -156.395432003464094, 20.912843916627185 ], [ -156.395150092500899, 20.912872263158668 ], [ -156.394712400934424, 20.913083067209609 ], [ -156.394381637038634, 20.913230442006352 ], [ -156.394215693139188, 20.913324141775547 ], [ -156.394041472168965, 20.913400374429287 ], [ -156.39387516911404, 20.913493317156167 ], [ -156.393715080910738, 20.913599375820013 ], [ -156.393565862225074, 20.913728378851669 ], [ -156.39336665264122, 20.913751867999252 ], [ -156.393192114702856, 20.913827432149098 ], [ -156.393020436602427, 20.913909030337699 ], [ -156.392850506730127, 20.913994319795378 ], [ -156.392667312479489, 20.914051611542256 ], [ -156.392480661122192, 20.914101608333663 ], [ -156.392277836478456, 20.914117466732147 ], [ -156.391632744479551, 20.914203902111161 ], [ -156.391452124806193, 20.914316933584566 ], [ -156.391275472593435, 20.914465594095386 ], [ -156.391101169303568, 20.914635355181463 ], [ -156.39093643850498, 20.914891069442998 ] ] } },
{ "type": "Feature", "properties": { "objectid": 287, "island": "Maui", "st_lengthshape": 807.52257282389292 }, "geometry": { "type": "LineString", "coordinates": [ [ -156.389399472167298, 20.914969176774349 ], [ -156.389204293364315, 20.914951473050987 ], [ -156.389012355823439, 20.914962882981655 ], [ -156.388823568921993, 20.915002585374925 ], [ -156.388636402635711, 20.915056836812187 ], [ -156.388450782642707, 20.91512498789622 ], [ -156.38826561987068, 20.91519724298114 ], [ -156.388077961774769, 20.915247082040146 ], [ -156.387887585468434, 20.915272511737236 ], [ -156.387695261761507, 20.91528045713974 ], [ -156.387501858186567, 20.915278691687071 ], [ -156.387315224835874, 20.915337746697446 ], [ -156.387126858735542, 20.915381234781734 ], [ -156.386937993821334, 20.915420234975176 ], [ -156.386672155368075, 20.915451369850622 ], [ -156.386338979051345, 20.915270994667207 ], [ -156.386145858665174, 20.915284435417423 ], [ -156.385958134719004, 20.915323135979627 ], [ -156.385771491366881, 20.915366897201569 ], [ -156.385586130356046, 20.91541666206102 ], [ -156.385380104864566, 20.915369678433866 ], [ -156.385189819436448, 20.915396387619879 ], [ -156.38500669604511, 20.915456627773729 ], [ -156.384815145833443, 20.915477417809516 ], [ -156.384620796271406, 20.915485097527156 ], [ -156.384428511994713, 20.915502448586434 ], [ -156.384248466650547, 20.915577101479833 ], [ -156.384060234628322, 20.915613425669154 ], [ -156.383888857971158, 20.91572866939574 ], [ -156.38371158208372, 20.91581629317708 ], [ -156.383526507987341, 20.915867405349967 ], [ -156.383338339493662, 20.91590402851434 ], [ -156.38283150029244, 20.916124566804985 ], [ -156.382365256516437, 20.916518118447385 ], [ -156.382297293083582, 20.916744916305817 ] ] } },
{ "type": "Feature", "properties": { "objectid": 288, "island": "Maui", "st_lengthshape": 204.06212436325791 }, "geometry": { "type": "LineString", "coordinates": [ [ -156.379058871790477, 20.919194966322522 ], [ -156.37878036054903, 20.919113460701698 ], [ -156.3785687580515, 20.919134560912397 ], [ -156.378392233076909, 20.919209454216798 ], [ -156.378245606870451, 20.919330198112682 ], [ -156.378103678906257, 20.919458146662706 ], [ -156.378022497539177, 20.919679253187081 ], [ -156.377905103050352, 20.9198448269862 ], [ -156.377759008385624, 20.919966386594325 ], [ -156.377645473238857, 20.92013787814513 ] ] } },
{ "type": "Feature", "properties": { "objectid": 289, "island": "Maui", "st_lengthshape": 264.23404055777308 }, "geometry": { "type": "LineString", "coordinates": [ [ -156.375881254926071, 20.922386803863365 ], [ -156.375705452613602, 20.922459749405835 ], [ -156.375508544769673, 20.922486150826821 ], [ -156.375415753315622, 20.922432745911443 ], [ -156.375306790145686, 20.922190171008669 ], [ -156.375063327978467, 20.922003528009192 ], [ -156.374854843760289, 20.921958270162861 ], [ -156.37465019106105, 20.921928500927599 ], [ -156.37444970193755, 20.921915564364348 ], [ -156.374254296579153, 20.921923172761925 ], [ -156.37407376137881, 20.921990892949815 ], [ -156.373894281687313, 20.922062881651708 ], [ -156.373738622601053, 20.922231165767634 ] ] } },
{ "type": "Feature", "properties": { "objectid": 290, "island": "Maui", "st_lengthshape": 40.180050250866685 }, "geometry": { "type": "LineString", "coordinates": [ [ -156.371300290785797, 20.923707950655285 ], [ -156.371140293553907, 20.923809591850521 ], [ -156.371003594409643, 20.923937493974236 ] ] } },
{ "type": "Feature", "properties": { "objectid": 291, "island": "Maui", "st_lengthshape": 162.28498440083166 }, "geometry": { "type": "LineString", "coordinates": [ [ -156.370815412684948, 20.92485332460377 ], [ -156.370683550595459, 20.9249866801172 ], [ -156.370534768147849, 20.92510096458243 ], [ -156.370387079642171, 20.925216481003769 ], [ -156.370204596062109, 20.925292778897319 ], [ -156.370023627729978, 20.92537078376558 ], [ -156.369871272710157, 20.925481040823367 ], [ -156.369741826531936, 20.925617120525267 ], [ -156.369618232494446, 20.925759796324929 ] ] } },
{ "type": "Feature", "properties": { "objectid": 292, "island": "Maui", "st_lengthshape": 212.4037601447998 }, "geometry": { "type": "LineString", "coordinates": [ [ -156.370133605182986, 20.928268159045626 ], [ -156.370099079325712, 20.928451610513026 ], [ -156.370037491740106, 20.928623583869928 ], [ -156.369967901655627, 20.928678039610155 ], [ -156.369774128874894, 20.928731988374793 ], [ -156.369585537974046, 20.92879301214985 ], [ -156.369414221973528, 20.928877612069915 ], [ -156.369257880209091, 20.928982653192215 ], [ -156.36911391559272, 20.929104586996907 ], [ -156.368960332907704, 20.929213392836147 ], [ -156.368792241127295, 20.929302395357887 ], [ -156.368627936434933, 20.9293965653813 ] ] } },
{ "type": "Feature", "properties": { "objectid": 293, "island": "Maui", "st_lengthshape": 61.904372087635494 }, "geometry": { "type": "LineString", "coordinates": [ [ -156.367856853441509, 20.929211354082696 ], [ -156.367661390879761, 20.929208465540491 ], [ -156.367460101799878, 20.929173425497016 ], [ -156.367275803202546, 20.929232147322288 ] ] } },
{ "type": "Feature", "properties": { "objectid": 294, "island": "Maui", "st_lengthshape": 221.97459490064278 }, "geometry": { "type": "LineString", "coordinates": [ [ -156.364321695707559, 20.930599512562942 ], [ -156.36413121352021, 20.930647957275998 ], [ -156.363961626343723, 20.930732889418731 ], [ -156.363808554275607, 20.930846656473289 ], [ -156.363638967678668, 20.93093158826489 ], [ -156.363459418278751, 20.930999123162852 ], [ -156.363292750003978, 20.931089151152563 ], [ -156.363129473929661, 20.931185100854965 ], [ -156.362945528333995, 20.931244960654404 ], [ -156.362764510611527, 20.931309931423197 ], [ -156.362586460808217, 20.93138008511399 ], [ -156.362398402606743, 20.931432764395787 ] ] } },
{ "type": "Feature", "properties": { "objectid": 295, "island": "Maui", "st_lengthshape": 415.5709722733526 }, "geometry": { "type": "LineString", "coordinates": [ [ -156.359390968001918, 20.933198162818446 ], [ -156.359191909946418, 20.933196929264675 ], [ -156.358994448152288, 20.93320139281515 ], [ -156.358793692738971, 20.933194094238349 ], [ -156.358593510727161, 20.933188842946052 ], [ -156.358392476918851, 20.933180546450501 ], [ -156.358194333375707, 20.933182573453248 ], [ -156.357993406321953, 20.933174660048433 ], [ -156.35780025368345, 20.933194517573771 ], [ -156.35761379186826, 20.933238283111809 ], [ -156.357431101862602, 20.933295519632647 ], [ -156.357256475255298, 20.933381568076914 ], [ -156.357085405045922, 20.933480322181122 ], [ -156.356917571088303, 20.933590637593202 ], [ -156.356756643841919, 20.93372562732992 ], [ -156.356589633165981, 20.933838886684619 ], [ -156.356419328889956, 20.933940378507742 ], [ -156.356248807305974, 20.934041098444183 ], [ -156.356076006819677, 20.934133672554623 ], [ -156.355889575240411, 20.934177545760598 ], [ -156.355714813965562, 20.934263115454641 ] ] } }
]
}
