{
"type": "FeatureCollection",
"name": "SLR_Coastal_Erosion_(Line)_-_0.5_Ft._Scenario",
"crs": { "type": "name", "properties": { "name": "urn:ogc:def:crs:OGC:1.3:CRS84" } },
"features": [
{ "type": "Feature", "properties": { "objectid": 1, "island": "Oahu", "st_lengthshape": 12269.021253418952 }, "geometry": { "type": "LineString", "coordinates": [ [ -158.234454387237832, 21.579548661844573 ], [ -158.234259531515193, 21.579591012981883 ], [ -158.234066034356545, 21.579596502417242 ], [ -158.233872034777079, 21.579615611435539 ], [ -158.233678129726655, 21.579632165723655 ], [ -158.233485767137097, 21.579606871258171 ], [ -158.233296695802125, 21.579492308035647 ], [ -158.233107551562767, 21.579379724616302 ], [ -158.232917076855927, 21.579303234646314 ], [ -158.232726088446157, 21.579240693066765 ], [ -158.23253431483738, 21.579199439099956 ], [ -158.23234221451969, 21.579167050703873 ], [ -158.232149656652552, 21.579147087742918 ], [ -158.231957032457814, 21.579128907651441 ], [ -158.231765626571075, 21.579077706691496 ], [ -158.231573280921879, 21.579051977370362 ], [ -158.231381107691021, 21.579021592278831 ], [ -158.231189133030512, 21.57898580890846 ], [ -158.230996351304867, 21.578971923761355 ], [ -158.230803631603692, 21.57895636098479 ], [ -158.230610945898661, 21.57893985675565 ], [ -158.230418681856804, 21.578911923893138 ], [ -158.230226695108712, 21.578876495322866 ], [ -158.230034849467245, 21.57883723116727 ], [ -158.229843597004134, 21.578781885543059 ], [ -158.229652485551327, 21.578722734150034 ], [ -158.229461039455288, 21.578672646137985 ], [ -158.22926858657064, 21.578649851676669 ], [ -158.229076167467042, 21.578626161838979 ], [ -158.228883966217552, 21.578596545301391 ], [ -158.228691113150745, 21.57858461222277 ], [ -158.228496438910298, 21.578622023750992 ], [ -158.228300588131304, 21.578691345514898 ], [ -158.228103847391196, 21.578784768573442 ], [ -158.227907056906872, 21.578879511994518 ], [ -158.227710390151401, 21.578970910301674 ], [ -158.227514593896757, 21.579038719910624 ], [ -158.227319871396048, 21.57907741721997 ], [ -158.227125788273469, 21.579098807309681 ], [ -158.226932094413939, 21.57910962870293 ], [ -158.226738330536705, 21.579122354904911 ], [ -158.226545376574535, 21.579113149966275 ], [ -158.226353485625538, 21.579075111865244 ], [ -158.226161005694706, 21.579053056315921 ], [ -158.225969717243373, 21.578998733319949 ], [ -158.225778093901511, 21.57895347459311 ], [ -158.22558561991508, 21.57893125940641 ], [ -158.225392800749233, 21.578918388502128 ], [ -158.225197712193562, 21.578967009542822 ], [ -158.225002710453765, 21.579013268254347 ], [ -158.22480772103421, 21.579059186193806 ], [ -158.224612685224713, 21.579106357663083 ], [ -158.224416574887385, 21.579182621955184 ], [ -158.22422203323606, 21.579216389085325 ], [ -158.224028890974125, 21.579212274863156 ], [ -158.223837132587931, 21.579170681256596 ], [ -158.223645602314292, 21.579122916180467 ], [ -158.223454355483739, 21.579067482890881 ], [ -158.223263878735992, 21.578991193408783 ], [ -158.223075039012315, 21.578870596626981 ], [ -158.222885559597188, 21.578767312920696 ], [ -158.222693456717195, 21.578735067935945 ], [ -158.222501289522171, 21.578704575108254 ], [ -158.222308976807341, 21.57867801767663 ], [ -158.222116533110466, 21.578655021683257 ], [ -158.22192440573005, 21.578623449671891 ], [ -158.221732587890926, 21.578583491335468 ], [ -158.221540539627966, 21.578549801588032 ], [ -158.221346251174424, 21.578576728399636 ], [ -158.221154937254198, 21.578523134309343 ], [ -158.220962275984789, 21.578506044481202 ], [ -158.220769166568459, 21.578501059353503 ], [ -158.220576909952257, 21.578472982416418 ], [ -158.220384904023518, 21.578438144173678 ], [ -158.220192717404416, 21.578408209648938 ], [ -158.220000206754008, 21.578387036767868 ], [ -158.219807574345964, 21.578369132649364 ], [ -158.219614592678795, 21.578360722744105 ], [ -158.219420881496006, 21.578372019574672 ], [ -158.219226778259781, 21.578393927968744 ], [ -158.219033099633577, 21.578404365326293 ], [ -158.218839325108377, 21.578417372298169 ], [ -158.218645738002209, 21.578425324266313 ], [ -158.218144348521292, 21.57847367602551 ], [ -158.217962825292716, 21.57853744420845 ], [ -158.217789398587115, 21.578628291106799 ], [ -158.217614931737785, 21.578715655587644 ], [ -158.217434388171057, 21.578782700044105 ], [ -158.217250823279613, 21.578839641376184 ], [ -158.217067097881369, 21.578896048717244 ], [ -158.216877019818043, 21.57893120777026 ], [ -158.216685747064929, 21.578962373197353 ], [ -158.216493173387164, 21.578989185829084 ], [ -158.216294992946501, 21.578997251658404 ], [ -158.216096081911729, 21.579002870005493 ], [ -158.215903381874369, 21.579029264869924 ], [ -158.215715930692028, 21.579073210071098 ], [ -158.215531998589995, 21.579128922685133 ], [ -158.215350895722565, 21.579194098409367 ], [ -158.215174008261641, 21.579273375723556 ], [ -158.214995945999505, 21.579348721858025 ], [ -158.214819525935354, 21.579429562132542 ], [ -158.21467529577464, 21.579618057991041 ], [ -158.214526291810614, 21.579790589087807 ], [ -158.214368286224101, 21.579933015599529 ], [ -158.214210539348358, 21.580076308667429 ], [ -158.214041393334952, 21.580181480422567 ], [ -158.213851890781626, 21.580218569322899 ], [ -158.213658995281463, 21.580244310134834 ], [ -158.213477790604628, 21.580309153519806 ], [ -158.213296980479441, 21.580375313975487 ], [ -158.213112877936794, 21.5804304647117 ], [ -158.212933381545156, 21.580501021689226 ], [ -158.212750159189113, 21.580559114162536 ], [ -158.212557096091842, 21.580584297272459 ], [ -158.212360831819666, 21.580598773708964 ], [ -158.212156216580325, 21.580585317604442 ], [ -158.211959660081362, 21.58059881375916 ], [ -158.211766448816292, 21.580623501968027 ], [ -158.211575846552591, 21.580656913268854 ], [ -158.211385783088588, 21.58069212745588 ], [ -158.211198178671822, 21.580735564434264 ], [ -158.211010661412189, 21.580779297035807 ], [ -158.210831911256747, 21.580852349639873 ], [ -158.210658537335405, 21.58094338700483 ], [ -158.210483280940622, 21.581028128222279 ], [ -158.210305379318839, 21.581104022874037 ], [ -158.210111417703871, 21.581126198533628 ], [ -158.209915144967113, 21.581140646724677 ], [ -158.209719003135518, 21.581155529858883 ], [ -158.209533658431184, 21.581206528407815 ], [ -158.209348231061398, 21.581257251708713 ], [ -158.20916197441835, 21.581305200013006 ], [ -158.208975158881856, 21.581351278945185 ], [ -158.208790368660317, 21.581404135853777 ], [ -158.208612745618268, 21.581480964138624 ], [ -158.208434632881477, 21.581556153772485 ], [ -158.208253606582559, 21.5816215984153 ], [ -158.208066826431036, 21.581667797537747 ], [ -158.207880145779313, 21.58171432938618 ], [ -158.207694966741371, 21.581765885866613 ], [ -158.207506680723156, 21.581807048644482 ], [ -158.207307511629921, 21.581811806825449 ], [ -158.207165703464909, 21.58180385093382 ], [ -158.207087794952344, 21.581800149020022 ], [ -158.206892411020988, 21.581773912379649 ], [ -158.206696603785844, 21.581741523786803 ], [ -158.206500833398195, 21.581709658232441 ], [ -158.206304680882056, 21.581672244417803 ], [ -158.206108793402109, 21.581638681190686 ], [ -158.205913346347103, 21.581611521602497 ], [ -158.205719357194624, 21.581605576061122 ], [ -158.205526617389353, 21.581617802599851 ], [ -158.20533747141809, 21.581682328059632 ], [ -158.205146739572569, 21.581723778231758 ], [ -158.204952612540495, 21.581715823695326 ], [ -158.204757771430508, 21.581697482303596 ], [ -158.204560834724276, 21.581648640528034 ], [ -158.204363811358604, 21.581598536005021 ], [ -158.204166321021631, 21.581541640583627 ], [ -158.203968967768247, 21.581486733151468 ], [ -158.203773254788416, 21.581455686816511 ], [ -158.203578733611664, 21.581441998294725 ], [ -158.203385301414187, 21.581444144803054 ], [ -158.203193309688061, 21.581467255037971 ], [ -158.203000466166856, 21.581477969413406 ], [ -158.202807262919379, 21.581483458162552 ], [ -158.202615367725144, 21.581507968518558 ], [ -158.202424791150293, 21.58155167399455 ], [ -158.202237555830692, 21.581644018297911 ], [ -158.202050975114844, 21.58174589588895 ], [ -158.201866511656647, 21.581878587938853 ], [ -158.201684053500742, 21.58204047043543 ], [ -158.201498943505271, 21.582163755069519 ], [ -158.201313946785376, 21.582288696936342 ], [ -158.201202805916523, 21.582362802278951 ], [ -158.201039259472225, 21.582452082321172 ], [ -158.200845921011705, 21.582502758974329 ], [ -158.200652694460501, 21.582516822311845 ], [ -158.200459507881703, 21.582517789381797 ], [ -158.200266371076395, 21.5825026526885 ], [ -158.200073273237848, 21.582474799169795 ], [ -158.199880185146981, 21.58244360275631 ], [ -158.199687112731851, 21.58240763514188 ], [ -158.199494047735016, 21.582369281362698 ], [ -158.199301045762013, 21.582310166668524 ], [ -158.199108013605752, 21.58226096412648 ], [ -158.198915049066926, 21.582190180372237 ], [ -158.198722131959499, 21.582103608152192 ], [ -158.198529171453004, 21.582031638669072 ], [ -158.198336188026587, 21.581966853894823 ], [ -158.198143185053283, 21.581908635893782 ], [ -158.197950122265325, 21.581869732877291 ], [ -158.197757019728755, 21.581843856112215 ], [ -158.197563896203405, 21.58182478461762 ], [ -158.197370754140536, 21.581811717959106 ], [ -158.197177612483642, 21.581798585128421 ], [ -158.196984473867815, 21.581784382419453 ], [ -158.196791339383452, 21.581768737621431 ], [ -158.196598207415292, 21.581752470144298 ], [ -158.196405094781596, 21.58173007994349 ], [ -158.19621215574054, 21.581651554384756 ], [ -158.19601933346479, 21.581535281758896 ], [ -158.195826496291488, 21.581424039182338 ], [ -158.195633581429831, 21.581337767919269 ], [ -158.195440579444522, 21.581279732943734 ], [ -158.195247406768061, 21.58127693306632 ], [ -158.195054162631322, 21.581297033845193 ], [ -158.194860929092727, 21.581313985068132 ], [ -158.194667653523453, 21.581344124235297 ], [ -158.194474276698514, 21.58140688760086 ], [ -158.194280874300489, 21.581477913447113 ], [ -158.194087508189227, 21.581537283096385 ], [ -158.193894151886212, 21.581593456204523 ], [ -158.193700821683052, 21.581641222730862 ], [ -158.193507476273851, 21.581693633523791 ], [ -158.193314078594398, 21.581762786324134 ], [ -158.193120673263849, 21.581834509134687 ], [ -158.192927165934833, 21.581938906716662 ], [ -158.192733656661744, 21.582043605803523 ], [ -158.192540196549231, 21.582132589616545 ], [ -158.192346763965077, 21.582212907568163 ], [ -158.192153331024741, 21.582293078026801 ], [ -158.191959941622287, 21.582359266883451 ], [ -158.191766691221147, 21.582380698139335 ], [ -158.191573438332767, 21.582403264776776 ], [ -158.191380153971323, 21.582435494190328 ], [ -158.191186845796835, 21.582475651818299 ], [ -158.190993520148169, 21.582521199034577 ], [ -158.1908002384734, 21.582552723099692 ], [ -158.19060709133268, 21.582541244029649 ], [ -158.19041407223088, 21.582489004126259 ], [ -158.190221003298745, 21.582452531430899 ], [ -158.190027832590602, 21.582448801253634 ], [ -158.189834652428345, 21.58244798980845 ], [ -158.189641506687138, 21.58243613018734 ], [ -158.189448372469144, 21.582420644006916 ], [ -158.189255222685432, 21.582410046019799 ], [ -158.189062041369084, 21.582409630282292 ], [ -158.1888688578737, 21.58240960730468 ], [ -158.188675655043227, 21.582416179090622 ], [ -158.188482468962377, 21.582417141300319 ], [ -158.188289319237725, 21.582406725592293 ], [ -158.188096194967528, 21.582388109298307 ], [ -158.187903061269168, 21.582372407219335 ], [ -158.187709972951353, 21.5823425121634 ], [ -158.187495299271717, 21.582282134446711 ], [ -158.187266517052279, 21.582188080697648 ], [ -158.187088427542534, 21.582114811007088 ], [ -158.186913687550913, 21.582031242959879 ], [ -158.186743255274365, 21.581934439660166 ], [ -158.186573318552831, 21.581836113612162 ], [ -158.186403131468552, 21.581738554996168 ], [ -158.186232149529673, 21.581643441540756 ], [ -158.186054512357856, 21.581568780787183 ], [ -158.18587473875013, 21.581500690931527 ], [ -158.185681486202725, 21.581474030671433 ], [ -158.18549404212348, 21.581429515093181 ], [ -158.185316323055901, 21.581355107935281 ], [ -158.18513755746477, 21.581283920735533 ], [ -158.184931858036379, 21.581295514309552 ], [ -158.184704317375889, 21.581374237973311 ], [ -158.184486667625038, 21.581422562179085 ], [ -158.184275536862458, 21.581450847310762 ], [ -158.184066383489437, 21.581473054514287 ], [ -158.183858148033664, 21.581492440006592 ], [ -158.183660321806485, 21.581479835032411 ], [ -158.183469506285491, 21.581445679326844 ], [ -158.183279498744724, 21.581409043824305 ], [ -158.183096831251106, 21.581349850105443 ], [ -158.182919219740796, 21.581275114810634 ], [ -158.18273666561214, 21.581215571630906 ], [ -158.182547022242744, 21.58117781773549 ], [ -158.182362968544567, 21.581122884247915 ], [ -158.182197047947909, 21.581012221782469 ], [ -158.182078988472824, 21.580754468379862 ], [ -158.181919060103894, 21.580625390551347 ], [ -158.18178788105439, 21.580407959661109 ], [ -158.181598468037606, 21.580369498458396 ], [ -158.181427637447484, 21.580273928302489 ], [ -158.181239574196155, 21.580231322049116 ], [ -158.181050251013517, 21.580192586029355 ], [ -158.180859036839877, 21.580159664940158 ], [ -158.180652439510368, 21.580174016065982 ], [ -158.180361609085651, 21.580119554252015 ], [ -158.180171392954577, 21.580077537896877 ], [ -158.179980009135051, 21.580049255012511 ], [ -158.179788470257506, 21.58002279337412 ], [ -158.179596323215776, 21.580003486433913 ], [ -158.179402925592711, 21.579998890964504 ], [ -158.179209312806165, 21.579996829247726 ], [ -158.179016341374847, 21.579987228596032 ], [ -158.178822866201841, 21.579983549961046 ], [ -158.178627301425422, 21.58000443692384 ], [ -158.178211559047867, 21.580030363526372 ], [ -158.178019556254469, 21.580063774493166 ], [ -158.177831214023882, 21.58010713747144 ], [ -158.177631307571943, 21.580119065049654 ], [ -158.177449595781667, 21.580180450418453 ], [ -158.17726935456065, 21.58024583331828 ], [ -158.177082484512681, 21.58029319859865 ], [ -158.176891586566484, 21.580329613108148 ], [ -158.176705218578746, 21.580378344625359 ], [ -158.176521314333002, 21.580433770814778 ], [ -158.176338831181653, 21.580493059681913 ], [ -158.176162837550294, 21.580569991086886 ], [ -158.175982917786456, 21.580636251387194 ], [ -158.175806605135705, 21.580712314432965 ], [ -158.175631684960251, 21.580792165953593 ], [ -158.175461059614264, 21.580883691038931 ], [ -158.175291663109391, 21.580978555698955 ], [ -158.175114237648785, 21.581051598621595 ], [ -158.174938282690562, 21.581128636391718 ], [ -158.174753312415675, 21.581181167924122 ], [ -158.174565622361428, 21.581226305616603 ], [ -158.174425297907192, 21.58125946891127 ], [ -158.174390971010183, 21.581269064851465 ], [ -158.174196407492673, 21.581317918197556 ], [ -158.174001692263772, 21.581372382689281 ], [ -158.173807155419212, 21.581420234700584 ], [ -158.173613047375994, 21.581452240578418 ], [ -158.173420174910433, 21.581438577475001 ], [ -158.173228771428853, 21.581370657616322 ], [ -158.173196631528327, 21.581357230226246 ], [ -158.173027836046401, 21.581269296598922 ], [ -158.172864595326217, 21.581172417494116 ], [ -158.172703028603848, 21.581072842573914 ], [ -158.172561481172494, 21.580941024055999 ], [ -158.172409863044152, 21.58082542621165 ], [ -158.172235787033486, 21.580746000298504 ], [ -158.17205669570734, 21.580674653070677 ], [ -158.171879083395908, 21.58060092162097 ], [ -158.171714672460638, 21.580505929198974 ], [ -158.171559725443728, 21.580395693089983 ], [ -158.171414713205081, 21.580269456779362 ], [ -158.171269814298228, 21.580143038417777 ], [ -158.171112124806399, 21.580037222310239 ], [ -158.170937520168962, 21.579958648900469 ], [ -158.17076382623398, 21.579878607250425 ], [ -158.170590287483321, 21.579798317752349 ], [ -158.170416792799671, 21.579717956926054 ], [ -158.17023876138893, 21.579644903776469 ], [ -158.170060066304472, 21.579572917701626 ], [ -158.169881382114454, 21.579500916135107 ], [ -158.169702335466184, 21.579429497998579 ], [ -158.16951076122254, 21.579378255910473 ], [ -158.169336011085932, 21.579299917737142 ], [ -158.169172390049056, 21.579203654780731 ], [ -158.169011183930166, 21.579103504500978 ], [ -158.16884969338949, 21.579003810691074 ], [ -158.16847662655556, 21.578852305657701 ], [ -158.168284162536395, 21.578790820043199 ], [ -158.16809131966474, 21.578761545119644 ], [ -158.16789823902198, 21.578752439731417 ], [ -158.167704873179872, 21.578767565472347 ], [ -158.167511386104337, 21.578792915433471 ], [ -158.167162302680339, 21.578862238700953 ], [ -158.16698046575101, 21.578923792636839 ], [ -158.16680098977784, 21.578990672171582 ], [ -158.166631565479491, 21.579080224660299 ], [ -158.166474530045434, 21.579197722516184 ], [ -158.166293141569554, 21.579260288865107 ], [ -158.166103469130093, 21.579304169397908 ], [ -158.165912376694678, 21.579344847159152 ], [ -158.165719045144584, 21.579380475038981 ], [ -158.165525458911048, 21.579415526832516 ], [ -158.165344668631604, 21.579479443949804 ], [ -158.165174358948065, 21.57956700111562 ], [ -158.16500733889572, 21.579661978221232 ], [ -158.164844102391896, 21.579765491684533 ], [ -158.164680334525173, 21.57986780617086 ], [ -158.164517677335823, 21.579972626760686 ], [ -158.164356757314295, 21.580081365954555 ], [ -158.164193150869977, 21.580184044831991 ], [ -158.164018236849387, 21.580261218907328 ], [ -158.16384124103331, 21.580333696239158 ], [ -158.163667410862899, 21.580413313739218 ], [ -158.16348690274728, 21.580477869822563 ], [ -158.163359366630829, 21.580509806009847 ], [ -158.163297029500086, 21.580521997231095 ], [ -158.163103901699429, 21.580539274332654 ], [ -158.162910719852249, 21.580538381117112 ], [ -158.162717489314076, 21.580521087435944 ], [ -158.162524202708937, 21.580485159066956 ], [ -158.162330891309836, 21.580440625164332 ], [ -158.162137566620345, 21.580391705716028 ], [ -158.161944203025797, 21.580329591231511 ], [ -158.161750807938944, 21.580256695718411 ], [ -158.161557402771876, 21.58018055119453 ], [ -158.161364020445006, 21.580112053210694 ], [ -158.161170641741421, 21.580044468394195 ], [ -158.160977161475017, 21.579942892138121 ], [ -158.160783768452461, 21.579870487002776 ], [ -158.160590455551244, 21.579825116334703 ], [ -158.160397173426929, 21.579790014905566 ], [ -158.160203916429396, 21.579763307162452 ], [ -158.160010650606864, 21.579733787673852 ], [ -158.159817383599545, 21.579703650913398 ], [ -158.159624118859227, 21.57967414092343 ], [ -158.159430901505004, 21.579660875548441 ], [ -158.159237689684318, 21.579649169300421 ], [ -158.159044461199528, 21.579632156893268 ], [ -158.158851252556758, 21.579621587634584 ], [ -158.158658047909341, 21.579612507027214 ], [ -158.158464867436237, 21.579611621342224 ], [ -158.15827173185582, 21.579626038879471 ], [ -158.158078659890123, 21.579661702501532 ], [ -158.157885652059036, 21.579719510219082 ], [ -158.157692681662041, 21.579789863843725 ], [ -158.157499645676552, 21.579837954561846 ], [ -158.157306667907477, 21.57990618553216 ], [ -158.157113640668712, 21.579957392675091 ], [ -158.156920627215328, 21.58001353961976 ], [ -158.156727730145008, 21.580108963578983 ], [ -158.15653494125948, 21.580241549574687 ], [ -158.156342001638592, 21.58032287662455 ], [ -158.156149097227029, 21.58041643245986 ], [ -158.155956228873237, 21.580522228827888 ], [ -158.155763262101885, 21.580594455694978 ], [ -158.155570226723654, 21.580643324691707 ], [ -158.155377130217204, 21.580671560605133 ], [ -158.155183993282549, 21.580686101888421 ], [ -158.154990816243242, 21.580686569103911 ], [ -158.15479760309853, 21.580674779975187 ], [ -158.154604396754507, 21.58066565397035 ], [ -158.154411188747019, 21.580655655019797 ], [ -158.154217984677189, 21.580647146525735 ], [ -158.154024778807553, 21.580637622343311 ], [ -158.153831579881171, 21.58063073327861 ], [ -158.1536383066979, 21.580598389466836 ], [ -158.153444960214102, 21.580540942349405 ], [ -158.15325156221428, 21.580465629418057 ], [ -158.153058199364693, 21.580402582316491 ], [ -158.152864939058475, 21.580374588603963 ], [ -158.152671722535558, 21.580361335256779 ], [ -158.152478548740078, 21.580362827688752 ], [ -158.152285386506293, 21.580368475733327 ], [ -158.15195868427702, 21.580412133883534 ], [ -158.151768127490953, 21.580445406121186 ], [ -158.151579435464612, 21.580485036039903 ], [ -158.151398488711635, 21.580551069098036 ], [ -158.15121574420624, 21.580610975668716 ], [ -158.151029133538003, 21.580657702063963 ], [ -158.150841184533931, 21.580699864522799 ], [ -158.150655902421363, 21.580751117125704 ], [ -158.150468287525683, 21.580794418278717 ], [ -158.150282316630381, 21.580843327061984 ], [ -158.15009679548649, 21.58089376743532 ], [ -158.149909184052603, 21.580937080613513 ], [ -158.149715760383259, 21.580960580601932 ], [ -158.149523619006715, 21.580988446863 ], [ -158.149335955203696, 21.581031583853893 ], [ -158.149154200892895, 21.58109486748485 ], [ -158.148968372227273, 21.581144262450863 ], [ -158.148784247181652, 21.581199464122918 ], [ -158.148600152314913, 21.581254767828931 ], [ -158.148415487188288, 21.581308129651848 ], [ -158.14823525308762, 21.581376599390271 ], [ -158.148058573032785, 21.581457184026704 ], [ -158.147874627214861, 21.581512998112007 ], [ -158.147694825401658, 21.581582944761294 ], [ -158.147520687547228, 21.581672199381313 ], [ -158.147338250800601, 21.581733161095425 ], [ -158.147157760958777, 21.581800761033993 ], [ -158.1469766535254, 21.58186625261871 ], [ -158.146787179167632, 21.581903218730488 ], [ -158.146596342001658, 21.581935536725759 ], [ -158.146405789788901, 21.581968828953272 ], [ -158.146213432547455, 21.581995964776269 ], [ -158.146021728669211, 21.582025327063626 ], [ -158.145830821123184, 21.582057406209056 ], [ -158.145636829198025, 21.582078968757223 ], [ -158.145446435707328, 21.582112802746249 ], [ -158.145271010877735, 21.582197673945945 ], [ -158.145091048001433, 21.582267070318146 ], [ -158.144904712837359, 21.582314742450421 ], [ -158.144720900268794, 21.582371013510993 ], [ -158.144542233302218, 21.582444831889354 ], [ -158.14435916282946, 21.582503637759839 ], [ -158.144182789974735, 21.582585280377916 ], [ -158.144009954726414, 21.582678982783722 ], [ -158.143830451846156, 21.582749952085734 ], [ -158.143641308028691, 21.58278805006081 ], [ -158.143452238953756, 21.58282639845212 ], [ -158.143264886545694, 21.58287060425188 ], [ -158.14307395562787, 21.582902604176581 ], [ -158.142874550641949, 21.582905710188641 ], [ -158.142678344329312, 21.582919724158675 ], [ -158.142470373604823, 21.582893616604288 ], [ -158.142270295388755, 21.582894427332199 ], [ -158.142068950242447, 21.58289091471341 ], [ -158.141873363188836, 21.582907037717483 ], [ -158.141689389744045, 21.582962762487501 ], [ -158.141490230899194, 21.582966706487952 ], [ -158.141301376999195, 21.583005789816315 ], [ -158.141117984608343, 21.583063498158054 ], [ -158.140934983127721, 21.583122541769335 ], [ -158.140750900195343, 21.583177894512861 ], [ -158.140567883301287, 21.583236883426419 ], [ -158.140386708848411, 21.583302158660583 ], [ -158.140206525611603, 21.583370813112577 ], [ -158.140024261032636, 21.583432367419181 ], [ -158.139838427593617, 21.583481754696336 ], [ -158.139656006493595, 21.583542777470218 ], [ -158.13948394186832, 21.583639117042882 ], [ -158.139302465377142, 21.583703363211871 ], [ -158.139118079084909, 21.583757688053392 ], [ -158.138926468330652, 21.583787371388095 ], [ -158.138731830480225, 21.583806732544339 ], [ -158.138590990994999, 21.583825871288838 ], [ -158.138533638172049, 21.583832268979815 ], [ -158.138337611552828, 21.583862678629369 ], [ -158.138141356741784, 21.583896053719425 ], [ -158.137945477518684, 21.583924544785912 ], [ -158.137750494844198, 21.583941409541595 ], [ -158.137557727125341, 21.583929539393658 ], [ -158.137365393703135, 21.583912029371348 ], [ -158.137173256026585, 21.583891976091895 ], [ -158.136979842904651, 21.583888471281089 ], [ -158.136786825289931, 21.583879841348207 ], [ -158.136595434849141, 21.583850100218303 ], [ -158.136404061277233, 21.583820134908063 ], [ -158.136211118165875, 21.583810530803305 ], [ -158.136018059934656, 21.583802427373726 ], [ -158.13582511264508, 21.583792886944543 ], [ -158.135634854902662, 21.58374844642314 ], [ -158.135446828337791, 21.583675075092856 ], [ -158.135325726156111, 21.583595137163581 ], [ -158.135291267706322, 21.583555790161437 ], [ -158.135133693452019, 21.583443327247888 ], [ -158.134966411951012, 21.583350871642626 ], [ -158.134787621912835, 21.583282130653544 ], [ -158.134616654184015, 21.58319727143979 ], [ -158.134446323273266, 21.583111099072795 ], [ -158.134284512951467, 21.583007368470042 ], [ -158.134110598471239, 21.582928583430022 ], [ -158.133937083175027, 21.582848974557155 ], [ -158.133760057418215, 21.582776599954975 ], [ -158.133578036725112, 21.582714519021103 ], [ -158.133394857384104, 21.582654825039107 ], [ -158.133212390104063, 21.582593665594406 ], [ -158.133029526940675, 21.582533320589992 ], [ -158.13284608207195, 21.582474175723341 ], [ -158.132660300165725, 21.582419844589612 ], [ -158.132287524413641, 21.582323208131033 ], [ -158.13209666680072, 21.582290807706642 ], [ -158.131905143599909, 21.582265405149531 ], [ -158.131712676765488, 21.582249889970868 ], [ -158.131517658844615, 21.582261135204881 ], [ -158.131323389976018, 21.582264522502527 ], [ -158.131129923779213, 21.582259488409218 ], [ -158.130934165003396, 21.582278499460298 ], [ -158.130737211970825, 21.582310032758148 ], [ -158.130545134733467, 21.582290433876228 ], [ -158.130354768035346, 21.582252899860038 ], [ -158.130164808459142, 21.582211098164279 ], [ -158.129974588348887, 21.582172021432914 ], [ -158.129781542812111, 21.582162576546413 ], [ -158.12948014683559, 21.582200079843155 ], [ -158.129283171460742, 21.582185390227075 ], [ -158.129092607114956, 21.582215738966585 ], [ -158.128902642508677, 21.58225029064911 ], [ -158.12871345273166, 21.582290291112916 ], [ -158.128529463115825, 21.582366816969355 ], [ -158.128348975325366, 21.58246794406077 ], [ -158.128167355497965, 21.582561119393461 ], [ -158.127982638529488, 21.582632543690291 ], [ -158.127795078528493, 21.582683992602355 ], [ -158.127600695307223, 21.582687518582713 ], [ -158.127409510891368, 21.582713508509475 ], [ -158.127215564221018, 21.582720098938363 ], [ -158.127018124112823, 21.582702142828186 ], [ -158.126819626458087, 21.582676762011072 ], [ -158.126620704386283, 21.582648396526263 ], [ -158.126422842751992, 21.582627476979365 ], [ -158.126224315656799, 21.582601889322607 ], [ -158.126027190074353, 21.58258613985965 ], [ -158.125833205587639, 21.58259245926196 ], [ -158.125641592862536, 21.582615439209349 ], [ -158.125450323002667, 21.582640829266335 ], [ -158.125260388601731, 21.582675605475661 ], [ -158.125072431004384, 21.582724268460129 ], [ -158.124884700378686, 21.582774522449256 ], [ -158.124693309726496, 21.582799065385739 ], [ -158.12450241670183, 21.582827104260641 ], [ -158.124312123220818, 21.582859357834028 ], [ -158.124118288495822, 21.582866732116432 ], [ -158.123927500946934, 21.5828955125927 ], [ -158.123483044710724, 21.582930420990817 ], [ -158.12330021768696, 21.582999384512249 ], [ -158.123130337450107, 21.583086669698645 ], [ -158.122968015622121, 21.583184651310749 ], [ -158.122805959827076, 21.583283010886639 ], [ -158.122663237043241, 21.583408729380086 ], [ -158.122548271619678, 21.583573732166005 ], [ -158.122431187888083, 21.583721543275459 ] ] } },
{ "type": "Feature", "properties": { "objectid": 2, "island": "Oahu", "st_lengthshape": 341.28455541548379 }, "geometry": { "type": "LineString", "coordinates": [ [ -158.118745322711618, 21.582029848687082 ], [ -158.118573853402438, 21.582116923831862 ], [ -158.118411249947428, 21.582215175008532 ], [ -158.118253787213234, 21.582319908202585 ], [ -158.118094287250813, 21.582422071954532 ], [ -158.117930060242713, 21.582518276819652 ], [ -158.117765594328233, 21.582614181216432 ], [ -158.117615446684511, 21.582728136736598 ], [ -158.117465441640377, 21.582842271746692 ], [ -158.117317838597387, 21.582959434070371 ], [ -158.117170404027178, 21.583076809452447 ], [ -158.117023240501453, 21.583194526723396 ], [ -158.116876318307391, 21.583312547782562 ], [ -158.116731558447754, 21.583433295864303 ], [ -158.116588592829544, 21.583556305565043 ], [ -158.116446908602228, 21.583680930930534 ], [ -158.116307986787291, 21.583809038165558 ], [ -158.116196542878953, 21.583958214405804 ] ] } },
{ "type": "Feature", "properties": { "objectid": 3, "island": "Oahu", "st_lengthshape": 1031.9167038712308 }, "geometry": { "type": "LineString", "coordinates": [ [ -158.117086386365145, 21.588888630515424 ], [ -158.116893112817394, 21.588888618149163 ], [ -158.116700227108282, 21.588900788466731 ], [ -158.11650770181771, 21.588924239706561 ], [ -158.116315625247182, 21.588961763913666 ], [ -158.116124446117709, 21.589027430665833 ], [ -158.115931724988712, 21.589044754985785 ], [ -158.115739639951869, 21.589082035453078 ], [ -158.115545729216507, 21.58906205248983 ], [ -158.115353502988938, 21.589094889628822 ], [ -158.115160159482343, 21.589092684974108 ], [ -158.11496620174259, 21.589071232122635 ], [ -158.1147738788666, 21.589101038898544 ], [ -158.114579575548902, 21.589068754435147 ], [ -158.114383797712691, 21.588990183185306 ], [ -158.114188252057772, 21.588918894530615 ], [ -158.113993007494429, 21.588857052534564 ], [ -158.113799320470463, 21.588844058520866 ], [ -158.113605330927072, 21.588821578544501 ], [ -158.113410071367895, 21.588759250657162 ], [ -158.113216716246086, 21.588756664259105 ], [ -158.113025490546022, 21.588820930481635 ], [ -158.112834455512314, 21.588891133882296 ], [ -158.112642852567035, 21.588943542035182 ], [ -158.112269333138954, 21.589183317332946 ], [ -158.112106296452254, 21.589295976417198 ], [ -158.111994339800759, 21.589443232416752 ], [ -158.111853851479196, 21.589571163700754 ], [ -158.111706796416769, 21.589694647505894 ], [ -158.111519204122715, 21.589790675759833 ], [ -158.11133965375609, 21.589892150991648 ], [ -158.111171839331888, 21.590001573745873 ], [ -158.11102564231004, 21.590125639684661 ], [ -158.110889268808336, 21.590256358350743 ], [ -158.110752805599702, 21.590387015887565 ], [ -158.110704427098597, 21.59057733334798 ], [ -158.110639608139991, 21.59075651681966 ], [ -158.110533196631735, 21.590907528877498 ], [ -158.110457103796364, 21.591079075929812 ], [ -158.110371186005352, 21.591243969132353 ], [ -158.110038531469485, 21.591911002943405 ], [ -158.109942835024867, 21.59206927301765 ], [ -158.109845237475781, 21.592226255424084 ], [ -158.109737791809323, 21.592376568438009 ], [ -158.109627536907567, 21.59252497819698 ], [ -158.109515077854041, 21.592671895375258 ], [ -158.109407981447902, 21.592813796456213 ] ] } },
{ "type": "Feature", "properties": { "objectid": 4, "island": "Oahu", "st_lengthshape": 102.78730636755412 }, "geometry": { "type": "LineString", "coordinates": [ [ -158.108686260782889, 21.593673820794614 ], [ -158.108485160943019, 21.593720448073679 ], [ -158.108293283412138, 21.59377934689153 ], [ -158.108117616115663, 21.593859814784796 ], [ -158.107952985831361, 21.593954967114843 ], [ -158.107808445338065, 21.594076849864315 ] ] } },
{ "type": "Feature", "properties": { "objectid": 5, "island": "Oahu", "st_lengthshape": 43.051041271365243 }, "geometry": { "type": "LineString", "coordinates": [ [ -158.107129393361362, 21.594430142946823 ], [ -158.106919280476575, 21.59446477852347 ], [ -158.106816979373463, 21.594628228421165 ] ] } },
{ "type": "Feature", "properties": { "objectid": 6, "island": "Oahu", "st_lengthshape": 473.01300197163607 }, "geometry": { "type": "LineString", "coordinates": [ [ -158.103069483956887, 21.596232144299531 ], [ -158.103078734374492, 21.596420437892125 ], [ -158.103083680657562, 21.596607733496132 ], [ -158.103087205084904, 21.596794699816513 ], [ -158.103093019533702, 21.596982197036766 ], [ -158.103098425949099, 21.597169599905445 ], [ -158.103108121106487, 21.597357997058268 ], [ -158.103129823993527, 21.597549177305265 ], [ -158.103154722750332, 21.597741098407692 ], [ -158.103222132208543, 21.598131927683429 ], [ -158.103277035982671, 21.598305896879975 ], [ -158.103368985036127, 21.598472891595641 ], [ -158.103419315508347, 21.598647722362085 ], [ -158.103468707976418, 21.598822728743993 ], [ -158.103508824724088, 21.598999482045166 ], [ -158.103537005123997, 21.599178481984765 ], [ -158.103618981828902, 21.59934735526468 ], [ -158.103653952722937, 21.599525076380285 ], [ -158.103674030651177, 21.599705601891738 ], [ -158.10366769880514, 21.599891099411046 ], [ -158.103705411717556, 21.600068304971831 ], [ -158.103733325578702, 21.600247355831584 ], [ -158.103786874019562, 21.600417616249242 ] ] } },
{ "type": "Feature", "properties": { "objectid": 7, "island": "Oahu", "st_lengthshape": 81.644794566193426 }, "geometry": { "type": "LineString", "coordinates": [ [ -158.104512928795771, 21.601043801053166 ], [ -158.104503287057184, 21.601228867026975 ], [ -158.104538657931755, 21.601406502482863 ], [ -158.104586079849042, 21.60158214840094 ], [ -158.104683383247846, 21.60174945310856 ] ] } },
{ "type": "Feature", "properties": { "objectid": 8, "island": "Oahu", "st_lengthshape": 1233.4863577965557 }, "geometry": { "type": "LineString", "coordinates": [ [ -158.09488432294927, 21.612660173083782 ], [ -158.094770752732956, 21.612832102162269 ], [ -158.094663623411634, 21.613013789679069 ], [ -158.094552062524343, 21.613188763193808 ], [ -158.094394015816761, 21.613293317902421 ], [ -158.094221346583168, 21.613375722366452 ], [ -158.094018655455613, 21.613412649573732 ], [ -158.093811623892265, 21.613443000406402 ], [ -158.093598140600761, 21.613463577898685 ], [ -158.093386576188152, 21.61348706282951 ], [ -158.093190372731755, 21.613533816504024 ], [ -158.092995043917824, 21.613581895506641 ], [ -158.092798601913728, 21.613628287850496 ], [ -158.09262017658844, 21.613701972871116 ], [ -158.092444011678822, 21.613779082229716 ], [ -158.09227473553662, 21.613866628209919 ], [ -158.092099838369251, 21.613945657544338 ], [ -158.091921997083659, 21.614020228519632 ], [ -158.091746634413198, 21.614098553877909 ], [ -158.091571693623962, 21.61417751825719 ], [ -158.091420789177619, 21.614292895824093 ], [ -158.09127233074679, 21.614411977061991 ], [ -158.091124413763453, 21.61453187961169 ], [ -158.090948894059551, 21.614609969250282 ], [ -158.090773406726129, 21.614688105851879 ], [ -158.09059638792138, 21.614763922951688 ], [ -158.090419143077241, 21.614839397129753 ], [ -158.090240635692908, 21.614912960710743 ], [ -158.09005826166478, 21.614980665070192 ], [ -158.089906027799259, 21.615094028336216 ], [ -158.089752616513749, 21.615205610702986 ], [ -158.089596948292581, 21.61531377198029 ], [ -158.089446669912661, 21.615430100575228 ], [ -158.089308809926052, 21.615565240177109 ], [ -158.089174908012666, 21.615706377421706 ], [ -158.089042840494443, 21.615850293562914 ], [ -158.088907881473745, 21.615989831158235 ], [ -158.088765300318016, 21.616117819173247 ], [ -158.08861671537349, 21.616236713808654 ], [ -158.088466009380284, 21.616352395878469 ], [ -158.088317907262962, 21.616472021931234 ], [ -158.088161815533965, 21.616579544354902 ], [ -158.087985709979193, 21.616656747588308 ], [ -158.087812341365947, 21.616738097859447 ], [ -158.087646486261491, 21.616830829725558 ], [ -158.087484149960659, 21.616928893707442 ], [ -158.08732510948235, 21.617031948907346 ], [ -158.087166709024274, 21.61713597592048 ], [ -158.086987109128273, 21.61720788654862 ], [ -158.086820940989014, 21.617300145157085 ], [ -158.086653377297381, 21.617390289165517 ], [ -158.086501098102332, 21.617503589254067 ], [ -158.086353849768898, 21.617624510933986 ], [ -158.086202068699208, 21.617738567818872 ], [ -158.08605571949289, 21.617860851085638 ], [ -158.08592375699584, 21.618004932272012 ], [ -158.085785537206021, 21.618139533750092 ], [ -158.085647346830854, 21.618274179532548 ], [ -158.085508639409198, 21.61840804179737 ], [ -158.085391597787208, 21.618574728490518 ], [ -158.085273712955768, 21.618731351840385 ] ] } },
{ "type": "Feature", "properties": { "objectid": 9, "island": "Oahu", "st_lengthshape": 1065.0693651267934 }, "geometry": { "type": "LineString", "coordinates": [ [ -158.081955247984268, 21.621525717013402 ], [ -158.081894629678345, 21.621698797886271 ], [ -158.081803796856121, 21.621858488629847 ], [ -158.081714796345693, 21.622018991664735 ], [ -158.081616995300323, 21.622175594786558 ], [ -158.081537424824802, 21.622340277486455 ], [ -158.081446997773384, 21.62250014821311 ], [ -158.081352322570865, 21.622658136187379 ], [ -158.081256126794983, 21.622815450784884 ], [ -158.081158475962695, 21.622972120370722 ], [ -158.081060129287181, 21.623128481594193 ], [ -158.080962939067575, 21.623284205912572 ], [ -158.080912508694922, 21.62337069181757 ], [ -158.080801558547535, 21.623525086932506 ], [ -158.080640344276929, 21.623620587015644 ], [ -158.080548071006717, 21.623664205771167 ], [ -158.080367846506334, 21.623735024016227 ], [ -158.080184380485093, 21.62379375182579 ], [ -158.07999666112687, 21.623836615458487 ], [ -158.079808420632162, 21.623877536364883 ], [ -158.079620987063436, 21.623921467174622 ], [ -158.079433549610656, 21.623965384196694 ], [ -158.079246787876286, 21.624011820749139 ], [ -158.079062092182738, 21.624065961990748 ], [ -158.078881401164296, 21.624135046869046 ], [ -158.078701416962701, 21.624206764391324 ], [ -158.078523548707778, 21.624286378421345 ], [ -158.078345974753944, 21.62436708972475 ], [ -158.078178390759433, 21.62445361637554 ], [ -158.07747320836441, 21.624780999797341 ], [ -158.077313845299614, 21.624883863287458 ], [ -158.077121609695183, 21.624947891674537 ], [ -158.0769656410381, 21.625054764930972 ], [ -158.076821941478158, 21.62517613274192 ], [ -158.076667886500559, 21.625285267630193 ], [ -158.076509941629837, 21.625389807690663 ], [ -158.076365525001535, 21.62551032821478 ], [ -158.076227559242028, 21.625638471298526 ], [ -158.076085941411606, 21.625762300048045 ], [ -158.075948989785047, 21.625891640117775 ], [ -158.075752601504291, 21.626116126691276 ], [ -158.075636581017164, 21.626262911175605 ], [ -158.075550514855593, 21.626424789201899 ], [ -158.075479652130213, 21.626594326826687 ], [ -158.075408930798773, 21.626763937472216 ], [ -158.075329514202878, 21.626925543373059 ], [ -158.075303899062931, 21.62696537684872 ], [ -158.075146654028543, 21.62708339558694 ], [ -158.074977748060917, 21.627174636318021 ], [ -158.074808489517011, 21.627265071775405 ], [ -158.074633543782511, 21.627342445498069 ], [ -158.074458476286026, 21.627402952570939 ] ] } },
{ "type": "Feature", "properties": { "objectid": 10, "island": "Oahu", "st_lengthshape": 351.69994093845526 }, "geometry": { "type": "LineString", "coordinates": [ [ -158.073498386961546, 21.628856941061297 ], [ -158.073382594650013, 21.629001780019216 ], [ -158.073281381593205, 21.629155962833753 ], [ -158.073190577290546, 21.629316817479751 ], [ -158.073070347226235, 21.629458811905206 ], [ -158.07296055285633, 21.629607494562727 ], [ -158.072823262273914, 21.629733521626161 ], [ -158.072525293532635, 21.630065291924442 ], [ -158.072364655063922, 21.630175024486434 ], [ -158.072244006215556, 21.630316238080685 ], [ -158.072137590469282, 21.630468657428576 ], [ -158.072030166968489, 21.630620282395764 ], [ -158.071914070549923, 21.630765080573166 ], [ -158.071862886881178, 21.630960981160875 ], [ -158.071757201862937, 21.631113976166223 ], [ -158.071651314733913, 21.631266810965922 ], [ -158.071505543594611, 21.63138620993421 ] ] } },
{ "type": "Feature", "properties": { "objectid": 11, "island": "Oahu", "st_lengthshape": 581.67521264636673 }, "geometry": { "type": "LineString", "coordinates": [ [ -158.065333397389026, 21.638147718799292 ], [ -158.06501764754637, 21.638182229763416 ], [ -158.064850246919946, 21.63829932260596 ], [ -158.064707581854066, 21.638430184209135 ], [ -158.064544705955342, 21.638549795596969 ], [ -158.064431887824185, 21.638697272405938 ], [ -158.064261461919187, 21.638812680795574 ], [ -158.063914211790461, 21.638829655048323 ], [ -158.063684959924501, 21.638912316262125 ], [ -158.063554029035117, 21.639049710428445 ], [ -158.063447175151992, 21.639200507629472 ], [ -158.0632910650437, 21.639323885119083 ], [ -158.063155023716945, 21.639458434212052 ], [ -158.063161348858159, 21.639672236002557 ], [ -158.063073356765443, 21.639833532970634 ], [ -158.062995582916415, 21.640000519346504 ], [ -158.062916525437487, 21.640166791070165 ], [ -158.062811928832417, 21.640318844519797 ], [ -158.062706715790824, 21.64047055563919 ], [ -158.062592310422133, 21.640617149418684 ], [ -158.062581063106961, 21.640821169321033 ], [ -158.062570262498156, 21.641025438367191 ], [ -158.062560148343607, 21.641230089807387 ], [ -158.062549963868548, 21.64143470109455 ], [ -158.062536741610074, 21.641637622125593 ], [ -158.062525623096832, 21.64184171409094 ], [ -158.062433751216815, 21.641999109496403 ] ] } },
{ "type": "Feature", "properties": { "objectid": 12, "island": "Oahu", "st_lengthshape": 79.461785137726508 }, "geometry": { "type": "LineString", "coordinates": [ [ -158.063782566207209, 21.645418993016865 ], [ -158.0636763126098, 21.645570224425818 ], [ -158.063587985793873, 21.645731220549752 ], [ -158.063489347630906, 21.64588660073062 ], [ -158.063377962448584, 21.64602760714099 ] ] } },
{ "type": "Feature", "properties": { "objectid": 13, "island": "Oahu", "st_lengthshape": 6143.7731467968824 }, "geometry": { "type": "LineString", "coordinates": [ [ -158.060790141420028, 21.655001158418745 ], [ -158.060611971209852, 21.655093645954384 ], [ -158.060437971775514, 21.655189701850389 ], [ -158.06026537910995, 21.655286960721671 ], [ -158.06012958131447, 21.655415699929076 ], [ -158.060023805797186, 21.655570126536087 ], [ -158.059919034357193, 21.655725412467948 ], [ -158.059812522218323, 21.655879207787891 ], [ -158.05970256347976, 21.656030055578338 ], [ -158.059587657931957, 21.656176670825378 ], [ -158.059464116058365, 21.65631589690339 ], [ -158.059344852585099, 21.656458784223652 ], [ -158.059249185816924, 21.656621859815502 ], [ -158.059158628791181, 21.65678930786385 ], [ -158.059085598449542, 21.6569717514069 ], [ -158.059003979856442, 21.657146846730061 ], [ -158.05886711335225, 21.657274673521844 ], [ -158.058724320690402, 21.657397430117786 ], [ -158.058578177522008, 21.657517320054843 ], [ -158.058432900995484, 21.657637951043103 ], [ -158.058297576027968, 21.657767097813007 ], [ -158.058163630914038, 21.65789742400553 ], [ -158.058079458072172, 21.658070335243266 ], [ -158.0580385944385, 21.658280301336017 ], [ -158.057953600464316, 21.658452509501036 ], [ -158.057854893789283, 21.658612985890421 ], [ -158.057756977843383, 21.658774139734792 ], [ -158.057644209350741, 21.658922585950098 ], [ -158.057519874193218, 21.659061134676616 ], [ -158.057407417581231, 21.659209847179596 ], [ -158.057280140111118, 21.659345880188258 ], [ -158.057147894646761, 21.659477662368232 ], [ -158.057021364415021, 21.659614333592469 ], [ -158.056876312247283, 21.659735158591289 ], [ -158.056732651465637, 21.659857173914705 ], [ -158.056593696781334, 21.659983217020748 ], [ -158.056460804276327, 21.660114445660593 ], [ -158.056318843862357, 21.660237915707377 ], [ -158.056167128375165, 21.660353039632973 ], [ -158.056009951864723, 21.660463491576671 ], [ -158.055846172587053, 21.660568294774937 ], [ -158.055672915048717, 21.660664987339928 ], [ -158.055497559273221, 21.660759885364186 ], [ -158.055311127955093, 21.660845307614636 ], [ -158.055086776671629, 21.66089828491825 ], [ -158.054791246047216, 21.660890360286015 ], [ -158.054785432482788, 21.661130319124585 ], [ -158.054759175107449, 21.661352785501705 ], [ -158.054636880246562, 21.66149308254904 ], [ -158.054477607198265, 21.661601741310889 ], [ -158.054323542882969, 21.661714857160042 ], [ -158.054180593052649, 21.66183748125729 ], [ -158.054034272522301, 21.661957222228335 ], [ -158.053890741720835, 21.662079350392581 ], [ -158.053761334487575, 21.662213562439494 ], [ -158.053637032183701, 21.662352143424336 ], [ -158.05352075550465, 21.66249758985094 ], [ -158.053432322575503, 21.662666860488827 ], [ -158.053296208068275, 21.662795334322684 ], [ -158.053148672015709, 21.662914035829914 ], [ -158.053015282609067, 21.663044841282243 ], [ -158.052879710379301, 21.663173779478793 ], [ -158.052739671838509, 21.663298895972197 ], [ -158.052608840058554, 21.663431891057392 ], [ -158.052489224645626, 21.663574481850109 ], [ -158.052365629219992, 21.663713667488349 ], [ -158.052223050572167, 21.663836611683067 ], [ -158.052080584132767, 21.663959651244081 ], [ -158.051972246827916, 21.664111892932787 ], [ -158.051897443559398, 21.664208280742372 ], [ -158.051766839374324, 21.664345392304099 ], [ -158.051645097726606, 21.664493069989298 ], [ -158.051508813070285, 21.664623410397052 ], [ -158.051372918460487, 21.664754217261191 ], [ -158.051230786483131, 21.664877587682824 ], [ -158.051083074985144, 21.664994307753403 ], [ -158.050953515545501, 21.665132666767423 ], [ -158.050825966816973, 21.665273422149646 ], [ -158.050685269435775, 21.665398504086287 ], [ -158.050533284784734, 21.665510129299808 ], [ -158.050383580315497, 21.66562447400262 ], [ -158.050239777080122, 21.665745854595993 ], [ -158.050089861178634, 21.66585994575717 ], [ -158.049942864116304, 21.66597751893017 ], [ -158.049799268268458, 21.666099146026998 ], [ -158.049651658920993, 21.666215988180539 ], [ -158.049499463567884, 21.6663273645507 ], [ -158.049340458391953, 21.666430622648839 ], [ -158.049188608768645, 21.666542410841302 ], [ -158.049036735897033, 21.666654171650887 ], [ -158.048880176348916, 21.666760345923834 ], [ -158.04872311505224, 21.666865920016651 ], [ -158.048576386300368, 21.666983815048528 ], [ -158.048444205701031, 21.667119051023931 ], [ -158.048318489195509, 21.667261993825743 ], [ -158.048192012942053, 21.667404031474341 ], [ -158.048062196388287, 21.667542086637212 ], [ -158.047931470487924, 21.667679058714789 ], [ -158.047684090523802, 21.668019992807675 ], [ -158.047581192869643, 21.668175415401603 ], [ -158.047474727419853, 21.668329418079619 ], [ -158.047379127377837, 21.66848774347833 ], [ -158.04728540006505, 21.668646815833565 ], [ -158.047202677974269, 21.668810265943886 ], [ -158.047113765199043, 21.668971252122205 ], [ -158.047021826365835, 21.669131035607624 ], [ -158.046931809455316, 21.669291582601673 ], [ -158.04685360269562, 21.669456829998591 ], [ -158.046778317499985, 21.669623239641034 ], [ -158.046693061932274, 21.669785682056283 ], [ -158.04660167733627, 21.669945685262981 ], [ -158.0465666952866, 21.670001018207575 ], [ -158.046560221982503, 21.670014370334012 ], [ -158.046429020334074, 21.670157870837411 ], [ -158.04626528187012, 21.670253902961853 ], [ -158.046093760398861, 21.670338579604621 ], [ -158.045913021908433, 21.670409811063557 ], [ -158.045739424654244, 21.670491458938113 ], [ -158.045566485816465, 21.670574068918839 ], [ -158.045397137578362, 21.670661917407557 ], [ -158.045230456138626, 21.670753657550208 ], [ -158.045064563307903, 21.670846546664091 ], [ -158.044906708600109, 21.670951162832583 ], [ -158.044760289385579, 21.671072464522855 ], [ -158.044619475788636, 21.67120194430661 ], [ -158.044479593373552, 21.671332783519741 ], [ -158.044341457750022, 21.671466171218999 ], [ -158.044205525548108, 21.67160277223088 ], [ -158.044053549029115, 21.67171596665148 ], [ -158.043889340137355, 21.67181131424385 ], [ -158.043701289967714, 21.671871879789968 ], [ -158.043499318923693, 21.671912133236763 ], [ -158.0433425580338, 21.672018347735406 ], [ -158.043186651753587, 21.672125810986724 ], [ -158.043032377414278, 21.672235653111919 ], [ -158.0428651518788, 21.672326599856824 ], [ -158.042707096810119, 21.672430927185445 ], [ -158.042553494745704, 21.672541752003678 ], [ -158.042374012618239, 21.672614817890313 ], [ -158.042195466532377, 21.672689248595791 ], [ -158.042025663957133, 21.672776436798053 ], [ -158.041689876986112, 21.672621455045501 ], [ -158.041515492093595, 21.673021681405025 ], [ -158.041392377944049, 21.673160971136952 ], [ -158.041224961364122, 21.67326588161302 ], [ -158.041046606750513, 21.673362303602538 ], [ -158.040877806973356, 21.673466139706623 ], [ -158.040720467839122, 21.673578869898002 ], [ -158.040580215454696, 21.673704860342408 ], [ -158.040439363773771, 21.673830385556474 ], [ -158.040290379904036, 21.673949599441119 ], [ -158.04015393265999, 21.674078543033392 ], [ -158.040018997717539, 21.674208659733996 ], [ -158.039918055767998, 21.674365156203905 ], [ -158.039818711715071, 21.674522893181457 ], [ -158.039857171478076, 21.674787568739319 ], [ -158.039801649552516, 21.6749793129372 ], [ -158.039731049106422, 21.675159355753507 ], [ -158.039572846644859, 21.675427675842084 ], [ -158.039462814806967, 21.675585104971713 ], [ -158.0393554452491, 21.675743297444289 ], [ -158.039259659351984, 21.675904813655364 ], [ -158.039171199041931, 21.676068431064049 ], [ -158.039112730552716, 21.676240652606285 ], [ -158.039066689954979, 21.676416439532161 ], [ -158.039010930029178, 21.67658943737009 ], [ -158.038969746376608, 21.676766618321416 ], [ -158.038938579949502, 21.676946671360405 ], [ -158.038912069018664, 21.677128061279994 ], [ -158.038872924424595, 21.677305826752576 ], [ -158.038872657771975, 21.677494744915613 ], [ -158.038872241577707, 21.677683620651944 ], [ -158.038874953878121, 21.677873393512236 ], [ -158.038900367394547, 21.678069678565063 ], [ -158.038932262766622, 21.678267823310108 ], [ -158.038944483187066, 21.678460324387373 ], [ -158.038941889706905, 21.678648574990078 ], [ -158.038932001137539, 21.678834733522635 ], [ -158.038874290248657, 21.678987214584279 ], [ -158.038797821873601, 21.679153652878643 ], [ -158.038704574774613, 21.67931198890453 ], [ -158.038596239764189, 21.679463040971783 ], [ -158.038514385087154, 21.679626878632636 ], [ -158.038389039823869, 21.679769717646476 ], [ -158.038263158636767, 21.679912296883892 ], [ -158.038146429066813, 21.680059296097557 ], [ -158.038039238454758, 21.68021090003927 ], [ -158.037927647499487, 21.680360379792049 ], [ -158.037801064896257, 21.680502621217613 ], [ -158.037705652907931, 21.680579101561264 ], [ -158.037648571895801, 21.680623158069057 ], [ -158.037493164706262, 21.680739297286156 ], [ -158.03731214168792, 21.68080393675022 ], [ -158.037117494140801, 21.680862305050191 ], [ -158.036921129632304, 21.680920561066056 ], [ -158.036728822630266, 21.680972696389993 ], [ -158.036536283023224, 21.681013129322224 ], [ -158.036343599408809, 21.681046277091713 ], [ -158.036150690906084, 21.681068027864246 ], [ -158.035957709785578, 21.681086157169158 ], [ -158.035764559560562, 21.681095702080476 ], [ -158.035571245179597, 21.681096940874074 ], [ -158.035377882185031, 21.681095754439493 ], [ -158.03518445121972, 21.681091131762027 ], [ -158.034990485396804, 21.681059418266276 ], [ -158.034796748539748, 21.681039346159523 ], [ -158.034603359153692, 21.681036770148527 ], [ -158.034284550600887, 21.681101320862393 ], [ -158.03410463838091, 21.681170446792351 ], [ -158.033916529919424, 21.681225610665308 ], [ -158.033730078491004, 21.681283598957549 ], [ -158.03354580400287, 21.681345294612132 ], [ -158.033371566063749, 21.681424087512344 ], [ -158.033204688682247, 21.681515419811859 ], [ -158.033037431691639, 21.681606104697686 ], [ -158.032878214719005, 21.681710485705793 ], [ -158.032732420168657, 21.681837733005807 ], [ -158.032594186773366, 21.681977860629342 ], [ -158.032358649153508, 21.682252881440746 ], [ -158.032251400286782, 21.682405840636392 ], [ -158.032131468999154, 21.682553439988702 ], [ -158.032029793543586, 21.682708755073371 ], [ -158.031943360983007, 21.682870514428959 ], [ -158.031887300769853, 21.68304511207981 ], [ -158.031806157397909, 21.683209107403446 ], [ -158.031717185518971, 21.683369792110327 ], [ -158.031605415653587, 21.683520840851205 ], [ -158.0314403854955, 21.683649375780107 ], [ -158.031326611292087, 21.683799576968276 ], [ -158.031205634035416, 21.68394673401664 ], [ -158.031007737864854, 21.684061375632506 ], [ -158.030937837122451, 21.684230122953224 ], [ -158.031091114982615, 21.684493211092736 ], [ -158.031043701657126, 21.684671464332737 ], [ -158.031009617282223, 21.684855352201836 ], [ -158.030976570878664, 21.685039678847446 ], [ -158.030939477169483, 21.68522229429205 ], [ -158.03088262918763, 21.685396559857402 ], [ -158.030812165668948, 21.685565068903173 ], [ -158.030735904385779, 21.685731128351971 ], [ -158.030646758103444, 21.685891740867529 ], [ -158.030594601530652, 21.686067989569274 ], [ -158.030471388307348, 21.686214201491719 ], [ -158.030370455367688, 21.686369831367909 ], [ -158.030266292314678, 21.686524096229252 ], [ -158.030159009025539, 21.686677041881708 ], [ -158.030113813151416, 21.686721266286462 ], [ -158.029981534247355, 21.686855778208976 ], [ -158.029817376948358, 21.686953344375581 ], [ -158.029694213331453, 21.687002857319445 ], [ -158.029614707956512, 21.687030802234514 ], [ -158.029434339196797, 21.687095809626289 ], [ -158.029254430703446, 21.687161922556509 ], [ -158.02907129338692, 21.687220284219467 ], [ -158.02888865914764, 21.687279855557488 ], [ -158.028709759517739, 21.687348389467608 ], [ -158.028534170205489, 21.687424866252041 ], [ -158.028355535651855, 21.687494036407688 ], [ -158.02818798332757, 21.687589804933364 ], [ -158.028025159584644, 21.687696922346529 ], [ -158.027863106143485, 21.687805887936232 ], [ -158.027698656189699, 21.687909104554578 ], [ -158.027526772796193, 21.687994477815046 ], [ -158.027349644847277, 21.688067266550622 ], [ -158.027169379455444, 21.688132524955147 ], [ -158.026988537456361, 21.688196397580416 ], [ -158.026807643923974, 21.688260148645607 ], [ -158.026626739771302, 21.688323875053953 ], [ -158.026447300415299, 21.688391115031269 ], [ -158.026268778851943, 21.688460559060939 ], [ -158.026089192680246, 21.688527447259766 ], [ -158.025908980410918, 21.688592835558808 ], [ -158.025728478829109, 21.688657526342634 ], [ -158.025547572793897, 21.68872124972216 ], [ -158.025366305147401, 21.688784103514585 ], [ -158.025184536993066, 21.68884575716331 ], [ -158.025001219147981, 21.688903688544105 ], [ -158.024834598132372, 21.689001699438457 ], [ -158.024643212225044, 21.689076932678368 ], [ -158.024486532430018, 21.689184251526864 ], [ -158.024325203816034, 21.689286719646933 ], [ -158.024164902027906, 21.689390258745377 ], [ -158.02400600523751, 21.689495264930574 ], [ -158.023859963613006, 21.689613678912256 ], [ -158.023714178989138, 21.68973236167373 ], [ -158.023569582427626, 21.689852284425875 ], [ -158.023424601692, 21.689971805480191 ], [ -158.023289670421377, 21.69010180984916 ], [ -158.023162728763396, 21.690240147993364 ], [ -158.023037445497039, 21.690380215862369 ], [ -158.022911216523966, 21.690519297872349 ], [ -158.022786392534385, 21.690659846133165 ], [ -158.022659197458864, 21.690797920374671 ], [ -158.0225223747683, 21.690925952548991 ], [ -158.022372748297499, 21.6910406301349 ], [ -158.022204580063772, 21.691135964094514 ], [ -158.022028439037285, 21.691222983901682 ], [ -158.021860802119647, 21.691318874410371 ], [ -158.021708983395854, 21.691431263686685 ], [ -158.021605392836307, 21.69158415282865 ] ] } },
{ "type": "Feature", "properties": { "objectid": 14, "island": "Oahu", "st_lengthshape": 142.73946666992433 }, "geometry": { "type": "LineString", "coordinates": [ [ -158.02088158487615, 21.692519776876548 ], [ -158.020685685132548, 21.692556241127139 ], [ -158.020491077257617, 21.692595197106048 ], [ -158.020302622703781, 21.692646031792378 ], [ -158.020113685234094, 21.69269593200768 ], [ -158.019934428568916, 21.692764520805238 ], [ -158.019767489046558, 21.692856880028422 ], [ -158.019620161257819, 21.692984362419196 ] ] } },
{ "type": "Feature", "properties": { "objectid": 15, "island": "Oahu", "st_lengthshape": 351.6899928522264 }, "geometry": { "type": "LineString", "coordinates": [ [ -158.015825211279321, 21.69609646235978 ], [ -158.015720254963156, 21.696248201960955 ], [ -158.015615362915668, 21.696399981616779 ], [ -158.015514706140948, 21.696554373657865 ], [ -158.015415004063954, 21.69670935398505 ], [ -158.015305765148725, 21.696858452535018 ], [ -158.015212320081304, 21.696970171187697 ], [ -158.015148474193296, 21.69704188360117 ], [ -158.015008945750878, 21.697168793584147 ], [ -158.014858688419622, 21.697282593810375 ], [ -158.014700219726393, 21.697386359904119 ], [ -158.014555558730109, 21.697506998345396 ], [ -158.014404240392878, 21.697619502686429 ], [ -158.014251286319535, 21.6977300069832 ], [ -158.01409726020438, 21.697839202064376 ], [ -158.013949638806452, 21.697956224127331 ], [ -158.013844368685653, 21.698033886914612 ], [ -158.01374595192442, 21.698086305359421 ], [ -158.013549063623202, 21.698115284828571 ], [ -158.013363937559973, 21.698109219211773 ] ] } },
{ "type": "Feature", "properties": { "objectid": 16, "island": "Oahu", "st_lengthshape": 788.55916733648633 }, "geometry": { "type": "LineString", "coordinates": [ [ -158.013368943906073, 21.69653538941574 ], [ -158.013283577071974, 21.696368279711031 ], [ -158.013167658976414, 21.696231475824305 ], [ -158.012888873709869, 21.696009181063566 ], [ -158.012722407491651, 21.695914645604315 ], [ -158.012550422205805, 21.695831558326468 ], [ -158.012360081931092, 21.695786545219356 ], [ -158.012171115237663, 21.69576026106898 ], [ -158.011807570364766, 21.695736338605439 ], [ -158.011614107926221, 21.695743211322299 ], [ -158.011421505930741, 21.695758843711317 ], [ -158.011229470616883, 21.69578024289299 ], [ -158.011038010992451, 21.695807501971508 ], [ -158.010852104724876, 21.695864333953914 ], [ -158.010442481758105, 21.695989842761879 ], [ -158.010240738559503, 21.696053315219512 ], [ -158.010040156975037, 21.696117937150479 ], [ -158.009868745441423, 21.69621143736882 ], [ -158.009706350412301, 21.696313866165678 ], [ -158.009560061616895, 21.696432239191171 ], [ -158.009414630941876, 21.696551463682191 ], [ -158.009269917259161, 21.69667139786868 ], [ -158.009136861431472, 21.696802872843733 ], [ -158.00900638143267, 21.696936898011991 ], [ -158.008872436983154, 21.697067493865248 ], [ -158.008736944537503, 21.697196557229141 ], [ -158.008613210749445, 21.697337262312082 ], [ -158.008492356199014, 21.697480817543575 ], [ -158.008371850897703, 21.697624718957449 ], [ -158.008254095649221, 21.697765209257355 ], [ -158.008023689648951, 21.698288308965676 ], [ -158.008018647579718, 21.698468934363632 ], [ -158.008024669139928, 21.698649952072742 ], [ -158.008045120432087, 21.698831482507874 ], [ -158.008080718153195, 21.699007124913088 ] ] } },
{ "type": "Feature", "properties": { "objectid": 17, "island": "Oahu", "st_lengthshape": 336.83937626205716 }, "geometry": { "type": "LineString", "coordinates": [ [ -158.00872581951262, 21.699936684789961 ], [ -158.00853502961948, 21.699874164004836 ], [ -158.008340228401408, 21.699904636630734 ], [ -158.008153867550817, 21.699956213035701 ], [ -158.006885212538293, 21.700201067551451 ], [ -158.006681613801589, 21.700219152420029 ], [ -158.006487513800295, 21.700200568433829 ], [ -158.006299434289872, 21.700158741747007 ], [ -158.006112556415701, 21.70011227501432 ], [ -158.005930349676674, 21.700047776408979 ], [ -158.005748025943774, 21.699983728601513 ], [ -158.00556398121708, 21.699937346909611 ] ] } },
{ "type": "Feature", "properties": { "objectid": 18, "island": "Oahu", "st_lengthshape": 161.30973127368011 }, "geometry": { "type": "LineString", "coordinates": [ [ -158.003568550083997, 21.699222121878616 ], [ -158.003372742072855, 21.699217279948531 ], [ -158.003176110790406, 21.699206776715101 ], [ -158.002982555700299, 21.699217440098948 ], [ -158.002791232275797, 21.69924345352339 ], [ -158.002601871880614, 21.699282969753227 ], [ -158.002413336483471, 21.699328162206392 ], [ -158.002226739121824, 21.699386684775007 ], [ -158.002044565810593, 21.699448326962159 ] ] } },
{ "type": "Feature", "properties": { "objectid": 19, "island": "Oahu", "st_lengthshape": 165.05392176275328 }, "geometry": { "type": "LineString", "coordinates": [ [ -157.997921750209656, 21.70514114678188 ], [ -157.997732041348968, 21.705086031456204 ], [ -157.997544883187658, 21.705018993974647 ], [ -157.996937898778498, 21.705029628232023 ], [ -157.996780470345016, 21.705134683585239 ], [ -157.99663238325104, 21.705251130129028 ], [ -157.996527352759301, 21.705412781626229 ] ] } },
{ "type": "Feature", "properties": { "objectid": 20, "island": "Oahu", "st_lengthshape": 357.7669059589096 }, "geometry": { "type": "LineString", "coordinates": [ [ -157.993575626065848, 21.705079100485392 ], [ -157.993370292960066, 21.705063248646212 ], [ -157.993169597201728, 21.705038080084815 ], [ -157.992994940096082, 21.704960588100185 ], [ -157.992825069522468, 21.704873478652814 ], [ -157.992653883441619, 21.704789014290434 ], [ -157.992476839634804, 21.70471631871137 ], [ -157.99229834891608, 21.704646532092305 ], [ -157.9921201270202, 21.704576203984921 ], [ -157.991940413444297, 21.70451368543306 ], [ -157.991635589522701, 21.704410316104038 ], [ -157.991445733968533, 21.704344305175333 ], [ -157.99125373998956, 21.704315930567191 ], [ -157.991059451198169, 21.704327914123407 ], [ -157.990864877091894, 21.704344906799648 ], [ -157.990669802687705, 21.704370703315796 ], [ -157.990474632250596, 21.704398201898801 ], [ -157.990283701809346, 21.704410712694937 ] ] } },
{ "type": "Feature", "properties": { "objectid": 21, "island": "Oahu", "st_lengthshape": 346.22651502440766 }, "geometry": { "type": "LineString", "coordinates": [ [ -157.980291953170735, 21.709331996009556 ], [ -157.980109611936399, 21.709261639616223 ], [ -157.979924479947073, 21.709204725368146 ], [ -157.979738958794627, 21.709149692077368 ], [ -157.979552002787472, 21.709101568765725 ], [ -157.979363307620218, 21.709061829682881 ], [ -157.979172414988, 21.709032674448807 ], [ -157.978979771151614, 21.709011956653917 ], [ -157.978788711547708, 21.70898360757867 ], [ -157.978601539956657, 21.708936524387411 ], [ -157.978409770989828, 21.70891159613981 ], [ -157.978213404632868, 21.708908812880029 ], [ -157.978016984256016, 21.708906289229077 ], [ -157.977821724769626, 21.708898176044247 ], [ -157.977625478546202, 21.708894816470789 ], [ -157.977427672128698, 21.708898971319847 ], [ -157.977222777084734, 21.708937276153645 ], [ -157.977017021756467, 21.708989503784704 ] ] } },
{ "type": "Feature", "properties": { "objectid": 22, "island": "Oahu", "st_lengthshape": 20.02312959635039 }, "geometry": { "type": "LineString", "coordinates": [ [ -157.966150452053796, 21.708044394594801 ], [ -157.966054444298891, 21.707887331903546 ] ] } },
{ "type": "Feature", "properties": { "objectid": 23, "island": "Oahu", "st_lengthshape": 39.906483486084213 }, "geometry": { "type": "LineString", "coordinates": [ [ -157.965351143991029, 21.706979130274522 ], [ -157.965183524601088, 21.70688907465486 ], [ -157.965012770464796, 21.70680617485387 ] ] } },
{ "type": "Feature", "properties": { "objectid": 24, "island": "Oahu", "st_lengthshape": 80.53458027261965 }, "geometry": { "type": "LineString", "coordinates": [ [ -157.963949696360686, 21.704512679656418 ], [ -157.96386264406641, 21.704346529542676 ], [ -157.963771514047068, 21.704183410035075 ], [ -157.963649816331213, 21.704043014548621 ], [ -157.963522512176837, 21.703910839924188 ] ] } },
{ "type": "Feature", "properties": { "objectid": 25, "island": "Oahu", "st_lengthshape": 40.366257510958427 }, "geometry": { "type": "LineString", "coordinates": [ [ -157.95809839777101, 21.700482158799662 ], [ -157.958043448756854, 21.700302158231196 ], [ -157.9579158120643, 21.700170751630683 ] ] } },
{ "type": "Feature", "properties": { "objectid": 26, "island": "Oahu", "st_lengthshape": 201.89838515273203 }, "geometry": { "type": "LineString", "coordinates": [ [ -157.949303082014694, 21.690832109403299 ], [ -157.949234302516516, 21.690659452495897 ], [ -157.949161949215693, 21.690488857918446 ], [ -157.94908211617232, 21.690322583757098 ], [ -157.948986834328821, 21.690165228293473 ], [ -157.948879369958178, 21.69001490878221 ], [ -157.948765096657382, 21.689868520016187 ], [ -157.948641806196008, 21.689727337106625 ], [ -157.948510442055067, 21.689590816760742 ], [ -157.948370564546877, 21.689459211828488 ], [ -157.948238697542024, 21.689328384802032 ] ] } },
{ "type": "Feature", "properties": { "objectid": 27, "island": "Oahu", "st_lengthshape": 1210.4881420750235 }, "geometry": { "type": "LineString", "coordinates": [ [ -157.945424279167213, 21.684963482127262 ], [ -157.945414618710117, 21.684749480629563 ], [ -157.945369990588063, 21.684558283060923 ], [ -157.94528884205539, 21.684390899441699 ], [ -157.945181897723444, 21.684240338006205 ], [ -157.945063255010666, 21.684097405230169 ], [ -157.94495895462083, 21.683945119662482 ], [ -157.944838470073137, 21.683803388261172 ], [ -157.944728357741894, 21.683654892306443 ], [ -157.944638088328645, 21.68349345784701 ], [ -157.944499083517712, 21.683363803112496 ], [ -157.944353423607083, 21.68323848911599 ], [ -157.944223875449438, 21.683102668249038 ], [ -157.944105221975946, 21.682959741991112 ], [ -157.944000136743995, 21.682807969406838 ], [ -157.943899256836545, 21.682653453770762 ], [ -157.943813016321116, 21.682489392222049 ], [ -157.943737966593517, 21.682318033920769 ], [ -157.943659956965689, 21.68214860533088 ], [ -157.94353133884033, 21.682012177391652 ], [ -157.943411036913574, 21.681870328747365 ], [ -157.943295524950457, 21.681725355026849 ], [ -157.943192141913983, 21.681572472619763 ], [ -157.943092168803588, 21.681417366075173 ], [ -157.942964105389279, 21.681280579003527 ], [ -157.94285619163216, 21.681130650493834 ], [ -157.942705107615467, 21.681008874348535 ], [ -157.942561335635162, 21.680882329665526 ], [ -157.942422577946843, 21.680752514976852 ], [ -157.942313595896479, 21.680603283963496 ], [ -157.942232203374942, 21.680436062730443 ], [ -157.942147665497373, 21.680270891951107 ], [ -157.942068135998511, 21.680102455733522 ], [ -157.94200718854961, 21.679921902606601 ], [ -157.941949396494891, 21.67973929090514 ], [ -157.941890563510555, 21.679557358211138 ], [ -157.941822808784877, 21.679381244175925 ], [ -157.941715989123878, 21.679230603771142 ], [ -157.941634933044753, 21.679063163989589 ], [ -157.941548960275213, 21.67889892961459 ], [ -157.941455283650868, 21.678739719427568 ], [ -157.941357724618882, 21.678583040983888 ], [ -157.941198948222734, 21.678466281538231 ], [ -157.941032695297906, 21.678354397647421 ], [ -157.940979352817692, 21.678168886184107 ], [ -157.940899498473669, 21.678000662381777 ], [ -157.940791508587097, 21.677850786344745 ], [ -157.940725404911518, 21.677673595673589 ], [ -157.940653047283377, 21.677500484459895 ], [ -157.9404269536833, 21.677427622444952 ], [ -157.940245026504726, 21.677325960634427 ], [ -157.94005024177963, 21.677232682968469 ], [ -157.939836302668169, 21.677151895680154 ], [ -157.939637940804204, 21.67706094979933 ], [ -157.939367826906135, 21.677016793595463 ], [ -157.939145071596386, 21.676941754197568 ], [ -157.939089483825029, 21.676757707576495 ], [ -157.938985003500903, 21.676605542936031 ], [ -157.938853404022495, 21.676475088261707 ] ] } },
{ "type": "Feature", "properties": { "objectid": 28, "island": "Oahu", "st_lengthshape": 3600.4269737193063 }, "geometry": { "type": "LineString", "coordinates": [ [ -157.936458822609694, 21.672352574147041 ], [ -157.936612229456244, 21.67217610737303 ], [ -157.936728836506745, 21.671998612421362 ], [ -157.936827843651855, 21.671820625212384 ], [ -157.936898563064318, 21.671641847861487 ], [ -157.93697289612382, 21.671463172210004 ], [ -157.937031290448232, 21.671284051151229 ], [ -157.937097424396711, 21.671105145850692 ], [ -157.937176084808158, 21.670926589936471 ], [ -157.937222910548314, 21.670747146273101 ], [ -157.937253106830582, 21.670567236565251 ], [ -157.937262941036863, 21.670386759233697 ], [ -157.937234831217012, 21.670205222287557 ], [ -157.937218127158701, 21.670024003184125 ], [ -157.937225332160551, 21.669843452095677 ], [ -157.937235894861828, 21.669662995675441 ], [ -157.93723057136549, 21.66948209424805 ], [ -157.937208352950364, 21.66930072148082 ], [ -157.937186219610652, 21.669119351060218 ], [ -157.93713795215703, 21.668937251388403 ], [ -157.937094832990539, 21.66875529488274 ], [ -157.937067036670584, 21.668573766223016 ], [ -157.937027154605516, 21.668391899988336 ], [ -157.936951903237457, 21.66820904658568 ], [ -157.936738569506502, 21.667708660753789 ], [ -157.936675263989741, 21.667529367184205 ], [ -157.936605226798378, 21.667354504001647 ], [ -157.93654726954307, 21.667171691658126 ], [ -157.93648061216112, 21.666994604278809 ], [ -157.936401652785349, 21.666825613634508 ], [ -157.936333037948742, 21.666649814524515 ], [ -157.936271958168703, 21.666469057145417 ], [ -157.936218725148507, 21.666283136628074 ], [ -157.936145789303453, 21.666110180695188 ], [ -157.936059226937147, 21.665946192872301 ], [ -157.935964851185275, 21.665787345743773 ], [ -157.935868761611175, 21.665629627644385 ], [ -157.935773703565019, 21.665471230441717 ], [ -157.935679336182432, 21.665312378700204 ], [ -157.935586162497401, 21.665152741396035 ], [ -157.93547194796389, 21.665006949817865 ], [ -157.935350899951544, 21.664865655629661 ], [ -157.935223618626537, 21.664728462469409 ], [ -157.935088942532303, 21.664596137068798 ], [ -157.934948025370545, 21.664467918036156 ], [ -157.934798804513036, 21.664345162547537 ], [ -157.934669915034476, 21.664209028270417 ], [ -157.93454874998622, 21.66406781137675 ], [ -157.934423548279852, 21.66392925062361 ], [ -157.93428859009444, 21.663797110704088 ], [ -157.934130530494485, 21.663680172583362 ], [ -157.933952968419106, 21.663576067158402 ], [ -157.933785784820088, 21.66346513271267 ], [ -157.933622922908825, 21.663351354023323 ], [ -157.933458035521198, 21.663238909107445 ], [ -157.933064676055068, 21.66297364470697 ], [ -157.932900684295447, 21.662866210640317 ], [ -157.932735783454575, 21.662761132910425 ], [ -157.932568527335349, 21.66266215033513 ], [ -157.932400722717716, 21.662564586892564 ], [ -157.932231664182751, 21.662470272806502 ], [ -157.932056400254311, 21.662392022268982 ], [ -157.931877737641031, 21.662322572083532 ], [ -157.931693287264579, 21.662268104946932 ], [ -157.931506212506861, 21.662220431291793 ], [ -157.931326996714034, 21.662152414243732 ], [ -157.93114736832112, 21.662085463048005 ], [ -157.930966472148384, 21.66202179541148 ], [ -157.93077578526453, 21.661983473858399 ], [ -157.930580375440655, 21.661957379610847 ], [ -157.930382492838646, 21.661937686805434 ], [ -157.930180773909171, 21.661927925179537 ], [ -157.929981261895733, 21.661912449210305 ], [ -157.929787234621443, 21.661882773825035 ], [ -157.929601521660771, 21.661831576435141 ], [ -157.929428195980478, 21.661748312904695 ], [ -157.929275943368111, 21.661610498195749 ], [ -157.929107053617969, 21.66151575210527 ], [ -157.92892967148228, 21.661442988072583 ], [ -157.928747222484333, 21.661383344349851 ], [ -157.928550465178745, 21.661360736936768 ], [ -157.928347431007381, 21.66135438029858 ], [ -157.928144277641536, 21.661348333405154 ], [ -157.927940882949912, 21.661342907132788 ], [ -157.927743422384196, 21.661322122665045 ], [ -157.927564530829443, 21.661253269922302 ], [ -157.927511303961325, 21.661217817230071 ], [ -157.92743175932037, 21.661136350792173 ], [ -157.927368081149609, 21.661054210820879 ], [ -157.927343417286579, 21.661014549476313 ], [ -157.927339659038864, 21.66083193626103 ], [ -157.927412967559491, 21.660658594518047 ], [ -157.927438884777871, 21.660479551628029 ], [ -157.927461460232195, 21.660300105915976 ], [ -157.92748201669886, 21.660120417695616 ], [ -157.92750304525012, 21.659940785815813 ], [ -157.927500509120875, 21.659758319589571 ], [ -157.927495005938596, 21.659575495427958 ], [ -157.927492289253024, 21.659393007250479 ], [ -157.92750911472956, 21.659212869411775 ], [ -157.927539820473527, 21.659034402129041 ], [ -157.927573158136028, 21.658856251754425 ], [ -157.927602599840242, 21.65867763264632 ], [ -157.927617780778263, 21.658497297153698 ], [ -157.927635683451086, 21.658317289993981 ], [ -157.927658246611486, 21.658137843207196 ], [ -157.927675456984133, 21.65803947256714 ], [ -157.927697349566813, 21.657948141471625 ], [ -157.927776251620003, 21.657783000298746 ], [ -157.927898875355254, 21.657633893575863 ], [ -157.928011403476205, 21.657481083672849 ], [ -157.928104185893318, 21.657321033022487 ], [ -157.92818128585489, 21.657155231358839 ], [ -157.928255105013903, 21.656988225953143 ], [ -157.928334912762125, 21.656823417324517 ], [ -157.928416953343032, 21.656659427063499 ], [ -157.928488024291966, 21.656491414592736 ], [ -157.928560027021149, 21.656323743247924 ], [ -157.928634805172152, 21.656157090712288 ], [ -157.928658438865142, 21.655971681070046 ], [ -157.928665761031908, 21.655780290613432 ], [ -157.928776736005148, 21.655294004042606 ], [ -157.92881404198917, 21.655072625981159 ], [ -157.928817492789307, 21.654867599308862 ], [ -157.928684537171819, 21.65472845514817 ], [ -157.928615922729762, 21.654558234198383 ], [ -157.928543665844359, 21.654389772992392 ], [ -157.928480424428272, 21.654216957823568 ], [ -157.928416940698867, 21.654044260314915 ], [ -157.92835175511442, 21.653872383814097 ], [ -157.928275684608394, 21.653705765176486 ], [ -157.928194039850695, 21.65354183873713 ], [ -157.928105892756008, 21.653381052898073 ], [ -157.928032794242796, 21.653212997996434 ], [ -157.928005594521181, 21.653022775911587 ], [ -157.927998011925837, 21.652823078428383 ], [ -157.927885400393421, 21.65267410885939 ], [ -157.927719120570629, 21.652551060281166 ], [ -157.927545951612984, 21.652431337566235 ], [ -157.927367426756064, 21.652314202597758 ], [ -157.927190994045048, 21.65219605652803 ], [ -157.927026023990436, 21.652073502669538 ], [ -157.926698973121574, 21.651864459772955 ], [ -157.926531388396739, 21.651772691052464 ], [ -157.926363591958022, 21.651681355325756 ], [ -157.926186477264281, 21.651608981635302 ], [ -157.926008294318223, 21.651538784319893 ], [ -157.925831149574208, 21.651466472400177 ], [ -157.925655740567748, 21.651390631183883 ], [ -157.925483518410971, 21.651308301562803 ], [ -157.925304826032487, 21.651239140910874 ], [ -157.925123266030511, 21.651175818116535 ], [ -157.924946698116457, 21.651102333718413 ], [ -157.924772668525634, 21.651023684695172 ], [ -157.92454411143845, 21.650902635599063 ], [ -157.924323940340713, 21.650763350712491 ], [ -157.924167677047421, 21.65065631906727 ], [ -157.924013322683152, 21.650547173095365 ], [ -157.92385819786216, 21.65043888110764 ], [ -157.923702761496202, 21.650330933860122 ], [ -157.923559252048108, 21.650209775075787 ], [ -157.923429961795904, 21.650051146773958 ], [ -157.923306115995274, 21.64987441654646 ], [ -157.923201344918823, 21.649722135155532 ], [ -157.92310196846546, 21.649567059298157 ], [ -157.923004881510622, 21.649410798544526 ], [ -157.922905168862002, 21.649255897460815 ], [ -157.922805874510459, 21.649100779513589 ], [ -157.922708934653116, 21.648944441863851 ], [ -157.92261075334207, 21.6487887483488 ], [ -157.922491221715603, 21.648644111852324 ], [ -157.922362361473859, 21.648504307452328 ], [ -157.922231609443344, 21.648402512062233 ] ] } },
{ "type": "Feature", "properties": { "objectid": 29, "island": "Oahu", "st_lengthshape": 126.12192719962832 }, "geometry": { "type": "LineString", "coordinates": [ [ -157.92385368119642, 21.662297741982599 ], [ -157.923680009742242, 21.662413242147124 ], [ -157.923520758763658, 21.662536412242382 ], [ -157.923392085572061, 21.662675844311782 ], [ -157.923292040929937, 21.662830502259862 ], [ -157.923233435235204, 21.663007199382175 ], [ -157.923216502685307, 21.663203564073864 ] ] } },
{ "type": "Feature", "properties": { "objectid": 30, "island": "Oahu", "st_lengthshape": 2055.1760065753397 }, "geometry": { "type": "LineString", "coordinates": [ [ -157.917757901282329, 21.647390021395232 ], [ -157.917896969346316, 21.647216913409778 ], [ -157.917981313701915, 21.647040698072509 ], [ -157.918047634382759, 21.646863460108435 ], [ -157.918151350144797, 21.646688344670764 ], [ -157.918255763983609, 21.646513268933397 ], [ -157.918352058344652, 21.646337731924511 ], [ -157.918429920519202, 21.64616114888193 ], [ -157.918502844910392, 21.645984285218123 ], [ -157.918558896148539, 21.645806463401403 ], [ -157.918597022447386, 21.64562762420843 ], [ -157.918625159530791, 21.645448217699421 ], [ -157.91865760144529, 21.645269056010488 ], [ -157.918693724228007, 21.645090102555766 ], [ -157.918741696258252, 21.644911822436331 ], [ -157.918801789877847, 21.644734230060152 ], [ -157.918883589391754, 21.644557870186603 ], [ -157.918941132773568, 21.644380132866203 ], [ -157.919012067789822, 21.644203156572441 ], [ -157.919073740910108, 21.644025653835833 ], [ -157.919112229176108, 21.643846834871592 ], [ -157.919107276520577, 21.643665548904693 ], [ -157.919095796539551, 21.643483893444948 ], [ -157.919087206441048, 21.643302402226993 ], [ -157.919059803280362, 21.643119841866689 ], [ -157.919020210993267, 21.642936590607828 ], [ -157.918985893363526, 21.642753638348331 ], [ -157.918948342113026, 21.642570502432875 ], [ -157.918914963454824, 21.642387603242323 ], [ -157.918893138449249, 21.642205360094959 ], [ -157.918865114626641, 21.6420227649417 ], [ -157.918835000752807, 21.641840051390187 ], [ -157.918799265679951, 21.641657018495774 ], [ -157.918756286803216, 21.641473573489069 ], [ -157.918698554649069, 21.641289291689766 ], [ -157.918569385513024, 21.641100954006205 ], [ -157.918530078237808, 21.64091771893764 ], [ -157.918491273297946, 21.640734511520218 ], [ -157.918453422701617, 21.640551358184297 ], [ -157.918426492024309, 21.640368825174011 ], [ -157.918387776187217, 21.640185622827385 ], [ -157.918363411879568, 21.640003235692991 ], [ -157.918349551143194, 21.639821444500384 ], [ -157.918351883696403, 21.6396405726593 ], [ -157.918331943999505, 21.63945843654648 ], [ -157.918323028409191, 21.639276925963078 ], [ -157.918339955701441, 21.639096882659608 ], [ -157.918364663698696, 21.638917282062287 ], [ -157.918413044213565, 21.638739024386073 ], [ -157.918478577780519, 21.638561741055867 ], [ -157.918548278739877, 21.638384694395963 ], [ -157.91874605730365, 21.638214919501635 ], [ -157.918792182832419, 21.638036534080822 ], [ -157.918843874303121, 21.637858464899757 ], [ -157.918914974894619, 21.637681497613741 ], [ -157.918943902524916, 21.63750213570928 ], [ -157.918974401473008, 21.63732286260926 ], [ -157.919004843344084, 21.637143587319247 ], [ -157.919086933446522, 21.636967243376066 ], [ -157.919222458359968, 21.636793933557378 ], [ -157.919189996898922, 21.636611086371371 ], [ -157.919186424110535, 21.636429879697729 ], [ -157.919094518620369, 21.636243657496848 ], [ -157.919028022048479, 21.636058877903597 ], [ -157.91895847462132, 21.63587392576898 ], [ -157.918952200719957, 21.635692565104826 ], [ -157.918721450771955, 21.635498459974269 ], [ -157.918851581562933, 21.635324844286583 ], [ -157.918908801105687, 21.635147088292669 ], [ -157.918823666063957, 21.634961250570935 ], [ -157.918805036736416, 21.634779188889144 ], [ -157.918742863100022, 21.634594655024252 ], [ -157.91878159789502, 21.634415850118923 ], [ -157.918876693045519, 21.634240244831318 ], [ -157.918986987539029, 21.634122799405819 ], [ -157.919150292755916, 21.634017204993611 ], [ -157.919304180216102, 21.633903669901741 ], [ -157.919461822733552, 21.63379330102304 ], [ -157.919592152466208, 21.633659902559611 ], [ -157.919720610537524, 21.633524928068766 ], [ -157.919853949011554, 21.633394067556299 ], [ -157.919990321445795, 21.633265764233713 ], [ -157.920128510311116, 21.633138992977948 ], [ -157.920334215020404, 21.632847525164813 ], [ -157.920460440565421, 21.632705287724814 ], [ -157.920586726520924, 21.632563078574965 ], [ -157.920696965646897, 21.632413054772336 ], [ -157.920733018553989, 21.632226900922372 ], [ -157.920774594461761, 21.63204343614456 ], [ -157.920848168841673, 21.631782814585335 ], [ -157.92091663767593, 21.631607265414743 ], [ -157.921028175941728, 21.631435415990403 ], [ -157.921105079654865, 21.63126059178343 ], [ -157.921150929306179, 21.63108309794011 ], [ -157.921186808309017, 21.630904748003058 ], [ -157.921205091570215, 21.630724886323804 ], [ -157.921222542457912, 21.630544952384941 ], [ -157.921256126203502, 21.630370288664739 ] ] } },
{ "type": "Feature", "properties": { "objectid": 31, "island": "Oahu", "st_lengthshape": 4647.4865175190525 }, "geometry": { "type": "LineString", "coordinates": [ [ -157.921167516458638, 21.628771041103054 ], [ -157.921219795635324, 21.628595153540438 ], [ -157.921271902846257, 21.628419245866439 ], [ -157.921374744936912, 21.628249413774455 ], [ -157.921375340872032, 21.628075782576602 ], [ -157.921301804565729, 21.627755956050326 ], [ -157.921268146299383, 21.627576300160786 ], [ -157.9212151457875, 21.6274024548566 ], [ -157.921174182642631, 21.627224993732888 ], [ -157.921131228715922, 21.627048130364166 ], [ -157.921076803162606, 21.626874713005535 ], [ -157.921034963979906, 21.626697514466159 ], [ -157.920976869689667, 21.626525198877008 ], [ -157.92089891819387, 21.626358848579233 ], [ -157.920759575473141, 21.62621093700151 ], [ -157.920647150336606, 21.626054940473299 ], [ -157.920360032958314, 21.625658796804768 ], [ -157.920210325057383, 21.625540736529292 ], [ -157.920068338188941, 21.625410548717134 ], [ -157.919913980523631, 21.625299791623839 ], [ -157.919746308675712, 21.625209947854934 ], [ -157.919578236223799, 21.625120735492526 ], [ -157.919407101297196, 21.625036329820432 ], [ -157.91923112857188, 21.624959526089469 ], [ -157.919054718113017, 21.624883406804056 ], [ -157.918877187530057, 21.62480904977437 ], [ -157.91869678112937, 21.624739208823542 ], [ -157.918520308662778, 21.624663188859913 ], [ -157.918349693025448, 21.624577970664202 ], [ -157.918201260723009, 21.624457908746049 ], [ -157.918057237787423, 21.624332704451213 ], [ -157.918011847892473, 21.624259158520779 ], [ -157.91790765398099, 21.624097052777895 ], [ -157.917806017307015, 21.62393227154843 ], [ -157.91769532910439, 21.623776958381963 ], [ -157.917566071211866, 21.623641069775132 ], [ -157.917423794854159, 21.623518797867849 ], [ -157.917270018061885, 21.623408555337456 ], [ -157.917105073840332, 21.623309993809613 ], [ -157.916941177572483, 21.623210336828134 ], [ -157.916778031306876, 21.623109895024289 ], [ -157.916612801492477, 21.623011632896226 ], [ -157.916457788260715, 21.622902684264904 ], [ -157.916288107999208, 21.622809076847197 ], [ -157.916125684188074, 21.622707879396707 ], [ -157.915979566667573, 21.622589626607809 ], [ -157.915870540661331, 21.622432576910835 ], [ -157.915758031860349, 21.622279170350414 ], [ -157.915609988061107, 21.622162932782036 ], [ -157.915461835443296, 21.622046809107953 ], [ -157.915305062639533, 21.621939702616572 ], [ -157.91516789611353, 21.621812087106477 ], [ -157.91499997361629, 21.621716642493357 ], [ -157.914849906620361, 21.621602522151548 ], [ -157.914633546375057, 21.621557741460919 ], [ -157.914500365307077, 21.6214259588597 ], [ -157.914351113063873, 21.621310985196715 ], [ -157.914219489473624, 21.621177573822735 ], [ -157.914091658800118, 21.621040195992059 ], [ -157.913955365685041, 21.620911668309418 ], [ -157.913809340365191, 21.62079332126779 ], [ -157.913651592542124, 21.620687234968035 ], [ -157.913505796535418, 21.620568647065838 ], [ -157.913332274725519, 21.620479060612009 ], [ -157.913208845801705, 21.620337079283622 ], [ -157.91308088050485, 21.620199842575914 ], [ -157.912912825939884, 21.620104537820769 ], [ -157.912782557285652, 21.61996970960444 ], [ -157.912730750276069, 21.619914935957627 ], [ -157.912642051343539, 21.619750604068788 ], [ -157.912580707933643, 21.619579060484174 ], [ -157.91250307287288, 21.619411811597253 ], [ -157.912490879187686, 21.619347797911988 ], [ -157.912527711313743, 21.619168370245557 ], [ -157.912585631758844, 21.618995892848609 ], [ -157.912661349291511, 21.618829283609571 ], [ -157.912793900788699, 21.618681408899938 ], [ -157.912845806055913, 21.618506948889383 ], [ -157.91290558056491, 21.618130328793423 ], [ -157.91289892829414, 21.617949507374703 ], [ -157.912874116657576, 21.617770178870522 ], [ -157.912807987610989, 21.617594245260698 ], [ -157.912665743970251, 21.617430414311983 ], [ -157.912913226398103, 21.616715558482532 ], [ -157.912950782813567, 21.616536118195903 ], [ -157.912937501762798, 21.616354826118918 ], [ -157.912915366034468, 21.616173210565623 ], [ -157.912930318075865, 21.615992946783699 ], [ -157.912927086475122, 21.615812021209408 ], [ -157.912929702945718, 21.615631307305581 ], [ -157.912954461842332, 21.615451401206332 ], [ -157.912964689889776, 21.615270964694648 ], [ -157.912978189129603, 21.615090648026381 ], [ -157.913054071427069, 21.614920634684498 ], [ -157.913008436289545, 21.614674193492586 ], [ -157.912989690913491, 21.614490726468368 ], [ -157.912920145016784, 21.614321646175078 ], [ -157.912811139390044, 21.614163741998933 ], [ -157.912552179367935, 21.613914532074492 ], [ -157.912427797681346, 21.613774680545308 ], [ -157.912299805588731, 21.613638373667786 ], [ -157.912171074075701, 21.613502794502782 ], [ -157.912032476285447, 21.613376904496366 ], [ -157.91189753999663, 21.613247418492808 ], [ -157.911751161781353, 21.613129169642296 ], [ -157.911601940052464, 21.613013713379559 ], [ -157.911451003749846, 21.612899940508452 ], [ -157.91131067276325, 21.612779769630077 ], [ -157.91124451721825, 21.612721464308422 ], [ -157.911137231871265, 21.612570964533358 ], [ -157.911061094930886, 21.612399002871122 ], [ -157.911009982746094, 21.612209795992609 ], [ -157.910949687251787, 21.612026916768592 ], [ -157.91087123867851, 21.611856547003462 ], [ -157.910791927963373, 21.611686772306292 ], [ -157.910592875651389, 21.611599509479937 ], [ -157.910478040714281, 21.611454213922283 ], [ -157.910436642209078, 21.61125831413549 ], [ -157.910256309049544, 21.611158152234079 ], [ -157.910112829210789, 21.611032595518942 ], [ -157.909971442278817, 21.610905596154254 ], [ -157.909831705430747, 21.610777461102181 ], [ -157.909688515555189, 21.6106550768034 ], [ -157.909394776676379, 21.610098170065829 ], [ -157.909421364943881, 21.609912017880621 ], [ -157.909403811203845, 21.609731839418977 ], [ -157.909361692107979, 21.609554986037189 ], [ -157.90920927941977, 21.60926339395467 ], [ -157.909070343558454, 21.609131799110475 ], [ -157.908964877176032, 21.608980402980389 ], [ -157.908995113962902, 21.608748717359266 ], [ -157.908907403292858, 21.608586816614032 ], [ -157.908805097872943, 21.608433549448787 ], [ -157.908614039168611, 21.608332793390723 ], [ -157.908408692559959, 21.608060743957552 ], [ -157.90826249896412, 21.607936979234182 ], [ -157.908117248076763, 21.607811721870519 ], [ -157.907960751640445, 21.607704252182589 ], [ -157.907782379753314, 21.607631379989961 ], [ -157.90762104053232, 21.607531569571549 ], [ -157.907445325278786, 21.607454498403136 ], [ -157.907263490177655, 21.607387104506564 ], [ -157.906974032240043, 21.607283256643122 ], [ -157.906782329905639, 21.607236776576457 ], [ -157.906589717920866, 21.607216745768163 ], [ -157.906396782116389, 21.607206131238861 ], [ -157.906203798055515, 21.607196929054037 ], [ -157.906010707907654, 21.607190791113002 ], [ -157.905817508940601, 21.60718782218887 ], [ -157.905623152829804, 21.607218480930786 ], [ -157.905430526205464, 21.60719888682857 ], [ -157.905372146744469, 21.607165684773818 ], [ -157.905234188720357, 21.607019645584895 ], [ -157.905052008145162, 21.606956402590821 ], [ -157.904877818300093, 21.606878198752948 ], [ -157.904707861549298, 21.606792069262408 ], [ -157.904529174643983, 21.606722284764334 ], [ -157.904357207659871, 21.606639919620079 ], [ -157.904187060441217, 21.606554147906078 ], [ -157.904015972775085, 21.606470137740569 ], [ -157.903844639381845, 21.606386586509252 ], [ -157.903674107692638, 21.606301536265509 ], [ -157.903501290232725, 21.606220764545821 ], [ -157.903326892481346, 21.606142950737038 ], [ -157.903152642869173, 21.606064861294158 ], [ -157.902981636767691, 21.605980698871669 ], [ -157.902810089990083, 21.605897549014493 ], [ -157.902637269604071, 21.60581678363501 ], [ -157.90246381152707, 21.605737212658145 ], [ -157.902290433021363, 21.605657492070627 ], [ -157.902116986119751, 21.60557790004011 ], [ -157.901942953447929, 21.605499406089983 ], [ -157.901766862213265, 21.605425926577773 ], [ -157.901718510560727, 21.605400794315202 ], [ -157.901561331591211, 21.605294641392007 ], [ -157.901404706100237, 21.60518788581513 ], [ -157.901252917844403, 21.605075862827267 ], [ -157.901104821390192, 21.604959817861488 ], [ -157.900955868995339, 21.604844706629734 ], [ -157.900808075936368, 21.604728331877897 ], [ -157.900660961029047, 21.604611219809147 ], [ -157.900513186950292, 21.60449482506008 ], [ -157.900367958233346, 21.604375659185042 ], [ -157.900219121968405, 21.604260421622435 ], [ -157.90007171387154, 21.604143627821074 ], [ -157.89992533164957, 21.604025718683484 ], [ -157.899774670772075, 21.603912468758473 ], [ -157.899629946829918, 21.603792752743992 ], [ -157.899489193253146, 21.603668714010798 ], [ -157.899353130842258, 21.603539565074719 ], [ -157.899253313188211, 21.603370943332664 ], [ -157.899124598344116, 21.603233792831663 ], [ -157.898970139240134, 21.603124679853352 ], [ -157.898761908187709, 21.603074130055717 ], [ -157.898631858679693, 21.602938433833035 ], [ -157.898493263294029, 21.602812044450879 ], [ -157.898356842174536, 21.602683288052003 ], [ -157.898196621886228, 21.602580450855683 ], [ -157.898117128740665, 21.602389386756471 ], [ -157.898036428739772, 21.602224032887435 ], [ -157.897918366877349, 21.602070200731259 ], [ -157.89785101077743, 21.601900730840935 ], [ -157.897782103677883, 21.6017317402824 ], [ -157.897755150104587, 21.60154981119555 ], [ -157.89773700087963, 21.601365167959177 ], [ -157.897718322061962, 21.601180687431864 ], [ -157.897687312642887, 21.601000009741334 ], [ -157.897705367242736, 21.600804202079711 ], [ -157.897632007817123, 21.600636584011102 ], [ -157.897566980293988, 21.600466396800055 ], [ -157.897501069876, 21.600296481956494 ], [ -157.897446628432505, 21.600123030471554 ], [ -157.897338614316624, 21.599966099990226 ], [ -157.897246499905407, 21.599804266483094 ], [ -157.897178179218656, 21.599635094387775 ], [ -157.897143820608051, 21.599455449549165 ], [ -157.8971047370718, 21.599277262154803 ], [ -157.897057602740745, 21.599101557173807 ], [ -157.897007617057085, 21.59892673214204 ], [ -157.896956855931734, 21.59875214586819 ], [ -157.896904033556609, 21.598578194541812 ] ] } },
{ "type": "Feature", "properties": { "objectid": 32, "island": "Oahu", "st_lengthshape": 2367.2312917013578 }, "geometry": { "type": "LineString", "coordinates": [ [ -157.896226845658418, 21.597265106735019 ], [ -157.89616554200208, 21.597093772039464 ], [ -157.896109101866415, 21.596920937453827 ], [ -157.896079748835774, 21.596739749216578 ], [ -157.896045736787215, 21.59655999805765 ], [ -157.896005125429411, 21.59638228178752 ], [ -157.895953939275557, 21.596207827015217 ], [ -157.895901722087387, 21.59603368970085 ], [ -157.895851117093969, 21.595859055368408 ], [ -157.895795430052203, 21.595685988090093 ], [ -157.89571773071944, 21.595528885585718 ], [ -157.895537085621925, 21.595170113733829 ], [ -157.895452052821241, 21.595000860802717 ], [ -157.895355721610741, 21.594840511517393 ], [ -157.89522451914533, 21.594707646350507 ], [ -157.895112321536516, 21.594559803675477 ], [ -157.89501775373563, 21.594398065680714 ], [ -157.894902491663572, 21.594252637133568 ], [ -157.894789633930372, 21.594105314737092 ], [ -157.894699141331046, 21.593940365026825 ], [ -157.894546638461719, 21.593824288114643 ], [ -157.894401361792234, 21.59370251629726 ], [ -157.894269318694882, 21.593570315150242 ], [ -157.894135832781103, 21.593439251608711 ], [ -157.894003953426136, 21.593306920362458 ], [ -157.893728210871728, 21.593072289311348 ], [ -157.893569731614946, 21.592967387264725 ], [ -157.893392746036056, 21.592893021771552 ], [ -157.893208827164841, 21.592830095536172 ], [ -157.893030553670712, 21.592757853979645 ], [ -157.892849744862104, 21.592689795176138 ], [ -157.892667550106381, 21.592624024250405 ], [ -157.892474080712816, 21.592576856343868 ], [ -157.89228242408214, 21.592526696550561 ], [ -157.892109624533646, 21.592445425071276 ], [ -157.891963297472358, 21.592334950907478 ], [ -157.891832547702165, 21.592218822200778 ], [ -157.891698575068745, 21.592088579253449 ], [ -157.891552588908212, 21.591969701995989 ], [ -157.891398750453874, 21.591858253188256 ], [ -157.891257679049517, 21.59173472711732 ], [ -157.891105858935333, 21.591621369109895 ], [ -157.890965592622678, 21.591497082104585 ], [ -157.890839043932914, 21.591359816331462 ], [ -157.890690375864892, 21.59124347704633 ], [ -157.89053352275107, 21.591134881936782 ], [ -157.890384345349389, 21.59101902411108 ], [ -157.890213378382612, 21.590923780496659 ], [ -157.890070042944132, 21.590802396548156 ], [ -157.889940368689565, 21.59066808953331 ], [ -157.889804813305915, 21.590539345042249 ], [ -157.889676810055477, 21.590403457229197 ], [ -157.889553307830482, 21.590263311018635 ], [ -157.889437256550366, 21.590116116597855 ], [ -157.889337721984077, 21.589953297280921 ], [ -157.889221612795978, 21.589806156537549 ], [ -157.889103393535407, 21.589661014361937 ], [ -157.888992645653275, 21.589508802457992 ], [ -157.888903020602896, 21.589338467897424 ], [ -157.888869928792133, 21.589286548573458 ], [ -157.888773882299887, 21.589127528343685 ], [ -157.888702258346569, 21.588959720438275 ], [ -157.888629540081553, 21.588792305395266 ], [ -157.888552922539304, 21.588626294336333 ], [ -157.888493562990533, 21.588454072122179 ], [ -157.888455562262891, 21.588274162930109 ], [ -157.888396705636495, 21.58810175975275 ], [ -157.888344100210105, 21.587927107333869 ], [ -157.888280754573771, 21.587756320096645 ], [ -157.888184126595689, 21.587597509775549 ], [ -157.888078838970017, 21.58744181603349 ], [ -157.887998833732951, 21.587277024259524 ], [ -157.887917001006883, 21.58711289054909 ], [ -157.887838764698415, 21.586947461896326 ], [ -157.887759975520254, 21.586782231873016 ], [ -157.887726288989256, 21.586600771343093 ], [ -157.887678939217096, 21.58642422694076 ], [ -157.887619961157839, 21.586251867869766 ], [ -157.887564048327505, 21.586086544885607 ], [ -157.887504778166601, 21.585913387046773 ], [ -157.887443255532844, 21.585739745284304 ], [ -157.887377432723923, 21.585566763137969 ], [ -157.887325566977779, 21.58539163838331 ], [ -157.88728229326685, 21.585215193384947 ], [ -157.887247646357935, 21.58503742476724 ], [ -157.887222339890656, 21.584858220768243 ], [ -157.887199817497333, 21.584678589102872 ], [ -157.887171871191413, 21.584499791133915 ], [ -157.887139332629403, 21.584321697814758 ], [ -157.887115917838059, 21.584142203806106 ], [ -157.887087398270495, 21.583963494132277 ], [ -157.887063971982712, 21.583784000939826 ], [ -157.887048545748058, 21.583603280226821 ], [ -157.887016600255436, 21.583425095987469 ], [ -157.886976852105079, 21.583248109859092 ], [ -157.88694697999847, 21.583069607924909 ], [ -157.88692262371552, 21.582890258449574 ], [ -157.886888881809512, 21.58271235035129 ], [ -157.886878816872269, 21.582530805436051 ], [ -157.886782248936214, 21.582369436423349 ], [ -157.886705832819558, 21.582194047977747 ], [ -157.88664738663627, 21.582018662210668 ], [ -157.886625945481114, 21.581825073274885 ], [ -157.88657457298774, 21.581646208897819 ], [ -157.8865119980413, 21.581472856082645 ], [ -157.886449035442695, 21.581299693072957 ], [ -157.886381685039481, 21.581128688677801 ], [ -157.886296474721576, 21.580966470305391 ], [ -157.886208101122975, 21.580805808032469 ], [ -157.886112716325783, 21.580648594889031 ], [ -157.886010168136522, 21.580494905729381 ], [ -157.88590579848406, 21.580342112219906 ], [ -157.885819811593365, 21.580180275978144 ], [ -157.885692448911357, 21.580038794169965 ], [ -157.885545761604646, 21.579906818368979 ], [ -157.885383947590327, 21.579782284401261 ], [ -157.885240328915728, 21.579657806137693 ] ] } },
{ "type": "Feature", "properties": { "objectid": 33, "island": "Oahu", "st_lengthshape": 1979.5745837220361 }, "geometry": { "type": "LineString", "coordinates": [ [ -157.883675523371267, 21.578093944090458 ], [ -157.883534394677838, 21.577955242107702 ], [ -157.883374626137766, 21.577850643085863 ], [ -157.883218386237502, 21.577739586754006 ], [ -157.88306830901243, 21.577617257721315 ], [ -157.882926528978203, 21.577479747859496 ], [ -157.88275857515228, 21.577390126467392 ], [ -157.882603153183112, 21.577277575468692 ], [ -157.88244843576345, 21.577163736327652 ], [ -157.882279359040666, 21.577076170250432 ], [ -157.882101737710514, 21.577004237405138 ], [ -157.881919721213507, 21.576940345637418 ], [ -157.881728564457887, 21.576893176139308 ], [ -157.881531753699932, 21.576856351866677 ], [ -157.881392372921397, 21.576714454724137 ], [ -157.881236575610586, 21.576602594681081 ], [ -157.881071083631582, 21.576508470402899 ], [ -157.880902084965982, 21.576420761672313 ], [ -157.880732683896042, 21.576333789937763 ], [ -157.880566485286522, 21.576240961291379 ], [ -157.880385483391336, 21.576175212860324 ], [ -157.880208296163829, 21.576102488718437 ], [ -157.880036011015676, 21.576020793405235 ], [ -157.879880458471547, 21.575908486623693 ], [ -157.87970269781141, 21.575836810539336 ], [ -157.87952188295256, 21.575770722787357 ], [ -157.879344069744008, 21.575699144445995 ], [ -157.879172037335252, 21.575616989248619 ], [ -157.879003563040357, 21.575528323707704 ], [ -157.87882746570267, 21.575453604501845 ], [ -157.878638547499037, 21.575402342586177 ], [ -157.878453882878063, 21.575343299417042 ], [ -157.878282982887583, 21.575259071384941 ], [ -157.87810393568563, 21.575189750922959 ], [ -157.877800727830504, 21.575347581470911 ], [ -157.877626089039637, 21.57527019595431 ], [ -157.877460082827355, 21.575177016001817 ], [ -157.877300807770467, 21.575071523081206 ], [ -157.877144900275852, 21.574963581081338 ], [ -157.877116516430988, 21.57493897600207 ], [ -157.876969214298185, 21.574819037213455 ], [ -157.876838958478828, 21.574685493681663 ], [ -157.876717725911419, 21.574544748669105 ], [ -157.876594822102476, 21.574405338332557 ], [ -157.876457147428908, 21.574277715798157 ], [ -157.876317655769355, 21.574151542561058 ], [ -157.876184711240484, 21.574020145803814 ], [ -157.87606650208977, 21.57387698886108 ], [ -157.875947135777182, 21.573734755411955 ], [ -157.875827542295269, 21.573592703735564 ], [ -157.875717430717174, 21.573443084261651 ], [ -157.875605592503433, 21.57329484336049 ], [ -157.875471874886387, 21.57316406328048 ], [ -157.875322812122931, 21.573045530442929 ], [ -157.875200482306298, 21.572905662302134 ], [ -157.875085644162425, 21.572759816445959 ], [ -157.875006412877383, 21.57258634547518 ], [ -157.874991947437849, 21.572550537345439 ], [ -157.874949602988295, 21.572368911366901 ], [ -157.874944139889095, 21.57218807650078 ], [ -157.874950132044262, 21.572007487026426 ], [ -157.874967035764342, 21.571827131138733 ], [ -157.875045333925812, 21.571648093238529 ], [ -157.875008023423874, 21.571466574431383 ], [ -157.875031131100997, 21.571286352562456 ], [ -157.875049374875886, 21.571106025568486 ], [ -157.875069116268776, 21.57092573126468 ], [ -157.875065145836885, 21.570744928129681 ], [ -157.875058275649025, 21.570564062951004 ], [ -157.875029480154524, 21.570382727204585 ], [ -157.874993528534304, 21.570201238334356 ], [ -157.875002603634982, 21.570020714799625 ], [ -157.875012794946116, 21.569840215961626 ], [ -157.875010908338766, 21.569659457592927 ], [ -157.874999644673181, 21.569478497681967 ], [ -157.874982141246136, 21.569297404389754 ], [ -157.874972927605967, 21.569116489030183 ], [ -157.874950380862202, 21.568935287595806 ], [ -157.874934427328782, 21.568754227342726 ], [ -157.874932058929744, 21.568573458473992 ], [ -157.874908919408881, 21.568392243990782 ], [ -157.874898803990106, 21.568211308973211 ], [ -157.874897177193446, 21.568030555943288 ], [ -157.874906087022055, 21.567850029445186 ], [ -157.874924894221039, 21.56766971431847 ], [ -157.874949679377494, 21.567489528082536 ], [ -157.874962022737805, 21.567309075341075 ], [ -157.874976740461705, 21.56712867295494 ], [ -157.874994716055397, 21.566948340439485 ], [ -157.875020861481602, 21.566768183229467 ], [ -157.875040629095196, 21.566587888995631 ], [ -157.875044054981743, 21.566407244119429 ], [ -157.875037289038886, 21.566226381368484 ], [ -157.875056435651061, 21.566046073891432 ], [ -157.875070831511039, 21.565865664771714 ], [ -157.875073746501243, 21.565685009201527 ], [ -157.875075643742235, 21.565504332301966 ], [ -157.875084199645357, 21.565323797014845 ], [ -157.875098289265651, 21.565143381289463 ], [ -157.87509272489865, 21.56496836514745 ] ] } },
{ "type": "Feature", "properties": { "objectid": 34, "island": "Oahu", "st_lengthshape": 793.24446375005255 }, "geometry": { "type": "LineString", "coordinates": [ [ -157.876435486838858, 21.558148114391368 ], [ -157.876381009424847, 21.557959781399489 ], [ -157.876307502884657, 21.557785018006342 ], [ -157.876215766413765, 21.557623255933393 ], [ -157.876112118532006, 21.557469989254841 ], [ -157.875987777287719, 21.557331480559679 ], [ -157.875859506540593, 21.557195772846086 ], [ -157.875720315853698, 21.557067853473352 ], [ -157.87557642868677, 21.556951032819189 ], [ -157.875304351826031, 21.556761284682583 ], [ -157.875140030460528, 21.556664241636597 ], [ -157.874967797762565, 21.556582432887463 ], [ -157.874795818154325, 21.556500138754853 ], [ -157.874620604909808, 21.556424071277462 ], [ -157.874442919658492, 21.556352764889969 ], [ -157.874265682575981, 21.556280594103676 ], [ -157.87408683706542, 21.556211522596762 ], [ -157.873903887418948, 21.556150352115349 ], [ -157.873718695088286, 21.556093502493272 ], [ -157.873532977498343, 21.556037663612646 ], [ -157.873345464209621, 21.555985284069294 ], [ -157.873155006359639, 21.555938573879974 ], [ -157.87296367033602, 21.555893553177423 ], [ -157.872702583781063, 21.555836977906203 ], [ -157.872499548127877, 21.555796546202956 ], [ -157.872297938072023, 21.555764091683507 ], [ -157.872097579598886, 21.555738635720854 ], [ -157.871899040928014, 21.555723369276805 ], [ -157.871701003985407, 21.555710910978107 ], [ -157.871504892355006, 21.555709225597781 ], [ -157.871309807223668, 21.555713285184957 ], [ -157.871116749145585, 21.555728687515458 ], [ -157.870925244175027, 21.555752780684678 ], [ -157.870734878516885, 21.555783252863375 ], [ -157.870545258820869, 21.555817897150959 ], [ -157.870357254103851, 21.555861586830027 ], [ -157.870169925905202, 21.555909057894052 ], [ -157.869982739205398, 21.555957321059442 ], [ -157.86979589945426, 21.556007528620789 ] ] } },
{ "type": "Feature", "properties": { "objectid": 35, "island": "Oahu", "st_lengthshape": 885.2939682090074 }, "geometry": { "type": "LineString", "coordinates": [ [ -157.864136774369257, 21.560277403516903 ], [ -157.863945841433804, 21.56023834642243 ], [ -157.863760236352675, 21.560186407186549 ], [ -157.863578434569916, 21.560125271136236 ], [ -157.863398408551234, 21.560059840619019 ], [ -157.863218331530703, 21.559994532423726 ], [ -157.863038334390836, 21.559929033068897 ], [ -157.862861494931849, 21.559855898975719 ], [ -157.862686130088605, 21.559779199209661 ], [ -157.862504699403047, 21.559717166598777 ], [ -157.862329064259285, 21.559641120473291 ], [ -157.862162514142454, 21.559543105616239 ], [ -157.861980337914844, 21.559482876819505 ], [ -157.861805546871722, 21.559404790686056 ], [ -157.861627798274952, 21.559333855155163 ], [ -157.861449247664638, 21.559264859828556 ], [ -157.861284373837748, 21.559162794913775 ], [ -157.86112379960602, 21.559050333388239 ], [ -157.860958406561906, 21.55894952392066 ], [ -157.860797797397453, 21.558837146774561 ], [ -157.86062543999202, 21.558753177957517 ], [ -157.860450077747458, 21.558676475034897 ], [ -157.860274133979544, 21.558601178123268 ], [ -157.860093650815685, 21.558536858494659 ], [ -157.859905036510838, 21.558492200987388 ], [ -157.859718503152436, 21.558442511263774 ], [ -157.859532925702297, 21.55839050891726 ], [ -157.859349980426998, 21.558332142953429 ], [ -157.859165190718215, 21.55827823586667 ], [ -157.858976544600182, 21.558233655705443 ], [ -157.858786885758576, 21.558191522865446 ], [ -157.858593960076661, 21.558157290023949 ], [ -157.858401956815101, 21.558120825625043 ], [ -157.858214213816126, 21.558074060121982 ], [ -157.858029144351491, 21.558020833738087 ], [ -157.857846088985326, 21.557962735514003 ], [ -157.85766190180945, 21.557907371976992 ], [ -157.857477658658581, 21.557852146073561 ], [ -157.857295198284703, 21.557792610457849 ], [ -157.85711249593507, 21.557733658373785 ], [ -157.856933736026605, 21.557665174544162 ], [ -157.856754498890183, 21.557597844475602 ], [ -157.856576378161179, 21.557527817180571 ], [ -157.856390401527051, 21.557476784316762 ], [ -157.856203624305607, 21.557428359213205 ] ] } },
{ "type": "Feature", "properties": { "objectid": 36, "island": "Oahu", "st_lengthshape": 3180.412431648801 }, "geometry": { "type": "LineString", "coordinates": [ [ -157.854723296752923, 21.557719342754833 ], [ -157.854556703534968, 21.5576272879253 ], [ -157.85439929867681, 21.557518436454416 ], [ -157.85422542535602, 21.557439687627618 ], [ -157.854047352990335, 21.557368614617044 ], [ -157.853869792249014, 21.557296605433152 ], [ -157.853691625203368, 21.557225706657274 ], [ -157.853513583764652, 21.557154576394129 ], [ -157.853338939339778, 21.557077237856163 ], [ -157.853169388893321, 21.556990589710615 ], [ -157.853006266907812, 21.556892190308705 ], [ -157.85285017131838, 21.556793684637924 ], [ -157.852733801701277, 21.556718930015663 ], [ -157.852577805465188, 21.556611770481268 ], [ -157.852427197894457, 21.556498604350942 ], [ -157.852280258514327, 21.556381349394748 ], [ -157.852141119014675, 21.55625539977817 ], [ -157.852019120258433, 21.556110343451042 ], [ -157.851883725190618, 21.555980219647008 ], [ -157.851742843527347, 21.555856212615602 ], [ -157.851601832538677, 21.555732349120706 ], [ -157.851462245797194, 21.555611106975828 ], [ -157.851359892337342, 21.555524130550193 ], [ -157.851241293810432, 21.555381321226534 ], [ -157.851123623546584, 21.555237895799774 ], [ -157.851004870161006, 21.555095189140911 ], [ -157.850885672404218, 21.554952777452971 ], [ -157.850836817715191, 21.554763701879622 ], [ -157.850682036906193, 21.554644895559662 ], [ -157.850548403939115, 21.55451206013143 ], [ -157.850425282389978, 21.554372251699846 ], [ -157.850310568649832, 21.554226865941693 ], [ -157.850194042763121, 21.554082682645721 ], [ -157.850082051428416, 21.553935490710387 ], [ -157.849972909425276, 21.553786409539299 ], [ -157.849863949178371, 21.553637206698074 ], [ -157.849755060009926, 21.553487957306512 ], [ -157.849646475863068, 21.553338506695926 ], [ -157.849537990960556, 21.553188988952417 ], [ -157.849428563695142, 21.55304009609646 ], [ -157.849318560024415, 21.552891586742071 ], [ -157.849207450903265, 21.552743811357647 ], [ -157.849095009200084, 21.5525969183326 ], [ -157.848985576978748, 21.552448030595254 ], [ -157.848878889249903, 21.552297320672139 ], [ -157.848773922829878, 21.5521454707748 ], [ -157.848659932718647, 21.55199960566398 ], [ -157.848542376362246, 21.551856107073064 ], [ -157.848422132285378, 21.55171439116193 ], [ -157.848313101339158, 21.551565236585748 ], [ -157.848204998667995, 21.551420965660672 ], [ -157.848098190142565, 21.551313390435343 ], [ -157.847949769691496, 21.551197081063293 ], [ -157.847824277206968, 21.551058579716475 ], [ -157.847704428816115, 21.550914616665054 ], [ -157.847570718165599, 21.550784070338313 ], [ -157.847434377527264, 21.55065606859355 ], [ -157.84729810619865, 21.550528002180862 ], [ -157.847162430651196, 21.550399357109157 ], [ -157.847029604298513, 21.550274458949307 ], [ -157.84696790883342, 21.550216896727363 ], [ -157.846837043670945, 21.550081290776401 ], [ -157.846775264757895, 21.549902846882922 ], [ -157.846703689940313, 21.549740490194079 ], [ -157.846681395277614, 21.549691149199241 ], [ -157.846637567687196, 21.549515040895901 ], [ -157.846593906514556, 21.549338903018167 ], [ -157.846556406140394, 21.549161667697991 ], [ -157.846522786379921, 21.548983741037421 ], [ -157.846492849956263, 21.548805157808196 ], [ -157.84645817630917, 21.548627419873398 ], [ -157.846422533825603, 21.548449853191627 ], [ -157.846426321637125, 21.548269486055325 ], [ -157.846420786924625, 21.548187861572316 ], [ -157.84641289441646, 21.548001770252739 ], [ -157.846425277672154, 21.547819632347878 ], [ -157.846457497927446, 21.547641363511545 ], [ -157.846491595265121, 21.547463459963698 ], [ -157.846525107282304, 21.547285442141437 ], [ -157.846562590451157, 21.547108199769447 ], [ -157.846597329431944, 21.54693288787476 ], [ -157.846620366617088, 21.546716818903334 ], [ -157.846609231480926, 21.546536203947937 ], [ -157.846586427096327, 21.54635679195804 ], [ -157.846557396584984, 21.546178835586876 ], [ -157.846366489520847, 21.545868343108165 ], [ -157.846276753470335, 21.545701148612341 ], [ -157.846158789335618, 21.545557495734069 ], [ -157.846027881111382, 21.545424637922853 ], [ -157.845891794243386, 21.545296097520175 ], [ -157.845777272343469, 21.545160242633266 ], [ -157.845696746293328, 21.545031631372098 ], [ -157.845626673983816, 21.544861756870283 ], [ -157.845570384574074, 21.544684953146565 ], [ -157.845516995901363, 21.544506690669202 ], [ -157.845400051929516, 21.54436038031886 ], [ -157.845278682642402, 21.544216294063855 ], [ -157.845132178599442, 21.544084844366278 ], [ -157.845026382597041, 21.54393677171598 ], [ -157.844919708154123, 21.543813828330258 ], [ -157.844791916522269, 21.543678299164053 ], [ -157.844659534194392, 21.543546371461041 ], [ -157.844516275717382, 21.543422977427795 ], [ -157.844359886887418, 21.543316353713568 ], [ -157.844155742418451, 21.543194453479384 ], [ -157.843989124964452, 21.543102908074829 ], [ -157.843819930108282, 21.543015809102322 ], [ -157.843649706541925, 21.542930487893276 ], [ -157.843475899174024, 21.542851349630237 ], [ -157.843305322616942, 21.542766636313608 ], [ -157.843137328794313, 21.542677467251679 ], [ -157.842970078239944, 21.542587014073472 ], [ -157.842797449381891, 21.54250584349376 ], [ -157.84262738565414, 21.542420245958226 ], [ -157.842455870585809, 21.542337726807723 ], [ -157.842402908426806, 21.542307153152194 ], [ -157.842283879033914, 21.542164835447899 ], [ -157.842185342049703, 21.542007467949393 ], [ -157.842144734032473, 21.541964072622868 ], [ -157.842043039843446, 21.541805492483679 ], [ -157.841964212977985, 21.541639697766634 ], [ -157.841901821015512, 21.541468716165411 ], [ -157.841846840187316, 21.541295397497844 ], [ -157.841794348216723, 21.541121292098353 ], [ -157.841734480211443, 21.540949514934805 ], [ -157.841678765048385, 21.540776426896176 ], [ -157.841622602784156, 21.540603481177723 ], [ -157.841564949939936, 21.540431004778249 ], [ -157.841504362263805, 21.54025945470686 ], [ -157.841450302867145, 21.540085844207713 ], [ -157.841399989707298, 21.539911052813718 ], [ -157.841351166403825, 21.539735790259144 ], [ -157.8413166655711, 21.539556009162364 ], [ -157.841287264178135, 21.539374618447663 ], [ -157.841249327138911, 21.539195920995766 ], [ -157.841214578845381, 21.539024839428574 ], [ -157.841144103411438, 21.538820858166901 ], [ -157.841089331199555, 21.538643130459796 ], [ -157.841013271693498, 21.538476198252276 ], [ -157.840945332549097, 21.538305147966128 ], [ -157.840830034504307, 21.538158116180316 ], [ -157.840739869092317, 21.538004884819262 ], [ -157.840692435453519, 21.537895665471861 ], [ -157.840632382928561, 21.537723357290041 ], [ -157.840619229098934, 21.537540496694973 ], [ -157.840568395925345, 21.537366113392476 ], [ -157.840464406106435, 21.537203692464651 ], [ -157.840409420692964, 21.53703024414963 ], [ -157.840348594973761, 21.536864919882476 ], [ -157.840270324151959, 21.536639877997434 ], [ -157.840206352961104, 21.536457053386169 ], [ -157.840132991132037, 21.536281146513318 ], [ -157.840037670057114, 21.536121416242686 ], [ -157.839930611924927, 21.535970332667013 ], [ -157.839831676369329, 21.535813264680531 ], [ -157.839716119485473, 21.535668441851808 ], [ -157.839552797068166, 21.535558805402399 ], [ -157.839417455859291, 21.535428557044384 ], [ -157.839288737675417, 21.53529342858706 ], [ -157.839145147373955, 21.535169257414697 ], [ -157.838981695810361, 21.535059716198933 ], [ -157.838837627699832, 21.534942632914319 ] ] } },
{ "type": "Feature", "properties": { "objectid": 37, "island": "Oahu", "st_lengthshape": 156.83274728039359 }, "geometry": { "type": "LineString", "coordinates": [ [ -157.837430309088887, 21.532393121627898 ], [ -157.837280211414821, 21.532279418865883 ], [ -157.837133562837579, 21.532161588125412 ], [ -157.836992230115015, 21.532037394842561 ], [ -157.836849645231354, 21.531921946381257 ], [ -157.836735076988163, 21.531821754163673 ], [ -157.836594173922975, 21.531686614704743 ], [ -157.836488019068014, 21.531534606734329 ], [ -157.836405183901746, 21.531371873926691 ] ] } },
{ "type": "Feature", "properties": { "objectid": 38, "island": "Oahu", "st_lengthshape": 538.24702383335671 }, "geometry": { "type": "LineString", "coordinates": [ [ -157.83639342427108, 21.530855955376843 ], [ -157.836307713958888, 21.530693748109687 ], [ -157.83621064796904, 21.530537549406109 ], [ -157.836115405007376, 21.530380386825001 ], [ -157.836019876213754, 21.53022337577335 ], [ -157.835921233298677, 21.53006801237326 ], [ -157.835827766250702, 21.529909910784372 ], [ -157.835739063973364, 21.529749285858419 ], [ -157.835620465587112, 21.529604484371102 ], [ -157.835540510356026, 21.529439230996338 ], [ -157.835462104692908, 21.529273158204894 ], [ -157.835387330311249, 21.529105162156565 ], [ -157.835308337422902, 21.528939399574035 ], [ -157.835228199632297, 21.528774242353904 ], [ -157.835158133068859, 21.528603755963886 ], [ -157.835092280469979, 21.52843103873467 ], [ -157.835013266922942, 21.528265286722444 ], [ -157.834920105803661, 21.528109154351306 ], [ -157.834837821339704, 21.527975987498525 ], [ -157.834764301101103, 21.527805980922562 ], [ -157.834699291911988, 21.527634262248444 ], [ -157.834642933976113, 21.527460801749594 ], [ -157.834601149362499, 21.527284410405169 ], [ -157.834577872893675, 21.527104294543065 ], [ -157.834540166415024, 21.52692708249824 ], [ -157.834516041973245, 21.526747136859637 ], [ -157.834476685888859, 21.52657025655833 ], [ -157.83442121631785, 21.526403149278455 ] ] } },
{ "type": "Feature", "properties": { "objectid": 39, "island": "Oahu", "st_lengthshape": 380.11768175023406 }, "geometry": { "type": "LineString", "coordinates": [ [ -157.834730099889413, 21.526119473736802 ], [ -157.834718811606365, 21.525938637588535 ], [ -157.834721816609658, 21.525757990686451 ], [ -157.83475001195589, 21.525577674166673 ], [ -157.834769655019471, 21.52539724551994 ], [ -157.834783652558713, 21.525216742212024 ], [ -157.834766033341964, 21.525035823898925 ], [ -157.834751613382537, 21.524854946892976 ], [ -157.834749303932114, 21.524674229430378 ], [ -157.834786406364771, 21.524494030175212 ], [ -157.83477369122437, 21.524313175905512 ], [ -157.834758610970709, 21.524132290663445 ], [ -157.83476703626269, 21.523951714992588 ], [ -157.834786060194432, 21.523771277461094 ], [ -157.834792805692217, 21.523590679209864 ], [ -157.834802693389491, 21.523410122767871 ], [ -157.834804682531058, 21.523229461485986 ], [ -157.83480466757851, 21.523048774463401 ], [ -157.83480315922111, 21.522868067072835 ], [ -157.834800352446194, 21.522696303023562 ] ] } },
{ "type": "Feature", "properties": { "objectid": 40, "island": "Oahu", "st_lengthshape": 482.77664302822257 }, "geometry": { "type": "LineString", "coordinates": [ [ -157.835228450061692, 21.522456285461669 ], [ -157.835253036404652, 21.522276893898411 ], [ -157.835279486780934, 21.522097645420274 ], [ -157.835301742843001, 21.52191807587111 ], [ -157.835322845829353, 21.521738418769516 ], [ -157.835345665239544, 21.521558891979382 ], [ -157.835374221606685, 21.521379804504978 ], [ -157.835397020609406, 21.521200276650116 ], [ -157.835427479506649, 21.52102133522579 ], [ -157.835457940256219, 21.52084239289897 ], [ -157.835476109684805, 21.520662511111215 ], [ -157.835485319471331, 21.520481943474596 ], [ -157.835463299993847, 21.52029898622763 ], [ -157.835465852304907, 21.520117909605521 ], [ -157.835420116013779, 21.519933138211403 ], [ -157.835484867038616, 21.519756820011747 ], [ -157.835490019539321, 21.519575941289602 ], [ -157.835516625271651, 21.519396704612944 ], [ -157.835522709724557, 21.519215898328625 ], [ -157.835527643100107, 21.519035003608838 ], [ -157.835540025972307, 21.518854678489657 ], [ -157.835533727624409, 21.518672923984283 ], [ -157.835509286500582, 21.518489781791391 ], [ -157.835487124369109, 21.518306813583706 ], [ -157.835487968594038, 21.518131802887495 ] ] } },
{ "type": "Feature", "properties": { "objectid": 41, "island": "Oahu", "st_lengthshape": 2330.2206405877801 }, "geometry": { "type": "LineString", "coordinates": [ [ -157.8363362351364, 21.517583086282936 ], [ -157.836370674779261, 21.517401653689266 ], [ -157.836383123326186, 21.517220679361866 ], [ -157.836390457175781, 21.517039812106443 ], [ -157.836391136259692, 21.516859083647041 ], [ -157.836398121484535, 21.51667822388956 ], [ -157.836392333137269, 21.516497630109317 ], [ -157.836397204687472, 21.516316814328601 ], [ -157.836399105154186, 21.516136060942998 ], [ -157.836392714282255, 21.515955479212948 ], [ -157.836383276077669, 21.515774962057524 ], [ -157.836372881012807, 21.515594464426442 ], [ -157.836364985808444, 21.515413914658385 ], [ -157.836352803511801, 21.515233454247465 ], [ -157.836327745461404, 21.515053262716123 ], [ -157.836289629218527, 21.514873343305457 ], [ -157.836284551868516, 21.514695976778334 ], [ -157.836345119027641, 21.514357038033442 ], [ -157.836404293500635, 21.514159542338184 ], [ -157.836419487498631, 21.513971241741682 ], [ -157.836417010446212, 21.513786634719985 ], [ -157.836402239891441, 21.513604598826852 ], [ -157.836367583965284, 21.513426720764976 ], [ -157.836340873950036, 21.513247180770353 ], [ -157.836316235296295, 21.513067208039192 ], [ -157.836278021993962, 21.512890073026838 ], [ -157.836253379587134, 21.512710101161503 ], [ -157.83619916750979, 21.512536310910363 ], [ -157.836142657964274, 21.512363002384994 ], [ -157.836101047973528, 21.512186577192139 ], [ -157.836057188843455, 21.512010623226566 ], [ -157.836030254071716, 21.511831130392647 ], [ -157.836004004950354, 21.51165149418043 ], [ -157.835971397935026, 21.511473187664784 ], [ -157.835933158292505, 21.511296058712844 ], [ -157.83590659121586, 21.511116488921957 ], [ -157.835873424521509, 21.510938299534953 ], [ -157.835820582695675, 21.510764223319022 ], [ -157.835771793605858, 21.51058929997966 ], [ -157.835740073774474, 21.510410807184904 ], [ -157.835722810345771, 21.510229293136511 ], [ -157.835747419959745, 21.510086068748027 ], [ -157.835732470980247, 21.509892253343736 ], [ -157.835771401666676, 21.509920461618574 ], [ -157.835959924811846, 21.509881373621749 ], [ -157.836134478071529, 21.509787587257236 ], [ -157.836303209884505, 21.50967100686853 ], [ -157.836470147685276, 21.509547402716436 ], [ -157.836642077954565, 21.50944334693515 ], [ -157.836825574772547, 21.509384579052824 ], [ -157.837004709640269, 21.509308735732411 ], [ -157.837172565817468, 21.509188729946768 ], [ -157.837345938837842, 21.50909032501562 ], [ -157.837534780717306, 21.509052493990879 ], [ -157.837730308087885, 21.509040838461601 ], [ -157.837925214737396, 21.509026750113815 ], [ -157.838114800731461, 21.508991831562064 ], [ -157.838295560766767, 21.50892235244795 ], [ -157.838470559008471, 21.508830314652812 ], [ -157.83863722166069, 21.508705639415957 ], [ -157.838808148638464, 21.508597661806093 ], [ -157.839006879233722, 21.508598548694913 ], [ -157.839193510595237, 21.508552061415525 ], [ -157.83937666548573, 21.508491965723678 ], [ -157.839562860330233, 21.508443767609922 ], [ -157.839752144735002, 21.508407668862997 ], [ -157.839935628825344, 21.508348861233273 ], [ -157.840114130844768, 21.508270546558126 ], [ -157.840289437153388, 21.508179719436825 ], [ -157.840464266660547, 21.50808702876348 ], [ -157.840647432705794, 21.508026975974481 ], [ -157.840828807476242, 21.507959910295224 ], [ -157.841016358834253, 21.507917030867961 ], [ -157.841210891195288, 21.50790148158092 ], [ -157.841412625651259, 21.507914125767211 ], [ -157.841623359063419, 21.507962004124508 ], [ -157.841831475603499, 21.507999636966069 ], [ -157.842037328207283, 21.508028408007487 ], [ -157.842242012403574, 21.508052598717352 ], [ -157.842439231213547, 21.508047568358645 ], [ -157.842629582006651, 21.508015642767102 ], [ -157.842815723816784, 21.507967243654171 ], [ -157.842997842045548, 21.507903088692437 ], [ -157.843186538917223, 21.507864693669205 ], [ -157.843380593586176, 21.50784726944919 ], [ -157.843572041366258, 21.5078196413941 ], [ -157.843760311047873, 21.50777957150946 ], [ -157.84394546155599, 21.507727293282898 ], [ -157.844126027477074, 21.50765706195342 ], [ -157.844307206528839, 21.507589235836331 ], [ -157.84448590401675, 21.507511692802844 ], [ -157.844657462267463, 21.507406203944079 ], [ -157.844827142823334, 21.50729336288699 ], [ -157.845004697283031, 21.507211347785859 ], [ -157.845181701884741, 21.507127180457939 ], [ -157.845357147164151, 21.507036910690378 ], [ -157.845532358147636, 21.506945722183165 ], [ -157.845697490303934, 21.506815078441601 ], [ -157.845891728812944, 21.506798379723627 ], [ -157.846051761670964, 21.506647776415853 ], [ -157.846215909784434, 21.50651328417262 ], [ -157.846384090797244, 21.506394579910015 ], [ -157.846552276203255, 21.506275896273962 ], [ -157.846694401293888, 21.506055196711788 ], [ -157.846866731703614, 21.505952737081707 ], [ -157.847056777478798, 21.505919628894357 ], [ -157.847248157611261, 21.505891744888565 ], [ -157.847442895799105, 21.505877006279132 ], [ -157.847640379685856, 21.505873011270282 ], [ -157.847833741243136, 21.50585288219381 ], [ -157.848018219425768, 21.505797980280082 ], [ -157.848205270897353, 21.505753152290897 ], [ -157.848409597464411, 21.505775943501106 ], [ -157.848635377014205, 21.5058827139021 ] ] } },
{ "type": "Feature", "properties": { "objectid": 42, "island": "Oahu", "st_lengthshape": 624.68627212419028 }, "geometry": { "type": "LineString", "coordinates": [ [ -157.763943337556043, 21.461462373490946 ], [ -157.763974481095914, 21.46127113999119 ], [ -157.763973037523755, 21.461086542959173 ], [ -157.763977667629575, 21.460900708936517 ], [ -157.763968338466185, 21.460722790889136 ], [ -157.763708964372995, 21.460066582648288 ], [ -157.763586673308566, 21.459915208706636 ], [ -157.763441285491467, 21.459794637466278 ], [ -157.763249978141999, 21.459735303270222 ], [ -157.763076244822116, 21.459652532850608 ], [ -157.762918791403905, 21.459548052048429 ], [ -157.762762215643647, 21.459442400518753 ], [ -157.762602778458671, 21.459340566965054 ], [ -157.762430822316276, 21.459255427793344 ], [ -157.762257864039327, 21.459171623430343 ], [ -157.762082688474351, 21.459090777252278 ], [ -157.761908131901464, 21.45900910529113 ], [ -157.761736018472561, 21.458924175655962 ], [ -157.76156783075146, 21.458834011034767 ], [ -157.761400493347395, 21.458742712507476 ], [ -157.761231718497356, 21.458653330945868 ], [ -157.761056835006684, 21.458572096551105 ], [ -157.760885073985747, 21.458486697132738 ], [ -157.76073094286167, 21.458377788125304 ], [ -157.760590012535914, 21.458251274547809 ], [ -157.760403613935495, 21.458185396218479 ], [ -157.760224388235912, 21.458109952774898 ], [ -157.760057293636635, 21.458018329553301 ], [ -157.759894770758194, 21.457922110343929 ] ] } },
{ "type": "Feature", "properties": { "objectid": 43, "island": "Oahu", "st_lengthshape": 1478.3569254103093 }, "geometry": { "type": "LineString", "coordinates": [ [ -157.756293923155738, 21.456617004064093 ], [ -157.756121430392255, 21.456523041496368 ], [ -157.755942690333541, 21.456450248590947 ], [ -157.755760142123904, 21.456390359665008 ], [ -157.755574864729198, 21.456339719610089 ], [ -157.755386858125831, 21.456298327512442 ], [ -157.755196284243823, 21.456265633517624 ], [ -157.75500577502001, 21.456232722983984 ], [ -157.754818470220641, 21.456188953324638 ], [ -157.75463813458714, 21.456121569147964 ], [ -157.754456159690363, 21.456059740881258 ], [ -157.754276615287779, 21.455989678339325 ], [ -157.754076024631189, 21.455990926279444 ], [ -157.753878125645912, 21.455983055653135 ], [ -157.753685901219029, 21.455955955721251 ], [ -157.753499432887963, 21.455909351589309 ], [ -157.753321361718093, 21.455834298934732 ], [ -157.753144251579471, 21.455755989426073 ], [ -157.752976437989815, 21.455646180272669 ], [ -157.752805059511303, 21.455548452095172 ], [ -157.752628420005266, 21.455468549337507 ], [ -157.752447843933368, 21.455401984037085 ], [ -157.752262575075179, 21.455351320593742 ], [ -157.752077966155696, 21.455298418834413 ], [ -157.751888039352764, 21.45526353984857 ], [ -157.751705360355061, 21.455204100932566 ], [ -157.751523444620972, 21.455142078494369 ], [ -157.751339170141478, 21.455088044721293 ], [ -157.751150475000856, 21.455048990657168 ], [ -157.750961760088728, 21.455010004891601 ], [ -157.75077601436567, 21.454960959614056 ], [ -157.750592902000619, 21.454902993268632 ], [ -157.750410564892832, 21.454842396520725 ], [ -157.750233660352421, 21.454763398113474 ], [ -157.750065034368276, 21.454656352497896 ], [ -157.749898399013972, 21.454542559962992 ], [ -157.749725525542488, 21.454449904390255 ], [ -157.749547683835942, 21.454374082620461 ], [ -157.749367554837676, 21.454306010638891 ], [ -157.749188026224999, 21.454235903176976 ], [ -157.749010565657613, 21.454158792807753 ], [ -157.74882967602997, 21.454093298181149 ], [ -157.748649182080385, 21.454026462128581 ], [ -157.748464708455344, 21.453973113054062 ], [ -157.748275000118412, 21.453937494559348 ], [ -157.748086487290038, 21.453897830531208 ], [ -157.747897172656309, 21.45386088120598 ], [ -157.747707429846457, 21.453825381063663 ], [ -157.74751785604397, 21.453789311956506 ], [ -157.747329649754818, 21.45374860691134 ], [ -157.747141868905146, 21.453706460376335 ], [ -157.746955152449345, 21.453660710888336 ], [ -157.746768366592931, 21.453615192839312 ], [ -157.746580989537478, 21.45357168283638 ], [ -157.746393359230808, 21.453529027112619 ], [ -157.746205058227019, 21.453488647132538 ], [ -157.746017287031236, 21.453446470525289 ], [ -157.745823849501875, 21.453423489121644 ], [ -157.745626171616323, 21.453414873404807 ], [ -157.745428259239389, 21.453407051554091 ], [ -157.745236026355059, 21.453379989013829 ], [ -157.745046525455024, 21.453343672888792 ], [ -157.744857919065851, 21.453304327081923 ], [ -157.744665842471562, 21.453276736604629 ], [ -157.744467193981365, 21.453271409496931 ], [ -157.744264191675427, 21.453280831097175 ], [ -157.744061171470406, 21.453290312840384 ], [ -157.743858991037797, 21.453296947841718 ], [ -157.743660234285755, 21.453291985725187 ], [ -157.743465623748961, 21.453272981125945 ], [ -157.743266302588239, 21.453269929419182 ], [ -157.743069079400726, 21.45325977298371 ], [ -157.742872636420032, 21.453246972635707 ], [ -157.742689195826841, 21.453202396659645 ] ] } },
{ "type": "Feature", "properties": { "objectid": 44, "island": "Oahu", "st_lengthshape": 109.74613181837495 }, "geometry": { "type": "LineString", "coordinates": [ [ -157.740518511207711, 21.453811147338993 ], [ -157.740311110000732, 21.453878276162857 ], [ -157.740079241618957, 21.453924416202586 ], [ -157.739878197738449, 21.453996998024525 ], [ -157.739725935278273, 21.454111427315311 ], [ -157.739633706901714, 21.454268813379937 ] ] } },
{ "type": "Feature", "properties": { "objectid": 45, "island": "Oahu", "st_lengthshape": 3623.44169342946 }, "geometry": { "type": "LineString", "coordinates": [ [ -157.744244375862223, 21.42247003709257 ], [ -157.744307615275659, 21.422298539519236 ], [ -157.744353234889445, 21.42212299557881 ], [ -157.744373682951704, 21.421941670239477 ], [ -157.744392397381404, 21.421777597809402 ], [ -157.744418247551039, 21.421559308624563 ], [ -157.744435904422858, 21.421377412192346 ], [ -157.744437001333779, 21.421196397072322 ], [ -157.744426935736215, 21.421015974899689 ], [ -157.74440817567023, 21.42083601511855 ], [ -157.744390157873596, 21.420656015729101 ], [ -157.744378927339852, 21.420475656180315 ], [ -157.744363089971529, 21.420295540333008 ], [ -157.744349630854003, 21.420115298673959 ], [ -157.744340517033748, 21.419934826703788 ], [ -157.744335762988158, 21.419754121820958 ], [ -157.74432747538674, 21.419573605448974 ], [ -157.744316017157189, 21.419393257724185 ], [ -157.744302477046404, 21.419213019958427 ], [ -157.744287678353629, 21.419032849541175 ], [ -157.744255904213759, 21.418811244845593 ], [ -157.744225503070084, 21.41862495102863 ], [ -157.744181408228343, 21.418448953134252 ], [ -157.744129240341579, 21.418275009477444 ], [ -157.744074858499857, 21.418101629166198 ], [ -157.744017143106106, 21.417929097397273 ], [ -157.743953308695978, 21.417758124102928 ], [ -157.743917682937422, 21.41757997008402 ], [ -157.743877753858641, 21.417402911186681 ], [ -157.743838254136449, 21.417225743482806 ], [ -157.743808352279046, 21.417046132779063 ], [ -157.743772451266295, 21.416868049837706 ], [ -157.743717320986946, 21.416694859839115 ], [ -157.743680258023431, 21.416517071695427 ], [ -157.743631848398337, 21.41634217232038 ], [ -157.743575623993934, 21.416169261343924 ], [ -157.743521898001148, 21.415995714150846 ], [ -157.743480456634074, 21.415819041302068 ], [ -157.743431620103564, 21.415644249786446 ], [ -157.743375652366325, 21.415471273826288 ], [ -157.743324353553902, 21.41529710881462 ], [ -157.743284278705033, 21.415120087536483 ], [ -157.743241194222492, 21.414943832308502 ], [ -157.74319385484452, 21.414768660804608 ], [ -157.7431384000854, 21.414595554020533 ], [ -157.743076858356716, 21.414423995989697 ], [ -157.743006669532662, 21.414254639600568 ], [ -157.742985557469041, 21.414072792030556 ], [ -157.743001237625066, 21.413881579807111 ], [ -157.742945170403061, 21.413708630071859 ], [ -157.742872701320238, 21.413539853647933 ], [ -157.742806960440248, 21.413369365220927 ], [ -157.742771363924561, 21.413191203963837 ], [ -157.742737662426919, 21.413012560972888 ], [ -157.742705155978655, 21.412833613475708 ], [ -157.742644604425891, 21.412661804371822 ], [ -157.742577518358871, 21.412491658081965 ], [ -157.742519292249426, 21.412319256619771 ], [ -157.742450129762545, 21.412149639429234 ], [ -157.742405418861239, 21.411973799088429 ], [ -157.742374681263328, 21.411794401383304 ], [ -157.742349281658477, 21.411671442313249 ], [ -157.742295430635039, 21.411496489103232 ], [ -157.742225742904765, 21.411327895912773 ], [ -157.742167285328435, 21.411154792500369 ], [ -157.742135047640346, 21.410971159382228 ], [ -157.742056318057337, 21.410806197520326 ], [ -157.741934392822031, 21.410658581980908 ], [ -157.741839414492716, 21.410500145872128 ], [ -157.741748709189835, 21.410339992892862 ], [ -157.741668899082242, 21.410175464499446 ], [ -157.74159690294664, 21.410007798659766 ], [ -157.741550098530524, 21.409830015530169 ], [ -157.741482813988142, 21.40966045816068 ], [ -157.741415432797027, 21.409490938886016 ], [ -157.741355204373065, 21.409318547323405 ], [ -157.74128195926869, 21.409151383286176 ], [ -157.741203269286046, 21.408986405106514 ], [ -157.741126237659984, 21.408820761830818 ], [ -157.741048643793192, 21.408655343753754 ], [ -157.740962212203726, 21.408493475403301 ], [ -157.740874027741256, 21.40833231111203 ], [ -157.74077273283342, 21.408176411524412 ], [ -157.740679036958738, 21.408017459615216 ], [ -157.740609145393762, 21.407848949215584 ], [ -157.740569048062383, 21.407668473644033 ], [ -157.7404712082907, 21.407538587720822 ], [ -157.740345798702322, 21.407399110435808 ], [ -157.740228900443952, 21.407254586731742 ], [ -157.740122302392109, 21.407103956880924 ], [ -157.740024606391842, 21.406948047806008 ], [ -157.7399586705437, 21.406773306619051 ], [ -157.739840355604201, 21.406629622984862 ], [ -157.739724554059933, 21.406484450465303 ], [ -157.739631512904481, 21.406325781189558 ], [ -157.739587399328855, 21.406138101636667 ], [ -157.739509859314694, 21.405970242453815 ], [ -157.739388797627697, 21.405828187411711 ], [ -157.739254935683164, 21.405693722699187 ], [ -157.739147282861836, 21.405543718514934 ], [ -157.739045964562422, 21.405389957873822 ], [ -157.738934406686695, 21.405242268407324 ], [ -157.738860559611055, 21.405148274670143 ], [ -157.738779589892459, 21.405051778300916 ], [ -157.738658335706219, 21.404911077271805 ], [ -157.738531353954784, 21.404775063049915 ], [ -157.738408124260161, 21.404635978455268 ], [ -157.738295224460984, 21.404488439299129 ], [ -157.73817677291143, 21.404345445542472 ], [ -157.738064321404551, 21.404197540145326 ], [ -157.737949381217248, 21.404051671085668 ], [ -157.737831658962932, 21.403908079153183 ], [ -157.73769939499411, 21.403776389613789 ], [ -157.737578529518345, 21.403635371007535 ], [ -157.737474955454474, 21.403480200440402 ], [ -157.737387733355035, 21.403311647755849 ], [ -157.737232545606616, 21.403198719628623 ], [ -157.737110696950623, 21.403058505428078 ], [ -157.73698684729149, 21.402919930121296 ], [ -157.736858648609029, 21.402784913717461 ], [ -157.736733317931055, 21.402647550227613 ], [ -157.736611353612119, 21.402507432385281 ], [ -157.736487700155863, 21.402368695613841 ], [ -157.736363768111659, 21.402230187918764 ], [ -157.736263635264663, 21.402072202450338 ], [ -157.736150770607878, 21.401924636948991 ], [ -157.735926669002794, 21.401853697512774 ], [ -157.735782575603054, 21.401732199414756 ], [ -157.73563773045862, 21.401611661222493 ], [ -157.73548620836749, 21.401499650849619 ], [ -157.735329196311085, 21.401394652361869 ], [ -157.73516460316111, 21.401299334750114 ], [ -157.734999439642422, 21.401204747111716 ], [ -157.73483378768654, 21.401110784370267 ], [ -157.734676270333637, 21.401006431004721 ], [ -157.734523195902796, 21.400896403613778 ], [ -157.734371333069475, 21.400784830557015 ], [ -157.734278632778654, 21.400722654385579 ], [ -157.734125889127711, 21.400605199924634 ], [ -157.733957044311524, 21.40051754028309 ], [ -157.733790298394979, 21.400425997433921 ], [ -157.733621761777783, 21.400337769777899 ], [ -157.733445957862671, 21.400262987756818 ], [ -157.73326228961281, 21.40020275977361 ], [ -157.73310378839227, 21.400095961213133 ], [ -157.732916380856949, 21.40004265324346 ], [ -157.732734880470844, 21.399978413008686 ], [ -157.732530902824834, 21.399891898364107 ], [ -157.732353025497957, 21.399821104151915 ], [ -157.732173478226031, 21.399754716359698 ], [ -157.731993081241825, 21.399690572221139 ], [ -157.731808992743282, 21.399636169793958 ], [ -157.731625761202963, 21.399579503513046 ], [ -157.731444191050628, 21.399518456575699 ], [ -157.731261955792263, 21.399459161446494 ], [ -157.731079329780044, 21.399400900222854 ], [ -157.73089757849533, 21.399340330119699 ], [ -157.730715802695016, 21.399279824681436 ], [ -157.730532872149894, 21.39922236636945 ], [ -157.730349202409514, 21.399166859842868 ], [ -157.730164494391857, 21.399114092368883 ], [ -157.729974807573768, 21.399074459750658 ], [ -157.729787690303112, 21.399028048619265 ], [ -157.729602700371458, 21.398976026385526 ], [ -157.729421215844326, 21.39891475303083 ], [ -157.729242169635, 21.398847048893657 ], [ -157.72907592258619, 21.398745574703977 ], [ -157.728894391214283, 21.398684425106474 ], [ -157.728714567703463, 21.398618772381933 ], [ -157.728522116044701, 21.39858643891106 ], [ -157.728324528466203, 21.398567653672465 ], [ -157.728134604054674, 21.398528651373859 ], [ -157.727961919106349, 21.39844416370833 ], [ -157.727789929312706, 21.398357841910912 ], [ -157.727618624783105, 21.398269714816305 ], [ -157.727457814806087, 21.398153896186898 ], [ -157.72728181783711, 21.39807815070273 ], [ -157.727103553592343, 21.398008386121777 ], [ -157.726927655734301, 21.397932377251376 ], [ -157.726745697931932, 21.397872357682513 ], [ -157.726561709698586, 21.397817696573842 ], [ -157.726390388826843, 21.397729614222651 ] ] } },
{ "type": "Feature", "properties": { "objectid": 46, "island": "Oahu", "st_lengthshape": 443.67093995879441 }, "geometry": { "type": "LineString", "coordinates": [ [ -157.725242502832685, 21.396822600360213 ], [ -157.725049175021383, 21.396771544222496 ], [ -157.724889578914684, 21.396669789633989 ], [ -157.724739005746727, 21.396554473676012 ], [ -157.724551493604508, 21.396494677876305 ], [ -157.724365062559144, 21.396433256828203 ], [ -157.724187928093556, 21.396357861825496 ], [ -157.724015609130873, 21.396275231265083 ], [ -157.723842040358562, 21.396194479038499 ], [ -157.723667533555926, 21.396115135059357 ], [ -157.72352763251584, 21.395983781612667 ], [ -157.723385646090833, 21.395855562185741 ], [ -157.723228651911199, 21.395749898109845 ], [ -157.723059970932468, 21.395661799195995 ], [ -157.722886997672305, 21.395580152625786 ], [ -157.722718493019158, 21.395491790042819 ], [ -157.722530306843737, 21.395433007724534 ], [ -157.721983776444887, 21.395501179282718 ], [ -157.721783683844251, 21.395511196256525 ], [ -157.721583213872236, 21.395522790083401 ], [ -157.721383654752913, 21.395530576644191 ] ] } },
{ "type": "Feature", "properties": { "objectid": 47, "island": "Oahu", "st_lengthshape": 2171.2344412240705 }, "geometry": { "type": "LineString", "coordinates": [ [ -157.720150763988414, 21.395838383245103 ], [ -157.720014766065958, 21.395706280814611 ], [ -157.719854992363565, 21.395604872567699 ], [ -157.719693718501048, 21.395505400357369 ], [ -157.719533775502697, 21.395404210946609 ], [ -157.719376815953126, 21.395299170587286 ], [ -157.719221139485882, 21.395192473198239 ], [ -157.719064595002294, 21.395086897333293 ], [ -157.718896840705128, 21.394995792360607 ], [ -157.718730317753455, 21.394903099503814 ], [ -157.718568837669352, 21.394803893892007 ], [ -157.718416504572673, 21.394692881626053 ], [ -157.718247996067333, 21.394602751315656 ], [ -157.718103985876922, 21.394480994654934 ], [ -157.717952493432023, 21.394368897165162 ], [ -157.717787715139877, 21.394273952047016 ], [ -157.717651796907006, 21.394141749970238 ], [ -157.717496171745239, 21.394034987323788 ], [ -157.717321679541584, 21.393952583739992 ], [ -157.717230761861771, 21.393899604754765 ], [ -157.717101242110743, 21.39383180444328 ], [ -157.716920481040603, 21.393768707791679 ], [ -157.716744740325339, 21.393693053886718 ], [ -157.716563129575235, 21.393632084085326 ], [ -157.716374434871796, 21.393588833381617 ], [ -157.716231541842149, 21.393557194345856 ], [ -157.716036307614274, 21.393491729385055 ], [ -157.715873386266395, 21.393391725251696 ], [ -157.715729205072051, 21.393271691669387 ], [ -157.715627355687133, 21.393106412454564 ], [ -157.715380280089363, 21.393096356260006 ], [ -157.715187613102074, 21.392921740464779 ], [ -157.715104737391187, 21.392758355226565 ], [ -157.715108190857109, 21.392561333757648 ], [ -157.715008001433688, 21.39240469486634 ], [ -157.71504729467361, 21.392193707528769 ], [ -157.715085387636577, 21.3919831888504 ], [ -157.714923695435743, 21.391850513520136 ], [ -157.714830168382207, 21.391691278761872 ], [ -157.71465288881609, 21.391564753019164 ], [ -157.714548387103719, 21.391407442161377 ], [ -157.714425844148849, 21.391266846839812 ], [ -157.714376059450302, 21.39105883808082 ], [ -157.714245531369272, 21.390925641332558 ], [ -157.714109013370603, 21.390797994846725 ], [ -157.713978790140715, 21.390664514784202 ], [ -157.713852460730351, 21.390527428486756 ], [ -157.713744431652998, 21.390373385564462 ], [ -157.713605663431622, 21.390247824452921 ], [ -157.7134777535654, 21.3901122018558 ], [ -157.713302405099341, 21.390020532905314 ], [ -157.713172343728417, 21.389886904453149 ], [ -157.713046001153231, 21.389749830142168 ], [ -157.71293581273369, 21.389597790076849 ], [ -157.712806465831051, 21.38946349926826 ], [ -157.712677132760831, 21.389329197633799 ], [ -157.712605371270598, 21.3892517830574 ], [ -157.712471706305394, 21.389120295399135 ], [ -157.712338890972262, 21.388988188140843 ], [ -157.712258171496046, 21.388905229419013 ], [ -157.712126092804425, 21.388758982934135 ], [ -157.712003266113356, 21.388609441505441 ], [ -157.711907258276597, 21.388450348832873 ], [ -157.711821321879313, 21.388287669458744 ], [ -157.711729930624244, 21.388126931913853 ], [ -157.711638828854888, 21.387966091759264 ], [ -157.711565280551895, 21.387798998784614 ], [ -157.711512740753534, 21.387624424793017 ], [ -157.711446415471073, 21.387454760305584 ], [ -157.711389866414606, 21.387281613493418 ], [ -157.711334708806362, 21.387107971476429 ], [ -157.711277320167909, 21.386935123514181 ], [ -157.711220213197493, 21.386762176523142 ], [ -157.711171473653934, 21.386586248600931 ], [ -157.711128129219446, 21.386408399132886 ], [ -157.711056692382101, 21.386240555240061 ], [ -157.710918867068585, 21.386033497798813 ], [ -157.710823896137072, 21.38587548121841 ], [ -157.710752755009281, 21.385702244650854 ], [ -157.710672914610257, 21.385534564572275 ], [ -157.710575053820946, 21.385378392888082 ], [ -157.710435030790478, 21.385249150324807 ], [ -157.71030864164814, 21.38511316595492 ], [ -157.710183539643566, 21.384971981749207 ], [ -157.710100189059204, 21.384784649964249 ], [ -157.710067767899034, 21.384753195172696 ], [ -157.709899964489182, 21.384625346538851 ], [ -157.709883679296297, 21.384434417464181 ], [ -157.709717724399809, 21.384305798770679 ], [ -157.709626922644418, 21.38414589221756 ], [ -157.709539838351844, 21.383984437865159 ], [ -157.709460030018931, 21.383819954493305 ], [ -157.709412448784349, 21.383642054890778 ], [ -157.709336358014468, 21.383476024618385 ], [ -157.709213750395207, 21.383329360235095 ], [ -157.709126584714284, 21.383167940297728 ], [ -157.709043260375978, 21.383004921133367 ], [ -157.708970541018175, 21.382837486649361 ], [ -157.70889888761792, 21.382669608664422 ], [ -157.708830772479274, 21.382499933109465 ], [ -157.708770662448018, 21.382326338965772 ], [ -157.708733951725037, 21.382148941118842 ], [ -157.708707997969867, 21.3819697940603 ], [ -157.708680129913432, 21.381790958372775 ], [ -157.708600447009758, 21.381620545989726 ], [ -157.708517216652893, 21.381450710608568 ], [ -157.708451080015806, 21.381296049447034 ], [ -157.708376757882434, 21.381129303402123 ], [ -157.708262403423646, 21.380978996388929 ] ] } },
{ "type": "Feature", "properties": { "objectid": 48, "island": "Oahu", "st_lengthshape": 42.948999635777184 }, "geometry": { "type": "LineString", "coordinates": [ [ -157.70784480680058, 21.380781888188398 ], [ -157.70768100186379, 21.380673908719213 ], [ -157.707487389403212, 21.380588714218643 ] ] } },
{ "type": "Feature", "properties": { "objectid": 49, "island": "Oahu", "st_lengthshape": 7950.8513131098043 }, "geometry": { "type": "LineString", "coordinates": [ [ -157.705939260526151, 21.379625068799786 ], [ -157.705949301367411, 21.379444648894559 ], [ -157.705955677712467, 21.379264057990444 ], [ -157.70595001751181, 21.379082908115763 ], [ -157.705944049770181, 21.378901744122185 ], [ -157.705940130690294, 21.378720675421349 ], [ -157.705952145834942, 21.37854034660382 ], [ -157.705976924300728, 21.378360611255498 ], [ -157.70600056026791, 21.378180822821687 ], [ -157.706022027976928, 21.378000932741365 ], [ -157.70601368271744, 21.377819658248583 ], [ -157.706010266744386, 21.377638613278553 ], [ -157.706032915304291, 21.377458778359671 ], [ -157.706068872731663, 21.377279561880023 ], [ -157.706095168194139, 21.377099896889803 ], [ -157.706120672083756, 21.376920195071051 ], [ -157.706144939005526, 21.376740435826118 ], [ -157.706162136396813, 21.376560347439998 ], [ -157.706122887014317, 21.376377637677276 ], [ -157.706146332433235, 21.376197839561815 ], [ -157.706190200989084, 21.376024957808358 ], [ -157.706212518051188, 21.375983516862096 ], [ -157.706301929597231, 21.375821515712726 ], [ -157.706443675702502, 21.375676871207293 ], [ -157.706617967485528, 21.375543022284415 ], [ -157.706690850501275, 21.375375538404164 ], [ -157.706760767632431, 21.375207070454977 ], [ -157.706824581032919, 21.3750365788887 ], [ -157.70688996848952, 21.374866608910256 ], [ -157.706955762558891, 21.374696773919503 ], [ -157.707022961423263, 21.374527405008092 ], [ -157.707084810522446, 21.374356261303852 ], [ -157.707147383579581, 21.374185358017137 ], [ -157.707216509084674, 21.37401662806036 ], [ -157.707283358223464, 21.373847143391838 ], [ -157.707380218916057, 21.373687612669531 ], [ -157.707473809833402, 21.373526997059816 ], [ -157.707540482454817, 21.373357453082935 ], [ -157.7076221362002, 21.373192879072189 ], [ -157.707699591266248, 21.373026912225608 ], [ -157.70776983198914, 21.372858551898094 ], [ -157.707806928953147, 21.372679199051465 ], [ -157.707832167955758, 21.372495912917334 ], [ -157.707968387553763, 21.372349436574744 ], [ -157.7080509556896, 21.372185164728869 ], [ -157.708167334461223, 21.372032108083946 ], [ -157.708215398037595, 21.371856392412326 ], [ -157.708298060790725, 21.371692152757699 ], [ -157.708370685908079, 21.371524583720568 ], [ -157.70847698117268, 21.371368181771473 ], [ -157.708497339743815, 21.371183277938691 ], [ -157.708517834800745, 21.370998419412075 ], [ -157.708580631518601, 21.370827590286208 ], [ -157.708593236305177, 21.370640114526719 ], [ -157.708610344308113, 21.370454132330096 ], [ -157.708670329834007, 21.370282371835984 ], [ -157.708733768380199, 21.370111756231676 ], [ -157.708797817403479, 21.369941342221829 ], [ -157.708858891022743, 21.369769942311596 ], [ -157.708921028994808, 21.369598895639005 ], [ -157.709041045371805, 21.369447045077642 ], [ -157.709111213414189, 21.369278660838422 ], [ -157.709161108582265, 21.369103553249442 ], [ -157.709208720750894, 21.368927689134644 ], [ -157.709254524016842, 21.368751223905932 ], [ -157.709292024627246, 21.368572005519823 ], [ -157.709338942152471, 21.368395911066131 ], [ -157.709372760558011, 21.368215470998965 ], [ -157.709403355558663, 21.36803396275667 ], [ -157.709474569612894, 21.367865925996632 ], [ -157.709580316610385, 21.367709342750491 ], [ -157.709656337341954, 21.367542900230664 ], [ -157.709717251124857, 21.367371447156007 ], [ -157.709753533338215, 21.3671918253706 ], [ -157.709775906876331, 21.36700758981689 ], [ -157.709868804971308, 21.36684674490462 ], [ -157.709910118982464, 21.366672853783061 ], [ -157.709994077333278, 21.366312542220232 ], [ -157.709999715392854, 21.366131054274312 ], [ -157.710006592414231, 21.365949484606094 ], [ -157.710011628294922, 21.365768036287911 ], [ -157.71002124666316, 21.365586285324859 ], [ -157.710015725051989, 21.365405535464177 ], [ -157.70997640154846, 21.365227021816839 ], [ -157.709937763705284, 21.365049069897641 ], [ -157.709798491676423, 21.364272421909114 ], [ -157.709680268342169, 21.364103156504392 ], [ -157.709634113427597, 21.363926236190775 ], [ -157.709612615491579, 21.363746695955506 ], [ -157.709596228685285, 21.363566614144997 ], [ -157.709583573636934, 21.363386135534615 ], [ -157.709558759148024, 21.363206947397636 ], [ -157.709539907139856, 21.363027127570785 ], [ -157.709530729057036, 21.362846279103188 ], [ -157.709536235532056, 21.362663871395394 ], [ -157.709549594387681, 21.362480629717847 ], [ -157.709564892410214, 21.362297181616874 ], [ -157.70956316416283, 21.362115542146707 ], [ -157.709502938337863, 21.361940116190841 ], [ -157.709415864974233, 21.361767541699852 ], [ -157.709346370086962, 21.361593100466084 ], [ -157.709299520248777, 21.361416253310981 ], [ -157.709264650276282, 21.3612381341757 ], [ -157.709243664569271, 21.361058540901166 ], [ -157.709224458837639, 21.360878757148431 ], [ -157.70920698478929, 21.360698790676757 ], [ -157.709172310033381, 21.360520650436815 ], [ -157.709142582240673, 21.360341985432534 ], [ -157.709132336580922, 21.360167028531681 ], [ -157.709198004008414, 21.35997131074377 ], [ -157.709153579493659, 21.35979464118158 ], [ -157.709052549250771, 21.359635990168048 ], [ -157.708949898464681, 21.359477854199788 ], [ -157.708874147091791, 21.359311156140205 ], [ -157.708816430200244, 21.359138717689756 ], [ -157.708818041242154, 21.358947393684453 ], [ -157.708737688128366, 21.358782160660382 ], [ -157.708652420704198, 21.358618492362687 ], [ -157.708603382485308, 21.358443290376307 ], [ -157.708540098982553, 21.358272623873241 ], [ -157.708482424407975, 21.358100172096957 ], [ -157.708426880331103, 21.357927042009546 ], [ -157.708370193347406, 21.357754275297495 ], [ -157.708312785076515, 21.357581738796249 ], [ -157.708257355478537, 21.357408571599127 ], [ -157.708211243301918, 21.357232439882722 ], [ -157.7081585438481, 21.357058403853241 ], [ -157.708100956186001, 21.356885924626333 ], [ -157.708061210262315, 21.356707765034596 ], [ -157.708063370371462, 21.356516267287983 ], [ -157.707930760437847, 21.356367668279827 ], [ -157.707683397152493, 21.356255598612652 ], [ -157.707610061412765, 21.356088131820727 ], [ -157.707563306310504, 21.355912204581625 ], [ -157.707614240530745, 21.355705180439358 ], [ -157.707705224576586, 21.355485407358813 ], [ -157.707635556066492, 21.355316773658629 ], [ -157.707561129028193, 21.355149654374113 ], [ -157.70749768065204, 21.35497904136275 ], [ -157.707448754056827, 21.354803804706023 ], [ -157.707396734091134, 21.354629553276244 ], [ -157.707340151884608, 21.354456753640427 ], [ -157.707298200648353, 21.35427929779048 ], [ -157.707325536638962, 21.354079785027544 ], [ -157.707290735557621, 21.353900052646075 ], [ -157.707245780023811, 21.353723551991312 ], [ -157.707228570855108, 21.353538219600122 ], [ -157.707191047870623, 21.35335935334161 ], [ -157.707037800827663, 21.353217324879918 ], [ -157.706889967362628, 21.353073572812075 ], [ -157.706783310078578, 21.352916713812593 ], [ -157.706748800924771, 21.35273688873076 ], [ -157.706699148635551, 21.352561883876106 ], [ -157.706570207424022, 21.3524121179518 ], [ -157.706441069197581, 21.352262415461428 ], [ -157.706345847684844, 21.352101916140043 ], [ -157.706269085358684, 21.35193554079985 ], [ -157.706189323575416, 21.351770120658212 ], [ -157.706101071756649, 21.35160740296222 ], [ -157.705971308075249, 21.35145789948778 ], [ -157.705871440195693, 21.35129887905785 ], [ -157.705822052371644, 21.351123790199718 ], [ -157.705770047992843, 21.350957659629877 ], [ -157.705635955897861, 21.349970001623884 ], [ -157.705585854055016, 21.34978636144243 ], [ -157.705501152035112, 21.349622930981202 ], [ -157.705411961605222, 21.349462121757593 ], [ -157.705319403219534, 21.349303280240797 ], [ -157.705227242407432, 21.349144207773918 ], [ -157.705079996559533, 21.349017309142287 ], [ -157.704894546138263, 21.348912725942863 ], [ -157.704757701797917, 21.348779752676023 ], [ -157.704666674959327, 21.348620017482176 ], [ -157.704575831506247, 21.348460174352713 ], [ -157.704370843125929, 21.348367003803943 ], [ -157.704264243125266, 21.34821636433831 ], [ -157.704202078328763, 21.348039771789505 ], [ -157.704244387386126, 21.347802154901053 ], [ -157.704155138290929, 21.347641380764724 ], [ -157.704039604531374, 21.347495960508361 ], [ -157.703900711336047, 21.347364184012587 ], [ -157.703773630514434, 21.34722550838741 ], [ -157.703675130861626, 21.347070138788816 ], [ -157.70358739190911, 21.346908482617199 ], [ -157.703493930744855, 21.346750170731717 ], [ -157.703406238686284, 21.346588487737549 ], [ -157.703345351035438, 21.346411148660952 ], [ -157.703262542323472, 21.346246614360108 ], [ -157.703140095981212, 21.346105231489009 ], [ -157.703093361572058, 21.345919625672124 ], [ -157.702979262676024, 21.345773368489802 ], [ -157.702780439510008, 21.345676596924758 ], [ -157.702674572802806, 21.345525531319087 ], [ -157.702560760550028, 21.345379106259454 ], [ -157.702443781072674, 21.345234531131648 ], [ -157.702334179609068, 21.345085646095804 ], [ -157.702236163560173, 21.344929994920637 ], [ -157.702130132196885, 21.344779024393233 ], [ -157.702028238668646, 21.344625638582535 ], [ -157.701965465322843, 21.344449401955487 ], [ -157.701933542591405, 21.344255145943244 ], [ -157.701732610226344, 21.34415960718697 ], [ -157.701675684736784, 21.343979955801377 ], [ -157.701597564380222, 21.343812683700612 ], [ -157.701494089299331, 21.343660221256062 ], [ -157.701349135550316, 21.343531985942267 ], [ -157.701241969142814, 21.343381680042864 ], [ -157.701119746084601, 21.343240168384778 ], [ -157.700990887966526, 21.343102532234351 ], [ -157.700855651639984, 21.342968621799145 ], [ -157.700726762018206, 21.342831004189581 ], [ -157.700592049558622, 21.34269678775906 ], [ -157.700481315849345, 21.342548564973249 ], [ -157.70043196007839, 21.342364492934809 ], [ -157.700328055868709, 21.342212282173161 ], [ -157.700213591280658, 21.342066239075574 ], [ -157.700114905762064, 21.341910979993223 ], [ -157.699908410621646, 21.341818691622972 ], [ -157.69974809505328, 21.341699430255535 ], [ -157.699635300425882, 21.341552411449161 ], [ -157.699518380054116, 21.341407804218875 ], [ -157.699411406005623, 21.341257385831657 ], [ -157.699426941735652, 21.341035412362807 ], [ -157.69929708103885, 21.340898362580873 ], [ -157.699145931834749, 21.340773746996437 ], [ -157.699054199448824, 21.340614427302256 ], [ -157.698983115317304, 21.340443047747559 ], [ -157.698849001686028, 21.340308481469783 ], [ -157.698713446105188, 21.340174758500936 ], [ -157.698599032127447, 21.340028687697888 ], [ -157.69849403133577, 21.339877117837219 ], [ -157.698398118043912, 21.339720240634243 ], [ -157.698301234778143, 21.339563929499377 ], [ -157.698204023144513, 21.339407810895615 ], [ -157.698084585884999, 21.339264673804347 ], [ -157.69798804827002, 21.339108161027706 ], [ -157.697914039036476, 21.338938490144482 ], [ -157.697860281468138, 21.338756990442072 ], [ -157.697768196915348, 21.338597876973058 ], [ -157.697678439602925, 21.338437404781459 ], [ -157.697605878041969, 21.338266888617827 ], [ -157.697524776052802, 21.338101360506339 ], [ -157.697432227023739, 21.337942518798116 ], [ -157.69736827729227, 21.337766972565344 ], [ -157.697236830849846, 21.33763085035131 ], [ -157.697137247971256, 21.337476117535086 ], [ -157.697047409594916, 21.337315693197905 ], [ -157.696960599176094, 21.337153500039364 ], [ -157.696875931830419, 21.33699005514822 ], [ -157.696790290625756, 21.336827179008264 ], [ -157.696704992698415, 21.336664102237044 ], [ -157.69661648304313, 21.336502902081694 ], [ -157.696525127065797, 21.336343363663072 ], [ -157.696430612673424, 21.336185671550606 ], [ -157.696314036817881, 21.336040863545861 ], [ -157.696198260754301, 21.335895590121055 ], [ -157.696089124835169, 21.335746437643191 ], [ -157.695980069577132, 21.335597237849491 ], [ -157.695870631704423, 21.335448261765222 ], [ -157.695749737287713, 21.33530597729359 ], [ -157.695621209787816, 21.335168151180667 ], [ -157.695502837656676, 21.335024393780202 ], [ -157.695392856964247, 21.334875734795492 ], [ -157.695293305879119, 21.334720984988671 ], [ -157.695189696064119, 21.334568604737065 ], [ -157.695086031207865, 21.334416257424998 ], [ -157.694982618547073, 21.334263762960248 ], [ -157.694873631362185, 21.334114524203535 ], [ -157.694766600206378, 21.333964142472286 ], [ -157.694661324442819, 21.333812736357984 ], [ -157.694554884901692, 21.333662010405284 ], [ -157.694447822400861, 21.333511647218558 ], [ -157.694341274738036, 21.333360984442621 ], [ -157.69423940067432, 21.333207590937892 ], [ -157.694138914676728, 21.333053387012626 ], [ -157.694036844272745, 21.332900109308827 ], [ -157.693933047971626, 21.332747839832972 ], [ -157.693834862445129, 21.332592292265055 ], [ -157.693735136128538, 21.332437645060143 ], [ -157.693631418954993, 21.332285329058109 ], [ -157.693523110050762, 21.332135694600048 ], [ -157.693417781216311, 21.331991109515414 ], [ -157.693259223521409, 21.331787058198255 ], [ -157.693137474531056, 21.331645095107994 ], [ -157.692995378708247, 21.331522885480442 ], [ -157.692848852327103, 21.331404976487757 ], [ -157.692699198558131, 21.331290103619779 ], [ -157.692551709845986, 21.331173130003329 ], [ -157.692408475181168, 21.331052025795504 ], [ -157.69227241988915, 21.330923952840532 ], [ -157.692133539673932, 21.330798621166846 ], [ -157.691995152753805, 21.330672811737198 ], [ -157.69185671356118, 21.330547052383093 ], [ -157.691728205003415, 21.330411652824885 ], [ -157.691600594312632, 21.330275382104318 ], [ -157.6914633695269, 21.330148444895503 ], [ -157.691320461578158, 21.330027024390454 ], [ -157.691167958985147, 21.329914918537078 ], [ -157.691010228356674, 21.329807888444385 ], [ -157.690870421998142, 21.329694270525941 ], [ -157.690649640465779, 21.329510009943824 ], [ -157.690495276763215, 21.329399579198856 ], [ -157.690337335955434, 21.329294839590826 ], [ -157.690177461973235, 21.329193175156412 ], [ -157.69001479419822, 21.329095956799183 ], [ -157.689849144873762, 21.329003481154555 ], [ -157.689687037913274, 21.32890536983609 ], [ -157.689525127743565, 21.328806945536201 ], [ -157.689363632441626, 21.328707862164219 ], [ -157.689196848572038, 21.328617192806163 ], [ -157.689015490419905, 21.328549708951702 ], [ -157.688834415072051, 21.328481775436693 ], [ -157.68866374148692, 21.328397293925832 ], [ -157.688498683551785, 21.32830387942786 ], [ -157.688334745609041, 21.328208682162959 ], [ -157.688166016832156, 21.328121107805593 ], [ -157.687996676068309, 21.328034505939716 ], [ -157.687821190945641, 21.327957679928506 ], [ -157.687645579850511, 21.327881055109255 ], [ -157.687480282603047, 21.327788021715826 ], [ -157.687298247632015, 21.327721615723842 ], [ -157.687121648384249, 21.327646563532536 ], [ -157.686946930959181, 21.327568515885332 ], [ -157.686774394594693, 21.327486999961611 ], [ -157.686606872498089, 21.32739750758293 ], [ -157.686434537030976, 21.327315671301047 ], [ -157.686264089237341, 21.327236141411234 ], [ -157.686036252888698, 21.327134422686051 ], [ -157.685860696825046, 21.327056170470019 ], [ -157.685685306152749, 21.326977447820269 ], [ -157.685511352278382, 21.326894605192184 ], [ -157.685336011483116, 21.326815738949609 ], [ -157.685156306725617, 21.32674937785406 ], [ -157.684977259109758, 21.326681131897132 ], [ -157.684792018106208, 21.326630633371195 ], [ -157.684607414394492, 21.32657831034156 ], [ -157.684422538776971, 21.326526762774115 ], [ -157.684238501298239, 21.326472815937809 ], [ -157.684052096329424, 21.326425653528872 ], [ -157.683857876221452, 21.326400882585535 ], [ -157.683662976477223, 21.326378058245659 ], [ -157.683469191866266, 21.326352039123925 ], [ -157.683280823388856, 21.326310500134333 ], [ -157.683100171444551, 21.32624685490115 ], [ -157.68292194273738, 21.326176268127782 ], [ -157.682747179166967, 21.326095752467154 ], [ -157.682577726036385, 21.326000020611744 ], [ -157.682408381943475, 21.325903979598454 ], [ -157.682230769476917, 21.325831624572633 ], [ -157.682049954383615, 21.325768448523679 ], [ -157.681866593647754, 21.325712565873388 ], [ -157.681659551880642, 21.32572453245562 ], [ -157.68145553087524, 21.325727842154851 ], [ -157.68127575026196, 21.325661702277777 ], [ -157.681100260058884, 21.325583270527403 ], [ -157.680919044107441, 21.325521243730797 ], [ -157.680733771543089, 21.32547084177585 ], [ -157.680551325025732, 21.325412340660648 ], [ -157.68036943571559, 21.325352244792768 ], [ -157.680203813313568, 21.325245543293569 ], [ -157.680020871580098, 21.325188463225043 ], [ -157.679830494174837, 21.325152684345664 ], [ -157.679624030060381, 21.3251629935247 ], [ -157.679442554076303, 21.325107859332853 ], [ -157.679151505195108, 21.324951233373241 ], [ -157.678993473599888, 21.324845182067289 ], [ -157.67883868682145, 21.324733489391082 ], [ -157.678682715259157, 21.324623857753167 ], [ -157.678525517789126, 21.324516357288388 ], [ -157.678320378533357, 21.32449218352027 ], [ -157.678131811941483, 21.324439203630433 ], [ -157.677956893740486, 21.324362502236305 ], [ -157.677791969028135, 21.324268433724995 ], [ -157.677646859218243, 21.324143325453338 ], [ -157.67762077460236, 21.324122104706834 ], [ -157.677478908779051, 21.323997160932073 ], [ -157.677347255459267, 21.323864523140408 ], [ -157.677216895274739, 21.323730912581034 ], [ -157.677104165287432, 21.323584023162702 ], [ -157.676973746364325, 21.323450456233122 ], [ -157.676837746420915, 21.323321093753346 ], [ -157.676703093007575, 21.323190717368991 ], [ -157.676571812214917, 21.32306313981929 ] ] } },
{ "type": "Feature", "properties": { "objectid": 50, "island": "Oahu", "st_lengthshape": 79.654328657031868 }, "geometry": { "type": "LineString", "coordinates": [ [ -157.673702538635695, 21.321886804558758 ], [ -157.67354214981907, 21.321785863556791 ], [ -157.673392706773313, 21.321671589489121 ], [ -157.673242139088842, 21.321558685840319 ], [ -157.673093882453514, 21.321448903314167 ] ] } },
{ "type": "Feature", "properties": { "objectid": 51, "island": "Oahu", "st_lengthshape": 100.15076201183385 }, "geometry": { "type": "LineString", "coordinates": [ [ -157.672555983598642, 21.321018434926497 ], [ -157.672448620006492, 21.320868289576541 ], [ -157.672330965300318, 21.320724229182105 ], [ -157.672228444425883, 21.320571221283185 ], [ -157.672134535391962, 21.320413121395141 ], [ -157.672011027154952, 21.320274025461785 ] ] } },
{ "type": "Feature", "properties": { "objectid": 52, "island": "Oahu", "st_lengthshape": 233.26774066519559 }, "geometry": { "type": "LineString", "coordinates": [ [ -157.671152178484846, 21.319423631845869 ], [ -157.67100987170835, 21.319300701198351 ], [ -157.670867552483458, 21.319177787504408 ], [ -157.670725880460822, 21.319060005330122 ], [ -157.670330104956122, 21.31893723924944 ], [ -157.670164986459639, 21.318844724940544 ], [ -157.669929144389414, 21.318681348748044 ], [ -157.669834950501041, 21.318522202080484 ], [ -157.669749492580848, 21.318357127128284 ], [ -157.669630155848836, 21.318215044492849 ], [ -157.669501765232297, 21.318088006814495 ] ] } },
{ "type": "Feature", "properties": { "objectid": 53, "island": "Oahu", "st_lengthshape": 451.18499162302044 }, "geometry": { "type": "LineString", "coordinates": [ [ -157.668131258690977, 21.316668630819432 ], [ -157.66798287227877, 21.316534446301656 ], [ -157.667823888517205, 21.316423429048381 ], [ -157.667659726169603, 21.316323732062639 ], [ -157.667478418612347, 21.316261512770737 ], [ -157.667303421032813, 21.316185501259199 ], [ -157.667123084496666, 21.316121158289128 ], [ -157.666940658255385, 21.31606138668262 ], [ -157.666762820990186, 21.315991583428445 ], [ -157.66658016293232, 21.315933284775994 ], [ -157.666248424041498, 21.315867707893783 ], [ -157.666047354275463, 21.315851324433321 ], [ -157.665850119201622, 21.31585151781157 ], [ -157.665651215929984, 21.315844501639134 ], [ -157.665467516538854, 21.315903209838208 ], [ -157.665282782171033, 21.315955244702646 ], [ -157.664850352690706, 21.316223658982103 ], [ -157.664683280962379, 21.316307684576422 ], [ -157.664311109162497, 21.316287504046372 ], [ -157.664124996445565, 21.316291360069364 ] ] } },
{ "type": "Feature", "properties": { "objectid": 54, "island": "Oahu", "st_lengthshape": 19.593086381219248 }, "geometry": { "type": "LineString", "coordinates": [ [ -157.662373151849096, 21.315531206121651 ], [ -157.662208748524392, 21.31544407219042 ] ] } },
{ "type": "Feature", "properties": { "objectid": 55, "island": "Oahu", "st_lengthshape": 231.7003566753107 }, "geometry": { "type": "LineString", "coordinates": [ [ -157.660806772943886, 21.311710512052294 ], [ -157.660711114622217, 21.311551973335931 ], [ -157.660512625067895, 21.311465383170439 ], [ -157.660450011249338, 21.311283725185199 ], [ -157.660424694799275, 21.31107597107259 ], [ -157.660300147561202, 21.310937645766181 ], [ -157.66015564999455, 21.31081327899982 ], [ -157.660084724444204, 21.310637437298531 ], [ -157.659933739833292, 21.310517609502721 ], [ -157.659770794264432, 21.310406150659052 ], [ -157.659610312198083, 21.31029296873777 ], [ -157.659440823397972, 21.310188312966609 ] ] } },
{ "type": "Feature", "properties": { "objectid": 56, "island": "Oahu", "st_lengthshape": 512.82075723783657 }, "geometry": { "type": "LineString", "coordinates": [ [ -157.6746299651588, 21.28533384307509 ], [ -157.674452184812651, 21.285417638082464 ], [ -157.674295559588188, 21.285592215914136 ], [ -157.674113862011808, 21.285659198973271 ], [ -157.673932397200588, 21.285727186385614 ], [ -157.673748702864515, 21.285785604860866 ], [ -157.673561182654879, 21.285827603420824 ], [ -157.673360925650258, 21.285814946909944 ], [ -157.673179106765843, 21.285881412155614 ], [ -157.67298980707281, 21.285915778955847 ], [ -157.672798654808133, 21.28594219406191 ], [ -157.672607343785188, 21.285967927470054 ], [ -157.672415571440013, 21.285991681383738 ], [ -157.672174069888257, 21.285802021072016 ], [ -157.671977914353846, 21.285806963704356 ], [ -157.671782435418891, 21.285814806695679 ], [ -157.671599790828992, 21.285877733380691 ], [ -157.671425309442895, 21.28597569221526 ], [ -157.671260864017455, 21.286116717977105 ], [ -157.671055274310049, 21.286081174415326 ], [ -157.670839914134547, 21.286003696562901 ], [ -157.670646637197336, 21.286020992943254 ], [ -157.670474338781645, 21.286128320414072 ], [ -157.670286797917925, 21.286170232893987 ], [ -157.670097667222763, 21.286205323120569 ] ] } },
{ "type": "Feature", "properties": { "objectid": 57, "island": "Oahu", "st_lengthshape": 519.88398740334901 }, "geometry": { "type": "LineString", "coordinates": [ [ -157.697341449047713, 21.268171658988145 ], [ -157.697393015954674, 21.268346806030589 ], [ -157.697475189385784, 21.268624391655987 ], [ -157.6975084463879, 21.268829651643021 ], [ -157.697510557652407, 21.269023773573345 ], [ -157.697514423185169, 21.269218524251951 ], [ -157.697495152434186, 21.269405000120546 ], [ -157.697463654397836, 21.269587104024602 ], [ -157.69742162376852, 21.2697654416645 ], [ -157.697373577881791, 21.269941627940725 ], [ -157.697326159228027, 21.270118038561876 ], [ -157.697299492319161, 21.270301869952707 ], [ -157.697320134855914, 21.270502618570557 ], [ -157.697266631569534, 21.270676853780948 ], [ -157.697225575465893, 21.270855540333205 ], [ -157.697074420510859, 21.270994855102952 ], [ -157.697081615298373, 21.271190795908879 ], [ -157.696977648538706, 21.271346985373309 ], [ -157.696800831440441, 21.271477123747555 ], [ -157.696718747951849, 21.271641138307558 ], [ -157.696576989670774, 21.271783814401552 ], [ -157.696475798493111, 21.271940996094319 ], [ -157.69633049262265, 21.272082403282234 ], [ -157.696280328023732, 21.272257831957596 ], [ -157.6960646451694, 21.272374072171694 ] ] } },
{ "type": "Feature", "properties": { "objectid": 58, "island": "Oahu", "st_lengthshape": 239.48053845522796 }, "geometry": { "type": "LineString", "coordinates": [ [ -157.721230089157103, 21.284121028203455 ], [ -157.721036593949492, 21.284112370513931 ], [ -157.72084102674421, 21.284116834537578 ], [ -157.720760055083787, 21.284121084033533 ], [ -157.720567340030016, 21.284139464102591 ], [ -157.720377687172402, 21.284171985950312 ], [ -157.720283436347955, 21.28419418267795 ], [ -157.720109011078023, 21.284272959436894 ], [ -157.719946597733042, 21.28437038610145 ], [ -157.719779470643232, 21.284460494716146 ], [ -157.719604544550407, 21.284538493834653 ], [ -157.719418879722184, 21.284599818946614 ], [ -157.719239821828779, 21.284671403957041 ], [ -157.719063482679246, 21.284736549473724 ] ] } },
{ "type": "Feature", "properties": { "objectid": 59, "island": "Oahu", "st_lengthshape": 157.32908102786487 }, "geometry": { "type": "LineString", "coordinates": [ [ -157.713703737602401, 21.281784648863404 ], [ -157.713527084469831, 21.281710167426361 ], [ -157.713353709792699, 21.281630336736185 ], [ -157.713180258064625, 21.281550632660526 ], [ -157.713053427339474, 21.281497730742498 ], [ -157.713018501642097, 21.281487222370462 ], [ -157.712835959977383, 21.281427832029916 ], [ -157.712650184791102, 21.281379629353907 ], [ -157.712464414760092, 21.281331403029668 ], [ -157.712285478114183, 21.281300044910076 ] ] } },
{ "type": "Feature", "properties": { "objectid": 60, "island": "Oahu", "st_lengthshape": 536.86627630628175 }, "geometry": { "type": "LineString", "coordinates": [ [ -157.711361251112038, 21.280845799233759 ], [ -157.71120764820617, 21.280734947088472 ], [ -157.711062284378585, 21.280616015839616 ], [ -157.710949951005887, 21.280464696004856 ], [ -157.710827218945553, 21.280323572280761 ], [ -157.71075673187255, 21.280236249080417 ], [ -157.710618969349781, 21.280007424364619 ], [ -157.710560311900338, 21.279834249095419 ], [ -157.710511981423679, 21.2797547957319 ], [ -157.710422056845971, 21.27959444367405 ], [ -157.710323408828685, 21.279439186600605 ], [ -157.710222687888034, 21.279285139467028 ], [ -157.710120049988461, 21.279132212224443 ], [ -157.710014975883894, 21.278980708036602 ], [ -157.709903113959854, 21.278833167252802 ], [ -157.709790298027826, 21.278686184600016 ], [ -157.709666435672858, 21.278545652191379 ], [ -157.709552305595508, 21.27839943712311 ], [ -157.709446179538162, 21.278248547876991 ], [ -157.709373276834725, 21.278100471498121 ], [ -157.709307877788746, 21.277891599204821 ], [ -157.709261565268804, 21.277716200112273 ], [ -157.709207416261876, 21.277563322370685 ], [ -157.709410804065755, 21.277309951313306 ], [ -157.709352796702262, 21.277135329854396 ], [ -157.709300108348828, 21.27695997585802 ], [ -157.709289856814138, 21.276896612041508 ], [ -157.709199297209892, 21.276719455563217 ] ] } },
{ "type": "Feature", "properties": { "objectid": 61, "island": "Oahu", "st_lengthshape": 1164.9509989229493 }, "geometry": { "type": "LineString", "coordinates": [ [ -157.722588447268578, 21.281869766365205 ], [ -157.722625890195047, 21.281675700636878 ], [ -157.722754392129303, 21.281538957725179 ], [ -157.72287769308511, 21.281443507978068 ], [ -157.723068959602983, 21.28140637463602 ], [ -157.723260108316055, 21.281366576145416 ], [ -157.723451563061388, 21.281333634513697 ], [ -157.723642970106226, 21.281299621807047 ], [ -157.723834259079069, 21.281262974664354 ], [ -157.724026255871962, 21.281242143422631 ], [ -157.72421860848911, 21.281229222745459 ], [ -157.724410115392232, 21.281197458394107 ], [ -157.724601070340441, 21.281153350525322 ], [ -157.724793780861859, 21.281148427612617 ], [ -157.724986869565754, 21.281151961972324 ], [ -157.725179861414176, 21.281153316451558 ], [ -157.725373243815483, 21.281163374916741 ], [ -157.725566402261677, 21.281168443061581 ], [ -157.725759960874484, 21.281182445624335 ], [ -157.725953386271698, 21.281193455902653 ], [ -157.726146874579456, 21.281205895565904 ], [ -157.726340100257062, 21.281212461121068 ], [ -157.726532695385259, 21.281204945385106 ], [ -157.726726224239741, 21.281218284447519 ], [ -157.726918459507658, 21.28120274633778 ], [ -157.727111799216573, 21.281211862082415 ], [ -157.727300380089332, 21.281208925018806 ], [ -157.727455127213176, 21.281194128296292 ], [ -157.727650279299183, 21.281212733466479 ], [ -157.727843953162534, 21.281236017541065 ], [ -157.728035257065443, 21.281266806758047 ], [ -157.728222296590673, 21.281311101456048 ], [ -157.728406660044612, 21.281363872840625 ], [ -157.728593196493392, 21.281409761398493 ], [ -157.728777928832358, 21.281461361694056 ], [ -157.728960262569245, 21.281520560000338 ], [ -157.729144649392651, 21.281573256697477 ], [ -157.729321474149543, 21.2816256061557 ], [ -157.729413391929086, 21.281643773595434 ], [ -157.729602809021458, 21.281681697003709 ], [ -157.72979274720015, 21.281715296086695 ], [ -157.729983731462596, 21.281740225073744 ], [ -157.730174374424791, 21.281767981532166 ], [ -157.730364607587944, 21.281799135877112 ], [ -157.730556447275035, 21.281816958437201 ], [ -157.730748932437109, 21.281829430465791 ], [ -157.730941829588431, 21.281838487026494 ], [ -157.731133926728802, 21.281854179822435 ], [ -157.731325615125883, 21.281873258767746 ], [ -157.731515861157106, 21.28190431255311 ], [ -157.731703328593341, 21.28194232735127 ], [ -157.731841738743981, 21.281968496092059 ], [ -157.732044849332851, 21.282018344135668 ], [ -157.732244133538842, 21.282044694463728 ], [ -157.732440259700951, 21.282051651613511 ], [ -157.732633670100569, 21.282041920903755 ], [ -157.732822100122888, 21.282001605908921 ], [ -157.733009076916176, 21.281952360782991 ], [ -157.733193934672983, 21.281890105413854 ], [ -157.733368726913454, 21.281825142605722 ] ] } },
{ "type": "Feature", "properties": { "objectid": 62, "island": "Oahu", "st_lengthshape": 119.65463658196322 }, "geometry": { "type": "LineString", "coordinates": [ [ -157.736802984223885, 21.280446688546654 ], [ -157.73698839038218, 21.28039669172566 ], [ -157.737171587337315, 21.280340481898737 ], [ -157.737352063989789, 21.280276619781585 ], [ -157.737536419339364, 21.280223669466778 ], [ -157.737723408203294, 21.280178122849016 ], [ -157.737911199947462, 21.280161599261312 ] ] } },
{ "type": "Feature", "properties": { "objectid": 63, "island": "Oahu", "st_lengthshape": 611.6921580113418 }, "geometry": { "type": "LineString", "coordinates": [ [ -157.738558503155957, 21.280090955082212 ], [ -157.738749443715648, 21.280066162981729 ], [ -157.738940734969958, 21.280043642560091 ], [ -157.739128459448182, 21.27999800229648 ], [ -157.739317573969288, 21.279961375237363 ], [ -157.739510973139289, 21.279952518997991 ], [ -157.739699476472481, 21.279911930155237 ], [ -157.739880733306194, 21.27988178858649 ], [ -157.740011088262122, 21.279897807775477 ], [ -157.740205440031161, 21.279879507674213 ], [ -157.740399653789012, 21.279863262391387 ], [ -157.740592472361755, 21.279868020715551 ], [ -157.740784626775394, 21.279882756127247 ], [ -157.740975899115938, 21.279910767927106 ], [ -157.741167724331433, 21.279930450026502 ], [ -157.741359484240348, 21.279951131455579 ], [ -157.74155202346401, 21.279960086381564 ], [ -157.741744802584776, 21.279965430290225 ], [ -157.741936776002916, 21.279982897555694 ], [ -157.742129677900124, 21.279986391833479 ], [ -157.742321367465109, 21.280008122273188 ], [ -157.742515473930155, 21.279993507044573 ], [ -157.742709676523418, 21.279977444200057 ], [ -157.742900571326601, 21.27996499703486 ], [ -157.74322360848646, 21.279898116551383 ], [ -157.743417319945394, 21.279845558332006 ], [ -157.743591737436958, 21.27976540060455 ], [ -157.743727174681453, 21.279629485659861 ], [ -157.743907163470624, 21.279557298058549 ], [ -157.744025854632326, 21.279397427846057 ], [ -157.744191511517243, 21.279309491115015 ] ] } },
{ "type": "Feature", "properties": { "objectid": 64, "island": "Oahu", "st_lengthshape": 280.36781389313734 }, "geometry": { "type": "LineString", "coordinates": [ [ -157.744260982213746, 21.27896066981004 ], [ -157.744444803268919, 21.278906291272161 ], [ -157.744628010219458, 21.278850097587942 ], [ -157.744818372613082, 21.278815021005755 ], [ -157.745006543136071, 21.278773473261239 ], [ -157.745188310122558, 21.278713034104271 ], [ -157.745369349162274, 21.278650449227356 ], [ -157.745556580913274, 21.27860613404922 ], [ -157.745742931500473, 21.278559218507155 ], [ -157.745926925572746, 21.278505349096072 ], [ -157.746110856495392, 21.278451296526075 ], [ -157.746293279044494, 21.278392791530553 ], [ -157.746476026809063, 21.278335246328702 ], [ -157.746658110560247, 21.278275743787621 ], [ -157.746824227586472, 21.278182771444879 ] ] } },
{ "type": "Feature", "properties": { "objectid": 65, "island": "Oahu", "st_lengthshape": 690.44544036494358 }, "geometry": { "type": "LineString", "coordinates": [ [ -157.747072232424671, 21.277897253903291 ], [ -157.74725376597749, 21.277834571225881 ], [ -157.747436302144536, 21.277773892261177 ], [ -157.747611011432582, 21.277697559926636 ], [ -157.747787067353102, 21.277623919535586 ], [ -157.747964200716325, 21.277552436091622 ], [ -157.748142494956312, 21.277483273722776 ], [ -157.748328151416501, 21.277428836686564 ], [ -157.748511306694496, 21.277371544255779 ], [ -157.748643806286196, 21.277321221523266 ], [ -157.748823730564283, 21.2772500279845 ], [ -157.74901232617168, 21.277212347035661 ], [ -157.749214551969601, 21.277227346264496 ], [ -157.749406302139874, 21.277201855862238 ], [ -157.74959418915796, 21.277161438086274 ], [ -157.749779500982413, 21.277111070170854 ], [ -157.749961183955946, 21.277058301945164 ], [ -157.750391846655475, 21.277040006345651 ], [ -157.750592719864073, 21.27703141757296 ], [ -157.750772543626368, 21.277102360143513 ], [ -157.750961028049232, 21.277140579623158 ], [ -157.751150942205328, 21.277173398273668 ], [ -157.751341735610396, 21.277193407033831 ], [ -157.751513549130152, 21.277187651528227 ], [ -157.751704178385324, 21.277153553651871 ], [ -157.751886057131969, 21.277093395154822 ], [ -157.752065249579687, 21.277025237027701 ], [ -157.752266569776936, 21.277034616818124 ], [ -157.752496806932101, 21.276883208080491 ], [ -157.752675256533593, 21.276814730306352 ], [ -157.752852538084852, 21.276743363722129 ], [ -157.753029022644057, 21.276670023488705 ], [ -157.753207240450791, 21.276600973381107 ], [ -157.753388830503042, 21.276540272653076 ] ] } },
{ "type": "Feature", "properties": { "objectid": 66, "island": "Oahu", "st_lengthshape": 1360.3862669880073 }, "geometry": { "type": "LineString", "coordinates": [ [ -157.759815911227321, 21.276096083563715 ], [ -157.760007775471479, 21.276113472387813 ], [ -157.760198512128397, 21.276142477370225 ], [ -157.760390146455649, 21.276162245376355 ], [ -157.760584629801286, 21.276152679745383 ], [ -157.760767933039801, 21.276217557664225 ], [ -157.761066273983914, 21.276275361674916 ], [ -157.761258306234652, 21.276255349539454 ], [ -157.761447425401258, 21.276220299798894 ], [ -157.761636361528105, 21.276184308982234 ], [ -157.761810769963773, 21.276116992186004 ], [ -157.761910348423356, 21.276077587039826 ], [ -157.762092284171274, 21.276017854030719 ], [ -157.76227859900186, 21.275969339540381 ], [ -157.762461625288665, 21.275912400154478 ], [ -157.762640624185963, 21.275845140585545 ], [ -157.76282055331211, 21.27578026534572 ], [ -157.763003015861216, 21.275721881224396 ], [ -157.763182850337643, 21.275656763686268 ], [ -157.763363160234945, 21.27559286538802 ], [ -157.763543370927749, 21.275528710505142 ], [ -157.763719880617089, 21.275455074392223 ], [ -157.76388960080061, 21.275378469442071 ], [ -157.764189671675894, 21.275261070119818 ], [ -157.764362905388282, 21.275181472257682 ], [ -157.764541778010937, 21.275111589861712 ], [ -157.764712357627928, 21.275027419122736 ], [ -157.764891632792626, 21.27495822857016 ], [ -157.76504926631344, 21.274851752951005 ], [ -157.765210810414828, 21.274752015243063 ], [ -157.765386540944263, 21.274681112446761 ], [ -157.765654054432417, 21.274567578532945 ], [ -157.765813634073226, 21.274465588145869 ], [ -157.765975505052666, 21.274367225193931 ], [ -157.766137653605, 21.274269299538812 ], [ -157.766306779378567, 21.274182417149095 ], [ -157.766477139703369, 21.274097486791909 ], [ -157.766650091054885, 21.27401665760031 ], [ -157.766822361127481, 21.273934750019077 ], [ -157.766992362265199, 21.273849251871841 ], [ -157.767155953608295, 21.273753612258663 ], [ -157.767320691027493, 21.273659784914418 ], [ -157.767481784911666, 21.273560191563529 ], [ -157.767631241763695, 21.273442185127351 ], [ -157.767824164524541, 21.273392960101894 ], [ -157.767958495494696, 21.273262171895418 ], [ -157.768030357646666, 21.273176552877935 ], [ -157.768175817789114, 21.273057966530967 ], [ -157.768333920171614, 21.272952538079227 ], [ -157.768495121090069, 21.272850333702429 ], [ -157.768642356490602, 21.272738621076201 ], [ -157.768688294567596, 21.272702500917124 ], [ -157.768875935921983, 21.272658314832984 ], [ -157.769053732653703, 21.272587400532441 ], [ -157.769235951053616, 21.272530284063791 ], [ -157.769359913968401, 21.27253018151859 ], [ -157.769549580167507, 21.272487002273547 ], [ -157.769740585590768, 21.272459401464019 ], [ -157.769932727203354, 21.272445027910585 ], [ -157.770125873272718, 21.272442343094628 ], [ -157.770313389641302, 21.272443277464102 ], [ -157.770895275745062, 21.272349363443244 ], [ -157.771083792168213, 21.272308894134216 ], [ -157.771265621136848, 21.272248642362012 ], [ -157.771452978413635, 21.272204744875001 ], [ -157.771635079941092, 21.272145297785752 ], [ -157.771812551684519, 21.272090796180244 ] ] } },
{ "type": "Feature", "properties": { "objectid": 67, "island": "Oahu", "st_lengthshape": 2517.6890941260408 }, "geometry": { "type": "LineString", "coordinates": [ [ -157.772415759204648, 21.271701535075881 ], [ -157.772602483585104, 21.271654343341662 ], [ -157.772781441985188, 21.271586886163515 ], [ -157.772964935050396, 21.271531262698542 ], [ -157.773157517452063, 21.271499360285087 ], [ -157.773337940517848, 21.271435725435829 ], [ -157.773514277663111, 21.271361424215709 ], [ -157.773698750390366, 21.271308358210927 ], [ -157.773879469237755, 21.271245496402535 ], [ -157.774045828802315, 21.271157348112503 ], [ -157.774819751450565, 21.27090826403861 ], [ -157.775003420789716, 21.270847577909809 ], [ -157.775179013666104, 21.27077242751351 ], [ -157.775350952840569, 21.270690733362461 ], [ -157.775520188941357, 21.270604199832871 ], [ -157.775690144743294, 21.270518954158241 ], [ -157.77584183045596, 21.270420480109276 ], [ -157.77607228725941, 21.270316575208394 ], [ -157.776221985152574, 21.270199455883571 ], [ -157.776372595046496, 21.270083091942947 ], [ -157.776490324903818, 21.269939505922697 ], [ -157.776620532939205, 21.269806251171197 ], [ -157.776747327268367, 21.269670170130034 ], [ -157.77694007240143, 21.269588691267383 ], [ -157.777399494997383, 21.269110337168794 ], [ -157.777409885582756, 21.268870515442334 ], [ -157.777523519115789, 21.268722521980813 ], [ -157.777658176852185, 21.268593226524665 ], [ -157.777802567294373, 21.268472588213289 ], [ -157.777947400464001, 21.268352345046548 ], [ -157.778064985322061, 21.268211023316663 ], [ -157.778157072152339, 21.268077924382151 ], [ -157.778239026378969, 21.267913807402078 ], [ -157.778331883017074, 21.267755468871176 ], [ -157.778424220329015, 21.267596854594373 ], [ -157.778520313172152, 21.267440231438567 ], [ -157.778607789871756, 21.267279041486422 ], [ -157.778737067866274, 21.267140009131708 ], [ -157.778864205785794, 21.266999842766257 ], [ -157.778892971943321, 21.26680753103955 ], [ -157.779002067725401, 21.266657801559091 ], [ -157.779114496808972, 21.266509837873368 ], [ -157.779213072476409, 21.266354531300575 ], [ -157.779308800917647, 21.266197715254904 ], [ -157.779394414423962, 21.266035538363646 ], [ -157.779491274735904, 21.265879322108209 ], [ -157.779585185561956, 21.265724766525675 ], [ -157.779649065451622, 21.265642620987474 ], [ -157.779774883806397, 21.265505602498646 ], [ -157.7799113724856, 21.265377831421482 ], [ -157.780052849338887, 21.265254381992253 ], [ -157.780199925812639, 21.265146783103116 ], [ -157.780274092230911, 21.265093756482372 ], [ -157.780422260015456, 21.264976365365555 ], [ -157.780581141699486, 21.264874048730167 ], [ -157.780747841063828, 21.264782733910771 ], [ -157.780919136100749, 21.264697884264926 ], [ -157.781103200114245, 21.264631000270562 ], [ -157.781257218334673, 21.264521842580578 ], [ -157.781395465163513, 21.264390493763905 ], [ -157.781542941624366, 21.264272129965327 ], [ -157.781683473518569, 21.264143997201309 ], [ -157.78183120196195, 21.264025989979764 ], [ -157.781984346355983, 21.263915602069325 ], [ -157.782143411633001, 21.263813546262604 ], [ -157.782313073745087, 21.263726400455386 ], [ -157.782489826735258, 21.263649231194481 ], [ -157.782665670646765, 21.263570784109525 ], [ -157.782847380284778, 21.263500588263298 ], [ -157.783036190377572, 21.263440383441321 ], [ -157.783216615415228, 21.263368381974583 ], [ -157.783388256191898, 21.263284020003955 ], [ -157.783561856536977, 21.263202414673593 ], [ -157.783721706011562, 21.26310146327689 ], [ -157.783869912971937, 21.262984130620566 ], [ -157.784030103095603, 21.262883657453123 ], [ -157.784195405321327, 21.262790379434719 ], [ -157.784339355766491, 21.262667058697556 ], [ -157.784508295092479, 21.262578897168712 ], [ -157.784674164539695, 21.262486415011768 ], [ -157.784833048350521, 21.262384105866939 ], [ -157.784966830337709, 21.262246478380359 ], [ -157.785110319312508, 21.262122644092088 ], [ -157.785223980873809, 21.262037433956181 ], [ -157.785389968716231, 21.261943197522967 ], [ -157.785567083004253, 21.261871825402469 ], [ -157.785736238792026, 21.261784101366175 ], [ -157.785906964843207, 21.261699601808829 ], [ -157.786089367126181, 21.261639096103966 ], [ -157.786266474095811, 21.261567711420302 ], [ -157.786442250253543, 21.261493590539182 ], [ -157.786616293716463, 21.261415910295849 ], [ -157.786796529743469, 21.261350953475347 ], [ -157.786962537670206, 21.261256760726955 ], [ -157.78713550866766, 21.261176877876817 ], [ -157.787316825605814, 21.261114143360185 ], [ -157.787493974074437, 21.261042843452344 ], [ -157.787660411532613, 21.26094953387328 ], [ -157.78782087871005, 21.260843957449698 ], [ -157.787984739692291, 21.260745352315652 ], [ -157.788145921994897, 21.260641246901638 ], [ -157.788308006390139, 21.260538992525124 ], [ -157.788474639926477, 21.260446088219531 ], [ -157.788647711590272, 21.260366413143629 ], [ -157.788827455521414, 21.260300448660679 ], [ -157.789006293212964, 21.260232621909704 ], [ -157.78917929044718, 21.260152793056694 ], [ -157.789348546547131, 21.260065277322134 ], [ -157.78952020226734, 21.25998269397445 ], [ -157.789694918263336, 21.259906397412205 ], [ -157.789873726684363, 21.259838511674811 ], [ -157.790024015205347, 21.259728696229622 ], [ -157.790191287626158, 21.259606893543108 ], [ -157.790311086675302, 21.259464041595564 ], [ -157.790435321088495, 21.2593252468778 ], [ -157.79056240201416, 21.259189055268514 ], [ -157.790712278681099, 21.259073710174615 ], [ -157.790889071972913, 21.258982983834969 ], [ -157.79104367075891, 21.258871957972516 ], [ -157.791160925827995, 21.258726779850821 ], [ -157.791251964992881, 21.25856860358796 ] ] } },
{ "type": "Feature", "properties": { "objectid": 68, "island": "Oahu", "st_lengthshape": 1181.6503442301687 }, "geometry": { "type": "LineString", "coordinates": [ [ -157.796261850851494, 21.2573797242731 ], [ -157.79645269382857, 21.257350161321853 ], [ -157.796640650281944, 21.257309943745536 ], [ -157.796817152577745, 21.257227431508905 ], [ -157.796994382624121, 21.25714760553311 ], [ -157.797171249428061, 21.257066442463749 ], [ -157.797370141258739, 21.257066600493779 ], [ -157.797570341154199, 21.257071587204734 ], [ -157.797771287694076, 21.257079335246097 ], [ -157.797971681328931, 21.25708503654117 ], [ -157.798165665630705, 21.257067076383134 ], [ -157.798354432602792, 21.257029850149863 ], [ -157.798541672472822, 21.256986984696233 ], [ -157.798740993755473, 21.256988727807325 ], [ -157.79892938529531, 21.256950116960539 ], [ -157.799094755963381, 21.256826509935618 ], [ -157.799275646730223, 21.256760202411513 ], [ -157.799456106895832, 21.256692308879494 ], [ -157.799635611561484, 21.256620886927063 ], [ -157.799821255238896, 21.256572129381944 ], [ -157.800010216810961, 21.256535624443611 ], [ -157.800181009553512, 21.256432038792333 ], [ -157.800363703459055, 21.256372391847041 ], [ -157.800552932293328, 21.256336873784676 ], [ -157.800739535409406, 21.256291660607847 ], [ -157.80092777218519, 21.256252481746287 ], [ -157.801117072814236, 21.256217229145765 ], [ -157.801308013719876, 21.256188031677571 ], [ -157.801495133931184, 21.256144727478059 ], [ -157.801684494210122, 21.256109695080045 ], [ -157.801881471418113, 21.256102784961723 ], [ -157.802073374945394, 21.256077143782377 ], [ -157.802275722451668, 21.256090059242673 ], [ -157.80247540308963, 21.25609312662014 ], [ -157.802684793289814, 21.256132041534791 ], [ -157.802878991306471, 21.25611486785947 ], [ -157.8030802890232, 21.256123908388226 ], [ -157.803274910925523, 21.256108298324246 ], [ -157.803470576179762, 21.256096542983531 ], [ -157.803659980960674, 21.256061674883448 ], [ -157.803845916669729, 21.256013998961073 ], [ -157.804035912721275, 21.255981311799417 ], [ -157.804223201390954, 21.255938632675154 ], [ -157.804404835826432, 21.255875076507277 ], [ -157.804579437442698, 21.255785561893685 ], [ -157.804759331851841, 21.255715585231915 ], [ -157.80494076271259, 21.255651281722788 ], [ -157.80511867566878, 21.255573990306306 ], [ -157.805297226697718, 21.255499052938251 ], [ -157.805474511356408, 21.255419443090304 ], [ -157.805650255419721, 21.255334149733997 ], [ -157.805834057829486, 21.255278602346284 ], [ -157.806020639569653, 21.255233315290404 ], [ -157.806215376216045, 21.255218129885751 ], [ -157.806407221951758, 21.255192276404991 ], [ -157.806583656871254, 21.25510953269141 ], [ -157.806780015177026, 21.255100334045459 ], [ -157.806967802787312, 21.255059499144874 ], [ -157.80717630488428, 21.255095129194345 ] ] } },
{ "type": "Feature", "properties": { "objectid": 69, "island": "Oahu", "st_lengthshape": 806.46402336296626 }, "geometry": { "type": "LineString", "coordinates": [ [ -157.811313322678075, 21.256058915193659 ], [ -157.811509179943045, 21.256102587669133 ], [ -157.811702863444907, 21.256112116203465 ], [ -157.811893093498696, 21.256067405730409 ], [ -157.812084858953, 21.256046807491888 ], [ -157.812276712596599, 21.256027584619194 ], [ -157.812468791150167, 21.256011917060682 ], [ -157.812658891713596, 21.255965166739855 ], [ -157.812850310375865, 21.255939115003695 ], [ -157.813044260838012, 21.255952843748283 ], [ -157.813235794912316, 21.255928617238773 ], [ -157.8133715621438, 21.255909516780779 ], [ -157.813566011786747, 21.255912543222298 ], [ -157.813753462774258, 21.255958810822811 ], [ -157.813940749584219, 21.256006100609291 ], [ -157.814127244780394, 21.256058273791055 ], [ -157.814317937389006, 21.256084515462607 ], [ -157.814510257289584, 21.256100700942184 ], [ -157.814715317368069, 21.256143738837416 ], [ -157.81488967191612, 21.256222228419912 ], [ -157.815068397788764, 21.256293756286265 ], [ -157.815236773851382, 21.256381773151048 ], [ -157.815404987103619, 21.256470049791382 ], [ -157.815573671057138, 21.256557577050817 ], [ -157.815742688081144, 21.256644573485804 ], [ -157.815911930786712, 21.256731211792616 ], [ -157.816081980973337, 21.256816561947183 ], [ -157.816252738082937, 21.256900785851727 ], [ -157.816407211540252, 21.257010958179421 ], [ -157.816557806091822, 21.25712731036289 ], [ -157.816708308151902, 21.257243809926994 ], [ -157.816875074736231, 21.257334393118843 ], [ -157.817296987381667, 21.257629719612009 ], [ -157.817487029698327, 21.257669796849886 ], [ -157.817676840063626, 21.257712747755367 ], [ -157.81786764904399, 21.257743370503807 ], [ -157.818058805485009, 21.257769711577833 ], [ -157.81825500928565, 21.257733804175821 ], [ -157.81836690894761, 21.257759111318496 ], [ -157.818512006861852, 21.257859643705302 ] ] } },
{ "type": "Feature", "properties": { "objectid": 70, "island": "Oahu", "st_lengthshape": 190.13798627675664 }, "geometry": { "type": "LineString", "coordinates": [ [ -157.82072051687075, 21.260997077353117 ], [ -157.820894693978403, 21.261077927585813 ], [ -157.821068280656561, 21.261159607348656 ], [ -157.821225835098232, 21.261263778655408 ], [ -157.821267866916514, 21.261337085931398 ], [ -157.82126794769755, 21.261335412505211 ], [ -157.821345223908821, 21.261501517286522 ], [ -157.821398864174938, 21.261675312666505 ], [ -157.821434481300798, 21.261854972405157 ], [ -157.821467853931864, 21.262035361741049 ], [ -157.8214155674072, 21.262243620729251 ], [ -157.821437469831665, 21.262388021701835 ] ] } },
{ "type": "Feature", "properties": { "objectid": 71, "island": "Oahu", "st_lengthshape": 176.49107084914573 }, "geometry": { "type": "LineString", "coordinates": [ [ -157.821456951746342, 21.26251796587712 ], [ -157.821504142730987, 21.262693380174937 ], [ -157.821438915062174, 21.262901124956372 ], [ -157.821443015790067, 21.263088932416 ], [ -157.821475462541741, 21.263268586221574 ], [ -157.821527137717652, 21.263442711104549 ], [ -157.821593767989071, 21.263612534693554 ], [ -157.821661186620616, 21.263782132502371 ], [ -157.821726766212805, 21.263952258561957 ], [ -157.821764368301075, 21.264049343733003 ] ] } },
{ "type": "Feature", "properties": { "objectid": 72, "island": "Oahu", "st_lengthshape": 364.31839241936063 }, "geometry": { "type": "LineString", "coordinates": [ [ -157.821859141886932, 21.265275551909731 ], [ -157.82193191095169, 21.265444105664617 ], [ -157.822005476936113, 21.265612450857926 ], [ -157.822048953594106, 21.26578865119151 ], [ -157.822082339026196, 21.265967484833116 ], [ -157.82210673513444, 21.266148664983227 ], [ -157.822131174744158, 21.266329834591758 ], [ -157.822171825870157, 21.266506772186926 ], [ -157.822241913879935, 21.26667602528013 ], [ -157.822311445747999, 21.266845424423689 ], [ -157.822380345188066, 21.267014988056371 ], [ -157.822477719746985, 21.267177118783572 ], [ -157.822479891009294, 21.267364100547386 ], [ -157.822534900046719, 21.267537290843311 ], [ -157.822574862352894, 21.267714407827878 ], [ -157.822608826272301, 21.267893090930162 ], [ -157.822609124036376, 21.268080562783059 ], [ -157.822611752229818, 21.268267425767789 ], [ -157.822629808841356, 21.268450260820291 ] ] } },
{ "type": "Feature", "properties": { "objectid": 73, "island": "Oahu", "st_lengthshape": 327.99661119594322 }, "geometry": { "type": "LineString", "coordinates": [ [ -157.822742464022753, 21.268546017376096 ], [ -157.822768741825826, 21.268725707324904 ], [ -157.822772064645108, 21.268906443815339 ], [ -157.822738019585728, 21.269088880471905 ], [ -157.822752084744053, 21.269269127393688 ], [ -157.822746967479787, 21.269450247561945 ], [ -157.822741557101125, 21.269631380132012 ], [ -157.822716373176519, 21.269813414333889 ], [ -157.822683287094634, 21.269995807964079 ], [ -157.822760043529314, 21.270173200070243 ], [ -157.82279137267966, 21.270352659693284 ], [ -157.822779681526839, 21.270616037665619 ], [ -157.822617148183667, 21.270861889025085 ], [ -157.822701016885816, 21.271025697734114 ], [ -157.822791716933295, 21.271187233320362 ], [ -157.822976266329931, 21.271312628413614 ] ] } },
{ "type": "Feature", "properties": { "objectid": 74, "island": "Oahu", "st_lengthshape": 200.50064417478015 }, "geometry": { "type": "LineString", "coordinates": [ [ -157.82299921693064, 21.271552772799307 ], [ -157.82305982886723, 21.27172495142365 ], [ -157.823136399138093, 21.271890761461876 ], [ -157.823217711102359, 21.272054680361023 ], [ -157.823292736638933, 21.272221107404228 ], [ -157.823389729694725, 21.272378768635111 ], [ -157.823484286429419, 21.27253740201742 ], [ -157.823555494299484, 21.27270535251844 ], [ -157.823641451049355, 21.272867417382965 ], [ -157.82371850401131, 21.273033035421289 ], [ -157.82381316977478, 21.273191626035793 ] ] } },
{ "type": "Feature", "properties": { "objectid": 75, "island": "Oahu", "st_lengthshape": 220.14270813766072 }, "geometry": { "type": "LineString", "coordinates": [ [ -157.824030995107734, 21.273366040234027 ], [ -157.82401713360494, 21.273571388035126 ], [ -157.82407977027944, 21.273743351004477 ], [ -157.824160237842079, 21.273907531005339 ], [ -157.824243871120075, 21.274070330096006 ], [ -157.824326054781778, 21.274233762248919 ], [ -157.824434811680277, 21.274385596840414 ], [ -157.824676420259493, 21.274742354805401 ], [ -157.824858564512908, 21.274802524217488 ], [ -157.825041152325468, 21.274861231225731 ], [ -157.825108828449686, 21.27492759236014 ] ] } },
{ "type": "Feature", "properties": { "objectid": 76, "island": "Oahu", "st_lengthshape": 541.22528725040183 }, "geometry": { "type": "LineString", "coordinates": [ [ -157.825216195133777, 21.275022575197216 ], [ -157.825261193689983, 21.275288530418724 ], [ -157.825378030959342, 21.275451309419918 ], [ -157.825530603939683, 21.275562766330719 ], [ -157.8257600949471, 21.275563753807447 ], [ -157.825921637778123, 21.275662327261575 ], [ -157.826073701508136, 21.275774516419258 ], [ -157.826230863412036, 21.275879383726242 ], [ -157.826394752606177, 21.275974588078721 ], [ -157.826558515263997, 21.276069975689907 ], [ -157.826721574239656, 21.276166373663347 ], [ -157.826911911065196, 21.276223595126975 ], [ -157.827096815741726, 21.27628861731284 ], [ -157.827224637442271, 21.276435624258326 ], [ -157.827381600066559, 21.276540778241515 ], [ -157.827553297995109, 21.276624769639682 ], [ -157.827940823941134, 21.276665924218918 ], [ -157.828132374070123, 21.276690940423212 ], [ -157.828321145511069, 21.27676148446395 ], [ -157.828512699148973, 21.276786448773461 ], [ -157.828707220944239, 21.276762774828917 ], [ -157.828901699510482, 21.276739806811729 ], [ -157.829096100648712, 21.276718091038635 ], [ -157.829290340988109, 21.276699029000419 ], [ -157.82948445187688, 21.276682070748041 ], [ -157.829678452993448, 21.276666922815469 ] ] } },
{ "type": "Feature", "properties": { "objectid": 77, "island": "Oahu", "st_lengthshape": 222.14541773144839 }, "geometry": { "type": "LineString", "coordinates": [ [ -157.829755169649161, 21.276645573792432 ], [ -157.829937342315361, 21.276706390318182 ], [ -157.830117223467226, 21.27677521108296 ], [ -157.830298691721964, 21.276838487703102 ], [ -157.83048026420829, 21.276901401691877 ], [ -157.830662393931703, 21.276962367120692 ], [ -157.830844925260436, 21.277021928558316 ], [ -157.831026796587452, 21.277083798819504 ], [ -157.831202343237379, 21.27716777084791 ], [ -157.831372794338307, 21.277269552125397 ], [ -157.831556925139154, 21.27732352827795 ], [ -157.831748592144464, 21.27735116198523 ] ] } },
{ "type": "Feature", "properties": { "objectid": 78, "island": "Oahu", "st_lengthshape": 119.0476133092674 }, "geometry": { "type": "LineString", "coordinates": [ [ -157.832499836237247, 21.277515616257187 ], [ -157.832683064881593, 21.277572744127426 ], [ -157.832811274711048, 21.277614224047785 ], [ -157.832943857100418, 21.277660040660781 ], [ -157.833114836736826, 21.277743676475325 ], [ -157.833284721209168, 21.277829445585905 ], [ -157.833450763838812, 21.277922692436253 ], [ -157.833535576436276, 21.277968656533286 ] ] } },
{ "type": "Feature", "properties": { "objectid": 79, "island": "Oahu", "st_lengthshape": 871.9832624375299 }, "geometry": { "type": "LineString", "coordinates": [ [ -157.833780789496416, 21.278235327099036 ], [ -157.833946290001592, 21.278328117130801 ], [ -157.834113257266381, 21.278418759849654 ], [ -157.834281944841507, 21.27850688028964 ], [ -157.83445147218049, 21.278593771435975 ], [ -157.834616856508262, 21.278686733484825 ], [ -157.834781904647542, 21.278780187210305 ], [ -157.834944827272068, 21.278876756347064 ], [ -157.835096492559529, 21.278989822088811 ], [ -157.835215595459147, 21.279095886126488 ], [ -157.835262655900294, 21.279142737418521 ], [ -157.835378093718504, 21.279287590439697 ], [ -157.835490872065549, 21.279434455835219 ], [ -157.835605026545579, 21.279580279121948 ], [ -157.835714267162672, 21.279729820173877 ], [ -157.835824937232644, 21.279878279738863 ], [ -157.835935401957073, 21.280026895008938 ], [ -157.836044542385565, 21.280176511960946 ], [ -157.836156758701037, 21.280323802176618 ], [ -157.836276119468209, 21.280465689692683 ], [ -157.836567538575537, 21.28077758722576 ], [ -157.836713756084151, 21.280905891317886 ], [ -157.836866043027555, 21.281023197701256 ], [ -157.837016650350819, 21.281143549450551 ], [ -157.837171350973449, 21.281256483539707 ], [ -157.837213096241328, 21.281289694274442 ], [ -157.837382371275794, 21.281382951645341 ], [ -157.83749878604857, 21.281532384870538 ], [ -157.837621708510625, 21.281674901363335 ], [ -157.837948153896775, 21.281743016442562 ], [ -157.838150370386245, 21.281750346114134 ], [ -157.838332994740597, 21.281808314023042 ], [ -157.838513014050733, 21.281873014858579 ], [ -157.838724840890961, 21.281855501663745 ], [ -157.83884384587094, 21.281913145041411 ], [ -157.83941272364649, 21.28175177195768 ], [ -157.839592582146139, 21.281682326872051 ], [ -157.839782491462046, 21.28162913790818 ], [ -157.839977501320959, 21.281584201162421 ], [ -157.840059952363049, 21.281357192408517 ], [ -157.840214294297368, 21.281246472604092 ], [ -157.840277836780416, 21.28116907707221 ] ] } },
{ "type": "Feature", "properties": { "objectid": 80, "island": "Oahu", "st_lengthshape": 21.01799343216674 }, "geometry": { "type": "LineString", "coordinates": [ [ -157.840803966395754, 21.281605814474549 ], [ -157.840963862263436, 21.281722398168437 ] ] } },
{ "type": "Feature", "properties": { "objectid": 81, "island": "Oahu", "st_lengthshape": 350.43180916775623 }, "geometry": { "type": "LineString", "coordinates": [ [ -157.845983730568207, 21.282226024789455 ], [ -157.845898277450601, 21.282413660514884 ], [ -157.845857467099762, 21.282597959652755 ], [ -157.845827026317835, 21.282781483360477 ], [ -157.845976023212074, 21.283202004053024 ], [ -157.846079744833162, 21.283371137278408 ], [ -157.846205280478273, 21.283514056929956 ], [ -157.846344955067678, 21.283639989187041 ], [ -157.846495145143365, 21.283753286160866 ], [ -157.846662931231691, 21.283845440228664 ], [ -157.84683812694928, 21.283928690389072 ], [ -157.847031101538192, 21.283990578377736 ], [ -157.847228163652488, 21.284035956512106 ], [ -157.847641207720727, 21.284061107553839 ], [ -157.847832428198984, 21.284024047787671 ], [ -157.847916131625652, 21.283995662934512 ] ] } },
{ "type": "Feature", "properties": { "objectid": 82, "island": "Oahu", "st_lengthshape": 1277.8806901447188 }, "geometry": { "type": "LineString", "coordinates": [ [ -157.846425440546284, 21.286016002174399 ], [ -157.846306280217703, 21.286160089967836 ], [ -157.846173444950125, 21.286296741132354 ], [ -157.846057991977432, 21.286442844319645 ], [ -157.845944805256522, 21.286786672593013 ], [ -157.845919570671384, 21.286970047592277 ], [ -157.845972046940403, 21.287147160783071 ], [ -157.845965623255296, 21.287329019624998 ], [ -157.846031378186666, 21.287505062945513 ], [ -157.846179515912411, 21.28792202086963 ], [ -157.846272089116496, 21.288087962702338 ], [ -157.846369193751229, 21.288249967813268 ], [ -157.846425560133014, 21.288447373465424 ], [ -157.846618097833101, 21.288526448083676 ], [ -157.846830013590335, 21.288588684879631 ], [ -157.847036648123549, 21.288655509744871 ], [ -157.847310835044965, 21.288747091074534 ], [ -157.847489995117542, 21.288815319077013 ], [ -157.847669519442945, 21.288882469826433 ], [ -157.847849670487903, 21.288947764581241 ], [ -157.848031027401191, 21.289009491747983 ], [ -157.848213203406175, 21.289068795089264 ], [ -157.84839582651955, 21.289126776010942 ], [ -157.848578796101094, 21.289183731944721 ], [ -157.848762020376711, 21.289239935991603 ], [ -157.848945374063447, 21.28929575588085 ], [ -157.849128816706184, 21.289351311487504 ], [ -157.849312380842946, 21.289406509080102 ], [ -157.849495966830233, 21.289461642485389 ], [ -157.849679484875395, 21.289516978495801 ], [ -157.849863120494177, 21.289571964595407 ], [ -157.850047196304672, 21.289625647191194 ], [ -157.850231556386177, 21.289678491370687 ], [ -157.85041583375434, 21.28973157780246 ], [ -157.850599790582919, 21.289785616741696 ], [ -157.850783530525177, 21.289840294514111 ], [ -157.850967346550817, 21.289894751277256 ], [ -157.851151313703411, 21.28994875717612 ], [ -157.851335278037936, 21.290002771893398 ], [ -157.851518538065591, 21.290058872979138 ], [ -157.85170313312878, 21.290111021569984 ], [ -157.851888642888241, 21.290160466002739 ], [ -157.852074477380086, 21.290208948522448 ], [ -157.852259827590558, 21.290258863944882 ], [ -157.852444274236206, 21.290311451588167 ], [ -157.852628308608985, 21.290365262137382 ], [ -157.852811978086436, 21.29042015317971 ], [ -157.852992715611975, 21.29048371927195 ], [ -157.853170268608864, 21.290556713042484 ], [ -157.853345436258707, 21.290636765811296 ], [ -157.853519546519408, 21.29071994600039 ], [ -157.8536331375727, 21.290776864937996 ], [ -157.853724110297861, 21.290828150674173 ], [ -157.853888389057857, 21.29092287314398 ], [ -157.854052305811734, 21.29101818924012 ], [ -157.854217187399428, 21.291111924476862 ], [ -157.854383946676364, 21.291202584516242 ], [ -157.854550637830613, 21.291293355051891 ], [ -157.85471560889755, 21.29138694498252 ], [ -157.854877581887877, 21.291485446024975 ], [ -157.855038813079034, 21.291585164173604 ], [ -157.85519976724359, 21.29168533289441 ] ] } },
{ "type": "Feature", "properties": { "objectid": 83, "island": "Oahu", "st_lengthshape": 327.28239212663254 }, "geometry": { "type": "LineString", "coordinates": [ [ -157.876739542836617, 21.301245791577713 ], [ -157.876934373769842, 21.301149103319862 ], [ -157.877126955303027, 21.301161293443265 ], [ -157.877319206955406, 21.301189376543292 ], [ -157.877510264885302, 21.301275256686765 ], [ -157.87770293240024, 21.301283264873579 ], [ -157.877895961462258, 21.30127375011099 ], [ -157.878089200419254, 21.301254108458952 ], [ -157.878282433429888, 21.301234736661211 ], [ -157.878475527361218, 21.301222126598372 ], [ -157.878668417732001, 21.301219316894983 ], [ -157.878861150924422, 21.301224137884489 ], [ -157.879054124512834, 21.301217348795795 ], [ -157.879247438225974, 21.301194055644196 ], [ -157.879439613972636, 21.301225865086007 ], [ -157.879631416477253, 21.301275766119272 ], [ -157.879823251669109, 21.301324043737619 ] ] } },
{ "type": "Feature", "properties": { "objectid": 84, "island": "Oahu", "st_lengthshape": 189.6977032395111 }, "geometry": { "type": "LineString", "coordinates": [ [ -157.882011644916616, 21.300888341447628 ], [ -157.882203088309581, 21.300865477817876 ], [ -157.882383245358199, 21.300781641358618 ], [ -157.882562184234587, 21.300691232465141 ], [ -157.882728396271716, 21.30053206921863 ], [ -157.882914735823334, 21.300481638684026 ], [ -157.883114200381044, 21.300502104880639 ], [ -157.883313357517665, 21.30052090834322 ], [ -157.883513378853735, 21.300544381588864 ], [ -157.883710133175555, 21.300557143831334 ] ] } },
{ "type": "Feature", "properties": { "objectid": 85, "island": "Oahu", "st_lengthshape": 4921.5679817679529 }, "geometry": { "type": "LineString", "coordinates": [ [ -157.970606384056083, 21.3251536268445 ], [ -157.970627909138614, 21.324973939671629 ], [ -157.970633245554154, 21.324793141546447 ], [ -157.970642627652722, 21.324612620240252 ], [ -157.970668026729641, 21.324433199784629 ], [ -157.970710716777262, 21.324254965663755 ], [ -157.970740527590721, 21.324075847735845 ], [ -157.970740122932142, 21.323894654876806 ], [ -157.970698812429049, 21.32371065221167 ], [ -157.970703903857981, 21.323529837195551 ], [ -157.970750043641232, 21.323351840071382 ], [ -157.970791262589131, 21.323173505643137 ], [ -157.970845780628423, 21.322996084649077 ], [ -157.970909772758546, 21.322819313354543 ], [ -157.970958162948847, 21.322680659510976 ], [ -157.971081838059291, 21.322531101286366 ], [ -157.971220751010407, 21.322386883267676 ], [ -157.971383063745748, 21.322250868603309 ], [ -157.971615391113659, 21.322161624857181 ], [ -157.971705885465155, 21.322119182588818 ], [ -157.97199973009208, 21.322132536769139 ], [ -157.97213054226637, 21.321999750024485 ], [ -157.972221549280221, 21.321831282211306 ], [ -157.972339952484646, 21.321687373285492 ], [ -157.972456257996299, 21.321541583168973 ], [ -157.972562851120756, 21.321387086957525 ], [ -157.972721887350076, 21.321279600859562 ], [ -157.972848125653741, 21.321142714728968 ], [ -157.973016237341426, 21.321043363984661 ], [ -157.973136727017049, 21.320901325520357 ], [ -157.973282208786742, 21.320781689963191 ], [ -157.9734602044241, 21.320691198436144 ], [ -157.973637185124545, 21.320599797997705 ], [ -157.973727566694606, 21.320430771637763 ], [ -157.973922370144749, 21.320355346473598 ], [ -157.974037289410489, 21.320208315326859 ], [ -157.974117795225055, 21.320030435453408 ], [ -157.974262013420571, 21.319909667412503 ], [ -157.974443470309438, 21.319822279275304 ], [ -157.974566407685501, 21.319682436380315 ], [ -157.974724905982328, 21.319574468869035 ], [ -157.974855489214775, 21.31944147875085 ], [ -157.975020747048291, 21.319339570755822 ], [ -157.975197160825985, 21.319247662813329 ], [ -157.975351959606343, 21.319136379149636 ], [ -157.975499240221041, 21.319018356066056 ], [ -157.97564638453872, 21.318900210954791 ], [ -157.975800188981282, 21.318788036341257 ], [ -157.975957971579646, 21.318679429030254 ], [ -157.976086682532696, 21.318544761465873 ], [ -157.976211889162499, 21.318406952033129 ], [ -157.976346242409676, 21.318277342539218 ], [ -157.976458800490605, 21.318128195634472 ], [ -157.976626842187699, 21.318028783702758 ], [ -157.976809740378627, 21.317942688112151 ], [ -157.976943714197319, 21.317812738815778 ], [ -157.976926624472867, 21.317819748418096 ], [ -157.977076920836538, 21.317698442886542 ], [ -157.977244273769458, 21.317608281695019 ], [ -157.977407671486617, 21.317510898697886 ], [ -157.977553368499542, 21.31738119722921 ], [ -157.977698273105261, 21.317250049844905 ], [ -157.977804123209268, 21.317047595264082 ], [ -157.977902467607322, 21.316831436112199 ], [ -157.978076212434928, 21.316752947179761 ], [ -157.978241797561282, 21.31665955889828 ], [ -157.978383114257468, 21.316521863634108 ], [ -157.978526391098796, 21.316387744155413 ], [ -157.978698581252957, 21.31630641738494 ], [ -157.978837932112668, 21.316240692853047 ], [ -157.979021123094753, 21.316161252931551 ], [ -157.97922270769962, 21.316181517097949 ], [ -157.979432548434886, 21.316238578836025 ], [ -157.979642594199561, 21.316296550406694 ], [ -157.979839380833255, 21.3162954313804 ], [ -157.980032833931034, 21.316279454957758 ], [ -157.980226427305979, 21.316264102524904 ], [ -157.980417751495139, 21.316238636721852 ], [ -157.980610613315775, 21.316220028884736 ], [ -157.980805670435899, 21.316211197444321 ], [ -157.981000150384631, 21.316199799262385 ], [ -157.981187265212441, 21.316155576355758 ], [ -157.981371021022028, 21.316096381203373 ], [ -157.9815572479433, 21.316048202722737 ], [ -157.981744891879572, 21.316006336713141 ], [ -157.981934947126177, 21.315975221394662 ], [ -157.982124084713604, 21.315940011400919 ], [ -157.982311739580808, 21.31589819811623 ], [ -157.982498435570932, 21.315852110131313 ], [ -157.982684739517651, 21.315804275048606 ], [ -157.982870452161677, 21.315753806306976 ], [ -157.983054381775986, 21.315695391786395 ], [ -157.983238423503707, 21.315637477331489 ], [ -157.983423318223601, 21.315583362213935 ], [ -157.983606615070443, 21.315522129980707 ], [ -157.983788372966274, 21.315454041178722 ], [ -157.983970811734935, 21.315388982764055 ], [ -157.984154482312078, 21.315329418091487 ], [ -157.984338787953249, 21.315272679350759 ], [ -157.984522850215939, 21.315214860242644 ], [ -157.984707460520809, 21.315159484389987 ], [ -157.984892813482134, 21.315107414834458 ], [ -157.985078767812809, 21.315058028260829 ], [ -157.985263996102333, 21.315005405540994 ], [ -157.985449534873311, 21.314954163113665 ], [ -157.985634098702519, 21.314898582667798 ], [ -157.985815766130344, 21.31483009265482 ], [ -157.986000835806436, 21.314776764377644 ], [ -157.98618886061621, 21.314736604883542 ], [ -157.986376228611732, 21.314693517728998 ], [ -157.98656277791838, 21.314646784619796 ], [ -157.986750749138906, 21.314606382948153 ], [ -157.986938745496388, 21.314566097756114 ], [ -157.987126274007267, 21.314523726230899 ], [ -157.987313480594111, 21.314479920623022 ], [ -157.987502228831886, 21.314442987416321 ], [ -157.987689699982695, 21.314400361043084 ], [ -157.987877710840053, 21.314360140820103 ], [ -157.988066114546228, 21.314321669974376 ], [ -157.988254424614581, 21.31428278096752 ], [ -157.988443205163378, 21.314245991429814 ], [ -157.988635084259386, 21.314223005701383 ], [ -157.9888199698336, 21.314168863679516 ], [ -157.989007542311413, 21.314126688133644 ], [ -157.989196400153759, 21.314090245117121 ], [ -157.989385978356722, 21.314057006152595 ], [ -157.989576525750294, 21.314028087562058 ], [ -157.989769313837854, 21.314009154241386 ], [ -157.989958392210639, 21.313973690093377 ], [ -157.990147340442149, 21.313937647658086 ], [ -157.99033666189402, 21.313903269554022 ], [ -157.990529275751555, 21.313883557359407 ], [ -157.990720223186855, 21.313856424127241 ], [ -157.99090859757726, 21.313817825198512 ], [ -157.991105481545276, 21.313817137037191 ], [ -157.991304645690093, 21.313826607811695 ], [ -157.991494588052518, 21.313794997505127 ], [ -157.991680174890007, 21.313743977829418 ], [ -157.991871501875124, 21.313718534961332 ], [ -157.992064183652644, 21.313699127661987 ], [ -157.992226168757327, 21.313542966845276 ], [ -157.992407000867416, 21.313470768612127 ], [ -157.992595842240036, 21.313434252958729 ], [ -157.992777224238267, 21.313364504995732 ], [ -157.992976309371841, 21.313373623673851 ], [ -157.993157108201672, 21.313301277155244 ], [ -157.993335710727763, 21.31321915304035 ], [ -157.993518942980216, 21.313157648268916 ], [ -157.99370608542344, 21.313113564001899 ], [ -157.993893658185101, 21.313071398267819 ], [ -157.9940812944551, 21.313029519087248 ], [ -157.994268083836573, 21.31298386100972 ], [ -157.994454772035851, 21.312937754918639 ], [ -157.994641998167225, 21.312894046820038 ], [ -157.994826972796659, 21.31284030964666 ], [ -157.995013554922167, 21.312793732505749 ], [ -157.995201226170451, 21.312752004939981 ], [ -157.995386280926823, 21.312698624470549 ], [ -157.9955720270938, 21.312648323192345 ], [ -157.995759625008702, 21.312606273836046 ], [ -157.99594542614696, 21.312556220004296 ], [ -157.996131691316691, 21.312508233066755 ], [ -157.996320893810093, 21.312473328832418 ], [ -157.99651062119446, 21.312440763780355 ], [ -157.996700395308835, 21.312408404771791 ], [ -157.996905500523184, 21.312444341338065 ], [ -157.997088068881538, 21.312379884355593 ], [ -157.997279456125085, 21.312354715661456 ], [ -157.997469652985473, 21.312324240137752 ], [ -157.997646215777024, 21.312233039571272 ], [ -157.997835076045817, 21.312196613808005 ], [ -157.998030610580201, 21.312189916075052 ], [ -157.998219780493031, 21.312154867641592 ], [ -157.998408506729731, 21.31211784416428 ], [ -157.998597536082457, 21.312082172903171 ], [ -157.998791616165306, 21.312068995259313 ], [ -157.998985508109058, 21.312054980598475 ], [ -157.99917137126468, 21.312005204474687 ], [ -157.999356242257846, 21.311951013503112 ], [ -157.999538120223804, 21.311883488874539 ], [ -157.999724709246863, 21.311836946202526 ], [ -157.999909772668332, 21.311783609492757 ], [ -158.000093311384973, 21.311723485078669 ], [ -158.000275697881733, 21.311658228454405 ], [ -158.000462077706686, 21.311610756783516 ], [ -158.000649904323211, 21.311569729530742 ], [ -158.000837383613458, 21.311527156943317 ], [ -158.001024774846144, 21.311484189724691 ], [ -158.001212812685395, 21.311444104460303 ], [ -158.001409392609816, 21.311442062533949 ], [ -158.001596587980174, 21.311398224406158 ], [ -158.00178274249086, 21.31134975071398 ], [ -158.001970499218004, 21.311308412573766 ], [ -158.002158879167837, 21.311269853254366 ], [ -158.002347330198177, 21.311231604922003 ], [ -158.002540867065051, 21.311216014748098 ], [ -158.00272922246009, 21.311177343512917 ], [ -158.002908544773248, 21.311098442976483 ], [ -158.003093622177545, 21.311045173239396 ], [ -158.003278547819775, 21.310991229338999 ], [ -158.003464900702824, 21.31094364209093 ], [ -158.003652649028425, 21.310902269464378 ], [ -158.003840136100877, 21.310859735976081 ], [ -158.004026636544154, 21.310812807567924 ], [ -158.004214117817185, 21.310770245614187 ], [ -158.004401625205247, 21.310727799241302 ], [ -158.004587885719417, 21.310679801826858 ], [ -158.004775422845682, 21.310637489816489 ], [ -158.004963898699231, 21.310599358802722 ], [ -158.005150230955081, 21.310551683702389 ], [ -158.005354233494671, 21.310582697802623 ], [ -158.005545101669554, 21.310555219980387 ], [ -158.005730597838607, 21.310503819860969 ], [ -158.005915819618593, 21.310451199182499 ], [ -158.006102428520109, 21.310404753310785 ], [ -158.006289522164877, 21.310360470194897 ], [ -158.006479557762788, 21.310329285924162 ], [ -158.006671339998263, 21.310305878546902 ], [ -158.006860723017553, 21.310271789069358 ], [ -158.007047959546384, 21.310228139244657 ], [ -158.007234201838287, 21.310180064657892 ], [ -158.007422326491763, 21.31014037216152 ], [ -158.007610323758541, 21.310100110441358 ], [ -158.007799509745439, 21.310065146916205 ], [ -158.007990668062121, 21.310038959897454 ], [ -158.008184193710349, 21.310023318820331 ], [ -158.00837504577953, 21.309995773504212 ], [ -158.008565755524728, 21.309967590210992 ], [ -158.008756863983052, 21.309941184291439 ], [ -158.008948511594042, 21.309917179036137 ], [ -158.009121339086249, 21.309809374218336 ], [ -158.00931056095331, 21.309774567279764 ], [ -158.009501198173353, 21.309746065377947 ], [ -158.009701414021805, 21.309760213743168 ], [ -158.009890915620616, 21.309726653623947 ], [ -158.010080647453321, 21.309694116424463 ], [ -158.010269433641838, 21.309657375196398 ], [ -158.010451566401144, 21.309591005412749 ], [ -158.010638502534448, 21.30954602171111 ], [ -158.010824906791868, 21.309498673098886 ], [ -158.011012850970161, 21.3094581804406 ], [ -158.011201054381502, 21.309418841871782 ], [ -158.011389045191009, 21.309378555945983 ], [ -158.011576160543967, 21.309334374483626 ], [ -158.011672920848099, 21.309311425706468 ] ] } },
{ "type": "Feature", "properties": { "objectid": 86, "island": "Oahu", "st_lengthshape": 920.82724833392888 }, "geometry": { "type": "LineString", "coordinates": [ [ -158.024200455075061, 21.306393268470671 ], [ -158.024397679596291, 21.306387593953918 ], [ -158.024591495661184, 21.306369135713659 ], [ -158.024786438758667, 21.306354902823248 ], [ -158.024982328257437, 21.306344220269867 ], [ -158.025170329172653, 21.306303951255607 ], [ -158.025371007246207, 21.30631123098852 ], [ -158.025584796366871, 21.30636768902934 ], [ -158.025789794738017, 21.306391175621251 ], [ -158.025992078961423, 21.306404478087433 ], [ -158.026196986232463, 21.306427618546952 ], [ -158.026406027551502, 21.306466264855008 ], [ -158.026589959230307, 21.306410731549207 ], [ -158.026774951121098, 21.30635917115568 ], [ -158.026962476547112, 21.306317115797462 ], [ -158.027147586737385, 21.306266001966858 ], [ -158.027335941779199, 21.30622705880026 ], [ -158.027519559568162, 21.306170346367345 ], [ -158.027717419852451, 21.306167053075054 ], [ -158.027904519543313, 21.306123401431343 ], [ -158.028093060536747, 21.306085155027233 ], [ -158.028279675469264, 21.306039687866193 ], [ -158.028478808584623, 21.306041170261331 ], [ -158.028654800921316, 21.305955856730449 ], [ -158.028830148532251, 21.305868129822684 ], [ -158.029009621735213, 21.305795872579861 ], [ -158.029191260664419, 21.305731742298466 ], [ -158.029372520284028, 21.305666186715207 ], [ -158.029556177132065, 21.305609624913256 ], [ -158.029740937525332, 21.305557201586918 ], [ -158.029927067752283, 21.305509915662061 ], [ -158.030113046371042, 21.305462063102034 ], [ -158.030298921383263, 21.305413821257446 ], [ -158.030454469670133, 21.305251839786806 ], [ -158.03063155333507, 21.305170625678333 ], [ -158.030808487192445, 21.305088852189691 ], [ -158.030988379139956, 21.305018171675737 ], [ -158.031170331558371, 21.304955219079268 ], [ -158.031352650781486, 21.304893644326139 ], [ -158.031535211676953, 21.304832976908042 ], [ -158.031717853371163, 21.304772609692474 ], [ -158.031900493971449, 21.304712240460159 ], [ -158.032083037496164, 21.304651509994571 ], [ -158.032264515736983, 21.304586781814784 ], [ -158.032440910783009, 21.304502988788439 ], [ -158.032629523067158, 21.304465016758972 ] ] } },
{ "type": "Feature", "properties": { "objectid": 87, "island": "Oahu", "st_lengthshape": 3178.8185299158099 }, "geometry": { "type": "LineString", "coordinates": [ [ -158.044067946585301, 21.303861964367591 ], [ -158.044269864019867, 21.303841343863503 ], [ -158.04446072853051, 21.303798046360079 ], [ -158.044671796821348, 21.303796199307044 ], [ -158.044875880554486, 21.30378002264241 ], [ -158.04506231871116, 21.303727642342604 ], [ -158.04524884713544, 21.30367544664546 ], [ -158.045435425858273, 21.303623354917818 ], [ -158.045563849773913, 21.30345194381675 ], [ -158.045755017940337, 21.303409267199996 ], [ -158.045948194522936, 21.303370712399868 ], [ -158.046129635718302, 21.303308080134446 ], [ -158.046264724490044, 21.30315034456423 ], [ -158.046439398496773, 21.303073828380477 ], [ -158.046612614691639, 21.302994320591083 ], [ -158.046787529061532, 21.302918298672818 ], [ -158.046968021713496, 21.302853721315614 ], [ -158.047144672198613, 21.302781258461742 ], [ -158.047317417654114, 21.302700787802095 ], [ -158.04748882137784, 21.302617560195539 ], [ -158.047661215382533, 21.302536367138195 ], [ -158.047834342782295, 21.302456680468058 ], [ -158.048016076143568, 21.302394647637552 ], [ -158.048175374388563, 21.302286587525192 ], [ -158.048321457281759, 21.302151413453107 ], [ -158.048473771166442, 21.302029023825682 ], [ -158.048628974458325, 21.301912562499339 ], [ -158.04880268200634, 21.301834065187592 ], [ -158.048983535994353, 21.301770231163502 ], [ -158.049174105498196, 21.3017263302347 ], [ -158.049356188542959, 21.301665017019179 ], [ -158.049532943081289, 21.301592770785437 ], [ -158.049705160700853, 21.301511219501769 ], [ -158.049782364107614, 21.301471708916932 ], [ -158.049969363574348, 21.301416643870674 ], [ -158.050158310100699, 21.301376307553969 ], [ -158.050348334952588, 21.30134412704561 ], [ -158.05053552530012, 21.301290507939811 ], [ -158.050725478288683, 21.301257780915307 ], [ -158.050915524994394, 21.301225760692795 ], [ -158.051099262602548, 21.301146039136277 ], [ -158.05128943133505, 21.301114950619503 ], [ -158.05147843236, 21.301075026878209 ], [ -158.051670237584091, 21.301056305318912 ], [ -158.051863637044534, 21.301049645328575 ], [ -158.052061357056346, 21.301075647165774 ], [ -158.052257539820943, 21.301090021862358 ], [ -158.052452466598226, 21.301094904933983 ], [ -158.052650118749739, 21.301120393450979 ], [ -158.052845440972277, 21.301128266878663 ], [ -158.05303383850827, 21.301083775602066 ], [ -158.053224464758188, 21.301056147636945 ], [ -158.053419524000077, 21.301062027732144 ], [ -158.053611567187374, 21.301045108558551 ], [ -158.053802826926159, 21.301022260893831 ], [ -158.053995729798629, 21.301011843663314 ], [ -158.054188606932826, 21.301001227308941 ], [ -158.054381747980301, 21.300992603400658 ], [ -158.054574895427493, 21.300984031705482 ], [ -158.054767041436918, 21.300967888742726 ], [ -158.05495621159676, 21.300929251219042 ], [ -158.055143345703073, 21.300875216435475 ], [ -158.055333600816283, 21.300844779691808 ], [ -158.055528199206833, 21.300847179208404 ], [ -158.05572247947083, 21.300847165428809 ], [ -158.055915538422909, 21.300837925852573 ], [ -158.056108052963623, 21.300824565112322 ], [ -158.056301362924671, 21.300817226437822 ], [ -158.056494622352488, 21.300809496066911 ], [ -158.056687775075972, 21.300800960811834 ], [ -158.0568797119181, 21.300783242259236 ], [ -158.057070520326164, 21.30075698324946 ], [ -158.057264588948897, 21.300755379151489 ], [ -158.057458291587892, 21.300750999212262 ], [ -158.057649449325709, 21.300727388583397 ], [ -158.057838059420789, 21.300684512021444 ], [ -158.058028678070144, 21.300656826124346 ], [ -158.05822132467253, 21.300644472836275 ], [ -158.058413099362099, 21.300625522932599 ], [ -158.058605952891895, 21.300614727894189 ], [ -158.058794408989513, 21.300570692074992 ], [ -158.058977863188574, 21.300488855141538 ], [ -158.059168703106394, 21.300462841446784 ], [ -158.059358640619365, 21.300430011435946 ], [ -158.059547982069347, 21.300392668794867 ], [ -158.059741721983727, 21.300388571905355 ], [ -158.05993598430905, 21.300388431175733 ], [ -158.060131712927756, 21.300399361066869 ], [ -158.060327430499342, 21.300410214780282 ], [ -158.060519490756661, 21.300393429603762 ], [ -158.060703866507424, 21.30031855872803 ], [ -158.060890128678892, 21.30025795449912 ], [ -158.061079408854312, 21.300220155340909 ], [ -158.061282892940596, 21.300289700977771 ], [ -158.061479736519289, 21.300309053800596 ], [ -158.061673536133839, 21.300305410349399 ], [ -158.061872618822804, 21.300341693073925 ], [ -158.062064474717232, 21.300323354677563 ], [ -158.062255563284992, 21.300299227942233 ], [ -158.062446576423923, 21.300274521460526 ], [ -158.062633744988062, 21.300220768425792 ], [ -158.06282637617764, 21.30020829230023 ], [ -158.063022272304806, 21.300220490905279 ], [ -158.063209712058807, 21.300168780512504 ], [ -158.063395905065704, 21.300107656315497 ], [ -158.06358561137904, 21.300073083782245 ], [ -158.063777157650065, 21.300052410807609 ], [ -158.063966554743843, 21.300015494393801 ], [ -158.064155476045869, 21.299974992060807 ], [ -158.064342821301977, 21.299922570653294 ], [ -158.064534441795274, 21.29990246548536 ], [ -158.064726081626389, 21.299882496624953 ], [ -158.0649156116651, 21.2998465953373 ], [ -158.0651094365289, 21.299843140479972 ], [ -158.065305159512263, 21.299854027269596 ], [ -158.065496594947916, 21.299832515115817 ], [ -158.065692530502275, 21.299845008055293 ], [ -158.065892342501598, 21.29988678934804 ], [ -158.066098274299804, 21.299974809198918 ], [ -158.066294020559695, 21.299985872049813 ], [ -158.06648852931778, 21.29998757806775 ], [ -158.066682937747771, 21.299988533446033 ], [ -158.066878823087109, 21.300000638060666 ], [ -158.067068348293446, 21.299964693654889 ], [ -158.067263344727905, 21.29997008843532 ], [ -158.067458294267368, 21.299975126773347 ], [ -158.067652312566821, 21.299973134544665 ], [ -158.067838031644271, 21.299908436844881 ], [ -158.068028087517632, 21.299876500157815 ], [ -158.068207985028948, 21.299767827172964 ], [ -158.068392425435377, 21.2996934729786 ], [ -158.068575892987099, 21.299611769091772 ], [ -158.06876161399174, 21.29954709293979 ], [ -158.06894631244694, 21.299474692793961 ], [ -158.069132670861848, 21.299414835106631 ], [ -158.069321761442836, 21.299375610728848 ], [ -158.069513534492302, 21.299356657097988 ], [ -158.069705705981136, 21.299340713920088 ], [ -158.069896169396401, 21.299311864408594 ], [ -158.070083942696726, 21.299262695798074 ], [ -158.070272867188862, 21.299222223568652 ], [ -158.070458621081144, 21.299157803165606 ], [ -158.070644628835993, 21.299095300160324 ], [ -158.070831441734839, 21.299038879766535 ], [ -158.071019626735307, 21.298992823827078 ], [ -158.071205123269522, 21.298926462365536 ], [ -158.071390768752252, 21.298861225401289 ], [ -158.07157665153278, 21.298797781970656 ], [ -158.071757644188381, 21.298697403818796 ], [ -158.071945102343022, 21.298645857995563 ], [ -158.072135219351907, 21.298614402976739 ], [ -158.072323815794675, 21.298571461087469 ], [ -158.072516248426382, 21.298557492834398 ], [ -158.072708826451191, 21.298544623750647 ], [ -158.072907528996438, 21.298578012963464 ], [ -158.073098423566137, 21.298552425394071 ], [ -158.073286812581216, 21.298507920117821 ], [ -158.073443778072544, 21.298457844453175 ] ] } },
{ "type": "Feature", "properties": { "objectid": 88, "island": "Oahu", "st_lengthshape": 524.26532447312923 }, "geometry": { "type": "LineString", "coordinates": [ [ -158.075049106718154, 21.298672455937304 ], [ -158.075241991793973, 21.298670916656409 ], [ -158.075433176758935, 21.298628309816042 ], [ -158.075624360844614, 21.29858567293628 ], [ -158.075815109324225, 21.298532512816088 ], [ -158.076008845944557, 21.298551565052176 ], [ -158.076202342299553, 21.298564800266128 ], [ -158.076395377214538, 21.298566880588794 ], [ -158.076588777343204, 21.298577783941138 ], [ -158.076781211673023, 21.298565360217019 ], [ -158.076974508049801, 21.298573741942949 ], [ -158.07716978723991, 21.298630029613786 ], [ -158.077363546843088, 21.298649627009937 ], [ -158.077557014242558, 21.298662144081835 ], [ -158.077750299917767, 21.298670264670442 ], [ -158.07794229359007, 21.298647203641625 ], [ -158.078133998967559, 21.298617186082808 ], [ -158.078322628581475, 21.298512870098492 ], [ -158.078514702488945, 21.298491740414807 ], [ -158.078706723518309, 21.298469342685284 ], [ -158.0788984780568, 21.298440506220032 ], [ -158.079089853687094, 21.298402536326432 ], [ -158.079281543504237, 21.298372149654394 ], [ -158.079472988692515, 21.298335831199886 ], [ -158.079664276035743, 21.298295741578464 ], [ -158.079855497284086, 21.298254019750129 ], [ -158.080003376280814, 21.298211399466631 ] ] } },
{ "type": "Feature", "properties": { "objectid": 89, "island": "Oahu", "st_lengthshape": 996.42385436558789 }, "geometry": { "type": "LineString", "coordinates": [ [ -158.08883561831226, 21.295852676782399 ], [ -158.0890288888111, 21.295857988971193 ], [ -158.089222308449195, 21.295866323781226 ], [ -158.089414655719992, 21.295852969798851 ], [ -158.089606999537381, 21.29583954601128 ], [ -158.08979991166737, 21.295837622365372 ], [ -158.089992865920607, 21.2958365298988 ], [ -158.090186553068406, 21.295850280320046 ], [ -158.090379693358926, 21.29585295579782 ], [ -158.090573285400495, 21.295864783625763 ], [ -158.090766740385305, 21.29587382335146 ], [ -158.090959096232638, 21.295860631170246 ], [ -158.091152329150702, 21.295865184532786 ], [ -158.09134557401967, 21.295869992510937 ], [ -158.091538044699575, 21.295859129377892 ], [ -158.091730040295289, 21.295838662505993 ], [ -158.091922233025059, 21.295822191529258 ], [ -158.092114543256713, 21.295808087098958 ], [ -158.092307091867525, 21.295798801828191 ], [ -158.092497840423476, 21.295753117500137 ], [ -158.092689191673827, 21.295719637284225 ], [ -158.092881500808886, 21.295705525640891 ], [ -158.093073043270806, 21.295675897419152 ], [ -158.093264493782783, 21.295644431768846 ], [ -158.093455928061076, 21.295612614368839 ], [ -158.093649143607109, 21.295616832293707 ], [ -158.093841932173177, 21.295612389941148 ], [ -158.094034017275618, 21.295593744966986 ], [ -158.09422539549567, 21.295560816946487 ], [ -158.094416808834893, 21.295528595392231 ], [ -158.09460916577649, 21.295515436061628 ], [ -158.09480133215817, 21.295498442147963 ], [ -158.094993248877188, 21.295476400000528 ], [ -158.095186034660941, 21.295471911817124 ], [ -158.095380570645887, 21.295502787522388 ], [ -158.095574353385075, 21.295518449378701 ], [ -158.095766300946963, 21.295497028989644 ], [ -158.09595923172364, 21.295495477815273 ], [ -158.096151912860392, 21.295488874793485 ], [ -158.096343877513505, 21.295467796241159 ], [ -158.096536586953647, 21.295461761199302 ], [ -158.096732577653768, 21.29552203510039 ], [ -158.096925990779113, 21.29553022279238 ], [ -158.097118193110845, 21.295513946467992 ], [ -158.09731213232368, 21.295532760209532 ], [ -158.097505083013687, 21.295531594047137 ], [ -158.097698769975239, 21.295545315050294 ], [ -158.097892811481103, 21.295566187637608 ], [ -158.098084494574124, 21.295539418366197 ], [ -158.098274455869131, 21.295477877589256 ], [ -158.098362601964283, 21.295438190494863 ] ] } },
{ "type": "Feature", "properties": { "objectid": 90, "island": "Oahu", "st_lengthshape": 1034.8698264167774 }, "geometry": { "type": "LineString", "coordinates": [ [ -158.130608629519969, 21.356812978273947 ], [ -158.130640405289427, 21.356993979996091 ], [ -158.130666111829214, 21.357176969502742 ], [ -158.13072531216153, 21.357348992846099 ], [ -158.130836585386987, 21.357503964751899 ], [ -158.130855762961687, 21.357689092329178 ], [ -158.130849041836342, 21.357882699349641 ], [ -158.130888690527939, 21.35806112356812 ], [ -158.130932430625421, 21.358238208355207 ], [ -158.130997723221441, 21.358408236694064 ], [ -158.131067023224574, 21.358576952253276 ], [ -158.131139161410829, 21.35874473926884 ], [ -158.131211535534646, 21.358912448875408 ], [ -158.13128446254683, 21.359079977008829 ], [ -158.131380548227696, 21.359239923000217 ], [ -158.131508747420725, 21.359389353550128 ], [ -158.131611786130946, 21.35954702254659 ], [ -158.131690946584399, 21.359712510235834 ], [ -158.131732175659693, 21.359890417528749 ], [ -158.131789827293716, 21.360062947467974 ], [ -158.13184872270088, 21.360235070038463 ], [ -158.131866629141683, 21.360420613730771 ], [ -158.131911091883921, 21.360597462590405 ], [ -158.132021646863507, 21.360752671266635 ], [ -158.132155728984401, 21.360900175794892 ], [ -158.132283457836735, 21.361049760557869 ], [ -158.132396717300253, 21.361204083140322 ], [ -158.13247448217291, 21.361370027641172 ], [ -158.132537643218086, 21.361540754508709 ], [ -158.132594460507903, 21.361713558136213 ], [ -158.132659411454995, 21.361883698832809 ], [ -158.132728088693682, 21.362052618316419 ], [ -158.132801212136116, 21.362220082693899 ], [ -158.132878391398805, 21.362386220040467 ], [ -158.132953132797695, 21.362553154254936 ], [ -158.133017454451618, 21.362723501169533 ], [ -158.133084583433288, 21.36289292838876 ], [ -158.13318289309683, 21.363052145866952 ], [ -158.133290694252167, 21.363208256538407 ], [ -158.133406824438708, 21.363361639255171 ], [ -158.133461463338421, 21.363535155924819 ], [ -158.13351067156708, 21.363710451448554 ], [ -158.133609678936068, 21.363869441008323 ], [ -158.133684403496915, 21.364036382054529 ], [ -158.133757938667202, 21.364203711739805 ], [ -158.133835052340089, 21.36436987001348 ], [ -158.133935559272459, 21.364528368424008 ], [ -158.134022758975703, 21.364691224137381 ], [ -158.134087059531225, 21.364861577780911 ], [ -158.134149293227068, 21.365032608266141 ], [ -158.134262316973917, 21.365187008853852 ], [ -158.134362284828796, 21.365343859061383 ] ] } },
{ "type": "Feature", "properties": { "objectid": 91, "island": "Oahu", "st_lengthshape": 333.27638258020596 }, "geometry": { "type": "LineString", "coordinates": [ [ -158.140751106567365, 21.375306215123249 ], [ -158.140833515012218, 21.375474265801934 ], [ -158.140968978041229, 21.375604915081965 ], [ -158.141095675100502, 21.375741744160674 ], [ -158.141159844711808, 21.375922651386066 ], [ -158.141268855778776, 21.376071947777852 ], [ -158.141373199675627, 21.37622453588299 ], [ -158.141478525888147, 21.376376430585577 ], [ -158.141583237294896, 21.376528758446781 ], [ -158.141708378290332, 21.376666685852896 ], [ -158.141832171321397, 21.376805562126492 ], [ -158.14196262813303, 21.376939741020369 ], [ -158.142092028502475, 21.377074665183173 ], [ -158.14221264929148, 21.377215779078472 ], [ -158.142348609084905, 21.377346079299283 ], [ -158.142498374696743, 21.377466646631301 ], [ -158.142672972957172, 21.377569708983202 ], [ -158.14273484860658, 21.377627380606892 ] ] } },
{ "type": "Feature", "properties": { "objectid": 92, "island": "Oahu", "st_lengthshape": 2445.7967478095852 }, "geometry": { "type": "LineString", "coordinates": [ [ -158.146802868692532, 21.382271802021329 ], [ -158.146923932563709, 21.382415690343773 ], [ -158.147057178011266, 21.382547025641209 ], [ -158.147138288346241, 21.382732087798455 ], [ -158.147256494135718, 21.382878921969727 ], [ -158.147385427864663, 21.383014700857245 ], [ -158.147527322414703, 21.383137122950533 ], [ -158.14768609331847, 21.38324215342536 ], [ -158.147822938410968, 21.383369779697979 ], [ -158.147950530069807, 21.383506941762786 ], [ -158.148085158291735, 21.383636852238531 ], [ -158.148217132720703, 21.383769498335646 ], [ -158.1483541039415, 21.383896995640882 ], [ -158.148480076964773, 21.384035825907713 ], [ -158.148621068029627, 21.384159181213377 ], [ -158.148776475507418, 21.384267678234615 ], [ -158.148911082827766, 21.384397612363156 ], [ -158.149047093577281, 21.384526099855918 ], [ -158.149194198109029, 21.384643153427373 ], [ -158.14931944185264, 21.384782736484635 ], [ -158.149457467849885, 21.384909147811499 ], [ -158.149591633859472, 21.385039537229385 ], [ -158.149735933927388, 21.385159482527897 ], [ -158.149881010546636, 21.385278627571758 ], [ -158.150047044972837, 21.385376175097083 ], [ -158.150180303651467, 21.385507499054739 ], [ -158.150296093548377, 21.385656826923931 ], [ -158.150474359513652, 21.385741768720425 ], [ -158.150611223910857, 21.385869377553551 ], [ -158.150752549436248, 21.385992389523153 ], [ -158.150888682630978, 21.386120752432472 ], [ -158.151030522940886, 21.386243233747575 ], [ -158.151168998166071, 21.386369183431192 ], [ -158.151274540456058, 21.386529072536671 ], [ -158.151442038652647, 21.386625111955581 ], [ -158.151566546767327, 21.386765455814594 ], [ -158.151723522496582, 21.386872340062922 ], [ -158.151845342133299, 21.387015454562835 ], [ -158.1519667369692, 21.387159007714715 ], [ -158.152083651741805, 21.387307177354678 ], [ -158.152239175757217, 21.387415557143566 ], [ -158.152373843355832, 21.38754543290284 ], [ -158.152508680047731, 21.387675133240162 ], [ -158.152647061817646, 21.387801180663018 ], [ -158.152786533574357, 21.387926105072193 ], [ -158.152914439465206, 21.388062948908427 ], [ -158.153030732909912, 21.388211759845277 ], [ -158.153195366684912, 21.388310752758091 ], [ -158.153325292670587, 21.388445515908785 ], [ -158.153451824466686, 21.388583776255508 ], [ -158.153583330730783, 21.388716910138641 ], [ -158.153717923083576, 21.388846863085991 ], [ -158.153852521492723, 21.388976810539859 ], [ -158.154012277551629, 21.389080831977104 ], [ -158.154147254884577, 21.389210389921232 ], [ -158.154279586198186, 21.389342674585301 ], [ -158.154424677436424, 21.389461808705512 ], [ -158.154574803298232, 21.389575755172075 ], [ -158.154714030931501, 21.389700932491252 ], [ -158.154825053399463, 21.389855177037351 ], [ -158.154940633045214, 21.390004727558829 ], [ -158.155090095148779, 21.390119357765169 ], [ -158.155245196434009, 21.390228176340681 ], [ -158.155361063066664, 21.39037743079616 ], [ -158.155492358205038, 21.390510783529759 ], [ -158.155669344465764, 21.390597049764654 ], [ -158.155811467705433, 21.390719244041751 ], [ -158.155913998237992, 21.390882242058591 ], [ -158.156072645782473, 21.390987407025715 ], [ -158.156240872281586, 21.391082701052508 ], [ -158.156336190618589, 21.391253132271626 ], [ -158.156480464459491, 21.391373111624542 ], [ -158.156625265464328, 21.391492546921356 ], [ -158.156780861331612, 21.391600857975387 ], [ -158.156896133806327, 21.391750725489562 ], [ -158.15700910571158, 21.391902964668031 ], [ -158.157099256169374, 21.392078723349972 ], [ -158.157218970812636, 21.392224014414822 ], [ -158.157493811413758, 21.39247809951566 ], [ -158.157634606603438, 21.392601665211387 ], [ -158.1578573302547, 21.392640795534852 ], [ -158.158060585101538, 21.392699990141129 ], [ -158.158205146109452, 21.392819674081757 ], [ -158.158373798246771, 21.392914530007914 ], [ -158.158477649933332, 21.393076169860024 ], [ -158.158567710648128, 21.393252024016263 ], [ -158.158691566418696, 21.393393047076387 ], [ -158.158821106968645, 21.393528212580968 ], [ -158.159020140323122, 21.393591758494132 ], [ -158.159215100167501, 21.393659501965121 ], [ -158.159385451144061, 21.393752608214424 ], [ -158.159535783234986, 21.393866345458392 ], [ -158.159687754541835, 21.393978394105336 ], [ -158.159860296364542, 21.394069242299643 ], [ -158.159987108894171, 21.394207220170504 ], [ -158.160171041577058, 21.394286329655536 ], [ -158.16032528063792, 21.394396041032191 ], [ -158.160457601804836, 21.394528341753972 ], [ -158.160569102588084, 21.394682099920669 ], [ -158.160762975861559, 21.394750964614438 ], [ -158.160927352508111, 21.394850228992215 ], [ -158.161106416161971, 21.394934357086566 ], [ -158.161258844909241, 21.395045934142704 ], [ -158.161439377197041, 21.395128547825173 ], [ -158.161565478894232, 21.395267260020052 ], [ -158.161713856981208, 21.395383012955428 ], [ -158.161890391967574, 21.395469746701949 ], [ -158.162077655723493, 21.395545423234356 ], [ -158.16221220654424, 21.395675427256176 ], [ -158.162363611213976, 21.39578806158854 ], [ -158.16251762741561, 21.395898004802149 ], [ -158.162669238279506, 21.396010425780236 ], [ -158.162934470365315, 21.396005745631069 ], [ -158.163143795987878, 21.396058684650999 ], [ -158.163307408186625, 21.396158737987221 ], [ -158.163467450594311, 21.39626246937997 ], [ -158.163628917736617, 21.396364734201835 ], [ -158.16379235595403, 21.396464965998831 ], [ -158.163951364617162, 21.39656976418636 ], [ -158.164053179037381, 21.396682832796571 ] ] } },
{ "type": "Feature", "properties": { "objectid": 93, "island": "Oahu", "st_lengthshape": 543.40890262061714 }, "geometry": { "type": "LineString", "coordinates": [ [ -158.17676185221157, 21.403773744178714 ], [ -158.176875267292388, 21.403920036164507 ], [ -158.176961959444299, 21.404085754827197 ], [ -158.177069553150261, 21.404236278790776 ], [ -158.177157090392711, 21.404401383544268 ], [ -158.177267869573626, 21.404549591210934 ], [ -158.177405681188759, 21.404678149456824 ], [ -158.177546780777931, 21.404804316927304 ], [ -158.177667768689645, 21.40494510467996 ], [ -158.177785709337769, 21.405088107124492 ], [ -158.177920187817989, 21.405228379951954 ], [ -158.178035395250305, 21.405360781260736 ], [ -158.178089606613014, 21.405535408959185 ], [ -158.178115269539688, 21.405714610885887 ], [ -158.178116590174767, 21.405897712918598 ], [ -158.178183274750552, 21.406070342771542 ], [ -158.178232866975293, 21.406245711192316 ], [ -158.178277117477506, 21.406421935181974 ], [ -158.17832037445271, 21.406598317813906 ], [ -158.178352260298595, 21.406776522973548 ], [ -158.178357798089479, 21.406958949099629 ], [ -158.178305050884831, 21.407137873218627 ], [ -158.178210021644389, 21.407295413993289 ], [ -158.178086090511158, 21.407435732311431 ], [ -158.177994678233006, 21.407595429155144 ], [ -158.177891610637744, 21.407748180852288 ], [ -158.17775265245956, 21.407879543351065 ], [ -158.177652546988014, 21.40803406030583 ] ] } },
{ "type": "Feature", "properties": { "objectid": 94, "island": "Oahu", "st_lengthshape": 2127.6179712844164 }, "geometry": { "type": "LineString", "coordinates": [ [ -158.177517885219658, 21.409971915691287 ], [ -158.177523786400229, 21.410163004028774 ], [ -158.177479724317294, 21.410339426261803 ], [ -158.177397112760133, 21.410504535065883 ], [ -158.177265788861291, 21.41065534517627 ], [ -158.177061649260622, 21.410784783350039 ], [ -158.176961930436619, 21.410944870543442 ], [ -158.176923557779361, 21.411413273771529 ], [ -158.176917499677359, 21.411597967434684 ], [ -158.176929761207134, 21.411779536583637 ], [ -158.17695309858243, 21.411959216798472 ], [ -158.176990638841573, 21.412136475037034 ], [ -158.177017267507324, 21.41231559409653 ], [ -158.177038635946587, 21.412495609742951 ], [ -158.177069496518868, 21.412674006934193 ], [ -158.177109363500676, 21.412850868205428 ], [ -158.177152678212195, 21.413027141082125 ], [ -158.177192600423069, 21.413203992664794 ], [ -158.177229977066958, 21.41338127804417 ], [ -158.177276087841875, 21.413557074039819 ], [ -158.177306945015658, 21.413735472065877 ], [ -158.177367266709524, 21.413908844273422 ], [ -158.17742544075179, 21.414082582656913 ], [ -158.177494379952662, 21.414254484741608 ], [ -158.177570321841586, 21.414425193376307 ], [ -158.177631576037584, 21.414598406542712 ], [ -158.177681660666906, 21.414773524462358 ], [ -158.177744617722595, 21.414946446901816 ], [ -158.177767701502376, 21.415126170905676 ], [ -158.177799685590287, 21.415304376507137 ], [ -158.177862477849828, 21.415477327003394 ], [ -158.177924094938987, 21.415650478601687 ], [ -158.177996542976786, 21.41582178244786 ], [ -158.178060446271786, 21.415994544079954 ], [ -158.178105342882105, 21.416170547101768 ], [ -158.178147436993441, 21.416347028746426 ], [ -158.178175096173845, 21.416525971957007 ], [ -158.178211231788282, 21.416703469652276 ], [ -158.178276668330852, 21.416875969492569 ], [ -158.17830180230942, 21.417055342985503 ], [ -158.178252321365107, 21.417247443374574 ], [ -158.178201112552557, 21.417439837922903 ], [ -158.178186705612092, 21.417625955988569 ], [ -158.178120606531309, 21.41782089114842 ], [ -158.17807956384604, 21.41801155209037 ], [ -158.178051101986881, 21.418200066697942 ], [ -158.178032742855009, 21.418386859188931 ], [ -158.178029330758648, 21.418571101378877 ], [ -158.178012932999252, 21.41875755926494 ], [ -158.177998256184281, 21.418943722931211 ], [ -158.177988855293648, 21.419128987341967 ], [ -158.177982388369145, 21.419313751175263 ], [ -158.178010853226738, 21.419492556471742 ], [ -158.178036120481721, 21.419671908020661 ], [ -158.178083956863446, 21.419847409554407 ], [ -158.178109687823081, 21.420026682053113 ], [ -158.178134836482798, 21.420206052875852 ], [ -158.178170767081099, 21.420383585659124 ], [ -158.178186041784016, 21.420564640853684 ], [ -158.178217217036575, 21.420742985085827 ], [ -158.178270725940848, 21.420917519684615 ], [ -158.178327415272605, 21.421091511532065 ], [ -158.178367869992314, 21.42126827232229 ], [ -158.178399803726052, 21.421446486524943 ], [ -158.178404012851274, 21.421629429839136 ], [ -158.178427582054553, 21.42180907021498 ], [ -158.178494867484176, 21.421981255567452 ], [ -158.178568982130059, 21.422152275500139 ], [ -158.178641247464356, 21.422323610673185 ], [ -158.178677816523475, 21.422501034436856 ], [ -158.178700370151887, 21.422680848673068 ], [ -158.178722803106211, 21.422860683091731 ], [ -158.178752200416966, 21.423039330181471 ], [ -158.178778840460097, 21.423218447093692 ], [ -158.178794314067005, 21.423399468845108 ], [ -158.178807278573686, 21.423580918272918 ], [ -158.178795510062002, 21.423766586629117 ], [ -158.178767081532158, 21.423955095968964 ], [ -158.178738397947683, 21.42414364921996 ], [ -158.178718221040015, 21.424330750762618 ], [ -158.178705329096687, 21.424516610535779 ], [ -158.178702033313698, 21.424700833320884 ], [ -158.178698490268687, 21.424885098255032 ], [ -158.17868706431733, 21.425070707717154 ], [ -158.17872260831146, 21.425248306194753 ], [ -158.178779715931626, 21.425422226732287 ], [ -158.178811988921382, 21.425600382843427 ], [ -158.178823446882234, 21.42578208955435 ], [ -158.178817424678613, 21.425966777780292 ], [ -158.178783448033187, 21.426156232879951 ], [ -158.178748285270956, 21.426345890847667 ], [ -158.178722845254782, 21.42653388985601 ], [ -158.178748770066704, 21.42671312969226 ], [ -158.17879070139702, 21.426889639173133 ], [ -158.17886398998985, 21.427060800359175 ], [ -158.178915576827762, 21.427235662270526 ], [ -158.178904066829176, 21.427421286645608 ], [ -158.178980353707942, 21.427591935767705 ], [ -158.179151156954219, 21.427746466164294 ], [ -158.179388865921879, 21.427889585676674 ], [ -158.17949218117127, 21.428055625692998 ], [ -158.179489681974502, 21.428239712309608 ], [ -158.179560032038694, 21.428411374678799 ] ] } },
{ "type": "Feature", "properties": { "objectid": 95, "island": "Oahu", "st_lengthshape": 1006.9739855999503 }, "geometry": { "type": "LineString", "coordinates": [ [ -158.190530743669484, 21.441284969744238 ], [ -158.190441303302663, 21.441478446760645 ], [ -158.190288213851971, 21.441588648340062 ], [ -158.190120755933492, 21.441680049008699 ], [ -158.189932981848585, 21.441744870141264 ], [ -158.189756468788033, 21.44182442483444 ], [ -158.189507962359414, 21.442122480021343 ], [ -158.189398305712359, 21.442274142589884 ], [ -158.189218376009705, 21.442395542438017 ], [ -158.189123434806987, 21.442553542415876 ], [ -158.189079060630917, 21.442733320147784 ], [ -158.189013111298067, 21.443095979146523 ], [ -158.189015819700131, 21.443277088055886 ], [ -158.188965888377851, 21.443462325465426 ], [ -158.188989596634798, 21.443641787032337 ], [ -158.189077743271355, 21.443816193380233 ], [ -158.189009437881765, 21.443965499176809 ], [ -158.189027346279943, 21.444458375773774 ], [ -158.189131264877545, 21.444611434982274 ], [ -158.189238700985442, 21.444762780155987 ], [ -158.189334060437488, 21.444920011479358 ], [ -158.189430936357184, 21.445076502941063 ], [ -158.189529839650845, 21.445232005853235 ], [ -158.18962989461491, 21.44538694872552 ], [ -158.189729965271397, 21.445541883485721 ], [ -158.189838968269072, 21.445692466137682 ], [ -158.189948488201651, 21.445842796450695 ], [ -158.190065266514068, 21.445989589575561 ], [ -158.190186231001206, 21.446134343912963 ], [ -158.190309614797428, 21.446277918219245 ], [ -158.190416435957388, 21.446429564160287 ], [ -158.190470850462333, 21.446518113449738 ], [ -158.190753873707962, 21.446898661233341 ], [ -158.190908701932898, 21.447006946591291 ], [ -158.191069923814609, 21.447106287834458 ], [ -158.191233403151529, 21.44720247324112 ], [ -158.191399212891071, 21.447295398356804 ], [ -158.191566362013702, 21.447386450605023 ], [ -158.191728181900061, 21.44748495662229 ], [ -158.191883429668167, 21.4475926558897 ], [ -158.192035057936209, 21.447705415840858 ], [ -158.19218584421904, 21.447819356019235 ], [ -158.192293187417135, 21.447846079589709 ], [ -158.192504645089315, 21.447951912900223 ], [ -158.192609221873425, 21.448103784283386 ], [ -158.192725763898721, 21.448248551665344 ] ] } },
{ "type": "Feature", "properties": { "objectid": 96, "island": "Oahu", "st_lengthshape": 61.888095564132946 }, "geometry": { "type": "LineString", "coordinates": [ [ -158.193389721831181, 21.448822100593969 ], [ -158.193566829793241, 21.448897446336172 ], [ -158.19375139926629, 21.448961449781301 ], [ -158.19395330982772, 21.448999098864974 ] ] } },
{ "type": "Feature", "properties": { "objectid": 97, "island": "Oahu", "st_lengthshape": 510.39786531917548 }, "geometry": { "type": "LineString", "coordinates": [ [ -158.205431025763971, 21.459138589658792 ], [ -158.20557793298417, 21.459268613738587 ], [ -158.205743074049337, 21.459363777849344 ], [ -158.205905930420045, 21.459463308180254 ], [ -158.206054807344429, 21.459589567487654 ], [ -158.206195679019174, 21.459731132002851 ], [ -158.206342817665075, 21.459860715648706 ], [ -158.206501077861532, 21.459969035882398 ], [ -158.206644562913084, 21.460105605500356 ], [ -158.206812182667392, 21.460196030897936 ], [ -158.206985489047099, 21.460275585653605 ], [ -158.207166945407948, 21.460339556370968 ], [ -158.207344844403394, 21.460410327486819 ], [ -158.207520367977878, 21.460485642368599 ], [ -158.207691442883373, 21.460569462778999 ], [ -158.207876044957032, 21.460627418003266 ], [ -158.208062819904967, 21.460681221110708 ], [ -158.208251027568508, 21.460732282492952 ], [ -158.20844482612398, 21.460772656988038 ], [ -158.208634593368089, 21.460820738511881 ], [ -158.20881699224563, 21.460882905929353 ], [ -158.208999966630159, 21.460943975468179 ], [ -158.209189776231369, 21.460991976164671 ], [ -158.20939628301366, 21.461008050772293 ], [ -158.209588568830668, 21.46105131508336 ], [ -158.209774834370023, 21.461102089141708 ] ] } },
{ "type": "Feature", "properties": { "objectid": 98, "island": "Oahu", "st_lengthshape": 340.40470776237385 }, "geometry": { "type": "LineString", "coordinates": [ [ -158.212738937588796, 21.461406412204827 ], [ -158.212688072057205, 21.461611336052794 ], [ -158.212676684788534, 21.461804443326962 ], [ -158.212622277086382, 21.46201042557588 ], [ -158.212649163703929, 21.46219207832948 ], [ -158.212675459737824, 21.462373907180435 ], [ -158.212719651176428, 21.462550379661426 ], [ -158.212764692430426, 21.462726598645407 ], [ -158.21281511826075, 21.462901204997426 ], [ -158.212867295848639, 21.463075287443704 ], [ -158.212953809523782, 21.463239093852579 ], [ -158.213171885572962, 21.463363524206454 ], [ -158.213201711821824, 21.463544296276712 ], [ -158.213288686283221, 21.463707964652563 ], [ -158.213439415530871, 21.463852551039324 ], [ -158.213571407586954, 21.464002745466804 ], [ -158.213667434882382, 21.464163704302546 ] ] } },
{ "type": "Feature", "properties": { "objectid": 99, "island": "Oahu", "st_lengthshape": 18.731711610248752 }, "geometry": { "type": "LineString", "coordinates": [ [ -158.217386112984343, 21.468375108810328 ], [ -158.217336449474828, 21.468537828523672 ] ] } },
{ "type": "Feature", "properties": { "objectid": 100, "island": "Oahu", "st_lengthshape": 812.39209281449962 }, "geometry": { "type": "LineString", "coordinates": [ [ -158.219497657420817, 21.475213491073159 ], [ -158.219573340864855, 21.47540197112755 ], [ -158.219644609305249, 21.475594849326459 ], [ -158.219755978576046, 21.475747778779592 ], [ -158.219718351083856, 21.476049138473126 ], [ -158.219767167452687, 21.476264383395332 ], [ -158.219856303104962, 21.476439462856479 ], [ -158.21995985584914, 21.476600181408333 ], [ -158.220072902023418, 21.476751441677155 ], [ -158.220186290974254, 21.47690236015989 ], [ -158.220282093993376, 21.477070798509192 ], [ -158.220417996169715, 21.477199290646134 ], [ -158.220566182597139, 21.477315545772313 ], [ -158.220698428864495, 21.477447680529664 ], [ -158.220834390951268, 21.477576112992111 ], [ -158.220957001844369, 21.477717846093753 ], [ -158.22107863870994, 21.477860550299276 ], [ -158.221207660397198, 21.47799589677664 ], [ -158.221361500713869, 21.478106520144575 ], [ -158.221531303982403, 21.478201241060528 ], [ -158.221707624525067, 21.47828947012863 ], [ -158.221891729652981, 21.478369942972972 ], [ -158.222079799938001, 21.478446467011398 ], [ -158.222304806786383, 21.478486193408653 ], [ -158.222539337003099, 21.478516434180648 ], [ -158.222789247731498, 21.478531351304312 ], [ -158.223163873338962, 21.478422025747342 ], [ -158.223537472733142, 21.47831372179407 ], [ -158.223743875035154, 21.478371981810938 ], [ -158.223953684460071, 21.478426846859662 ], [ -158.224310739987345, 21.478558756566034 ], [ -158.224509234317281, 21.478560585444033 ], [ -158.224698258858126, 21.478523723172405 ], [ -158.224882368403001, 21.478466779437991 ], [ -158.225070235351353, 21.478425186314492 ], [ -158.225259995620519, 21.478391328982998 ] ] } },
{ "type": "Feature", "properties": { "objectid": 101, "island": "Oahu", "st_lengthshape": 1021.6057195871094 }, "geometry": { "type": "LineString", "coordinates": [ [ -158.229609853967816, 21.489201839903075 ], [ -158.229612834906732, 21.489382672400481 ], [ -158.229608996806292, 21.489563330711288 ], [ -158.229587892469141, 21.489743545322998 ], [ -158.229538768672626, 21.489923040784408 ], [ -158.229575865076129, 21.490104748805074 ], [ -158.229526226682339, 21.490284231037727 ], [ -158.229499092556949, 21.490464291331534 ], [ -158.229467006922988, 21.490644223982166 ], [ -158.229437034978076, 21.490824210637292 ], [ -158.229443227835645, 21.49100512566946 ], [ -158.229487877972531, 21.491187027532209 ], [ -158.229532652723094, 21.49136893266688 ], [ -158.229568420345998, 21.491550606533298 ], [ -158.229602176569983, 21.491732229557769 ], [ -158.229637994544362, 21.491913904541576 ], [ -158.229668800306655, 21.492095450704284 ], [ -158.229643388832528, 21.492275555059297 ], [ -158.229608629284087, 21.492455419351025 ], [ -158.229608673027627, 21.492636176803504 ], [ -158.229619582102657, 21.492817212019791 ], [ -158.229636697478156, 21.492998407751617 ], [ -158.229634270299982, 21.493179101400486 ], [ -158.229629227388216, 21.493359727874168 ], [ -158.229618776370899, 21.493540216475992 ], [ -158.229618735147682, 21.493720970803629 ], [ -158.229578955087391, 21.493900706195934 ], [ -158.229570776062957, 21.494081253140326 ], [ -158.229585392530794, 21.494262384025845 ], [ -158.229662837934484, 21.49444512726274 ], [ -158.229694703962195, 21.494626700855914 ], [ -158.229696046908543, 21.494807491358699 ], [ -158.22970719456481, 21.494988533954114 ], [ -158.229733732714891, 21.495169970939639 ], [ -158.229767063202985, 21.495351581979055 ], [ -158.229764939128387, 21.495532283304545 ], [ -158.229765714577695, 21.495713059428677 ], [ -158.229765419584652, 21.495893808027539 ], [ -158.229703444560386, 21.496072973978606 ], [ -158.229516475061132, 21.496248931720945 ], [ -158.229429068637273, 21.496427445416391 ], [ -158.229371811014119, 21.496606731452449 ], [ -158.22932219305747, 21.496786214422993 ], [ -158.229284896185305, 21.496966013506025 ], [ -158.229306198648317, 21.497147316137141 ], [ -158.229325671069887, 21.49732857147206 ], [ -158.22933361473045, 21.497509531492096 ], [ -158.229339428122557, 21.497690436508357 ], [ -158.229345198085554, 21.49787134041712 ], [ -158.229385113462854, 21.498053120987976 ], [ -158.229396259878484, 21.498234163525922 ] ] } },
{ "type": "Feature", "properties": { "objectid": 102, "island": "Oahu", "st_lengthshape": 119.7741693624918 }, "geometry": { "type": "LineString", "coordinates": [ [ -158.228889738658268, 21.511099980822074 ], [ -158.228790413160425, 21.511255593044897 ], [ -158.228717168448981, 21.511423271092912 ], [ -158.228655580085388, 21.511596342339605 ], [ -158.228600096737409, 21.511772237036027 ], [ -158.228543593308302, 21.511947660813679 ], [ -158.228496669542238, 21.512112567503937 ] ] } },
{ "type": "Feature", "properties": { "objectid": 103, "island": "Oahu", "st_lengthshape": 134.12473283961413 }, "geometry": { "type": "LineString", "coordinates": [ [ -158.228783445786661, 21.516974248402327 ], [ -158.228759204598077, 21.51715878155704 ], [ -158.228709693974622, 21.517334411001851 ], [ -158.22861569558637, 21.517494362381623 ], [ -158.228512021357204, 21.517650903633914 ], [ -158.228454227171966, 21.517823613597471 ], [ -158.228417334760024, 21.518003689301 ], [ -158.228398816101048, 21.518115491352415 ] ] } },
{ "type": "Feature", "properties": { "objectid": 104, "island": "Oahu", "st_lengthshape": 1015.0513188148044 }, "geometry": { "type": "LineString", "coordinates": [ [ -158.228886104449344, 21.527288210490365 ], [ -158.228911116786975, 21.527467419313826 ], [ -158.228916369370438, 21.527649455864154 ], [ -158.228911968646457, 21.527832872540522 ], [ -158.228875694512226, 21.528020850691124 ], [ -158.228876891488994, 21.528203466570599 ], [ -158.228898939318185, 21.528383099852565 ], [ -158.228895712572495, 21.528566349378199 ], [ -158.228863274440016, 21.528753776963189 ], [ -158.228824274994963, 21.528942144514183 ], [ -158.228842714649659, 21.529122294147232 ], [ -158.228862313913908, 21.529302277479687 ], [ -158.228834814342832, 21.52948899968273 ], [ -158.228830866581433, 21.529672351551657 ], [ -158.228847340829446, 21.529852782094181 ], [ -158.228895659948051, 21.530028656456892 ], [ -158.228944285492673, 21.530204487952048 ], [ -158.229007600109838, 21.530378216324451 ], [ -158.229044475492742, 21.530555728112343 ], [ -158.229071113790638, 21.530734704961414 ], [ -158.229101703427773, 21.530913115530279 ], [ -158.229130465815871, 21.531091788683625 ], [ -158.229158317031164, 21.531270591330571 ], [ -158.229189266333378, 21.531448951139389 ], [ -158.229211774875637, 21.53162851779997 ], [ -158.229233523930901, 21.531808193877428 ], [ -158.229259948113707, 21.531987201313083 ], [ -158.229291243609794, 21.532165511197725 ], [ -158.229323228163793, 21.532343723071502 ], [ -158.229361414693415, 21.532521046585909 ], [ -158.229373523919008, 21.532702101939467 ], [ -158.229386390771481, 21.53288304876104 ], [ -158.229432064636569, 21.533059301921533 ], [ -158.229480265567048, 21.533235193616157 ], [ -158.229540315808123, 21.533409389137841 ], [ -158.229612623186512, 21.533581831634066 ], [ -158.229681451915411, 21.533754772099066 ], [ -158.229766034042399, 21.53392545889216 ], [ -158.22984934562939, 21.534096326792156 ], [ -158.229932011888508, 21.534267287438642 ], [ -158.229994533986627, 21.534441130120729 ], [ -158.230044924766048, 21.534616708325629 ], [ -158.230096073273984, 21.534792177984244 ], [ -158.23013897511359, 21.534968827416566 ], [ -158.230203168543881, 21.535142431091796 ], [ -158.230273358306704, 21.535315176128684 ], [ -158.230352805841221, 21.535486596933552 ], [ -158.230465584862628, 21.535653249483214 ], [ -158.230533448190812, 21.535826327895691 ], [ -158.230592598087384, 21.536000652601093 ], [ -158.230657609045011, 21.536174138814129 ] ] } },
{ "type": "Feature", "properties": { "objectid": 105, "island": "Oahu", "st_lengthshape": 63.485115470250868 }, "geometry": { "type": "LineString", "coordinates": [ [ -158.231312326021055, 21.537355081933388 ], [ -158.231480047471877, 21.537465361628104 ], [ -158.231651520213887, 21.53757315769592 ], [ -158.231809886363266, 21.537689636797605 ] ] } },
{ "type": "Feature", "properties": { "objectid": 106, "island": "Oahu", "st_lengthshape": 1083.0745701339417 }, "geometry": { "type": "LineString", "coordinates": [ [ -158.240159945262462, 21.545902767034747 ], [ -158.240183495045187, 21.546123415017437 ], [ -158.240207450273459, 21.546343731467989 ], [ -158.240247327068573, 21.54655104214325 ], [ -158.240323366619265, 21.54672880587216 ], [ -158.240378197341357, 21.546923897749977 ], [ -158.240449012803396, 21.547105929904546 ], [ -158.240488571049269, 21.547313500162556 ], [ -158.240589175916739, 21.547471195349694 ], [ -158.24073261714102, 21.54759389263354 ], [ -158.240851514308815, 21.547736643010957 ], [ -158.240915633117027, 21.547924147385988 ], [ -158.241042764538577, 21.548060171004863 ], [ -158.241156332226524, 21.548207275023607 ], [ -158.241239201266637, 21.548379460826496 ], [ -158.241423591914668, 21.548468703095121 ], [ -158.241458328908351, 21.548680213720829 ], [ -158.241571884876066, 21.548827328256106 ], [ -158.241701482021938, 21.548961337078659 ], [ -158.241802159126422, 21.54911897497513 ], [ -158.241946947164138, 21.549240572463468 ], [ -158.242084114523465, 21.549368397889562 ], [ -158.242243610491954, 21.549477979274496 ], [ -158.24240254128847, 21.549588023218952 ], [ -158.242623149498058, 21.549647676420371 ], [ -158.24279776870145, 21.54974490267395 ], [ -158.24293735895202, 21.549870748128303 ], [ -158.243078341143558, 21.54999545692743 ], [ -158.24321532595286, 21.550123430597015 ], [ -158.243345660894136, 21.550256837128863 ], [ -158.243414093856813, 21.5504408195605 ], [ -158.243544279899652, 21.550574349040261 ], [ -158.243727044487343, 21.550664921276923 ], [ -158.243868395689532, 21.550789328450612 ], [ -158.2439871559327, 21.5509321935054 ], [ -158.244110139049525, 21.551071607481116 ], [ -158.244249031481644, 21.551198024209263 ], [ -158.244448592802485, 21.551274873456297 ], [ -158.244625115093669, 21.551370545321397 ], [ -158.244780309144545, 21.551483643669158 ], [ -158.244919384889812, 21.551609909811159 ], [ -158.245050123249939, 21.551742988933636 ], [ -158.245203692596931, 21.55185741483912 ], [ -158.245304848734349, 21.552014662588384 ], [ -158.245446279209318, 21.552139006490592 ], [ -158.245572952028823, 21.552275406864929 ], [ -158.245693800282197, 21.552416566357575 ], [ -158.245794282317576, 21.552574366392523 ], [ -158.245913246644335, 21.552717065719548 ], [ -158.246038029223428, 21.552855011134792 ], [ -158.246152421253015, 21.553001447059728 ], [ -158.246250367098696, 21.553161318713762 ], [ -158.246348795248309, 21.553302271579266 ] ] } },
{ "type": "Feature", "properties": { "objectid": 107, "island": "Kauai", "st_lengthshape": 5535.2129404559937 }, "geometry": { "type": "LineString", "coordinates": [ [ -159.583518952087644, 22.220263367664646 ], [ -159.583335119718157, 22.220377406959248 ], [ -159.583102251186034, 22.22046738810911 ], [ -159.583031854281415, 22.220637081839655 ], [ -159.583049413945503, 22.220849929227953 ], [ -159.58302335690405, 22.22104137780526 ], [ -159.582962726799991, 22.221215864267293 ], [ -159.582876057886267, 22.221377575071664 ], [ -159.582774884815137, 22.221532169311502 ], [ -159.58266497880976, 22.22168247922701 ], [ -159.582583818031054, 22.22184689299651 ], [ -159.582523613872837, 22.222021588260596 ], [ -159.582488448875125, 22.222208567714436 ], [ -159.582347184074621, 22.222343492779519 ], [ -159.582229157733963, 22.222489819475776 ], [ -159.582125083923273, 22.222642990907612 ], [ -159.581993630304623, 22.222782729110001 ], [ -159.5818347874891, 22.222911943898705 ], [ -159.581670261708013, 22.223008760391668 ], [ -159.581489167308149, 22.223076444416453 ], [ -159.58130129761085, 22.223132215842412 ], [ -159.581117853281398, 22.223195769385285 ], [ -159.580936352756851, 22.223262739664371 ], [ -159.580793093554547, 22.223313109698513 ], [ -159.580600708015595, 22.223350141886634 ], [ -159.580406941181792, 22.223360180704251 ], [ -159.580212562463146, 22.223358287575575 ], [ -159.58001792625214, 22.223351350553536 ], [ -159.579822739358491, 22.22333366029758 ], [ -159.579626574487975, 22.223296852853618 ], [ -159.579428746016617, 22.223227535962714 ], [ -159.579228779397738, 22.22311644243187 ], [ -159.579027036706464, 22.222970656317816 ], [ -159.57883094003725, 22.222935166619887 ], [ -159.578643826549381, 22.223075210396427 ], [ -159.578470112086677, 22.223477075493001 ], [ -159.578275272207549, 22.223466167576344 ], [ -159.578081938513407, 22.223484680490596 ], [ -159.577889772419837, 22.223526024246347 ], [ -159.577697321399569, 22.223561793912999 ], [ -159.577504569689211, 22.223591688713284 ], [ -159.577310763154316, 22.223600952490656 ], [ -159.577116737360143, 22.22360596180544 ], [ -159.576922902324583, 22.223614675955911 ], [ -159.576729366840368, 22.223629263618761 ], [ -159.576535658333341, 22.223640463014814 ], [ -159.576341831609426, 22.22364933544317 ], [ -159.576148283335073, 22.223663672220283 ], [ -159.575954768779781, 22.223678673550243 ], [ -159.575763535097082, 22.22364299130053 ], [ -159.575719533032981, 22.223619366832157 ], [ -159.575527113429843, 22.223586211692474 ], [ -159.575335602068463, 22.223550431446899 ], [ -159.575179373432491, 22.2234128197384 ], [ -159.575001780421474, 22.223336870824763 ], [ -159.574809372581569, 22.223317659656949 ], [ -159.574505884864351, 22.223245231903064 ], [ -159.574309887205914, 22.223198395116313 ], [ -159.574114488250615, 22.22316703030846 ], [ -159.57391945062335, 22.223145038566649 ], [ -159.573728091924522, 22.2231379622947 ], [ -159.573476520583426, 22.223172993197387 ], [ -159.573290808503657, 22.223227638450719 ], [ -159.573107817570815, 22.223286731282755 ], [ -159.573021092415871, 22.223324504343207 ], [ -159.57278830654576, 22.223362223395981 ], [ -159.572545059601651, 22.223420912507887 ], [ -159.57235321839363, 22.22337655211388 ], [ -159.572177151088226, 22.223300573039701 ], [ -159.572049540106519, 22.223127458802573 ], [ -159.571898609925654, 22.223001089733916 ], [ -159.571735500980225, 22.222899132524965 ], [ -159.571562074638877, 22.222817860401694 ], [ -159.571383676372704, 22.222746552885688 ], [ -159.5711910866587, 22.222703695174147 ], [ -159.570995216945107, 22.222667411943696 ], [ -159.570804487915893, 22.222620825232386 ], [ -159.570630765980212, 22.222540143958618 ], [ -159.570482758804502, 22.222407918284393 ], [ -159.570355418272584, 22.222234265984106 ], [ -159.570192696300552, 22.222131536130128 ], [ -159.569974743426172, 22.222139521562802 ], [ -159.569818728433432, 22.222023347822841 ], [ -159.569641888367528, 22.221948920686152 ], [ -159.569498877082339, 22.221806682273176 ], [ -159.569317793828162, 22.221740760684614 ], [ -159.569140492373691, 22.221667258782315 ], [ -159.568944329085582, 22.221631564894036 ], [ -159.568744515136615, 22.221603188422836 ], [ -159.568537914675801, 22.221588416235075 ], [ -159.56836581227347, 22.221504492655217 ], [ -159.568275364977893, 22.221256892927208 ], [ -159.568084864873072, 22.221209848663612 ], [ -159.567941128467879, 22.221161420460344 ], [ -159.567775398101674, 22.221063361976263 ], [ -159.567645678950328, 22.220927037931016 ], [ -159.567523066017401, 22.220783162760739 ], [ -159.567397008908188, 22.220647014541878 ], [ -159.567181063104329, 22.220404627083386 ], [ -159.56705254355677, 22.22023599364913 ], [ -159.566858090179409, 22.220109937619142 ], [ -159.566641101887228, 22.220174737272245 ], [ -159.566320853968307, 22.220258962327215 ], [ -159.566126524779406, 22.220225349977778 ], [ -159.565825025270584, 22.220168398536714 ], [ -159.565587026291269, 22.220027039710743 ], [ -159.565157114150765, 22.220189385782657 ], [ -159.565009885430982, 22.220315033451531 ], [ -159.564856808809083, 22.220430790079675 ], [ -159.564703114548223, 22.220545503475265 ], [ -159.564549087892487, 22.22065965415953 ], [ -159.564393858800685, 22.220765797512627 ], [ -159.564139245192393, 22.220870667331518 ], [ -159.563978395259426, 22.220972566633868 ], [ -159.563798991961335, 22.221048360350935 ], [ -159.563586720859377, 22.221169431442128 ], [ -159.563441590230099, 22.221290189376674 ], [ -159.563308566921933, 22.22142175330719 ], [ -159.563177656402246, 22.221555204250063 ], [ -159.563025552016683, 22.221669737134359 ], [ -159.562856084498492, 22.221768772476679 ], [ -159.562703446976315, 22.221882829010568 ], [ -159.562564538071143, 22.22200914135497 ], [ -159.562432475330695, 22.222141564010364 ], [ -159.562306855629458, 22.222279737929295 ], [ -159.562182235722219, 22.222418804472401 ], [ -159.562051977570718, 22.222552838580985 ], [ -159.56192032476531, 22.222685628000558 ], [ -159.561783663723475, 22.222813946512478 ], [ -159.561647542863085, 22.222942747270125 ], [ -159.561508570622834, 22.223069003842319 ], [ -159.561380176932431, 22.223204702281063 ], [ -159.56121679816647, 22.223309173289081 ], [ -159.560956107715526, 22.223326781608662 ], [ -159.560671160221318, 22.223322736372804 ], [ -159.560587040719554, 22.223497956283321 ], [ -159.560645223471226, 22.223800198184751 ], [ -159.560592049411468, 22.224003040441772 ], [ -159.560464887734668, 22.224139839690377 ], [ -159.560318504971718, 22.224259482604452 ], [ -159.560168486951255, 22.224375880242111 ], [ -159.560021141623224, 22.224494663460057 ], [ -159.559877947138091, 22.224617151564509 ], [ -159.559740066155484, 22.224744383090773 ], [ -159.559604610534279, 22.224873779742769 ], [ -159.55947262997671, 22.225006278356986 ], [ -159.559339882830926, 22.225138092917174 ], [ -159.559260945850923, 22.225317940523489 ], [ -159.559142070272515, 22.225462138036665 ], [ -159.559030939664865, 22.225613247873802 ], [ -159.558914666444537, 22.225759768862769 ], [ -159.558776554230974, 22.22588595514851 ], [ -159.558614894241884, 22.225959210610739 ], [ -159.55848723611706, 22.22598211467832 ], [ -159.558291831958087, 22.225977072264371 ], [ -159.558099659651816, 22.22595186094199 ], [ -159.55790777432469, 22.225924857866353 ], [ -159.557713745216006, 22.225911237668132 ], [ -159.557518532456783, 22.225905003887668 ], [ -159.557322649266979, 22.225902954013012 ], [ -159.557128277425818, 22.225891471736077 ], [ -159.556937370543579, 22.225858358975231 ], [ -159.556755811001608, 22.225784519390981 ], [ -159.556679412120303, 22.225728524233006 ], [ -159.556539890857039, 22.225601439530394 ], [ -159.556382405952974, 22.225495590959053 ], [ -159.556233700417124, 22.225379363751742 ], [ -159.556097721497139, 22.225248092826366 ], [ -159.555962799419802, 22.225115573282263 ], [ -159.55580842343582, 22.22500604931215 ], [ -159.555648715494954, 22.224902829267453 ], [ -159.555477413312701, 22.224813315303766 ], [ -159.555303147747935, 22.224738510514506 ], [ -159.555045316011871, 22.224562061670273 ], [ -159.554872446369501, 22.22447889698854 ], [ -159.554590336501803, 22.224420055514944 ], [ -159.554393717857351, 22.22442860329107 ], [ -159.554197780238042, 22.22443194130333 ], [ -159.55400633429025, 22.224400989630798 ], [ -159.553817173816611, 22.224352581652234 ], [ -159.553628037037129, 22.224303998110642 ], [ -159.553437332755777, 22.22426737800706 ], [ -159.553246025656421, 22.2242353661733 ], [ -159.553052544293138, 22.224219955187216 ], [ -159.552858696747023, 22.224222259116388 ], [ -159.552629469689037, 22.224250179701496 ], [ -159.552441457488101, 22.224292869765595 ], [ -159.552260565463087, 22.224348260763051 ], [ -159.552081727242211, 22.224413274855568 ], [ -159.55193525419179, 22.22449169113991 ], [ -159.551765368889676, 22.224580592080052 ], [ -159.55159733291913, 22.224660105650592 ], [ -159.551247095550167, 22.22481481142411 ], [ -159.551052171243782, 22.22478761356405 ], [ -159.550881363210038, 22.224693682625016 ], [ -159.550702252033346, 22.224622729630674 ], [ -159.550514074472119, 22.224576861161307 ], [ -159.550332210528268, 22.224513525519228 ], [ -159.550152525805288, 22.224444161126939 ], [ -159.549974759213484, 22.224369488885205 ], [ -159.549784206351887, 22.224330194419604 ], [ -159.54957650412868, 22.224338351037769 ], [ -159.549373074622224, 22.224334685497602 ], [ -159.549178770461623, 22.224305772235965 ], [ -159.548996213381145, 22.224244354441193 ], [ -159.548806570978201, 22.224202540678341 ], [ -159.548611618167371, 22.224175423078616 ], [ -159.548424356677799, 22.224127020455818 ], [ -159.548237754828023, 22.224076796843377 ], [ -159.548059477994599, 22.224003536217463 ], [ -159.547887496876456, 22.223912857372611 ], [ -159.547719879093506, 22.22381010865092 ], [ -159.54753933441711, 22.223743123786225 ], [ -159.547354249176351, 22.223688702252883 ], [ -159.547166920587671, 22.223640489908544 ], [ -159.546979311806552, 22.223593053407356 ], [ -159.546794418005675, 22.223538102998457 ], [ -159.546608403062947, 22.223486253910448 ], [ -159.54642677547119, 22.223422268920256 ], [ -159.546250904222831, 22.223342356381711 ], [ -159.546080030672954, 22.223252298828335 ], [ -159.545965576837119, 22.223102088427019 ], [ -159.545907841732827, 22.222917095451262 ], [ -159.545827416952051, 22.222747735162027 ], [ -159.545726656974495, 22.222592384344455 ], [ -159.545601232327556, 22.222454028770699 ], [ -159.545467449848076, 22.222321431397177 ], [ -159.545323264776385, 22.222196000234355 ], [ -159.545150834556694, 22.222090029821771 ], [ -159.544968279487335, 22.221991036687214 ], [ -159.544829314036605, 22.221862010110527 ], [ -159.54473710838522, 22.22170076690503 ], [ -159.544627102013578, 22.22155178819818 ], [ -159.544563022163402, 22.22137116759912 ], [ -159.544586110722264, 22.221151972640417 ], [ -159.544451278266678, 22.221008965264268 ], [ -159.544440372067982, 22.22082839161413 ], [ -159.54448376191371, 22.220649453024659 ], [ -159.54455291850968, 22.220482659366073 ], [ -159.544603613298278, 22.220303975445869 ], [ -159.544605587359598, 22.220123414695223 ], [ -159.544566938462452, 22.219780549880941 ], [ -159.544476375138544, 22.219620284768713 ], [ -159.54435703437963, 22.21947194593632 ], [ -159.544238854712546, 22.219328238488213 ], [ -159.544123935220597, 22.219182479258251 ], [ -159.544003759229099, 22.219040027708306 ], [ -159.543880870428978, 22.218899285335208 ], [ -159.54376336152805, 22.21875515609441 ], [ -159.543649040181776, 22.218611029664132 ], [ -159.543564630538384, 22.218493684906864 ], [ -159.543447311033731, 22.218346662992577 ], [ -159.543301648305203, 22.21822701569241 ], [ -159.543137887023875, 22.218124849896515 ], [ -159.542968789035996, 22.218027838489494 ], [ -159.542798052782672, 22.217932408805403 ], [ -159.542642142308949, 22.217824383934747 ], [ -159.542565692665534, 22.217742533912087 ], [ -159.542471340467245, 22.217580813992186 ], [ -159.542404188769893, 22.217411085019144 ], [ -159.542368282734742, 22.217232156410859 ], [ -159.542353397701106, 22.217047038980549 ], [ -159.542350407271186, 22.216860736387844 ] ] } },
{ "type": "Feature", "properties": { "objectid": 108, "island": "Kauai", "st_lengthshape": 414.84549358773427 }, "geometry": { "type": "LineString", "coordinates": [ [ -159.542254807496448, 22.215035406831216 ], [ -159.542128885538858, 22.214874544341082 ], [ -159.541984820669796, 22.214744032397636 ], [ -159.541832054653128, 22.214628077831673 ], [ -159.541680485256904, 22.214510120804036 ], [ -159.541517267596504, 22.214411649062491 ], [ -159.541327137933166, 22.214358197468691 ], [ -159.541158554811574, 22.214268700456188 ], [ -159.541023186185981, 22.214123644619878 ], [ -159.540903759299994, 22.213951920492484 ], [ -159.540764241983993, 22.213813804613597 ], [ -159.540589655775335, 22.213734351107913 ], [ -159.540420612084375, 22.213645627244254 ], [ -159.540274169802615, 22.213519095688966 ], [ -159.540120970751985, 22.213403868131703 ], [ -159.539925059586295, 22.213360087826775 ], [ -159.53975538047564, 22.213272427765073 ], [ -159.539592566616875, 22.213173284173521 ], [ -159.539385949094623, 22.213147413464689 ], [ -159.539166794998948, 22.213142513193272 ], [ -159.538982976765254, 22.213079790652976 ] ] } },
{ "type": "Feature", "properties": { "objectid": 109, "island": "Kauai", "st_lengthshape": 1389.4293607765135 }, "geometry": { "type": "LineString", "coordinates": [ [ -159.531444139676751, 22.215660896063067 ], [ -159.531266666214719, 22.215586429651371 ], [ -159.531084749999707, 22.215523506795702 ], [ -159.53090269173623, 22.215460952786163 ], [ -159.530714565843738, 22.215414156576777 ], [ -159.530526107637314, 22.215368229403211 ], [ -159.5303368510599, 22.215324371601735 ], [ -159.530145871785237, 22.215284991948703 ], [ -159.529955085747986, 22.215245110953862 ], [ -159.529764511194401, 22.215204677967815 ], [ -159.529569394720141, 22.215176044457216 ], [ -159.529371171814233, 22.215155479190702 ], [ -159.529168470317529, 22.215146547842689 ], [ -159.528963172543342, 22.215144360470234 ], [ -159.52875951788269, 22.215137905233917 ], [ -159.528569011054969, 22.215097298068805 ], [ -159.528386565238549, 22.215035752479643 ], [ -159.528208401300077, 22.214963080899313 ], [ -159.528029673510474, 22.214891878080056 ], [ -159.527848043978054, 22.214828210743207 ], [ -159.527652072198038, 22.214801798262258 ], [ -159.527438809968714, 22.214820299277203 ], [ -159.527219669794874, 22.214854067636935 ], [ -159.526992707668398, 22.214908151520007 ], [ -159.526767133892321, 22.214958629620753 ], [ -159.526551061536594, 22.214984424539203 ], [ -159.526335205310176, 22.215009659264929 ], [ -159.526122830450618, 22.215025851105128 ], [ -159.525915294806282, 22.215029475113198 ], [ -159.525714822982792, 22.215014747744902 ], [ -159.525521006678304, 22.214982735458751 ], [ -159.525340501438677, 22.214916147290097 ], [ -159.525168577619979, 22.214827272212943 ], [ -159.525013215949173, 22.214695378447612 ], [ -159.524875025765482, 22.214518883112596 ], [ -159.524700637881949, 22.21443641068069 ], [ -159.524511988661772, 22.214390976682733 ], [ -159.524339353927786, 22.214303951364556 ], [ -159.524176643219562, 22.214191146828291 ], [ -159.523994656841722, 22.21412840950984 ], [ -159.523822426340985, 22.214040334377756 ], [ -159.523646434815845, 22.213962025234309 ], [ -159.523437037270185, 22.213970483463818 ], [ -159.523044014086537, 22.214455868738998 ], [ -159.522748034719172, 22.21468920009583 ], [ -159.522569182085505, 22.214618322274163 ], [ -159.522357573185161, 22.214632520149376 ], [ -159.522345906939819, 22.214127422593361 ], [ -159.522180417836211, 22.214021837741353 ], [ -159.521985366797338, 22.213993031355294 ], [ -159.52177758642631, 22.213997287750274 ], [ -159.521322944077383, 22.2140064037382 ], [ -159.521134128684594, 22.21404190701119 ], [ -159.520834928773581, 22.214120438454717 ], [ -159.520668034830692, 22.214207304667749 ], [ -159.520233762415302, 22.214668987020485 ], [ -159.520644310936518, 22.215031708040467 ] ] } },
{ "type": "Feature", "properties": { "objectid": 110, "island": "Kauai", "st_lengthshape": 1496.1075601533867 }, "geometry": { "type": "LineString", "coordinates": [ [ -159.517685427215639, 22.213044054487458 ], [ -159.51777668519469, 22.212874735900659 ], [ -159.517851490577812, 22.212702947298226 ], [ -159.517891528186055, 22.212525940094611 ], [ -159.517879379911221, 22.2123411001675 ], [ -159.517891049091332, 22.212159836023822 ], [ -159.517990709095727, 22.211991777932727 ], [ -159.518043914708329, 22.211839249043699 ], [ -159.518070200001972, 22.211659325993555 ], [ -159.517988486999911, 22.211342234584077 ], [ -159.517911932891877, 22.211175547564761 ], [ -159.517821686848379, 22.211015594693166 ], [ -159.517732700982521, 22.210855022536766 ], [ -159.517629514777582, 22.210701433649419 ], [ -159.517515757083544, 22.21055304307874 ], [ -159.517402708547706, 22.210404305066412 ], [ -159.517294639096605, 22.210253117367209 ], [ -159.517190540560705, 22.210099977358055 ], [ -159.517089155870565, 22.209945502453277 ], [ -159.517036508999354, 22.209767058867545 ], [ -159.51702207658991, 22.209713379085478 ], [ -159.517052771826968, 22.209523497425547 ], [ -159.517067148627376, 22.209336632574576 ], [ -159.517067729796139, 22.209152316688314 ], [ -159.517057971799005, 22.208969911822678 ], [ -159.517035694185495, 22.208789821496644 ], [ -159.517019331778101, 22.208608637321028 ], [ -159.517000571758359, 22.208427897099508 ], [ -159.516990367933829, 22.208245574934104 ], [ -159.516974484613598, 22.208064302491429 ], [ -159.516948651997012, 22.207884868452119 ], [ -159.516905488115981, 22.207708638714198 ], [ -159.516801668861859, 22.207426301190285 ], [ -159.516735413173961, 22.207254361803376 ], [ -159.516637160314758, 22.207098401317523 ], [ -159.51654820831007, 22.206937796649193 ], [ -159.516419076134923, 22.20679725669028 ], [ -159.51632452522125, 22.206639448529003 ], [ -159.516112995008484, 22.206406232470147 ], [ -159.51597427197288, 22.206277735150984 ], [ -159.515849231910778, 22.206132598753399 ], [ -159.515727011528071, 22.20598403482613 ], [ -159.515602651001785, 22.205838073068659 ], [ -159.515473337677719, 22.205698134552861 ], [ -159.515356383104091, 22.20554316656132 ], [ -159.515177471120609, 22.2054635427201 ], [ -159.515002833381317, 22.205378720499954 ], [ -159.514839259120663, 22.205280443882131 ], [ -159.514679692556001, 22.20517729409119 ], [ -159.514524917996994, 22.205068317371357 ], [ -159.514374466032763, 22.204954085269399 ], [ -159.514231184108695, 22.204831134171251 ], [ -159.51408650189245, 22.204709885769798 ], [ -159.513942161852839, 22.204588222392989 ], [ -159.513797161382428, 22.204467359579354 ], [ -159.513649295372147, 22.204349984695881 ], [ -159.513483717072887, 22.204254145870259 ], [ -159.513319553071142, 22.204156589550681 ], [ -159.513166695071163, 22.204045283689883 ], [ -159.513010140832989, 22.203938472038267 ], [ -159.512852691448956, 22.203832749850704 ], [ -159.512686521229938, 22.203737632070897 ], [ -159.512513878764167, 22.203650385108475 ], [ -159.512340784466261, 22.203563686845865 ], [ -159.511994932651021, 22.203397644247524 ], [ -159.511817302072529, 22.203313231752592 ], [ -159.511634671918046, 22.203247938244591 ], [ -159.511449485099007, 22.203192424728716 ], [ -159.511258292875027, 22.203159874625118 ], [ -159.510928546940761, 22.203129760191302 ], [ -159.510732956870186, 22.203127426021368 ], [ -159.510539906633056, 22.203145739185079 ] ] } },
{ "type": "Feature", "properties": { "objectid": 111, "island": "Kauai", "st_lengthshape": 2050.6539948244067 }, "geometry": { "type": "LineString", "coordinates": [ [ -159.508392383396682, 22.202999830715054 ], [ -159.508197010345782, 22.202994942494229 ], [ -159.50800220083056, 22.202986511821358 ], [ -159.507814233364002, 22.202935060928841 ], [ -159.507625905518267, 22.202885875786407 ], [ -159.507436646164336, 22.20284254922321 ], [ -159.507246425873404, 22.202805267430406 ], [ -159.507055840410686, 22.202770280306083 ], [ -159.506864733218833, 22.202738570342028 ], [ -159.506510693298765, 22.202680823131416 ], [ -159.5063108999733, 22.202664913055493 ], [ -159.50611369798844, 22.202663081535764 ], [ -159.505918056312822, 22.202669727036483 ], [ -159.505729295915188, 22.202713748450655 ], [ -159.505530876887093, 22.202705303437977 ], [ -159.505336593541188, 22.202719326683045 ], [ -159.504954917065021, 22.202769159407456 ], [ -159.504751249678662, 22.202784658320173 ], [ -159.504563311773211, 22.202834747653153 ], [ -159.504370568627394, 22.202874267314407 ], [ -159.5041783641677, 22.202914974870794 ], [ -159.503994827093692, 22.202974741699109 ], [ -159.503813400015105, 22.203039148027127 ], [ -159.503623105827131, 22.203084055295534 ], [ -159.50344324196891, 22.203151898368933 ], [ -159.503268231854463, 22.203230417188028 ], [ -159.503101979881876, 22.203328194739861 ], [ -159.50290315261941, 22.203354338435538 ], [ -159.502720263675201, 22.20341553103264 ], [ -159.502588908337486, 22.203590051535905 ], [ -159.502421829215535, 22.203686013296597 ], [ -159.502244528796552, 22.203759497072877 ], [ -159.502090446283177, 22.203884040219521 ], [ -159.501935371019215, 22.204006400032696 ], [ -159.501528483391951, 22.204291497900776 ], [ -159.501389708705915, 22.204420086586868 ], [ -159.501203510318504, 22.20449054583414 ], [ -159.501063435273608, 22.204617539215231 ], [ -159.500875578017485, 22.204685965106176 ], [ -159.50068683288751, 22.204753301291191 ], [ -159.500529191530319, 22.204858764888233 ], [ -159.500407332969502, 22.205008088192479 ], [ -159.500261108201755, 22.205127544583789 ], [ -159.500108446281217, 22.205239112174294 ], [ -159.499923521637925, 22.205311131672804 ], [ -159.499754743606388, 22.205402942076294 ], [ -159.49969505159541, 22.205628468115915 ], [ -159.499570621008957, 22.205774637668842 ], [ -159.4994380081109, 22.205910779090516 ], [ -159.499308921321472, 22.206051243245959 ], [ -159.499174533524069, 22.20618520906983 ], [ -159.499035290997512, 22.206313223550701 ], [ -159.498789251044542, 22.206623638277023 ], [ -159.49865418160681, 22.206757185681091 ], [ -159.498537290746071, 22.206901862417666 ], [ -159.49823162743732, 22.206930970996808 ], [ -159.49817760691721, 22.207114138139442 ], [ -159.498200629344154, 22.207344470487513 ], [ -159.498092925664395, 22.207494772328563 ], [ -159.498008031657321, 22.207659037881889 ], [ -159.497921683882083, 22.207822413462132 ], [ -159.497827500220495, 22.20798099236762 ], [ -159.497733514697103, 22.208139692573237 ], [ -159.497651352037906, 22.208305630833411 ], [ -159.497573507140089, 22.208474211877341 ], [ -159.49751821247952, 22.208656599427666 ], [ -159.497458126973612, 22.20886875267 ], [ -159.49739225382578, 22.209038718101208 ], [ -159.497317157201621, 22.209205483802531 ], [ -159.497283870888054, 22.209386751555272 ], [ -159.49719961473204, 22.209550340789296 ], [ -159.497185182881964, 22.209738148523986 ], [ -159.497129677855582, 22.210040951070212 ], [ -159.497113745978453, 22.210221058194549 ], [ -159.497062552285911, 22.210399084035288 ], [ -159.49704111514842, 22.210578865565768 ], [ -159.496984358841559, 22.21075656326104 ], [ -159.496990025205491, 22.210937944171182 ], [ -159.496986497882517, 22.211118783096921 ], [ -159.496992699943831, 22.211300195789168 ], [ -159.496970550318309, 22.211479935202526 ], [ -159.496883349618628, 22.21165583586945 ], [ -159.496933068112099, 22.211839816897321 ], [ -159.496940689883303, 22.212021313775839 ], [ -159.496904647536695, 22.212200233730499 ], [ -159.496871134027231, 22.212379303148055 ], [ -159.496873579517001, 22.212560494206659 ], [ -159.496809556673668, 22.212737762291919 ], [ -159.4968299550018, 22.212920013350967 ], [ -159.496838622847264, 22.213101571160365 ], [ -159.496820807045765, 22.213349723279752 ], [ -159.496785202250379, 22.213529317600667 ], [ -159.496739187489965, 22.213708558831019 ], [ -159.496667396288757, 22.213886923804971 ], [ -159.49661244823244, 22.214065860705652 ] ] } },
{ "type": "Feature", "properties": { "objectid": 112, "island": "Kauai", "st_lengthshape": 488.07306759929929 }, "geometry": { "type": "LineString", "coordinates": [ [ -159.498393828491231, 22.215589581517843 ], [ -159.498495787266762, 22.215747695453544 ], [ -159.498512160202154, 22.215933897385 ], [ -159.498594398679785, 22.216098483140911 ], [ -159.49867743688219, 22.216262807120266 ], [ -159.498764661896843, 22.216425755879772 ], [ -159.498771711260673, 22.216614451738671 ], [ -159.498734264421557, 22.216740706683005 ], [ -159.498662990632397, 22.216915548482095 ], [ -159.498627155462088, 22.217093760693714 ], [ -159.498566525799788, 22.217265789143276 ], [ -159.498545109624132, 22.217364436460102 ], [ -159.498498555426778, 22.217543099753581 ], [ -159.49842674662068, 22.217711153066155 ], [ -159.498300909114619, 22.217856507439119 ], [ -159.49821800272403, 22.218016500103964 ], [ -159.498141589335262, 22.218232605210265 ], [ -159.49809527220205, 22.218410754520246 ], [ -159.498164261905828, 22.21859625964559 ], [ -159.498136371274853, 22.218775584798472 ], [ -159.497763220763005, 22.218932886154988 ], [ -159.497749146375554, 22.219113092262766 ], [ -159.497798712649256, 22.21929735784035 ], [ -159.497980175402347, 22.219486493904888 ] ] } },
{ "type": "Feature", "properties": { "objectid": 113, "island": "Kauai", "st_lengthshape": 443.40524236027534 }, "geometry": { "type": "LineString", "coordinates": [ [ -159.496240010584359, 22.223154348729825 ], [ -159.496051842814296, 22.223198698961333 ], [ -159.495861894360786, 22.223235854243672 ], [ -159.495669625860813, 22.223263632676804 ], [ -159.495476329702768, 22.223287258337372 ], [ -159.495279627924162, 22.223297122587262 ], [ -159.495098850634747, 22.223360060330716 ], [ -159.494622246858569, 22.223568814943533 ], [ -159.494444585033676, 22.223479386369664 ], [ -159.494208899565137, 22.22342981424271 ], [ -159.494014511866595, 22.223449163852138 ], [ -159.49382766750378, 22.223498804188679 ], [ -159.493652736914754, 22.223576055158762 ], [ -159.493462052588427, 22.223672510490335 ], [ -159.493296784520624, 22.223767436765414 ], [ -159.49313072769732, 22.223861067971693 ], [ -159.492965706079474, 22.223956397894785 ], [ -159.492809441881917, 22.224066080671804 ], [ -159.492645289316727, 22.224162834123288 ], [ -159.492480623212884, 22.224258747893092 ], [ -159.492344018286502, 22.22439112937413 ] ] } },
{ "type": "Feature", "properties": { "objectid": 114, "island": "Kauai", "st_lengthshape": 81.941148999429743 }, "geometry": { "type": "LineString", "coordinates": [ [ -159.478021360791701, 22.229015675403403 ], [ -159.477813597465172, 22.22900955541218 ], [ -159.477627963415557, 22.229062653679701 ], [ -159.477434835317581, 22.229095698179666 ], [ -159.477265954044157, 22.229189543909925 ] ] } },
{ "type": "Feature", "properties": { "objectid": 115, "island": "Kauai", "st_lengthshape": 789.3351641049062 }, "geometry": { "type": "LineString", "coordinates": [ [ -159.471893918552468, 22.226170923203636 ], [ -159.471697032389699, 22.226132145267751 ], [ -159.471501788542241, 22.22611903543163 ], [ -159.471306804855999, 22.226110015246565 ], [ -159.471112488643996, 22.226111413726994 ], [ -159.470919141011336, 22.226127984650319 ], [ -159.470724405048088, 22.226122826933757 ], [ -159.470529458187542, 22.226114365823868 ], [ -159.470334699735105, 22.226108858085738 ], [ -159.470140396849672, 22.226110478508758 ], [ -159.46994880669169, 22.226154527642105 ], [ -159.469756269535424, 22.226183767879625 ], [ -159.469563882766522, 22.226215360839177 ], [ -159.46937140996576, 22.226245621290847 ], [ -159.469179564856802, 22.226239128083478 ], [ -159.469040351114472, 22.226223370218566 ], [ -159.468862195052566, 22.226151423958008 ], [ -159.468684108494102, 22.226079315588425 ], [ -159.468501703420372, 22.226017487616154 ], [ -159.468322412863017, 22.225948246121622 ], [ -159.468145597599772, 22.225873110683029 ], [ -159.467964949007268, 22.225807102387279 ], [ -159.467781029276836, 22.225748881655264 ], [ -159.4675960738127, 22.225693127289244 ], [ -159.467421964317907, 22.225616477289826 ], [ -159.467331057554674, 22.22555474734223 ], [ -159.467175953663656, 22.225441403771246 ], [ -159.467047866043885, 22.22530566464356 ], [ -159.466907015277997, 22.22518050664403 ], [ -159.466797862291742, 22.225029070416383 ], [ -159.466676026470566, 22.224888148243512 ], [ -159.466535420302023, 22.224762787742968 ], [ -159.466400809013237, 22.224632457433753 ], [ -159.466277622117474, 22.224492655433522 ], [ -159.466156033069325, 22.224351529776623 ], [ -159.466036004124447, 22.224209110387292 ], [ -159.465915609647936, 22.22406699368933 ], [ -159.465795282186519, 22.223924822499807 ], [ -159.46568064381114, 22.223777935390096 ], [ -159.465585315211911, 22.223615039609289 ], [ -159.465485611423588, 22.223459983433504 ] ] } },
{ "type": "Feature", "properties": { "objectid": 116, "island": "Kauai", "st_lengthshape": 1067.8602099738366 }, "geometry": { "type": "LineString", "coordinates": [ [ -159.463960372701138, 22.223043776949094 ], [ -159.463767969877665, 22.223070503622228 ], [ -159.463575308490277, 22.223094160111945 ], [ -159.463381181041797, 22.223100430793725 ], [ -159.463187842044164, 22.223116040268181 ], [ -159.462994152723525, 22.223127511984988 ], [ -159.462795107425052, 22.223075438326681 ], [ -159.462605384749679, 22.2231339623944 ], [ -159.462411219786958, 22.22313977670769 ], [ -159.46222276309436, 22.223156551919736 ], [ -159.461955025531552, 22.22319418864997 ], [ -159.461770891054726, 22.223258280771301 ], [ -159.461590234119654, 22.223328053406284 ], [ -159.461423162977297, 22.22342001483856 ], [ -159.461245170757479, 22.223494140302233 ], [ -159.461075437022913, 22.223581754488606 ], [ -159.460886753800821, 22.223638418016353 ], [ -159.460705222841057, 22.223706762054665 ], [ -159.460540631376887, 22.223802775498708 ], [ -159.460378119459506, 22.2239021842366 ], [ -159.460219799055096, 22.224008439654675 ], [ -159.460100253712938, 22.224178026409838 ], [ -159.459940041286302, 22.224281191823717 ], [ -159.459773447864109, 22.224373935296168 ], [ -159.459608075550989, 22.224468674399208 ], [ -159.459489806987108, 22.224640346695171 ], [ -159.459360285405921, 22.224788771582435 ], [ -159.459182069083624, 22.224808050266358 ], [ -159.458950360931908, 22.224743400095047 ], [ -159.458759074365304, 22.224782319206934 ], [ -159.458577309117942, 22.224845635881337 ], [ -159.458388898972288, 22.224891924611935 ], [ -159.458209005194817, 22.224960035428833 ], [ -159.45803586551321, 22.225045451749338 ], [ -159.457864204067789, 22.22513465805433 ], [ -159.457666325813932, 22.225156688908857 ], [ -159.457464152110219, 22.225167711792004 ], [ -159.457267435150385, 22.225192718347522 ], [ -159.457076454708499, 22.225232424214905 ], [ -159.456902023428853, 22.225314532870232 ], [ -159.456732450854759, 22.225409092968576 ], [ -159.456555918453319, 22.225485817404131 ], [ -159.456364757363218, 22.225525059499979 ], [ -159.456200474523143, 22.225633175255336 ], [ -159.456016181667479, 22.225690017818785 ], [ -159.455842216873208, 22.225773323772405 ], [ -159.455669274318325, 22.225859249281786 ], [ -159.455495387380608, 22.225942756111248 ], [ -159.455327995406236, 22.226023812595638 ], [ -159.455104258774554, 22.226033939815036 ], [ -159.454926743424096, 22.225958080883949 ], [ -159.45475266278217, 22.225872466153152 ], [ -159.454566070294817, 22.225835981180253 ] ] } },
{ "type": "Feature", "properties": { "objectid": 117, "island": "Kauai", "st_lengthshape": 1649.2555461401894 }, "geometry": { "type": "LineString", "coordinates": [ [ -159.454019525780069, 22.225547848362265 ], [ -159.453854288392051, 22.225316214867686 ], [ -159.453662666488754, 22.22528658711855 ], [ -159.453472347727313, 22.225246980039937 ], [ -159.453272844951272, 22.225277686454497 ], [ -159.45307969186797, 22.225259779530258 ], [ -159.452889792831201, 22.225216960776876 ], [ -159.452699327591176, 22.22517848246147 ], [ -159.452509800970375, 22.225132816478009 ], [ -159.452322217815805, 22.225072266581751 ], [ -159.45212566703853, 22.225080376284001 ], [ -159.451935185123403, 22.22504202630202 ], [ -159.451741327868689, 22.225029512201949 ], [ -159.451544122644862, 22.22504262701603 ], [ -159.451348328583947, 22.225044941906155 ], [ -159.451156624179106, 22.225015951036024 ], [ -159.450965941779117, 22.224979129946082 ], [ -159.450771583644098, 22.224970451962864 ], [ -159.450575526755784, 22.224992525170027 ], [ -159.450327880247414, 22.225033761381784 ], [ -159.450132120078024, 22.22505065668533 ], [ -159.449941707490609, 22.225086785961548 ], [ -159.449759048268987, 22.225150809009488 ], [ -159.449582489896159, 22.225227210709669 ], [ -159.449471580040807, 22.225284763663609 ], [ -159.449293349215139, 22.22520727074431 ], [ -159.449189331350766, 22.225029012151833 ], [ -159.449032738585487, 22.224922138958878 ], [ -159.448961691606684, 22.224699113674156 ], [ -159.448856732560387, 22.224522133061935 ], [ -159.448651511946679, 22.224483076363143 ], [ -159.448343321970128, 22.224350242634141 ], [ -159.448146806981725, 22.224345576786707 ], [ -159.447961174482856, 22.224286985880781 ], [ -159.447774942217194, 22.224231366830331 ], [ -159.447589120875506, 22.224173714659837 ], [ -159.44740341239779, 22.224115500945217 ], [ -159.447216472699637, 22.224063391143201 ], [ -159.447028798501776, 22.224014919376575 ], [ -159.44682893657162, 22.224026833320643 ], [ -159.44662759386182, 22.224046084082101 ], [ -159.44643324599113, 22.224030681284379 ], [ -159.446241207180009, 22.224003833817271 ], [ -159.446049535289404, 22.223975169257642 ], [ -159.445855832422239, 22.223956570436744 ], [ -159.445659403010978, 22.223951473123723 ], [ -159.445478517283192, 22.223869374925645 ], [ -159.445298128525053, 22.223784807039781 ], [ -159.445096284360773, 22.223806545275053 ], [ -159.444898415423779, 22.223808581612534 ], [ -159.44471215341602, 22.223753118109304 ], [ -159.444514359063874, 22.223754786085966 ], [ -159.444311457165412, 22.223781757900422 ], [ -159.444121105937654, 22.223755990116342 ], [ -159.443976281655864, 22.223678799405373 ], [ -159.443793264902268, 22.223617489037519 ], [ -159.443605714041666, 22.2235709760742 ], [ -159.443414206253209, 22.223537378022609 ], [ -159.443220308957365, 22.223511582704692 ], [ -159.443025734599701, 22.223487995131954 ], [ -159.442840200156269, 22.223434901654837 ], [ -159.442654845459515, 22.223381222966864 ], [ -159.442465160149112, 22.223341678893664 ], [ -159.44227834386345, 22.223292768346091 ], [ -159.442087404390747, 22.223257318794637 ], [ -159.44190621676114, 22.223190040594432 ], [ -159.441727058796715, 22.223116136470026 ], [ -159.441543183112856, 22.223057632779007 ], [ -159.441356861203275, 22.223007111745542 ], [ -159.441162651834787, 22.22298233204792 ], [ -159.440996635099339, 22.222865543505485 ], [ -159.440826554756853, 22.222762017962392 ], [ -159.440634709612794, 22.22272952330308 ], [ -159.440441151962546, 22.222702617047531 ], [ -159.440252344128481, 22.222660211402999 ], [ -159.440069080511932, 22.222599712344387 ], [ -159.439880410273872, 22.222556857799241 ], [ -159.43969152787281, 22.222514696524691 ], [ -159.439504971971076, 22.222464939171442 ], [ -159.439318865733867, 22.222413716858856 ], [ -159.43913193743424, 22.222378275563557 ] ] } },
{ "type": "Feature", "properties": { "objectid": 118, "island": "Kauai", "st_lengthshape": 104.29435335979832 }, "geometry": { "type": "LineString", "coordinates": [ [ -159.437750149548947, 22.223569519371157 ], [ -159.437638583550125, 22.223393339555212 ], [ -159.437486424160909, 22.223278748787202 ], [ -159.437347575097704, 22.223143963332184 ], [ -159.437177694530675, 22.223056259402032 ], [ -159.436982573214181, 22.223008470834394 ] ] } },
{ "type": "Feature", "properties": { "objectid": 119, "island": "Kauai", "st_lengthshape": 681.44924433487893 }, "geometry": { "type": "LineString", "coordinates": [ [ -159.435267918515677, 22.222055988930954 ], [ -159.435175404198446, 22.221894444969433 ], [ -159.435032933431614, 22.221768385095107 ], [ -159.434901049870149, 22.221634804784472 ], [ -159.434744614709672, 22.22151866350848 ], [ -159.434612399571876, 22.221385318726451 ], [ -159.434441049282043, 22.22127977156779 ], [ -159.434283341745726, 22.221164533933518 ], [ -159.434153576846256, 22.221029448572011 ], [ -159.43399577687947, 22.2209142768444 ], [ -159.433885475619007, 22.22076536770459 ], [ -159.43375975454947, 22.220627411021468 ], [ -159.433662904546111, 22.220468948397109 ], [ -159.433528923540649, 22.220336858624968 ], [ -159.433418819768065, 22.220187809493769 ], [ -159.433340717092932, 22.220016030994618 ], [ -159.433261925279083, 22.219844743033651 ], [ -159.433139109180956, 22.219704723738253 ], [ -159.433015426816468, 22.219565319164353 ], [ -159.432917652822937, 22.219407512585374 ], [ -159.432892667642108, 22.219198007784591 ], [ -159.432793286894736, 22.219041342791172 ], [ -159.432672530286283, 22.218899861333348 ], [ -159.432551900748564, 22.218758289101057 ], [ -159.432431780710203, 22.21861635586091 ], [ -159.432317539597221, 22.218470246686085 ], [ -159.432209538526024, 22.218319704963577 ], [ -159.432104295013488, 22.218167205370129 ], [ -159.432004571214776, 22.218010784686641 ], [ -159.431936030152741, 22.217832217086176 ], [ -159.431876953021629, 22.217646926421494 ], [ -159.431742139903093, 22.217515429922479 ], [ -159.431557781490682, 22.217419122598418 ], [ -159.431291096391192, 22.217386864911628 ] ] } },
{ "type": "Feature", "properties": { "objectid": 120, "island": "Kauai", "st_lengthshape": 440.34670884634062 }, "geometry": { "type": "LineString", "coordinates": [ [ -159.428297886755757, 22.215823060728773 ], [ -159.428111210247124, 22.215879658474268 ], [ -159.427918148948663, 22.215899982622865 ], [ -159.427724475489242, 22.215916828198097 ], [ -159.4275420477137, 22.215997558792768 ], [ -159.427361683045064, 22.21609000557465 ], [ -159.427184578322652, 22.216174162901371 ], [ -159.42662336238746, 22.216387134424426 ], [ -159.426451043867843, 22.216472502540643 ], [ -159.426280120318609, 22.216559781158416 ], [ -159.426123359773669, 22.216666454968337 ], [ -159.425970305176378, 22.216778203347619 ], [ -159.425812282449073, 22.216883148318765 ], [ -159.425670076039779, 22.2170097526974 ], [ -159.425544524790126, 22.217159166184771 ], [ -159.425444907788005, 22.217344093675393 ], [ -159.425456684726811, 22.21768156782657 ], [ -159.42539002454302, 22.217911629539017 ], [ -159.425331924562386, 22.218148040631444 ] ] } },
{ "type": "Feature", "properties": { "objectid": 121, "island": "Kauai", "st_lengthshape": 948.7611777166793 }, "geometry": { "type": "LineString", "coordinates": [ [ -159.420136195926915, 22.222441973860683 ], [ -159.41996161356343, 22.222577061368227 ], [ -159.419748532443606, 22.222471584649071 ], [ -159.419557173817026, 22.22250184752286 ], [ -159.419348717105208, 22.222425268526223 ], [ -159.4191119732385, 22.22217192951133 ], [ -159.418910843096626, 22.222141126975568 ], [ -159.418719629061087, 22.222172291001218 ], [ -159.418619255370913, 22.222771099559722 ], [ -159.418455697315096, 22.22297508675258 ], [ -159.418271597151033, 22.223050708886788 ], [ -159.417928156858693, 22.222130615945996 ], [ -159.417709060360011, 22.2219875382895 ], [ -159.417509880229716, 22.221968913365885 ], [ -159.417320433657466, 22.222011121785908 ], [ -159.417137829815061, 22.222096090952192 ], [ -159.416960296061205, 22.222212743238963 ], [ -159.416781546107359, 22.222321801632521 ], [ -159.41660209301412, 22.222426465614646 ], [ -159.41642708214718, 22.22255889352672 ], [ -159.416253436095843, 22.222699846902259 ], [ -159.41607223540646, 22.222793596103216 ], [ -159.415882049833129, 22.222831192819886 ], [ -159.415685750218358, 22.2228305760244 ], [ -159.415486314099098, 22.2228103592807 ], [ -159.415290307102651, 22.222811571579431 ], [ -159.4151027921707, 22.222865862909927 ], [ -159.414916087612369, 22.222925210180431 ], [ -159.414723724922453, 22.222949201151742 ], [ -159.414530376684326, 22.222967037633143 ], [ -159.414331425830738, 22.222949849195938 ], [ -159.414121322449375, 22.222862957896929 ], [ -159.413919252314486, 22.222826278481886 ], [ -159.413736898336481, 22.222912822396584 ], [ -159.413550522272118, 22.222974230672836 ], [ -159.413361265833203, 22.223017640989539 ], [ -159.41317553982114, 22.223083111652919 ], [ -159.413000121700435, 22.223199462486523 ] ] } },
{ "type": "Feature", "properties": { "objectid": 122, "island": "Kauai", "st_lengthshape": 965.52025682741794 }, "geometry": { "type": "LineString", "coordinates": [ [ -159.412254627489233, 22.222733782383919 ], [ -159.41208676193466, 22.222839865664984 ], [ -159.411914996210299, 22.222934227800312 ], [ -159.411730111111297, 22.222989146414722 ], [ -159.41153543893472, 22.223014645461841 ], [ -159.411355874810198, 22.223085564136078 ], [ -159.411175581223404, 22.223154286447635 ], [ -159.410990973547428, 22.223210043703162 ], [ -159.410805247840699, 22.22326243835122 ], [ -159.410620367739085, 22.2233173755758 ], [ -159.410437846557187, 22.223379402065838 ], [ -159.410269273087295, 22.223483364056751 ], [ -159.410107997772286, 22.223609265894499 ], [ -159.409948342191086, 22.223740040129396 ], [ -159.40980419927169, 22.223917448287875 ], [ -159.409637935768728, 22.224028357401984 ], [ -159.409458217642253, 22.224098815454123 ], [ -159.409271541669995, 22.224148358676604 ], [ -159.409082392982612, 22.224190463760337 ], [ -159.408904180812925, 22.224265453467577 ], [ -159.408721391382898, 22.22432667920128 ], [ -159.408530204306857, 22.224345560149303 ], [ -159.408053303037605, 22.224335345001819 ], [ -159.407874351766253, 22.224405990917329 ], [ -159.407709855475616, 22.224503963967429 ], [ -159.407541816396048, 22.224595241480813 ], [ -159.407372605348343, 22.224684302968299 ], [ -159.407191744926735, 22.224751339257963 ], [ -159.406995261416512, 22.224788835703251 ], [ -159.406821488679896, 22.224869273188279 ], [ -159.406661194146693, 22.224975192869358 ], [ -159.406507010749436, 22.225092668071287 ], [ -159.406352344156033, 22.225209230078946 ], [ -159.406196918265749, 22.225324357406137 ], [ -159.406041449192884, 22.225439403386762 ], [ -159.405889313587522, 22.225560750358081 ], [ -159.405745515451855, 22.225697863581924 ], [ -159.405585496237762, 22.225804305508685 ], [ -159.405443380514811, 22.225944600620494 ], [ -159.40533004061308, 22.226139302584631 ], [ -159.405190839468389, 22.226285108277846 ], [ -159.405040413468839, 22.226409691660184 ], [ -159.404891992111715, 22.226538066067693 ], [ -159.404741692403718, 22.22666288736399 ], [ -159.404603966252665, 22.226811484057695 ], [ -159.404512469748198, 22.227042442105915 ] ] } },
{ "type": "Feature", "properties": { "objectid": 123, "island": "Kauai", "st_lengthshape": 296.50502531354414 }, "geometry": { "type": "LineString", "coordinates": [ [ -159.395692516219299, 22.224847183031297 ], [ -159.395620901484961, 22.224615253242192 ], [ -159.395526653280967, 22.22441647781104 ], [ -159.395399372798067, 22.224266088279844 ], [ -159.395210182695564, 22.224206384929385 ], [ -159.395070212679798, 22.224074584840686 ], [ -159.394931001505569, 22.223941672485232 ], [ -159.394758211933009, 22.223857946690565 ], [ -159.394594257899087, 22.22376127951912 ], [ -159.394435567794801, 22.223656900500433 ], [ -159.394205568887287, 22.223656976403248 ], [ -159.393910975862781, 22.223751667824864 ], [ -159.393672455435762, 22.223764224433765 ], [ -159.393456591904311, 22.223744856071875 ] ] } },
{ "type": "Feature", "properties": { "objectid": 124, "island": "Kauai", "st_lengthshape": 279.73522832610712 }, "geometry": { "type": "LineString", "coordinates": [ [ -159.385777903279177, 22.218909070322344 ], [ -159.385524901656453, 22.218834170377189 ], [ -159.385399173866887, 22.218692691207742 ], [ -159.385297975724598, 22.218538379528866 ], [ -159.385217687411085, 22.218373130291798 ], [ -159.385135647538277, 22.218208797607105 ], [ -159.385069166255988, 22.2180363253044 ], [ -159.384963925787105, 22.217884127924609 ], [ -159.384861288948599, 22.217730570090069 ], [ -159.384754197396489, 22.217579341791762 ], [ -159.384673518848757, 22.217414296444471 ], [ -159.384556580973253, 22.217268219983865 ], [ -159.384423703261405, 22.217130480790463 ], [ -159.384129500369369, 22.217083029629766 ] ] } },
{ "type": "Feature", "properties": { "objectid": 125, "island": "Kauai", "st_lengthshape": 306.08775304210241 }, "geometry": { "type": "LineString", "coordinates": [ [ -159.383594013869782, 22.21659183219381 ], [ -159.383386261361323, 22.21658784079407 ], [ -159.383192078024848, 22.216552791084244 ], [ -159.383006309961615, 22.216498480332909 ], [ -159.382834626195631, 22.216411934792252 ], [ -159.3826700686202, 22.21630907916029 ], [ -159.382509330777054, 22.216197481034289 ], [ -159.382331698077877, 22.216124549898485 ], [ -159.382134648817669, 22.216096060851328 ], [ -159.381938203276434, 22.2160661906277 ], [ -159.381747098027603, 22.216024096131669 ], [ -159.381555395997793, 22.215983368777565 ], [ -159.381357210180738, 22.215957482390952 ], [ -159.38116238885388, 22.21592389436989 ], [ -159.380967554110669, 22.215890335055157 ], [ -159.380775858498538, 22.215865141948161 ] ] } },
{ "type": "Feature", "properties": { "objectid": 126, "island": "Kauai", "st_lengthshape": 164.3388132499355 }, "geometry": { "type": "LineString", "coordinates": [ [ -159.375491087720661, 22.216368255632023 ], [ -159.375341243396292, 22.216216443862127 ], [ -159.375235441693064, 22.215942903109209 ], [ -159.375036022254676, 22.215928119390984 ], [ -159.374824932902243, 22.215945589972151 ], [ -159.37460700581093, 22.21598195928383 ], [ -159.374409440517582, 22.21596204995069 ], [ -159.37418717617993, 22.216012301582758 ] ] } },
{ "type": "Feature", "properties": { "objectid": 127, "island": "Kauai", "st_lengthshape": 402.7388533558144 }, "geometry": { "type": "LineString", "coordinates": [ [ -159.373365251256615, 22.215554725677887 ], [ -159.373237647925635, 22.215366829826742 ], [ -159.373024887943814, 22.215374592852196 ], [ -159.372776474074385, 22.215464273499212 ], [ -159.372557687352412, 22.215485882875225 ], [ -159.372362461986739, 22.215453356665542 ], [ -159.372198862576226, 22.215348167254657 ], [ -159.372017763209215, 22.215283185506731 ], [ -159.371829231270368, 22.21523528070632 ], [ -159.371648273019304, 22.215169975699602 ], [ -159.371485477048878, 22.215067437065986 ], [ -159.371305968069777, 22.214947682892589 ], [ -159.371153944480852, 22.214835245871349 ], [ -159.371007040799554, 22.214716406243575 ], [ -159.37086739039367, 22.214588497687778 ], [ -159.370674534899393, 22.21452711965366 ], [ -159.370485516578213, 22.21447153170369 ], [ -159.369910861976479, 22.214371168872354 ] ] } },
{ "type": "Feature", "properties": { "objectid": 128, "island": "Kauai", "st_lengthshape": 279.97797083897586 }, "geometry": { "type": "LineString", "coordinates": [ [ -159.364209241118544, 22.211213862306256 ], [ -159.364020948043645, 22.211289695616237 ], [ -159.363831628644675, 22.211353257135514 ], [ -159.36364103570105, 22.211401588710952 ], [ -159.363448153237812, 22.211422554250472 ], [ -159.363253533879856, 22.211422738446043 ], [ -159.363061474390861, 22.211405734547075 ], [ -159.362905042135083, 22.211364003877836 ], [ -159.362718539443478, 22.211304039480858 ], [ -159.362533477261792, 22.211235219946211 ], [ -159.362343912637527, 22.211194063017921 ], [ -159.36215274345011, 22.211162768464931 ], [ -159.361958141443665, 22.211152563540292 ], [ -159.361763152606187, 22.211144732528034 ], [ -159.361570552216079, 22.211144750314386 ] ] } },
{ "type": "Feature", "properties": { "objectid": 129, "island": "Kauai", "st_lengthshape": 222.0523751135191 }, "geometry": { "type": "LineString", "coordinates": [ [ -159.360030034066114, 22.211599307943096 ], [ -159.359834631466725, 22.211596841860075 ], [ -159.359646750673818, 22.211541686791655 ], [ -159.359457092254161, 22.211498979145635 ], [ -159.35926758456651, 22.211455220266235 ], [ -159.359074494739389, 22.211436560672194 ], [ -159.358879379285213, 22.211432080888322 ], [ -159.358688500128522, 22.211397933137583 ], [ -159.358499376962243, 22.211351480317983 ], [ -159.358306445589022, 22.211331703736281 ], [ -159.358110123448682, 22.211335682606066 ], [ -159.357910494652884, 22.211363721184007 ] ] } },
{ "type": "Feature", "properties": { "objectid": 130, "island": "Kauai", "st_lengthshape": 607.99511458302777 }, "geometry": { "type": "LineString", "coordinates": [ [ -159.347829571253641, 22.211652383724392 ], [ -159.347645234834033, 22.211584447253678 ], [ -159.347452098348469, 22.211564088172349 ], [ -159.34726238589937, 22.211525214967423 ], [ -159.347062613018863, 22.211543849507311 ], [ -159.346796746496778, 22.211488808772749 ], [ -159.34667303796536, 22.211343669311606 ], [ -159.346565778632623, 22.211179448796212 ], [ -159.346430222959839, 22.211048051916396 ], [ -159.346284348303868, 22.210933690107275 ], [ -159.346039410595807, 22.210755035386935 ], [ -159.345860841515531, 22.210683244159981 ], [ -159.345694579831672, 22.210578946781045 ], [ -159.34551697417092, 22.210504611799724 ], [ -159.345320885117246, 22.210479098800288 ], [ -159.345136633986243, 22.210422314720148 ], [ -159.344966215415212, 22.210328998359358 ], [ -159.34478875793684, 22.21025427378833 ], [ -159.344603629102068, 22.210199810040706 ], [ -159.344416867381568, 22.210149659761083 ], [ -159.344224094230356, 22.210115388775417 ], [ -159.344038607177367, 22.210061872827026 ], [ -159.343862755594216, 22.209982905889071 ], [ -159.343700005501489, 22.209869057982672 ], [ -159.343552406381491, 22.209742371927849 ], [ -159.343478271072399, 22.209572120411366 ], [ -159.343416785790396, 22.209394368159096 ], [ -159.343350945839546, 22.209219198912418 ], [ -159.343239793590442, 22.209070898997435 ], [ -159.343114535182366, 22.208935569351691 ] ] } },
{ "type": "Feature", "properties": { "objectid": 131, "island": "Kauai", "st_lengthshape": 781.20231239707232 }, "geometry": { "type": "LineString", "coordinates": [ [ -159.341677058218266, 22.208381044059735 ], [ -159.341632508289337, 22.208146177315843 ], [ -159.341506597489882, 22.208004087452856 ], [ -159.341282658040399, 22.207973780194884 ], [ -159.341159846769585, 22.207828156596772 ], [ -159.340957831136762, 22.207772850416802 ], [ -159.340819472025743, 22.20764495715942 ], [ -159.340631342920432, 22.207573816121837 ], [ -159.340482537759698, 22.207457832561825 ], [ -159.340365073425232, 22.207306113511972 ], [ -159.340245534934638, 22.207156758446263 ], [ -159.34009211343016, 22.207046041178806 ], [ -159.339956835495826, 22.206914634541743 ], [ -159.339774659140062, 22.206836706200399 ], [ -159.339600064648238, 22.206750132344752 ], [ -159.339447101734805, 22.2066388922225 ], [ -159.339288893039111, 22.206533633604916 ], [ -159.339101783058624, 22.206461331358049 ], [ -159.338958630785413, 22.206338904027035 ], [ -159.338854041234214, 22.206172504421303 ], [ -159.338719013946047, 22.206040813427723 ], [ -159.338562439677872, 22.205933692342771 ], [ -159.338409152399493, 22.205822823197565 ], [ -159.338257593396889, 22.20570998265849 ], [ -159.338106335545234, 22.205596799855019 ], [ -159.337966151508198, 22.205470988461506 ], [ -159.337818902694607, 22.205353234775156 ], [ -159.33767707819564, 22.205229294806045 ], [ -159.337535204602347, 22.205105411726308 ], [ -159.337386468437273, 22.204989353733851 ], [ -159.337256969316769, 22.204851360396336 ], [ -159.337085874558682, 22.204760797857329 ], [ -159.336949443448333, 22.204630708210424 ], [ -159.336770719054016, 22.204548846630985 ], [ -159.336601126608741, 22.204456571188381 ], [ -159.336440340066275, 22.204354252987713 ], [ -159.336300133589532, 22.204228469971493 ], [ -159.336138120671706, 22.204127552496541 ], [ -159.335944828037242, 22.204068452001081 ] ] } },
{ "type": "Feature", "properties": { "objectid": 132, "island": "Kauai", "st_lengthshape": 65.359314473956445 }, "geometry": { "type": "LineString", "coordinates": [ [ -159.334749446527269, 22.20216371175227 ], [ -159.334684583766943, 22.201943762122607 ], [ -159.3345556614766, 22.201802882518844 ], [ -159.334409391871418, 22.201689405841762 ] ] } },
{ "type": "Feature", "properties": { "objectid": 133, "island": "Kauai", "st_lengthshape": 286.73057871072496 }, "geometry": { "type": "LineString", "coordinates": [ [ -159.333142346453457, 22.196775828369926 ], [ -159.333385310487188, 22.196721627136444 ], [ -159.333589295143923, 22.196592500416092 ], [ -159.333764558960496, 22.19637845443231 ], [ -159.33384751995257, 22.196210874491914 ], [ -159.333906967949218, 22.196042511567018 ], [ -159.333940792309761, 22.195868142798403 ], [ -159.334015523813662, 22.195693002623035 ], [ -159.334028649967337, 22.195512687480647 ], [ -159.334061746508411, 22.195336283853162 ], [ -159.334066768834276, 22.19510865222 ], [ -159.334048892843043, 22.194926681435309 ], [ -159.334032384023715, 22.194744397965682 ], [ -159.334031811020367, 22.194566095721562 ] ] } },
{ "type": "Feature", "properties": { "objectid": 134, "island": "Kauai", "st_lengthshape": 734.27822091025689 }, "geometry": { "type": "LineString", "coordinates": [ [ -159.333676238677782, 22.194007399867257 ], [ -159.333598464791265, 22.193829873684404 ], [ -159.333500656944295, 22.193668994324419 ], [ -159.333318992816288, 22.193577788776064 ], [ -159.333207921009745, 22.193427929242088 ], [ -159.333089545281808, 22.193284139314706 ], [ -159.332961600544024, 22.193151810728747 ], [ -159.332775374102056, 22.192980734897485 ], [ -159.332618679941021, 22.192868159420566 ], [ -159.332437654264254, 22.192801474115637 ], [ -159.33225795192763, 22.192732294262814 ], [ -159.3320805662851, 22.192662254846432 ], [ -159.331760068303112, 22.192577993275279 ], [ -159.331565961886895, 22.192581278574874 ], [ -159.331376333246624, 22.192601435926054 ], [ -159.331052521771937, 22.192640869373545 ], [ -159.330842642051238, 22.192651057318269 ], [ -159.3306664676374, 22.192726792304292 ], [ -159.330496026228616, 22.1928136772801 ], [ -159.330333319486527, 22.192915603771283 ], [ -159.330164346261284, 22.193005343860431 ], [ -159.329995289013368, 22.193094922232724 ], [ -159.329835131602664, 22.193192529211885 ], [ -159.329674742238012, 22.193337574429759 ], [ -159.329547210210649, 22.193476034804679 ], [ -159.329423564027934, 22.193618587865146 ], [ -159.329292476051393, 22.193753301503659 ], [ -159.329134762803989, 22.193859961496159 ], [ -159.329038232041142, 22.193879511505898 ], [ -159.328844166572196, 22.193908280913657 ], [ -159.328650121209478, 22.193923628773554 ], [ -159.32845609053436, 22.193929876176309 ], [ -159.328262094333098, 22.193913396727162 ], [ -159.328068117226479, 22.193883818253219 ], [ -159.327874146738083, 22.193850370165915 ], [ -159.32768500602802, 22.193825077282373 ] ] } },
{ "type": "Feature", "properties": { "objectid": 135, "island": "Kauai", "st_lengthshape": 40.55071538800906 }, "geometry": { "type": "LineString", "coordinates": [ [ -159.313407704034233, 22.174421583039368 ], [ -159.313313088939537, 22.174255391490476 ], [ -159.313298267769255, 22.174077691335807 ] ] } },
{ "type": "Feature", "properties": { "objectid": 136, "island": "Kauai", "st_lengthshape": 194.62608953983641 }, "geometry": { "type": "LineString", "coordinates": [ [ -159.313639539329415, 22.173739079798914 ], [ -159.313702972863553, 22.173566510511026 ], [ -159.313748638799268, 22.17338759087373 ], [ -159.313825408470194, 22.173157917287718 ], [ -159.313903000526608, 22.172990331968172 ], [ -159.313951355893948, 22.172818468279033 ], [ -159.314029508857402, 22.172582144499916 ], [ -159.314040366504656, 22.172399089076691 ], [ -159.314013263082586, 22.172220118907767 ], [ -159.313979985918195, 22.172042888879819 ] ] } },
{ "type": "Feature", "properties": { "objectid": 137, "island": "Kauai", "st_lengthshape": 632.57306155507081 }, "geometry": { "type": "LineString", "coordinates": [ [ -159.31124781346594, 22.170622845170254 ], [ -159.311128560662183, 22.170478123167985 ], [ -159.311012598225119, 22.170331662020118 ], [ -159.310857917037623, 22.170205661390394 ], [ -159.310777649415002, 22.170040338874944 ], [ -159.310704433060067, 22.16987128978425 ], [ -159.31065031329274, 22.169692149105977 ], [ -159.310671560973816, 22.169473181691345 ], [ -159.31049825841356, 22.169357021995296 ], [ -159.310411121817936, 22.169195328781143 ], [ -159.310301782082433, 22.169045369049176 ], [ -159.310205427622691, 22.16888854738238 ], [ -159.310108160754282, 22.168732208013264 ], [ -159.310039789964605, 22.168560598082706 ], [ -159.309948514652177, 22.168401092440206 ], [ -159.309862083612643, 22.168239027154748 ], [ -159.309776831817771, 22.168076338922035 ], [ -159.309668056507689, 22.167926080429126 ], [ -159.30954157350547, 22.167785180673391 ], [ -159.309485527138122, 22.167607058652898 ], [ -159.309409861562017, 22.167439304552758 ], [ -159.3093453345559, 22.167265664217414 ], [ -159.309311193382428, 22.167075968285928 ], [ -159.309259244677662, 22.166895681004199 ], [ -159.309165391411199, 22.166737538519211 ], [ -159.309068326767402, 22.166581092378621 ], [ -159.308999307447635, 22.166413458261243 ], [ -159.308966002852742, 22.166224569214638 ], [ -159.309025332411608, 22.166049422826148 ], [ -159.309052726823808, 22.16587052448287 ], [ -159.309080089152616, 22.165691621675407 ], [ -159.309108518535083, 22.165525243784057 ] ] } },
{ "type": "Feature", "properties": { "objectid": 138, "island": "Kauai", "st_lengthshape": 19.824626787441037 }, "geometry": { "type": "LineString", "coordinates": [ [ -159.30907332579747, 22.164572036521751 ], [ -159.309089748302284, 22.164393589877285 ] ] } },
{ "type": "Feature", "properties": { "objectid": 139, "island": "Kauai", "st_lengthshape": 1696.5327412828342 }, "geometry": { "type": "LineString", "coordinates": [ [ -159.309435726492779, 22.163788024558325 ], [ -159.309555164576096, 22.163651604084066 ], [ -159.309690025528738, 22.163229725700294 ], [ -159.309620061266145, 22.163058877354946 ], [ -159.309557609990151, 22.162884033298237 ], [ -159.309455870404349, 22.162730078792489 ], [ -159.309371337353326, 22.162566975067101 ], [ -159.30925399714593, 22.162421313692398 ], [ -159.309153650346047, 22.162266618239624 ], [ -159.30906916927222, 22.162103488044327 ], [ -159.308979139298145, 22.161943307170731 ], [ -159.308826564051941, 22.161816378890251 ], [ -159.308736310752494, 22.161656316644777 ], [ -159.308631242152956, 22.161507603261356 ], [ -159.308544080607959, 22.161354350519943 ], [ -159.308399819711525, 22.161227616587905 ], [ -159.308370410603658, 22.161026829876455 ], [ -159.308207986494381, 22.160911805132752 ], [ -159.308120828568605, 22.160748253041547 ], [ -159.308016571575365, 22.16059572522623 ], [ -159.307930054263267, 22.160431760752214 ], [ -159.307834886318432, 22.160273373167342 ], [ -159.307723191746902, 22.160125641042871 ], [ -159.307589476445827, 22.159994916785148 ], [ -159.307424596437301, 22.159843710789353 ], [ -159.307273423283078, 22.159730117485587 ], [ -159.307121151653803, 22.159617934553637 ], [ -159.30697959663118, 22.15949199374845 ], [ -159.306841688135705, 22.159361372512151 ], [ -159.30668848294502, 22.159250387965244 ], [ -159.30654488792041, 22.159127066939387 ], [ -159.306387317351067, 22.159021687055869 ], [ -159.306228238208973, 22.158918244092828 ], [ -159.306057896431611, 22.158829258919518 ], [ -159.306002844243324, 22.158592270584602 ], [ -159.305879213161575, 22.158443322737387 ], [ -159.305737544144307, 22.158326409004395 ], [ -159.305617759482828, 22.15829574344842 ], [ -159.305420500332275, 22.158178508989835 ], [ -159.305307599550929, 22.158027179030164 ], [ -159.305232073109266, 22.157860744156466 ], [ -159.305359836842456, 22.157617007072592 ], [ -159.305380583679977, 22.157424895362499 ], [ -159.305506224308203, 22.157269916919304 ], [ -159.305576693432585, 22.157100633858548 ], [ -159.305643518536414, 22.156930406282704 ], [ -159.305705260526906, 22.15675886016324 ], [ -159.305739636159871, 22.156580218286649 ], [ -159.305803368172604, 22.156409188770482 ], [ -159.305814454091433, 22.15622450774374 ], [ -159.30584811331579, 22.156045681071838 ], [ -159.305902606813333, 22.15587225577146 ], [ -159.305951515034565, 22.155698032357858 ], [ -159.306019990198024, 22.155422620540921 ], [ -159.306047151106441, 22.155242040704405 ], [ -159.306043706303086, 22.155061339412953 ], [ -159.306026976486436, 22.154880586253103 ], [ -159.306011281544471, 22.154699836566088 ], [ -159.305988578516605, 22.154519059366478 ], [ -159.305955448716219, 22.154338241188562 ], [ -159.305915989784154, 22.154157397829358 ], [ -159.30590070241189, 22.153976650059487 ], [ -159.30589933622457, 22.15379595748464 ], [ -159.305942380118239, 22.153615439992691 ], [ -159.305964585888262, 22.153434840516862 ], [ -159.305965885724561, 22.153254158288643 ], [ -159.305983793086199, 22.153073541569952 ], [ -159.305974104636789, 22.152892815803071 ], [ -159.306001077982643, 22.152712235370846 ], [ -159.305972331305355, 22.152531434225857 ], [ -159.305936432177447, 22.152350604928486 ], [ -159.305920138318839, 22.152169853586063 ], [ -159.305933292473867, 22.151989217757773 ], [ -159.305931939874853, 22.151808525114024 ], [ -159.30594011003501, 22.15162786971533 ], [ -159.305946775005623, 22.151447209004669 ], [ -159.305971535958804, 22.151266619145769 ], [ -159.306017428381921, 22.151086113408574 ], [ -159.306033392880721, 22.150905488539973 ], [ -159.306175953198562, 22.15072536510857 ], [ -159.306225295817455, 22.150544871801319 ], [ -159.306255406634534, 22.150368722141842 ] ] } },
{ "type": "Feature", "properties": { "objectid": 140, "island": "Kauai", "st_lengthshape": 944.02364279157098 }, "geometry": { "type": "LineString", "coordinates": [ [ -159.306152705322376, 22.148697325490819 ], [ -159.306066267692501, 22.148532580792626 ], [ -159.305954451687654, 22.148384926868754 ], [ -159.305838554157333, 22.148240021525154 ], [ -159.305713523994768, 22.148101267506227 ], [ -159.305585568577499, 22.147964483829025 ], [ -159.305448198739072, 22.147834039885225 ], [ -159.30532825529022, 22.14769186015976 ], [ -159.305223212652947, 22.147539644252795 ], [ -159.305079039678105, 22.147413783170844 ], [ -159.304966282384243, 22.147266763596871 ], [ -159.304888981254379, 22.147096511896951 ], [ -159.304661870026337, 22.147002326126493 ], [ -159.304500078327692, 22.146900962336602 ], [ -159.304341468503736, 22.146799491262914 ], [ -159.304111186825793, 22.146650635862695 ], [ -159.303940796708474, 22.146561415197247 ], [ -159.303767238908847, 22.146492267268322 ], [ -159.303521888386143, 22.146431415234101 ], [ -159.303332725786021, 22.146384285391203 ], [ -159.303143493625413, 22.146337674026512 ], [ -159.302954410502622, 22.146289954557062 ], [ -159.302769302898525, 22.146212418765465 ], [ -159.302586735928003, 22.146131519090694 ], [ -159.302219645889608, 22.146222931130474 ], [ -159.302025700377101, 22.146220057800132 ], [ -159.301831810366593, 22.146204094315912 ], [ -159.301637949996518, 22.146181084682819 ], [ -159.30144403553723, 22.146170903647867 ], [ -159.301250088954106, 22.146168402513901 ], [ -159.301056140763819, 22.146166055639071 ], [ -159.30086218617717, 22.146165260641016 ], [ -159.30066823040795, 22.146164822270073 ], [ -159.300474303462806, 22.146157402798728 ], [ -159.300280378351943, 22.14614992527369 ], [ -159.300086366035345, 22.146162607757073 ], [ -159.29989235051795, 22.146176085939299 ], [ -159.299698337903038, 22.146188663164338 ], [ -159.299504286798992, 22.146210569969256 ], [ -159.299310204045753, 22.146239554989716 ], [ -159.299116227390869, 22.146243975275752 ], [ -159.29892231439365, 22.146233538279091 ], [ -159.298728449224598, 22.14621174392305 ], [ -159.298534561578037, 22.146195360030237 ], [ -159.298340636212004, 22.146187749201893 ], [ -159.298151491100953, 22.146179298249947 ] ] } },
{ "type": "Feature", "properties": { "objectid": 141, "island": "Kauai", "st_lengthshape": 438.43619250907949 }, "geometry": { "type": "LineString", "coordinates": [ [ -159.293916948332907, 22.143131209792713 ], [ -159.293983260653107, 22.142948506638557 ], [ -159.293986980450313, 22.142767624631212 ], [ -159.293994618164248, 22.142588656258255 ], [ -159.293998707128736, 22.142299260493932 ], [ -159.293846895985752, 22.142171943078189 ], [ -159.293766892947076, 22.142006435545788 ], [ -159.293643460975773, 22.141864025589015 ], [ -159.293494682920226, 22.141735714018196 ], [ -159.293410961787828, 22.14164802563463 ], [ -159.293390377916523, 22.141465986642299 ], [ -159.293359497058646, 22.1413681073542 ], [ -159.293452302300921, 22.141195888965246 ], [ -159.293539796807437, 22.141023122657344 ], [ -159.293576917443431, 22.14084516095016 ], [ -159.293609563930886, 22.140668772930635 ], [ -159.293586740128717, 22.14041014584917 ], [ -159.29350131212621, 22.140228920038098 ], [ -159.293475150926298, 22.140048066421194 ], [ -159.293363748435866, 22.139866678543893 ], [ -159.293462182453652, 22.139692781367437 ], [ -159.293572330504389, 22.139541258253949 ] ] } },
{ "type": "Feature", "properties": { "objectid": 142, "island": "Kauai", "st_lengthshape": 94.338171053422144 }, "geometry": { "type": "LineString", "coordinates": [ [ -159.294287840894327, 22.137180991423925 ], [ -159.294451755761258, 22.136990052425897 ], [ -159.294486804701279, 22.136806876855896 ], [ -159.294467465919297, 22.136626977691254 ], [ -159.294284251825701, 22.13645695228767 ] ] } },
{ "type": "Feature", "properties": { "objectid": 143, "island": "Kauai", "st_lengthshape": 50.084251696870801 }, "geometry": { "type": "LineString", "coordinates": [ [ -159.294319700397438, 22.136092689167967 ], [ -159.294338539050557, 22.135912535012213 ], [ -159.294323199381466, 22.135830036763654 ], [ -159.294332014205253, 22.135642473554533 ] ] } },
{ "type": "Feature", "properties": { "objectid": 144, "island": "Kauai", "st_lengthshape": 264.66907259816224 }, "geometry": { "type": "LineString", "coordinates": [ [ -159.295165757787316, 22.133778215862524 ], [ -159.295246566144073, 22.133608562121616 ], [ -159.295265734984497, 22.133428418061996 ], [ -159.295053474334622, 22.133150070091151 ], [ -159.295027858360385, 22.132949117806394 ], [ -159.294943295969318, 22.132784565668171 ], [ -159.294761139582732, 22.132681270885662 ], [ -159.294624385832321, 22.132560475753987 ], [ -159.294604121383514, 22.132380068642771 ], [ -159.294640390992527, 22.132198817769673 ], [ -159.294663508079736, 22.132017763184109 ], [ -159.294677927556052, 22.131837896046708 ], [ -159.294681589396646, 22.131822656641962 ], [ -159.294772963889017, 22.13166418118151 ] ] } },
{ "type": "Feature", "properties": { "objectid": 145, "island": "Kauai", "st_lengthshape": 107.93082728919865 }, "geometry": { "type": "LineString", "coordinates": [ [ -159.294805958099488, 22.130059343253215 ], [ -159.294790610671356, 22.129853594041258 ], [ -159.294670718295919, 22.129712712201407 ], [ -159.294314349508966, 22.129481649583322 ], [ -159.29411859257192, 22.129509709802623 ] ] } },
{ "type": "Feature", "properties": { "objectid": 146, "island": "Kauai", "st_lengthshape": 288.56721629821163 }, "geometry": { "type": "LineString", "coordinates": [ [ -159.293972009697313, 22.124872975991511 ], [ -159.294146370700048, 22.124747108072093 ], [ -159.294287179540959, 22.124607466153055 ], [ -159.294360948058483, 22.124441485200101 ], [ -159.294361171622171, 22.12419335200444 ], [ -159.294340275315363, 22.124013708299948 ], [ -159.294336726342721, 22.123832472183587 ], [ -159.294336927515843, 22.123652913304969 ], [ -159.29424958256925, 22.123364859748687 ], [ -159.294178253299407, 22.123178660309801 ], [ -159.294028911065141, 22.123061655355421 ], [ -159.293862009815399, 22.122960868700371 ], [ -159.293497321090797, 22.122798847647665 ] ] } },
{ "type": "Feature", "properties": { "objectid": 147, "island": "Kauai", "st_lengthshape": 354.76360553837253 }, "geometry": { "type": "LineString", "coordinates": [ [ -159.294181141357598, 22.12263412072469 ], [ -159.294369228471567, 22.122709103814845 ], [ -159.29455789237258, 22.122777392098271 ], [ -159.294748804911166, 22.122771018976817 ], [ -159.295040975901429, 22.122730473685788 ], [ -159.295212673600219, 22.122642292600492 ], [ -159.295401803731892, 22.122575420732083 ], [ -159.29554840043258, 22.12245655708584 ], [ -159.295693215139977, 22.122345330557835 ], [ -159.295951803198818, 22.122046128790466 ], [ -159.296043615906768, 22.121880120675367 ], [ -159.296098111953455, 22.12170632842664 ], [ -159.296188536219347, 22.121541456554908 ], [ -159.296360017301112, 22.121262561410546 ], [ -159.296295773621694, 22.121086277849255 ], [ -159.296179042168717, 22.120917436195533 ] ] } },
{ "type": "Feature", "properties": { "objectid": 148, "island": "Kauai", "st_lengthshape": 20.000448455968368 }, "geometry": { "type": "LineString", "coordinates": [ [ -159.295612730351309, 22.119707650076439 ], [ -159.295461779434049, 22.119821082090141 ] ] } },
{ "type": "Feature", "properties": { "objectid": 149, "island": "Kauai", "st_lengthshape": 538.58660572656652 }, "geometry": { "type": "LineString", "coordinates": [ [ -159.296126424434505, 22.116773269459589 ], [ -159.296386917719587, 22.116625419560524 ], [ -159.296462352244419, 22.116452937931513 ], [ -159.296542138305171, 22.116281036501192 ], [ -159.296622164697226, 22.116109167117308 ], [ -159.296770110281244, 22.115946336936091 ], [ -159.296975029161104, 22.115791089465134 ], [ -159.296994744919459, 22.115611193206849 ], [ -159.297011647111162, 22.115430921712825 ], [ -159.297055893985942, 22.115254290113036 ], [ -159.297101716747278, 22.115077868842675 ], [ -159.297131393053462, 22.114901403752381 ], [ -159.297121749966493, 22.114694671921193 ], [ -159.297149500254108, 22.114513408564836 ], [ -159.297161106881617, 22.114332458250288 ], [ -159.29716753039682, 22.114151607704638 ], [ -159.297181768267166, 22.113970606518791 ], [ -159.297184913788101, 22.113789819748717 ], [ -159.297125479907209, 22.113614571951562 ], [ -159.297139342703986, 22.113360057085927 ], [ -159.297143686234534, 22.113172593541787 ], [ -159.297115093766138, 22.112992932348046 ], [ -159.297058387535913, 22.112819930905548 ], [ -159.296963922443751, 22.112655874342988 ], [ -159.296886677033939, 22.112487739032801 ], [ -159.296782655787837, 22.112329386850273 ] ] } },
{ "type": "Feature", "properties": { "objectid": 150, "island": "Kauai", "st_lengthshape": 17.226277212294651 }, "geometry": { "type": "LineString", "coordinates": [ [ -159.296937355069872, 22.106446996801317 ], [ -159.296893923469639, 22.1062967231511 ] ] } },
{ "type": "Feature", "properties": { "objectid": 151, "island": "Kauai", "st_lengthshape": 1358.8349960166222 }, "geometry": { "type": "LineString", "coordinates": [ [ -159.302445713798051, 22.100138995062039 ], [ -159.302646329468303, 22.100163804240221 ], [ -159.302826971080833, 22.100072234245321 ], [ -159.303232496853866, 22.10001371835062 ], [ -159.303426741282095, 22.099962422052492 ], [ -159.303612789725207, 22.099898906413074 ], [ -159.30379408990413, 22.09982830921934 ], [ -159.30402696933038, 22.099834620294875 ], [ -159.304127932671918, 22.099644239154951 ], [ -159.304242459247774, 22.099474082329348 ], [ -159.304962396058215, 22.098976017460544 ], [ -159.304992998916873, 22.09879551424196 ], [ -159.305144374959781, 22.098650668255846 ], [ -159.305169393781199, 22.098468516716224 ], [ -159.305263368176554, 22.098306723619302 ], [ -159.305343395643746, 22.098140812461025 ], [ -159.305425050705111, 22.097975382462419 ], [ -159.30552017207927, 22.097813927666142 ], [ -159.305562634051057, 22.097636926461654 ], [ -159.305617044235589, 22.097463452504158 ], [ -159.305709558486939, 22.097301228222761 ], [ -159.305770553169083, 22.097129697834234 ], [ -159.305829524153523, 22.09695757042206 ], [ -159.305914495598216, 22.096793119610815 ], [ -159.306030112082908, 22.096637716212616 ], [ -159.306020524459598, 22.096445348194848 ], [ -159.306053322652758, 22.096265493814474 ], [ -159.306147817468144, 22.09610385370225 ], [ -159.306208345497481, 22.095932186686937 ], [ -159.306191092304971, 22.09573755455753 ], [ -159.306227383299188, 22.095558731636117 ], [ -159.306299846554765, 22.095390588206982 ], [ -159.306317184767607, 22.095156009026674 ], [ -159.306437606861067, 22.094981268189347 ], [ -159.306411079296595, 22.09479893206202 ], [ -159.306445648283301, 22.094619754543668 ], [ -159.306539856370762, 22.094443657925314 ], [ -159.30661926618717, 22.094266796697145 ], [ -159.306605142774288, 22.094085102247178 ], [ -159.307138956646128, 22.093931722757308 ], [ -159.307207082005817, 22.093754278949728 ], [ -159.307121852411683, 22.093568910175364 ], [ -159.307000347077405, 22.093381667095446 ], [ -159.306945874367557, 22.093197887413762 ], [ -159.306890359558281, 22.093014053651839 ], [ -159.306902079657675, 22.092833694746162 ], [ -159.306888549399389, 22.092652030797705 ], [ -159.306817336346683, 22.092467386270449 ], [ -159.306801551126028, 22.092285605477141 ], [ -159.306742857813504, 22.092101607758753 ], [ -159.306780976152879, 22.091922613182383 ], [ -159.306736562107972, 22.091739353864934 ], [ -159.306772394238891, 22.091560240705896 ], [ -159.30674152641501, 22.091377680515695 ], [ -159.306638866130527, 22.090986777784941 ], [ -159.306557518585038, 22.090819836893079 ], [ -159.306401028618978, 22.090671202228581 ], [ -159.306160040763189, 22.090543153303692 ] ] } },
{ "type": "Feature", "properties": { "objectid": 152, "island": "Kauai", "st_lengthshape": 747.48146830069663 }, "geometry": { "type": "LineString", "coordinates": [ [ -159.311348197859616, 22.083345225859407 ], [ -159.311503385627219, 22.083211328087827 ], [ -159.311636484075905, 22.08306840897929 ], [ -159.311740960759835, 22.082913803250456 ], [ -159.311840045706816, 22.082756995216794 ], [ -159.311911743104616, 22.08258900240304 ], [ -159.311973467472882, 22.082416938719199 ], [ -159.312028997831732, 22.082242345457889 ], [ -159.312114219559902, 22.082079876562688 ], [ -159.312169884476248, 22.081905337198805 ], [ -159.312237025916232, 22.081735485523609 ], [ -159.312316248284446, 22.081570567007926 ], [ -159.312404552621786, 22.081409356881263 ], [ -159.312455818965788, 22.08123302255218 ], [ -159.312560309920315, 22.081078422583936 ], [ -159.312649970030833, 22.080917765343926 ], [ -159.312732558096059, 22.08075422154149 ], [ -159.312832964800094, 22.080597954232402 ], [ -159.312920688744327, 22.080436507325597 ], [ -159.312922136776564, 22.080267459525015 ], [ -159.312994059697758, 22.08009693253825 ], [ -159.313116261667659, 22.079954578745124 ], [ -159.3132552593637, 22.079821637232836 ], [ -159.313384936817414, 22.079683473521357 ], [ -159.31350868603451, 22.079541987384662 ], [ -159.313614208504788, 22.079390287504214 ], [ -159.313703236655897, 22.079229345401156 ], [ -159.313835921767492, 22.079092867702315 ], [ -159.314004794608962, 22.078976666752929 ], [ -159.314123176715441, 22.078860299715977 ], [ -159.314213480550535, 22.078693655994705 ], [ -159.314301747813602, 22.078525341161541 ], [ -159.314443468161159, 22.078400899280105 ], [ -159.314515822804225, 22.078219523198499 ], [ -159.314629725023735, 22.078072248749798 ], [ -159.314755679111869, 22.077934867167055 ], [ -159.314888867516487, 22.077803422507518 ], [ -159.315028131734891, 22.077676964761324 ] ] } },
{ "type": "Feature", "properties": { "objectid": 153, "island": "Kauai", "st_lengthshape": 754.68416761786943 }, "geometry": { "type": "LineString", "coordinates": [ [ -159.315540497442328, 22.077117646733946 ], [ -159.315701130157123, 22.07700879043794 ], [ -159.315812449950442, 22.076859365449568 ], [ -159.315937478311554, 22.076721218629967 ], [ -159.316071944398288, 22.076590835695374 ], [ -159.316142922711435, 22.076408222025677 ], [ -159.316262515203505, 22.07626560350587 ], [ -159.316433064077586, 22.076164906148485 ], [ -159.316534683267832, 22.076007501293759 ], [ -159.316673650073085, 22.075880821383691 ], [ -159.31677755957935, 22.075725301032776 ], [ -159.31699687984181, 22.075474753763938 ], [ -159.317087821711226, 22.075313714847475 ], [ -159.317152538540967, 22.075143334584787 ], [ -159.317238203828907, 22.074980416723193 ], [ -159.317307872521098, 22.074811800241093 ], [ -159.317351080567761, 22.074633757093853 ], [ -159.317435735171955, 22.074412628021502 ], [ -159.317435931278823, 22.074231828804084 ], [ -159.31744305053158, 22.074050808356333 ], [ -159.317457530994062, 22.07386955408268 ], [ -159.317464998157931, 22.073688523013409 ], [ -159.31746115260384, 22.073507852685111 ], [ -159.317454863669496, 22.073327260273071 ], [ -159.317473291666744, 22.073145879971467 ], [ -159.317487295161555, 22.072964641057222 ], [ -159.317516669358383, 22.072782911549879 ], [ -159.317545095596074, 22.072601212784225 ], [ -159.31753125258993, 22.072420860879262 ], [ -159.317489467341716, 22.072241399787011 ], [ -159.317493359003123, 22.072060483130397 ], [ -159.31743956696485, 22.071650788569297 ], [ -159.317414103917883, 22.071463202758267 ], [ -159.317374588118724, 22.071281544561781 ], [ -159.317292671902351, 22.0711177690516 ], [ -159.317194840926334, 22.070960706188494 ] ] } },
{ "type": "Feature", "properties": { "objectid": 154, "island": "Kauai", "st_lengthshape": 1289.8037029375807 }, "geometry": { "type": "LineString", "coordinates": [ [ -159.316613809193711, 22.070539682704108 ], [ -159.316517567648901, 22.070380288174935 ], [ -159.316510513566698, 22.070234147063889 ], [ -159.316518577948671, 22.07022374913949 ], [ -159.316606810254655, 22.070058938378867 ], [ -159.316630672926777, 22.069877683091619 ], [ -159.316667780269171, 22.06969981264379 ], [ -159.316670793815177, 22.069513232173872 ], [ -159.316719529035936, 22.069338331390615 ], [ -159.316746259179666, 22.069157808631804 ], [ -159.316795683725616, 22.068983084463373 ], [ -159.316859915155931, 22.068812142307443 ], [ -159.316947992977703, 22.068647290991493 ], [ -159.317017403803675, 22.068477672212424 ], [ -159.317119922584055, 22.068316510470957 ], [ -159.317180410865461, 22.068144612371217 ], [ -159.317256069603246, 22.067976588591502 ], [ -159.317327154588043, 22.067807397368217 ], [ -159.317371591262543, 22.067631398895571 ], [ -159.317408929876279, 22.067453586520919 ], [ -159.3174637063197, 22.067280229490567 ], [ -159.317519148880251, 22.067107041896868 ], [ -159.317566534254581, 22.066931796527449 ], [ -159.317613392916968, 22.066756416648293 ], [ -159.317661003055406, 22.066581228630127 ], [ -159.317708404574915, 22.066405987697735 ], [ -159.317757043431556, 22.066231062356728 ], [ -159.317802480897484, 22.066055319280103 ], [ -159.317856114901559, 22.065881669796692 ], [ -159.317909670225305, 22.06570800057052 ], [ -159.317977510366717, 22.065537980563342 ], [ -159.317954505769819, 22.065344754259556 ], [ -159.317982908478285, 22.065164659827911 ], [ -159.318037299340375, 22.064991203943897 ], [ -159.318070587636214, 22.064812357582881 ], [ -159.318097670229889, 22.064631925994988 ], [ -159.318192011764978, 22.064468675331671 ], [ -159.318207236673402, 22.064285214959042 ], [ -159.318252162890303, 22.064109341723071 ], [ -159.318290905710171, 22.063931888639292 ], [ -159.318377489342936, 22.063766656350367 ], [ -159.318415551137548, 22.063589029289876 ], [ -159.318540685201299, 22.063361141527185 ], [ -159.318582949806313, 22.063182050799334 ], [ -159.318580298607799, 22.063001067168912 ], [ -159.318592881980578, 22.062820725130262 ], [ -159.318624684676678, 22.062641193995923 ], [ -159.318630475096143, 22.062460565231728 ], [ -159.31862259157478, 22.062279360493857 ], [ -159.318641677876343, 22.062099293068922 ], [ -159.318664373800317, 22.0619193776147 ], [ -159.318640042267816, 22.061737479431859 ], [ -159.318614272365693, 22.061555520800439 ], [ -159.31855608058774, 22.06137219513057 ], [ -159.318535573158812, 22.061190457513597 ], [ -159.318572480853703, 22.061011141376532 ], [ -159.318624482027417, 22.060840575471815 ], [ -159.31873946092125, 22.060787315125825 ], [ -159.318783199491008, 22.060605116306181 ], [ -159.318861704528246, 22.060439572411052 ], [ -159.318931210423131, 22.060269716730105 ], [ -159.319047972541966, 22.060122500352321 ], [ -159.319141308047165, 22.059964060065408 ], [ -159.319254541919548, 22.059815152855883 ], [ -159.319338062098581, 22.059652012031197 ], [ -159.319413146868015, 22.05948482937341 ] ] } },
{ "type": "Feature", "properties": { "objectid": 155, "island": "Kauai", "st_lengthshape": 1419.4190189114058 }, "geometry": { "type": "LineString", "coordinates": [ [ -159.319634775974833, 22.05912110353529 ], [ -159.319784245349638, 22.058994067936322 ], [ -159.319905261044141, 22.058851070731802 ], [ -159.320027996063828, 22.058709038563606 ], [ -159.320117326434115, 22.058548267441498 ], [ -159.320216807076832, 22.058393189765887 ], [ -159.320325884841054, 22.058243496721428 ], [ -159.320439793062974, 22.058096512597928 ], [ -159.320555976654731, 22.057950805016546 ], [ -159.320688298837609, 22.057814150726095 ], [ -159.320813883238174, 22.057673716894161 ], [ -159.320949232584383, 22.057538762154628 ], [ -159.321032849385176, 22.057374785484487 ], [ -159.321125748880888, 22.057216016959472 ], [ -159.321229780637822, 22.057063493697385 ], [ -159.321331748124749, 22.056909811693686 ], [ -159.321406744043429, 22.056740999375148 ], [ -159.321459541871633, 22.056559736040377 ], [ -159.321552425812001, 22.056400959167163 ], [ -159.32165177628633, 22.05624580949355 ], [ -159.321722128128329, 22.056074392497631 ], [ -159.321809859623528, 22.05591272555905 ], [ -159.321923671308099, 22.055765689088982 ], [ -159.321972744591193, 22.055696591406679 ], [ -159.322121246293364, 22.055558167715638 ], [ -159.322289580704052, 22.055464679004576 ], [ -159.32246957371629, 22.055397607238213 ], [ -159.32265341646621, 22.055339255823458 ], [ -159.322843257035203, 22.055294493667525 ], [ -159.323017586690355, 22.055214590067983 ], [ -159.323188271755811, 22.055126428808116 ], [ -159.32336421326977, 22.055050176978735 ], [ -159.323546537422317, 22.054988387265961 ], [ -159.323731914497358, 22.054933512569406 ], [ -159.323919704489782, 22.054884107737237 ], [ -159.324112900109668, 22.054846947154562 ], [ -159.32429998160859, 22.054795935167267 ], [ -159.324481018105388, 22.054731227954679 ], [ -159.324656428457331, 22.054653773318506 ], [ -159.324834703735206, 22.054582812159502 ], [ -159.325014440126267, 22.05451515901493 ], [ -159.325191376491631, 22.054441163665626 ], [ -159.32536872670488, 22.054368105074619 ], [ -159.325696220970428, 22.054213734321628 ], [ -159.325849138840596, 22.054101154045583 ], [ -159.326008132844493, 22.053994402267705 ], [ -159.326172783387733, 22.053893075065247 ], [ -159.326325708303102, 22.05378050156046 ], [ -159.326470918033294, 22.053660528766947 ], [ -159.32661682684585, 22.053541226610054 ], [ -159.32676017800992, 22.053419471168414 ], [ -159.326858465032444, 22.053254491952931 ], [ -159.326949323419711, 22.053082386722714 ], [ -159.327042342706477, 22.052912355939714 ], [ -159.327120645482779, 22.052784539753855 ], [ -159.327249216891829, 22.052636200777243 ], [ -159.327430482998778, 22.052565247999095 ], [ -159.327590821236612, 22.052463560305132 ], [ -159.327746571314492, 22.052355135652409 ], [ -159.327888762531558, 22.052226798179671 ], [ -159.328046567844098, 22.052121392038117 ], [ -159.328213683974354, 22.052029659619762 ], [ -159.328380090009063, 22.051936884079378 ], [ -159.328559517714353, 22.051863231557608 ], [ -159.328747569778159, 22.051802244016532 ], [ -159.328912665318683, 22.051707544435466 ], [ -159.32909025648712, 22.051631195546005 ], [ -159.329259345410122, 22.051542359951952 ], [ -159.329403725355917, 22.051417240245851 ], [ -159.329534002694231, 22.051271409425581 ], [ -159.329673089117819, 22.051138515193262 ] ] } },
{ "type": "Feature", "properties": { "objectid": 156, "island": "Kauai", "st_lengthshape": 246.21586329053338 }, "geometry": { "type": "LineString", "coordinates": [ [ -159.330142966598942, 22.051296054294809 ], [ -159.330260153714761, 22.051472823554946 ], [ -159.330392515904691, 22.051623739969685 ], [ -159.330577597155468, 22.051684841822198 ], [ -159.331153960386388, 22.051757843939491 ], [ -159.33134126623068, 22.051709482323595 ], [ -159.331520064665369, 22.051638992598058 ], [ -159.331704771713277, 22.051583869968006 ], [ -159.331891548656387, 22.051534133761535 ], [ -159.332057615294275, 22.051430524755599 ], [ -159.33222395860949, 22.051327637773067 ] ] } },
{ "type": "Feature", "properties": { "objectid": 157, "island": "Kauai", "st_lengthshape": 723.73174290873476 }, "geometry": { "type": "LineString", "coordinates": [ [ -159.332684948154025, 22.050857950776191 ], [ -159.332896578069011, 22.050828492135103 ], [ -159.333093816442613, 22.050778808279269 ], [ -159.33324856382859, 22.050669409273905 ], [ -159.333395242576927, 22.050548672119419 ], [ -159.333570824605317, 22.050468555144526 ], [ -159.333772264656233, 22.050424774931269 ], [ -159.334211058715852, 22.050149272786587 ], [ -159.334292610700629, 22.049983900507321 ], [ -159.334334179389998, 22.049806576924112 ], [ -159.334395465056161, 22.049635147754788 ], [ -159.334503528997971, 22.049477697685546 ], [ -159.334550760928948, 22.049302068164771 ], [ -159.334618524389896, 22.049132574389862 ], [ -159.33467235167376, 22.048958915304095 ], [ -159.334718987775091, 22.048783107161061 ], [ -159.334807250371568, 22.048619740081783 ], [ -159.334921288016716, 22.048464076263699 ], [ -159.335011723498781, 22.048301358718138 ], [ -159.335078554945909, 22.048131586583533 ], [ -159.335148617587407, 22.047962779907341 ], [ -159.335205690663855, 22.047790090607773 ], [ -159.335242855730286, 22.047611452240673 ], [ -159.335288764333768, 22.047435426775564 ], [ -159.335330196280523, 22.047258063433958 ], [ -159.335375942713199, 22.047081989485523 ], [ -159.33543146545793, 22.046908837999126 ], [ -159.335531631190406, 22.04674902826838 ], [ -159.335613204950391, 22.046583661578911 ], [ -159.3356826474988, 22.046414670722807 ], [ -159.335712219198882, 22.046233762092278 ], [ -159.335751225835168, 22.046055674523572 ], [ -159.335806137745294, 22.045882339848177 ], [ -159.335845920965454, 22.04570448374654 ], [ -159.335876272996558, 22.045523809271945 ] ] } },
{ "type": "Feature", "properties": { "objectid": 158, "island": "Kauai", "st_lengthshape": 735.8653613378367 }, "geometry": { "type": "LineString", "coordinates": [ [ -159.335093903737572, 22.042986811564727 ], [ -159.335001993151337, 22.042825653205526 ], [ -159.334889816985338, 22.042678285701886 ], [ -159.334750622907364, 22.042549303261293 ], [ -159.334619629994222, 22.042424704600815 ], [ -159.334761693009881, 22.042048038031528 ], [ -159.335009634847665, 22.04171631868758 ], [ -159.334966808377601, 22.041485539164491 ], [ -159.334888496221879, 22.041308047581143 ], [ -159.334843540545734, 22.041160266077451 ], [ -159.334797481091783, 22.04097165037274 ], [ -159.334853008665391, 22.040798335438719 ], [ -159.334913781591496, 22.040626238436761 ], [ -159.334976052388214, 22.040454488881576 ], [ -159.335024831217169, 22.040279607567875 ], [ -159.335065243361413, 22.040102783791074 ], [ -159.335116199657307, 22.039928408434445 ], [ -159.335153505042996, 22.039750862813953 ], [ -159.335220284715604, 22.039580160050367 ], [ -159.335278829566107, 22.039407546172406 ], [ -159.335335204352674, 22.039234428077194 ], [ -159.335421697086304, 22.039068302350394 ], [ -159.335465359414428, 22.038892233402155 ], [ -159.335514740209533, 22.038717491625132 ], [ -159.335566131788823, 22.038543216403884 ], [ -159.335604876095857, 22.038366005599297 ], [ -159.335615809023068, 22.038182337962397 ], [ -159.33563942201107, 22.038001614851801 ], [ -159.335667774211203, 22.037821991447863 ], [ -159.335716593993084, 22.037647119744484 ], [ -159.335770968325733, 22.03747353759282 ], [ -159.335817538467097, 22.037298143759976 ], [ -159.335863209704996, 22.03712254034934 ], [ -159.335890063483248, 22.036942569429844 ], [ -159.335928837511517, 22.036765567156994 ] ] } },
{ "type": "Feature", "properties": { "objectid": 159, "island": "Kauai", "st_lengthshape": 3785.5744794079187 }, "geometry": { "type": "LineString", "coordinates": [ [ -159.335954349336163, 22.036209972375371 ], [ -159.336054845077399, 22.036041030441321 ], [ -159.336052936673752, 22.035858175070945 ], [ -159.336085930258548, 22.035680060720676 ], [ -159.33610230545608, 22.035499689333189 ], [ -159.336123880129719, 22.035320023700368 ], [ -159.336118714695544, 22.035136725085042 ], [ -159.336120841572324, 22.034954417935829 ], [ -159.336161974359698, 22.034777409830152 ], [ -159.336195040278653, 22.034599306131426 ], [ -159.336231673249443, 22.034421686573591 ], [ -159.336226508694921, 22.034238387940988 ], [ -159.336253054299732, 22.034067835922439 ], [ -159.336255592681709, 22.033985583179422 ], [ -159.336317698060753, 22.033813771025152 ], [ -159.336402857699881, 22.033651242249412 ], [ -159.336489711623102, 22.033489395660318 ], [ -159.336546283036427, 22.033315355149306 ], [ -159.33667636749243, 22.033170915692473 ], [ -159.336745435166677, 22.033001907797395 ], [ -159.336793664672911, 22.032824509084939 ], [ -159.336837691353566, 22.032645417816518 ], [ -159.33690532794148, 22.032475832780836 ], [ -159.336965188459089, 22.032303117925835 ], [ -159.337043940105616, 22.032138009106681 ], [ -159.337096836244996, 22.03196248888581 ], [ -159.337148790461441, 22.03178659023494 ], [ -159.337221756989521, 22.031619152412826 ], [ -159.337318227499964, 22.031461178503356 ], [ -159.337438059353758, 22.0313126109397 ], [ -159.337461962789916, 22.031125417305351 ], [ -159.337566743955051, 22.030970789641909 ], [ -159.337669909978416, 22.030815512051387 ], [ -159.337818427261283, 22.030678495214307 ], [ -159.337950288811584, 22.030534771117562 ], [ -159.338060325974197, 22.030382260804775 ], [ -159.338152992652482, 22.030222754782514 ], [ -159.338250199303445, 22.030065076934843 ], [ -159.338320830380212, 22.029902952058737 ], [ -159.338398093194201, 22.02957735909229 ], [ -159.338423673206023, 22.029398244025035 ], [ -159.338448912953055, 22.029219090805487 ], [ -159.338466333716838, 22.029039034027857 ], [ -159.338469105250255, 22.028857286451593 ], [ -159.338491073650459, 22.028677755107115 ], [ -159.338545564978915, 22.028501977214265 ], [ -159.338507451813769, 22.028315510499109 ], [ -159.338502741719225, 22.028132899314947 ], [ -159.338519209538703, 22.027952732451983 ], [ -159.338549983289056, 22.027774217330506 ], [ -159.338606337091932, 22.027598655090703 ], [ -159.338676692350759, 22.027424708153433 ], [ -159.338749972594741, 22.027251099348359 ], [ -159.338797208363502, 22.027074484404753 ], [ -159.338830905767111, 22.026896306479941 ], [ -159.33883363709532, 22.026714554421506 ], [ -159.338837197112809, 22.026532898217184 ], [ -159.338886690851382, 22.026356543275327 ], [ -159.338932304650143, 22.026179741006757 ], [ -159.338986878844196, 22.026003972696184 ], [ -159.339001151516783, 22.025823552807505 ], [ -159.339038618677819, 22.025645810609831 ], [ -159.339077942779966, 22.025468282287736 ], [ -159.339101583797031, 22.025288943387007 ], [ -159.339110721331139, 22.025107930602616 ], [ -159.339115941259024, 22.024926466069363 ], [ -159.339126002300702, 22.024747950287622 ], [ -159.33915736830437, 22.024555463839064 ], [ -159.33914715412979, 22.024374969010747 ], [ -159.339128368213551, 22.024195099030901 ], [ -159.339162322692601, 22.024011382351592 ], [ -159.339180198280559, 22.023828839088218 ], [ -159.339155278109672, 22.023649416351866 ], [ -159.339097205535268, 22.023472412067427 ], [ -159.339059207082926, 22.023293943301436 ], [ -159.338995612768599, 22.023117340682472 ], [ -159.338941656930814, 22.022940035998914 ], [ -159.338923544784791, 22.022760116683411 ], [ -159.338911090304492, 22.022579785435749 ], [ -159.338881151524504, 22.02240072895988 ], [ -159.338859680816171, 22.022221054174572 ], [ -159.338806776614859, 22.022043673165044 ], [ -159.338758122518669, 22.021865981597848 ], [ -159.338721052054098, 22.021687444839905 ], [ -159.338704674453652, 22.021507399014844 ], [ -159.338669059237702, 22.021328757138967 ], [ -159.338621256140641, 22.021151003221995 ], [ -159.338606772660484, 22.02097081884672 ], [ -159.338621877988942, 22.020788477344087 ], [ -159.338651479753622, 22.020605078667241 ], [ -159.338577816013668, 22.020429211240533 ], [ -159.338555095361158, 22.020249628388132 ], [ -159.338603577131181, 22.020064851803188 ], [ -159.338531402709918, 22.019888875560618 ], [ -159.338542105069138, 22.019706854824015 ], [ -159.338554757498514, 22.01952469273138 ], [ -159.338563665684603, 22.01934280217419 ], [ -159.338591142790591, 22.019159558742416 ], [ -159.33857834036283, 22.018979252494521 ], [ -159.338568474233028, 22.018798731480366 ], [ -159.338559516125827, 22.018619078601652 ], [ -159.338592339127928, 22.018425869070096 ], [ -159.338668751507413, 22.018248651660489 ], [ -159.33876657708754, 22.018072476798618 ], [ -159.338838461814277, 22.017895039190012 ], [ -159.338905922805822, 22.017717387544472 ], [ -159.338840179842379, 22.017533255345107 ], [ -159.338824024593777, 22.017354461150539 ], [ -159.33859863641473, 22.016780206764089 ], [ -159.338569835911812, 22.016593419680611 ], [ -159.338459852973102, 22.016441843008675 ], [ -159.338357810907723, 22.016286822200886 ], [ -159.33826425462243, 22.016128120348789 ], [ -159.338122385008091, 22.01599037410201 ], [ -159.337999593874571, 22.015844352595391 ], [ -159.337930034657802, 22.015681502128324 ], [ -159.337919791177313, 22.015631085792137 ], [ -159.337900815905556, 22.01545023921943 ], [ -159.337858332623739, 22.015273918562013 ], [ -159.337832520263703, 22.015094388830008 ], [ -159.337807357797715, 22.014914733978273 ], [ -159.337813600051817, 22.014729031796747 ], [ -159.337798129840365, 22.014547510321343 ], [ -159.337783901213498, 22.01436575048281 ], [ -159.337743602249475, 22.014189009682266 ], [ -159.337772683234306, 22.013998910345979 ], [ -159.337629431834102, 22.01384199176319 ], [ -159.337663263084323, 22.013650978306277 ], [ -159.337516470591794, 22.013494740876293 ], [ -159.337399057794443, 22.013332846910171 ], [ -159.337509058372035, 22.013127168276792 ], [ -159.337522446054095, 22.012940090764676 ], [ -159.337621953225835, 22.012736432073531 ], [ -159.337527906217531, 22.012570039690708 ], [ -159.337586280171365, 22.012374301269414 ], [ -159.337459422208923, 22.012214225522399 ], [ -159.3372771386571, 22.012064821358273 ], [ -159.337482474915987, 22.011840787327341 ], [ -159.337060665692064, 22.011553001088462 ], [ -159.336922968552784, 22.011395012454567 ], [ -159.336796548973012, 22.011234852140603 ], [ -159.336733729648103, 22.011062447722068 ], [ -159.336686054597521, 22.010887126572712 ], [ -159.33669059767422, 22.010701752155477 ], [ -159.336711978583224, 22.010513135926193 ], [ -159.336741186162982, 22.010323012931817 ], [ -159.336724312709975, 22.010141762443499 ], [ -159.336679094856123, 22.009965968238273 ], [ -159.336624258861747, 22.009792025949142 ], [ -159.336555489528763, 22.009620767462277 ], [ -159.336497664345643, 22.009447400426602 ], [ -159.336455277659724, 22.009271061875904 ], [ -159.33638787036648, 22.009099540316001 ], [ -159.336309518319865, 22.008930125420047 ], [ -159.336223076415024, 22.008762269250941 ], [ -159.336187969769924, 22.008584528894225 ], [ -159.336178348648701, 22.008401881160978 ], [ -159.336094036740235, 22.008233614894131 ], [ -159.336049386815233, 22.008057711785767 ], [ -159.336036279532834, 22.007877727302592 ], [ -159.336064325901418, 22.007753373902684 ], [ -159.336121864157747, 22.007566379331582 ], [ -159.33614081727066, 22.00738300354093 ], [ -159.336142971571064, 22.007201201653984 ], [ -159.336145547219843, 22.007019360954587 ], [ -159.336134081794881, 22.0068388364447 ], [ -159.336132173733091, 22.006657415996266 ], [ -159.336121832920384, 22.006476785275538 ], [ -159.336113660864527, 22.006295952249936 ], [ -159.33613041606003, 22.006112781503923 ], [ -159.336197550595102, 22.005924888153338 ], [ -159.336051702268662, 22.005756962975276 ], [ -159.336001864696726, 22.005580035979335 ], [ -159.335935730433647, 22.005404636648535 ], [ -159.335904587233642, 22.005225957478011 ], [ -159.335849264829506, 22.005049544874602 ], [ -159.33580268033964, 22.004872312998117 ], [ -159.335788044355979, 22.004692085812515 ], [ -159.335757248266816, 22.004513373360115 ], [ -159.335705335806409, 22.004336641114133 ], [ -159.335652529459054, 22.004159991986274 ], [ -159.335591046372031, 22.003993139483118 ] ] } },
{ "type": "Feature", "properties": { "objectid": 160, "island": "Kauai", "st_lengthshape": 386.95109541961557 }, "geometry": { "type": "LineString", "coordinates": [ [ -159.341437540278235, 21.99452558285304 ], [ -159.341443942212663, 21.994333497860147 ], [ -159.341452113702985, 21.99414087162917 ], [ -159.341449616458391, 21.993951504646642 ], [ -159.341448686469789, 21.993761658281571 ], [ -159.341429929191293, 21.993577256140433 ], [ -159.341409672484701, 21.993393312449765 ], [ -159.341382835160658, 21.993211378158204 ], [ -159.341350258461659, 21.993031196740244 ], [ -159.341296500417741, 21.992857483782803 ], [ -159.341213029873444, 21.992692845381654 ], [ -159.341159286651759, 21.992519128724318 ], [ -159.341097412148002, 21.99234789445509 ], [ -159.341085802459588, 21.992161310007834 ], [ -159.341065375084924, 21.991977418990825 ], [ -159.340996650246012, 21.991808276835894 ], [ -159.340944306425257, 21.991634132554712 ], [ -159.340854356127267, 21.99147147329931 ], [ -159.340759041273827, 21.991310452238164 ], [ -159.340644225657002, 21.991178006051545 ] ] } },
{ "type": "Feature", "properties": { "objectid": 161, "island": "Kauai", "st_lengthshape": 460.01355602382313 }, "geometry": { "type": "LineString", "coordinates": [ [ -159.351863003335751, 21.960364596744938 ], [ -159.351679921330771, 21.960466597039105 ], [ -159.351493487017905, 21.960539451819503 ], [ -159.351304656540179, 21.960591479792662 ], [ -159.351113624928786, 21.960624371788985 ], [ -159.350918624745589, 21.960622756684486 ], [ -159.350724657733821, 21.960630122133917 ], [ -159.350533937640535, 21.960665716815058 ], [ -159.350340532661988, 21.96067797730494 ], [ -159.350143387945764, 21.96065771686353 ], [ -159.349963167173968, 21.96078460188501 ], [ -159.34977073076567, 21.960805283399594 ], [ -159.349576479417237, 21.960810176265586 ], [ -159.349376059190121, 21.960761432517813 ], [ -159.349173633305668, 21.960695249899025 ], [ -159.34898265326143, 21.960658702937604 ], [ -159.348750743990678, 21.96062580225577 ], [ -159.348555088340532, 21.96051308951715 ], [ -159.348333728785121, 21.960344419023318 ], [ -159.34808593008475, 21.96020747105014 ], [ -159.347999176713785, 21.960039728997206 ], [ -159.34792560910995, 21.959861744566073 ] ] } },
{ "type": "Feature", "properties": { "objectid": 162, "island": "Kauai", "st_lengthshape": 83.668444535253698 }, "geometry": { "type": "LineString", "coordinates": [ [ -159.342202729996416, 21.958925812412787 ], [ -159.342008478962498, 21.958929115266312 ], [ -159.341819419672788, 21.958982871072177 ], [ -159.341618607554778, 21.95892241712599 ], [ -159.341424330229188, 21.958854716330503 ] ] } },
{ "type": "Feature", "properties": { "objectid": 163, "island": "Kauai", "st_lengthshape": 40.734938028194279 }, "geometry": { "type": "LineString", "coordinates": [ [ -159.337854296631065, 21.958130780047398 ], [ -159.33765560510372, 21.958069362813887 ], [ -159.337526152269675, 21.957945814659681 ] ] } },
{ "type": "Feature", "properties": { "objectid": 164, "island": "Kauai", "st_lengthshape": 1018.2875608377121 }, "geometry": { "type": "LineString", "coordinates": [ [ -159.390693579923692, 21.907583054841428 ], [ -159.390811388007307, 21.907813863576845 ], [ -159.390862336068039, 21.908022506751667 ], [ -159.390964804000191, 21.908248230126727 ], [ -159.390817999286071, 21.908391315172583 ], [ -159.390759038423738, 21.908563522969047 ], [ -159.390749242532195, 21.908752028811762 ], [ -159.39075007988896, 21.90894405996433 ], [ -159.390709603172724, 21.909122394414211 ], [ -159.390644129933236, 21.909292443015065 ], [ -159.390579028652354, 21.909462614478272 ], [ -159.390508076133159, 21.90963084563516 ], [ -159.390433377125248, 21.909797835273068 ], [ -159.390374992798257, 21.909970233982669 ], [ -159.390346050877326, 21.910152392377171 ], [ -159.390320327096504, 21.910335618236726 ], [ -159.390319230671565, 21.910527008884717 ], [ -159.390240351477985, 21.910692612509205 ], [ -159.390145373259571, 21.910852879636774 ], [ -159.390078455670135, 21.911022448976798 ], [ -159.389974668365994, 21.911179796154414 ], [ -159.389881727453911, 21.911340738598092 ], [ -159.389774395870688, 21.911496909622677 ], [ -159.389677931046322, 21.911656684004782 ], [ -159.3895783640601, 21.911815430320001 ], [ -159.389466727831234, 21.911967897247624 ], [ -159.389300548451985, 21.912202232919935 ], [ -159.38913800624124, 21.91230975953204 ], [ -159.388974369256147, 21.912416396866956 ], [ -159.388820863210526, 21.912531264030065 ], [ -159.388663833658427, 21.912643268206828 ], [ -159.388548980099074, 21.91278953359955 ], [ -159.388421961308069, 21.912925916772821 ], [ -159.388292487348082, 21.913060306305496 ], [ -159.38815282919964, 21.913179860701504 ], [ -159.387920181610866, 21.913356594152656 ], [ -159.387756290607228, 21.91345565273814 ], [ -159.387571290527745, 21.913513458712554 ], [ -159.387420536509893, 21.913627542034376 ], [ -159.387157926994263, 21.913657240516269 ], [ -159.386958661402389, 21.913619492421343 ], [ -159.386766732616707, 21.913621447073524 ], [ -159.386482108580594, 21.913584202602113 ], [ -159.38629631459554, 21.913532764579827 ], [ -159.386120436377894, 21.913456314512594 ], [ -159.385910337346218, 21.913347086902725 ], [ -159.385762496930681, 21.913230171039192 ], [ -159.385539605554072, 21.913192091735485 ] ] } },
{ "type": "Feature", "properties": { "objectid": 165, "island": "Kauai", "st_lengthshape": 121.8998618012739 }, "geometry": { "type": "LineString", "coordinates": [ [ -159.385213939367674, 21.913604315275578 ], [ -159.38525930006216, 21.913786397269732 ], [ -159.385345248877741, 21.913948391707628 ], [ -159.385455093160715, 21.914098559043584 ], [ -159.385515745073235, 21.914273073049472 ], [ -159.385578436357974, 21.91444657851342 ], [ -159.385614162576331, 21.914628781438672 ] ] } },
{ "type": "Feature", "properties": { "objectid": 166, "island": "Kauai", "st_lengthshape": 513.43787862343663 }, "geometry": { "type": "LineString", "coordinates": [ [ -159.383243158964575, 21.917477718968243 ], [ -159.383385682833506, 21.917607824426657 ], [ -159.383521130550037, 21.917742031660421 ], [ -159.38366075186201, 21.917873818635648 ], [ -159.383772342306429, 21.918021851695066 ], [ -159.383858820377384, 21.918184439148728 ], [ -159.383916684534, 21.918363609325002 ], [ -159.383914631233608, 21.918576108505857 ], [ -159.383972606216417, 21.918807361437757 ], [ -159.383945759718074, 21.918987081652048 ], [ -159.383885374816771, 21.919158600006767 ], [ -159.383789756907788, 21.919317910905537 ], [ -159.383642148231019, 21.919507145153254 ], [ -159.383514856672349, 21.919646857119812 ], [ -159.383349544400318, 21.919743266663716 ], [ -159.383093341380572, 21.919866777167549 ], [ -159.382903888848546, 21.919909380552426 ], [ -159.38273809755276, 21.920012675802091 ], [ -159.382562316987133, 21.920090348761754 ], [ -159.382405117189165, 21.920215685064704 ], [ -159.382209232458507, 21.920241787526464 ], [ -159.38201672378068, 21.920276553237052 ], [ -159.38182793525425, 21.920320860467577 ], [ -159.381658790961893, 21.920415556148996 ], [ -159.381450619261074, 21.920401475425024 ] ] } },
{ "type": "Feature", "properties": { "objectid": 167, "island": "Kauai", "st_lengthshape": 618.51148952600636 }, "geometry": { "type": "LineString", "coordinates": [ [ -159.380572790330547, 21.920666061679192 ], [ -159.380488939020211, 21.920838619673358 ], [ -159.380373683305805, 21.920984886649123 ], [ -159.38023557629262, 21.92111202430161 ], [ -159.380139641817465, 21.921274467005521 ], [ -159.380029593171145, 21.921423123078881 ], [ -159.379905484020099, 21.921528591364968 ], [ -159.379746741335651, 21.92163295871536 ], [ -159.379573611729143, 21.921714885773625 ], [ -159.379418613769815, 21.921825092206408 ], [ -159.379261537618163, 21.921926858730277 ], [ -159.379058274642233, 21.922043265375205 ], [ -159.378866522611304, 21.922072465847972 ], [ -159.378682026703586, 21.922125141828179 ], [ -159.378336830348104, 21.922078067804875 ], [ -159.378143511954875, 21.92205831754444 ], [ -159.377946927787093, 21.922073085488314 ], [ -159.377851029041466, 21.922070498808495 ], [ -159.377673794805531, 21.922149666041019 ], [ -159.377489498607929, 21.922219542843045 ], [ -159.377322369834985, 21.92231200518178 ], [ -159.377185687613718, 21.922444524310709 ], [ -159.377032726622986, 21.922551599711245 ], [ -159.376885668639261, 21.9226681531011 ], [ -159.376736790686863, 21.922785669091176 ], [ -159.376512503600338, 21.922896219431994 ], [ -159.376323852201693, 21.922938325595617 ], [ -159.376148293566615, 21.923021003596354 ], [ -159.37595152964181, 21.92303796948617 ], [ -159.375754523581207, 21.923054189443626 ], [ -159.375560704052106, 21.923069684548913 ] ] } },
{ "type": "Feature", "properties": { "objectid": 168, "island": "Kauai", "st_lengthshape": 61.881454915467835 }, "geometry": { "type": "LineString", "coordinates": [ [ -159.418116058198649, 21.887930719537561 ], [ -159.418016368259771, 21.888094995166444 ], [ -159.417866793049399, 21.88821042392869 ], [ -159.417680275209449, 21.88828437664829 ] ] } },
{ "type": "Feature", "properties": { "objectid": 169, "island": "Kauai", "st_lengthshape": 974.53230989560961 }, "geometry": { "type": "LineString", "coordinates": [ [ -159.416748333594626, 21.888816391765555 ], [ -159.416561234655404, 21.888864056065348 ], [ -159.416368756663871, 21.888887846493549 ], [ -159.416174345736408, 21.888903058791989 ], [ -159.41598224908725, 21.88892853997103 ], [ -159.415790773122865, 21.888956779404449 ], [ -159.415602146818543, 21.88899766878221 ], [ -159.415406161716049, 21.88900588962635 ], [ -159.41522553813266, 21.889082301080347 ], [ -159.415039280671238, 21.889133704539123 ], [ -159.414859635387359, 21.889214461442684 ], [ -159.414666351522499, 21.889234675154601 ], [ -159.414483053125423, 21.889299214856496 ], [ -159.414290474143201, 21.889322559525656 ], [ -159.414105846754808, 21.889381202614199 ], [ -159.413923576551554, 21.88945030877133 ], [ -159.413727709351519, 21.88945905494608 ], [ -159.413534687775041, 21.889480435743025 ], [ -159.413342262326239, 21.889504462835326 ], [ -159.413150338857065, 21.889530717259728 ], [ -159.412956916034972, 21.889550316781254 ], [ -159.412762285101792, 21.889564550793562 ], [ -159.412569583861398, 21.889587354403254 ], [ -159.412368084104088, 21.8895710946863 ], [ -159.412177226199049, 21.889602081206181 ], [ -159.411989775567605, 21.889648194510968 ], [ -159.411805697829806, 21.889709280208482 ], [ -159.411617276209114, 21.889751082440736 ], [ -159.411427585681253, 21.889787250992324 ], [ -159.411247624691526, 21.889866613458842 ], [ -159.411065410290661, 21.889935972915076 ], [ -159.410877529372442, 21.889980174331882 ], [ -159.410688340357865, 21.890018571408763 ], [ -159.410500529548926, 21.890052173827577 ], [ -159.410428489060081, 21.890213406375342 ], [ -159.41037590239344, 21.890385240299672 ], [ -159.410421760302398, 21.890451237004829 ], [ -159.410528052859632, 21.890605854413074 ], [ -159.410670642196493, 21.890746587319789 ], [ -159.41069685765649, 21.890931837988283 ], [ -159.410790313230763, 21.89109136767517 ], [ -159.410813664713572, 21.891277714119187 ], [ -159.410858540355321, 21.891455826994505 ], [ -159.410967212925925, 21.891609534693973 ], [ -159.410931823184342, 21.891810898528153 ], [ -159.410984284738447, 21.892272745832013 ], [ -159.410959243481216, 21.892452541923731 ], [ -159.410800177432321, 21.892604646485299 ] ] } },
{ "type": "Feature", "properties": { "objectid": 170, "island": "Kauai", "st_lengthshape": 39.826482569688288 }, "geometry": { "type": "LineString", "coordinates": [ [ -159.410263521652098, 21.893013711446503 ], [ -159.41009193676723, 21.893099284721433 ], [ -159.409905872588126, 21.893139517102703 ] ] } },
{ "type": "Feature", "properties": { "objectid": 171, "island": "Kauai", "st_lengthshape": 115.15318215658837 }, "geometry": { "type": "LineString", "coordinates": [ [ -159.405950016767008, 21.894600294665825 ], [ -159.406066236964762, 21.894776380829512 ], [ -159.405979299215744, 21.894960820813409 ], [ -159.405948225869224, 21.89514296375955 ], [ -159.405860221065211, 21.895327447867132 ], [ -159.405684195769368, 21.895510108858176 ] ] } },
{ "type": "Feature", "properties": { "objectid": 172, "island": "Kauai", "st_lengthshape": 117.91912586252278 }, "geometry": { "type": "LineString", "coordinates": [ [ -159.404341593010457, 21.898978445541143 ], [ -159.404552841437493, 21.899290099709241 ], [ -159.40429426938374, 21.899365230896297 ], [ -159.404127839728687, 21.899486749064891 ], [ -159.403876061665784, 21.899561699395587 ] ] } },
{ "type": "Feature", "properties": { "objectid": 173, "island": "Kauai", "st_lengthshape": 434.57045833250163 }, "geometry": { "type": "LineString", "coordinates": [ [ -159.44025230797493, 21.873892431645501 ], [ -159.440140332367832, 21.874122688066819 ], [ -159.439976108463782, 21.874227169047593 ], [ -159.439799509102556, 21.874301859977297 ], [ -159.439616840436798, 21.874361940038824 ], [ -159.439437686903375, 21.874430484896632 ], [ -159.439260616996194, 21.874504042677934 ], [ -159.439050342558318, 21.874497669177867 ], [ -159.438874018320462, 21.874573023331347 ], [ -159.438690586372587, 21.874631265883973 ], [ -159.438504998339283, 21.874684321838007 ], [ -159.438296997570632, 21.874683419856979 ], [ -159.43809351636105, 21.874693400315145 ], [ -159.437894479813849, 21.874688776162802 ], [ -159.437651400657302, 21.874805746841378 ], [ -159.437456934647884, 21.874810374915061 ], [ -159.437280158156426, 21.874947381003381 ], [ -159.437086895413898, 21.874961020990799 ], [ -159.436894374505272, 21.874980211397112 ], [ -159.436703620536861, 21.875012617100232 ], [ -159.43648758030605, 21.874847059344717 ] ] } },
{ "type": "Feature", "properties": { "objectid": 174, "island": "Kauai", "st_lengthshape": 313.52354452448367 }, "geometry": { "type": "LineString", "coordinates": [ [ -159.503808306848327, 21.888840214730266 ], [ -159.503621378217787, 21.888913894100945 ], [ -159.50343291787533, 21.888972648538815 ], [ -159.503245033061489, 21.889013664598618 ], [ -159.502650007336655, 21.889146648477873 ], [ -159.502499005481809, 21.889022145917917 ], [ -159.502345282186155, 21.888902998095727 ], [ -159.502168663556887, 21.88882890060534 ], [ -159.502003188641112, 21.888732875796464 ], [ -159.501830649599015, 21.888650751048772 ], [ -159.501678670269285, 21.888528174120179 ], [ -159.501543299375982, 21.88837291858561 ], [ -159.501533829072628, 21.887971979149523 ] ] } },
{ "type": "Feature", "properties": { "objectid": 175, "island": "Kauai", "st_lengthshape": 20.02991679521466 }, "geometry": { "type": "LineString", "coordinates": [ [ -159.492015774280759, 21.885486449395732 ], [ -159.492010609954008, 21.885667343574241 ] ] } },
{ "type": "Feature", "properties": { "objectid": 176, "island": "Kauai", "st_lengthshape": 137.87254493126611 }, "geometry": { "type": "LineString", "coordinates": [ [ -159.487407795556436, 21.885562182115596 ], [ -159.487300230617819, 21.885410230995877 ], [ -159.487204815514474, 21.885254665308764 ], [ -159.487098205333297, 21.884945873954635 ], [ -159.487052682097016, 21.88476496078253 ], [ -159.487046425170149, 21.884584239550072 ], [ -159.487132207866694, 21.884408466214659 ] ] } },
{ "type": "Feature", "properties": { "objectid": 177, "island": "Kauai", "st_lengthshape": 224.31914813826219 }, "geometry": { "type": "LineString", "coordinates": [ [ -159.477921614541259, 21.881883221777262 ], [ -159.477719754086138, 21.881928736689439 ], [ -159.477531507106988, 21.881879446628535 ], [ -159.477340747549505, 21.88184765978572 ], [ -159.477146026883247, 21.881843451073184 ], [ -159.476946749952333, 21.88187097534782 ], [ -159.476751501371467, 21.881870451051288 ], [ -159.476561095170325, 21.881849993312507 ], [ -159.476355948488674, 21.881812841627333 ], [ -159.476169337423528, 21.881764551708237 ], [ -159.475991235298608, 21.881690105682051 ], [ -159.475820106062542, 21.881605859501416 ] ] } },
{ "type": "Feature", "properties": { "objectid": 178, "island": "Kauai", "st_lengthshape": 133.52198010551274 }, "geometry": { "type": "LineString", "coordinates": [ [ -159.474110742073947, 21.881132780999529 ], [ -159.473922903673639, 21.88116578694331 ], [ -159.473675220018549, 21.881165793810236 ], [ -159.473486644327068, 21.881133229166327 ], [ -159.47326526999754, 21.881004079733316 ], [ -159.473149211130789, 21.880857421351354 ], [ -159.473088951010681, 21.880674112385496 ] ] } },
{ "type": "Feature", "properties": { "objectid": 179, "island": "Kauai", "st_lengthshape": 195.85995824468739 }, "geometry": { "type": "LineString", "coordinates": [ [ -159.472748011801627, 21.880213510865325 ], [ -159.472579283156591, 21.880098492869998 ], [ -159.472501076357929, 21.879935224826003 ], [ -159.472435344189449, 21.879885260275589 ], [ -159.472258243457503, 21.879811161410846 ], [ -159.472028692110598, 21.879828277479501 ], [ -159.471845451179604, 21.879764854637465 ], [ -159.471644053653591, 21.879733007578356 ], [ -159.47148241346946, 21.879632019457809 ], [ -159.471314368345816, 21.879542171845802 ], [ -159.471168844329981, 21.879416484915357 ] ] } },
{ "type": "Feature", "properties": { "objectid": 180, "island": "Kauai", "st_lengthshape": 60.703077221729494 }, "geometry": { "type": "LineString", "coordinates": [ [ -159.464841315123351, 21.87676316908442 ], [ -159.464654858510301, 21.876714572781029 ], [ -159.464471050099206, 21.876656941538347 ], [ -159.464304195465587, 21.876553892013344 ] ] } },
{ "type": "Feature", "properties": { "objectid": 181, "island": "Kauai", "st_lengthshape": 79.098983971438827 }, "geometry": { "type": "LineString", "coordinates": [ [ -159.46375873179673, 21.876420999760697 ], [ -159.463559302660229, 21.87641643848692 ], [ -159.46336588723122, 21.876391461085078 ], [ -159.463169196276397, 21.876388350706563 ], [ -159.463017374921577, 21.876308703896569 ] ] } },
{ "type": "Feature", "properties": { "objectid": 182, "island": "Kauai", "st_lengthshape": 621.96358325333256 }, "geometry": { "type": "LineString", "coordinates": [ [ -159.462175481923907, 21.875732102546166 ], [ -159.462001754096605, 21.87564869102609 ], [ -159.461856201126125, 21.87550545343969 ], [ -159.461728214011998, 21.875521851121501 ], [ -159.461608569763342, 21.875660831505105 ], [ -159.461406836453961, 21.875829207778299 ], [ -159.461223006825747, 21.875933209915559 ], [ -159.461038601285452, 21.876031573229085 ], [ -159.460853739798921, 21.876125479092714 ], [ -159.460663350981577, 21.876165350458827 ], [ -159.460470912508413, 21.876185177087965 ], [ -159.460282098137526, 21.876193599066617 ], [ -159.46003318826763, 21.876151527737242 ], [ -159.459820847010263, 21.876152318397907 ], [ -159.459643578051555, 21.876079703257023 ], [ -159.45948279116422, 21.875972589819138 ], [ -159.459310538710639, 21.875889476695626 ], [ -159.459134327968997, 21.875814646401707 ], [ -159.458966525807057, 21.87573314581395 ], [ -159.458752670303625, 21.875560406557863 ], [ -159.458621816900546, 21.875423891967053 ], [ -159.458501687506811, 21.875281034116991 ], [ -159.458394165037845, 21.875130717452723 ], [ -159.458285864391172, 21.874983372515405 ], [ -159.458109207637676, 21.87489505202522 ], [ -159.457924642326446, 21.874830141825029 ], [ -159.457757393362471, 21.874812571039875 ], [ -159.45758875549123, 21.874720927400421 ], [ -159.457466958888318, 21.874594430345869 ], [ -159.457375433514187, 21.874489848161584 ], [ -159.457383997365582, 21.874278021460508 ] ] } },
{ "type": "Feature", "properties": { "objectid": 183, "island": "Kauai", "st_lengthshape": 385.14614743120097 }, "geometry": { "type": "LineString", "coordinates": [ [ -159.456634342826533, 21.874048653335084 ], [ -159.456435837185865, 21.874067411511891 ], [ -159.456226815812272, 21.874154025964831 ], [ -159.456039510788941, 21.874107290485888 ], [ -159.455802033053857, 21.874038420854344 ], [ -159.455644910114842, 21.87392889477357 ], [ -159.455500450243647, 21.873807933799 ], [ -159.455382291083367, 21.873663225096823 ], [ -159.455250401876384, 21.873530914340545 ], [ -159.455190063102009, 21.873492242642605 ], [ -159.455036477812286, 21.873510288677835 ], [ -159.454814018434973, 21.873496910283968 ], [ -159.454619682318906, 21.873470810209092 ], [ -159.4544231150781, 21.873455366829692 ], [ -159.454226626110625, 21.873438647327895 ], [ -159.453954476940595, 21.873398347326095 ], [ -159.453808616963386, 21.873281206669603 ], [ -159.45362115267622, 21.87297672807885 ], [ -159.453576902078879, 21.872801985318493 ] ] } },
{ "type": "Feature", "properties": { "objectid": 184, "island": "Kauai", "st_lengthshape": 122.61867763102077 }, "geometry": { "type": "LineString", "coordinates": [ [ -159.451879549457601, 21.873074210498427 ], [ -159.451654226164351, 21.87314580517852 ], [ -159.451445560933962, 21.873165836464086 ], [ -159.451206021370183, 21.873281431380057 ], [ -159.451037821981657, 21.873176212616769 ], [ -159.450910548037456, 21.872957223105761 ] ] } },
{ "type": "Feature", "properties": { "objectid": 185, "island": "Kauai", "st_lengthshape": 22.091766974669778 }, "geometry": { "type": "LineString", "coordinates": [ [ -159.628707849659435, 21.911226898302203 ], [ -159.628502981985434, 21.911169572586175 ] ] } },
{ "type": "Feature", "properties": { "objectid": 186, "island": "Kauai", "st_lengthshape": 80.489653026429693 }, "geometry": { "type": "LineString", "coordinates": [ [ -159.621721334854215, 21.907624370747918 ], [ -159.621555509842096, 21.907531090334235 ], [ -159.621390271670037, 21.907436903200331 ], [ -159.621224825022551, 21.907343037399219 ], [ -159.621081489996158, 21.9072150784096 ] ] } },
{ "type": "Feature", "properties": { "objectid": 187, "island": "Kauai", "st_lengthshape": 1098.7809472750673 }, "geometry": { "type": "LineString", "coordinates": [ [ -159.609890877301353, 21.90097061204446 ], [ -159.609684789235729, 21.900969933687481 ], [ -159.609481898229205, 21.900961162951262 ], [ -159.609154517870564, 21.900857100846952 ], [ -159.609047798692444, 21.900700942998085 ], [ -159.608944018727016, 21.900542021445485 ], [ -159.608807506258216, 21.900413885137027 ], [ -159.608584629763214, 21.90036697659751 ], [ -159.607948296308251, 21.900368459060868 ], [ -159.607759042265059, 21.900278775141974 ], [ -159.607598566760288, 21.900167431619732 ], [ -159.607411078142292, 21.899895919887996 ], [ -159.607256703660283, 21.89976434646028 ], [ -159.607159787241471, 21.899607281141876 ], [ -159.607142860970157, 21.899414725771674 ], [ -159.606974889665452, 21.899096122424559 ], [ -159.606887867026444, 21.898927686893057 ], [ -159.606885763611132, 21.898744108421614 ], [ -159.60691099722851, 21.898555654522966 ], [ -159.607048739947999, 21.897972419991223 ], [ -159.606948503582913, 21.897794316783724 ], [ -159.606960034354643, 21.897613253762639 ], [ -159.606971288268454, 21.897432198082239 ], [ -159.606990232544376, 21.89725093877539 ], [ -159.607007321216059, 21.897069728766979 ], [ -159.606990543208326, 21.896889416066504 ], [ -159.60723481624234, 21.896702187007541 ], [ -159.607232550445133, 21.896521490140731 ], [ -159.607304372244812, 21.896338829649704 ], [ -159.607343003995567, 21.896157048654153 ], [ -159.607331358708819, 21.89597659959253 ], [ -159.607315593893048, 21.895796259679845 ], [ -159.607104445268476, 21.895621095232141 ], [ -159.607087331479278, 21.895440790975009 ], [ -159.606986495832643, 21.895262704368196 ], [ -159.606842601107559, 21.895091562091824 ], [ -159.606631956230245, 21.89472321075727 ], [ -159.606544668750047, 21.894561439584184 ], [ -159.606430868956522, 21.894414369990905 ], [ -159.606280403316134, 21.894355772886449 ], [ -159.606083561869582, 21.894302680237267 ], [ -159.605890230437581, 21.894244947958281 ], [ -159.605749899724771, 21.894117175239021 ], [ -159.60558738075332, 21.894018723579688 ], [ -159.605490846092323, 21.893833072881549 ] ] } },
{ "type": "Feature", "properties": { "objectid": 188, "island": "Kauai", "st_lengthshape": 242.60765032804144 }, "geometry": { "type": "LineString", "coordinates": [ [ -159.590813415721925, 21.904155837688595 ], [ -159.590673218812043, 21.904030855065649 ], [ -159.590515448811743, 21.903921323537027 ], [ -159.590363504360084, 21.903806671077611 ], [ -159.590216651379308, 21.903687540869534 ], [ -159.590067455597364, 21.903570471522663 ], [ -159.589837359803028, 21.903294720377058 ], [ -159.589696866491437, 21.903158227304491 ], [ -159.589569899019182, 21.903015431188091 ], [ -159.589464923648251, 21.90286238806635 ], [ -159.589338375058588, 21.902719396922141 ], [ -159.589308324022056, 21.902531444156569 ] ] } },
{ "type": "Feature", "properties": { "objectid": 189, "island": "Kauai", "st_lengthshape": 141.28983110307394 }, "geometry": { "type": "LineString", "coordinates": [ [ -159.584937477035879, 21.898322789014149 ], [ -159.584744734255452, 21.898282731656906 ], [ -159.584563617934577, 21.898218177735078 ], [ -159.584430359661098, 21.898052788589833 ], [ -159.584138232811313, 21.898222130696784 ], [ -159.583956594672316, 21.898158675623886 ], [ -159.583819128271927, 21.898002153645582 ] ] } },
{ "type": "Feature", "properties": { "objectid": 190, "island": "Kauai", "st_lengthshape": 144.47182439810581 }, "geometry": { "type": "LineString", "coordinates": [ [ -159.574995233221131, 21.897516856843481 ], [ -159.574839156259259, 21.897408846999813 ], [ -159.57466477458803, 21.897320210924622 ], [ -159.574540475570785, 21.897178567891043 ], [ -159.574400140088329, 21.897053897535688 ], [ -159.574277489960252, 21.896910508520495 ], [ -159.574167176084131, 21.896754063300438 ], [ -159.57408892042406, 21.896563687011309 ] ] } },
{ "type": "Feature", "properties": { "objectid": 191, "island": "Kauai", "st_lengthshape": 41.49393561952057 }, "geometry": { "type": "LineString", "coordinates": [ [ -159.527431467868695, 21.884078275805052 ], [ -159.527240536400001, 21.884036417252652 ], [ -159.527087933428675, 21.883907929463575 ] ] } },
{ "type": "Feature", "properties": { "objectid": 192, "island": "Kauai", "st_lengthshape": 343.39880143060878 }, "geometry": { "type": "LineString", "coordinates": [ [ -159.526107518478454, 21.884967112673124 ], [ -159.525946019313665, 21.885073511877494 ], [ -159.525781501261775, 21.885173448307533 ], [ -159.52560520790874, 21.885248166443166 ], [ -159.525418163762453, 21.885299862858158 ], [ -159.525219137638572, 21.885325899777655 ], [ -159.525023554456709, 21.885359308408095 ], [ -159.524843778421683, 21.88542656899001 ], [ -159.524672587786256, 21.885512215073923 ], [ -159.524503718955913, 21.885602836069445 ], [ -159.524322556967064, 21.885667129083384 ], [ -159.524142685563135, 21.88573418503508 ], [ -159.523972132196235, 21.885821198893765 ], [ -159.523799195168237, 21.885903107582333 ], [ -159.523620179813861, 21.885971998751824 ], [ -159.523438044252345, 21.88603420785233 ], [ -159.523242334764774, 21.886067346466479 ], [ -159.523051247650159, 21.886110386346896 ] ] } },
{ "type": "Feature", "properties": { "objectid": 193, "island": "Kauai", "st_lengthshape": 184.64875060571782 }, "geometry": { "type": "LineString", "coordinates": [ [ -159.635638667041235, 21.91692434643511 ], [ -159.635690106546349, 21.917098539499403 ], [ -159.63575018891089, 21.917270477615052 ], [ -159.636029363981351, 21.91754618718117 ], [ -159.636185837444202, 21.917660545679613 ], [ -159.636541644359909, 21.917818917376341 ], [ -159.636684615966601, 21.917950462897981 ], [ -159.636825053369591, 21.918083376850742 ] ] } },
{ "type": "Feature", "properties": { "objectid": 194, "island": "Kauai", "st_lengthshape": 83.860754859879933 }, "geometry": { "type": "LineString", "coordinates": [ [ -159.637116792895313, 21.919666919850464 ], [ -159.637068336463642, 21.919842882432444 ], [ -159.637172854060566, 21.920214836840561 ], [ -159.637328261148809, 21.920339773761651 ] ] } },
{ "type": "Feature", "properties": { "objectid": 195, "island": "Kauai", "st_lengthshape": 125.67973054877314 }, "geometry": { "type": "LineString", "coordinates": [ [ -159.637456023101237, 21.921649858120958 ], [ -159.637519223837074, 21.921827539951281 ], [ -159.63764574843546, 21.921966059426456 ], [ -159.63779257718636, 21.922092021957965 ], [ -159.638170289357305, 21.922223639357803 ], [ -159.638385726179621, 21.922257689006923 ] ] } },
{ "type": "Feature", "properties": { "objectid": 196, "island": "Kauai", "st_lengthshape": 20.000501056225783 }, "geometry": { "type": "LineString", "coordinates": [ [ -159.639113962012544, 21.922557937024848 ], [ -159.639269077727135, 21.922666104662142 ] ] } },
{ "type": "Feature", "properties": { "objectid": 197, "island": "Kauai", "st_lengthshape": 521.860999562605 }, "geometry": { "type": "LineString", "coordinates": [ [ -159.640452166704677, 21.924418705168783 ], [ -159.640626294190753, 21.924520215050762 ], [ -159.640814031544608, 21.924564835496238 ], [ -159.640996259241859, 21.924632490120146 ], [ -159.641186472768538, 21.924666760795343 ], [ -159.641344923975282, 21.924715470777951 ], [ -159.641530114614994, 21.924776357440578 ], [ -159.641713854347074, 21.924839695121193 ], [ -159.641895679013288, 21.924906263484122 ], [ -159.642068750385562, 21.924987609695226 ], [ -159.642233704648163, 21.92508265622206 ], [ -159.642383223121328, 21.925203759797871 ], [ -159.642434348640393, 21.925269836148885 ], [ -159.642546490391425, 21.925429802706482 ], [ -159.642613652454429, 21.925600343362003 ], [ -159.6426668208249, 21.925774174736347 ], [ -159.642708822658221, 21.925950629908719 ], [ -159.642747031127044, 21.926127978019228 ], [ -159.642830267431066, 21.926409714152754 ], [ -159.642977466309333, 21.926664558178661 ], [ -159.643229851926463, 21.926904447318645 ], [ -159.643341004464531, 21.927062706947691 ], [ -159.643547096911988, 21.927113476947763 ], [ -159.643766450064419, 21.927149234079966 ], [ -159.643998593740719, 21.927170509540169 ] ] } },
{ "type": "Feature", "properties": { "objectid": 198, "island": "Kauai", "st_lengthshape": 143.58017312333587 }, "geometry": { "type": "LineString", "coordinates": [ [ -159.644707415530092, 21.928202767684009 ], [ -159.644733031628647, 21.928382198200538 ], [ -159.644813724101311, 21.928551584392064 ], [ -159.644890576863276, 21.928721670390875 ], [ -159.644929732149762, 21.928898632003538 ], [ -159.644946903573924, 21.929079602495783 ], [ -159.64505205163448, 21.929244528178419 ], [ -159.645157174786533, 21.929409458400478 ] ] } },
{ "type": "Feature", "properties": { "objectid": 199, "island": "Kauai", "st_lengthshape": 3714.1335924812174 }, "geometry": { "type": "LineString", "coordinates": [ [ -159.645373324841955, 21.929928815498272 ], [ -159.645396579849603, 21.930119480147528 ], [ -159.645470152082851, 21.930287068980647 ], [ -159.645555417472764, 21.930449296123324 ], [ -159.645603467595606, 21.930628578714366 ], [ -159.645831474867805, 21.930892558662588 ], [ -159.645976916403328, 21.931014745270222 ], [ -159.64613046860967, 21.931125579078927 ], [ -159.646303630762787, 21.931208963753896 ], [ -159.646490482351254, 21.93127318341184 ], [ -159.646697522033719, 21.931309144793797 ], [ -159.646993531662559, 21.931384479308786 ], [ -159.64718571216585, 21.931411634161638 ], [ -159.647375428101952, 21.931448345861078 ], [ -159.647564674984352, 21.931486874162513 ], [ -159.64775406945239, 21.931524828892563 ], [ -159.647942575241416, 21.931566230750505 ], [ -159.648129840273725, 21.931612443487943 ], [ -159.648311112369697, 21.931681885850001 ], [ -159.648480469038844, 21.931797523623185 ], [ -159.648679811845739, 21.931796914300659 ], [ -159.648731063703309, 21.931813004393288 ], [ -159.6487816648376, 21.931988430000771 ], [ -159.648835489142954, 21.93216269913361 ], [ -159.648895434858019, 21.932334772255011 ], [ -159.648958410430538, 21.932505759219296 ], [ -159.649010024266687, 21.93268082117163 ], [ -159.64904439865407, 21.932862067329609 ], [ -159.649151631299958, 21.933017178898996 ], [ -159.649278063338357, 21.933165402764338 ], [ -159.649319970927451, 21.933343946770748 ], [ -159.649434894554588, 21.933496299421446 ], [ -159.649536327746603, 21.933653491614784 ], [ -159.649629460828294, 21.933813659885484 ], [ -159.649694425568327, 21.933983933976506 ], [ -159.649759596376867, 21.934154133140154 ], [ -159.649832561135668, 21.934321536991892 ], [ -159.649920543288374, 21.93448355395596 ], [ -159.650006510003692, 21.934646293441386 ], [ -159.650087422834844, 21.93481084615258 ], [ -159.649752929512005, 21.935191384376427 ], [ -159.649805795800461, 21.935367798874996 ], [ -159.649875562244461, 21.935542514055875 ], [ -159.649907659223999, 21.93572101621205 ], [ -159.649902304370556, 21.93590328282562 ], [ -159.649872343651623, 21.936033117263491 ], [ -159.64977134831426, 21.93619308696719 ], [ -159.649655303722994, 21.936348709196874 ], [ -159.649510268073982, 21.936495957351067 ], [ -159.649430959876298, 21.936662192212282 ], [ -159.649374474780558, 21.93683502038807 ], [ -159.64936699194601, 21.937022004918003 ], [ -159.649327868240107, 21.937199848041171 ], [ -159.649285352794891, 21.937376712593807 ], [ -159.649256414542833, 21.937557498561127 ], [ -159.649241403565696, 21.937742308459732 ], [ -159.649238809271878, 21.937930704678692 ], [ -159.649022460349471, 21.938475962680723 ], [ -159.649096666302654, 21.938645125322481 ], [ -159.649166796025582, 21.938815204733967 ], [ -159.649218186434354, 21.938989504831181 ], [ -159.649314808466272, 21.939226615474499 ], [ -159.649440244692528, 21.939468612634872 ], [ -159.649517700084999, 21.939634490917651 ], [ -159.649616229612576, 21.939790537046576 ], [ -159.649728051732922, 21.939940380974662 ], [ -159.64985595230624, 21.940100415981668 ], [ -159.649993164628825, 21.940259350728208 ], [ -159.650168435025307, 21.940428038106432 ], [ -159.650282621673711, 21.940584633473211 ], [ -159.650414751674049, 21.940720052022439 ], [ -159.650553118511993, 21.940848108185833 ], [ -159.650698042935744, 21.94096842666189 ], [ -159.650849804249845, 21.941080675675625 ], [ -159.650998456661711, 21.941196594808453 ], [ -159.651159950404463, 21.941297356822783 ], [ -159.651319677908162, 21.9414002044435 ], [ -159.651464547666876, 21.941520588377131 ], [ -159.651633129150326, 21.941612985045964 ], [ -159.652163056189238, 21.941781738005041 ], [ -159.652357759148941, 21.941773121779011 ], [ -159.65254933871978, 21.941808568515576 ], [ -159.652742079286782, 21.941827641337177 ], [ -159.652936464773916, 21.941823510265699 ], [ -159.653131548035617, 21.941809537037983 ], [ -159.653327341779459, 21.941785544531346 ], [ -159.653523593035771, 21.941755095033702 ], [ -159.653719614050459, 21.941727893112439 ], [ -159.653914558836902, 21.941715876318781 ], [ -159.654107715123359, 21.941729079974451 ], [ -159.654300108242779, 21.941753051598507 ], [ -159.654492895290275, 21.941771465391618 ], [ -159.654685735158438, 21.941789138845795 ], [ -159.654878500453464, 21.941807858530542 ], [ -159.655070366211191, 21.941839270111949 ], [ -159.65526227845271, 21.941870030819537 ], [ -159.655363123506731, 21.941887664598738 ], [ -159.655545228087988, 21.941950697213446 ], [ -159.655726273779152, 21.942017183105747 ], [ -159.655915191012866, 21.942058028127057 ], [ -159.656102322267856, 21.942104690857157 ], [ -159.656290492656211, 21.942147969527056 ], [ -159.656475222685486, 21.942202455096318 ], [ -159.656652896374823, 21.942279923649327 ], [ -159.656811317666012, 21.942420100350233 ], [ -159.657004090231283, 21.942448391932736 ], [ -159.657276526089163, 21.942504732993555 ], [ -159.657464356363562, 21.94255114923644 ], [ -159.657655242625822, 21.942581708854433 ], [ -159.657851619257457, 21.942583774994148 ], [ -159.658044031185057, 21.942606418609856 ], [ -159.658235610880098, 21.942633380065278 ], [ -159.658426560757192, 21.94266360968161 ], [ -159.658618438495438, 21.942689022838682 ], [ -159.658811618610628, 21.942707679293576 ], [ -159.659003267606124, 21.942734282719201 ], [ -159.65919359923808, 21.942767721056565 ], [ -159.659381236552747, 21.942815143173526 ], [ -159.65956805784603, 21.9428668062898 ], [ -159.659751660948842, 21.942935167366411 ], [ -159.659935881771958, 21.943000322227352 ], [ -159.660120678721995, 21.943062493279132 ], [ -159.660307878855974, 21.943112189984671 ], [ -159.660381166718537, 21.943131304568197 ], [ -159.660434343567346, 21.943162154954415 ], [ -159.660580250297215, 21.943284055951388 ], [ -159.660727368266095, 21.9434050241303 ], [ -159.660826951369131, 21.943548855534324 ], [ -159.660887579157674, 21.943720977821435 ], [ -159.660905249771986, 21.943903059586162 ], [ -159.660944383644647, 21.9440801639096 ], [ -159.661010709416644, 21.944250964098586 ], [ -159.661064831438949, 21.944424594071094 ], [ -159.661113573268295, 21.944599471604086 ], [ -159.661135607976433, 21.944780541998355 ], [ -159.66128553372485, 21.944931957094902 ], [ -159.661219540720509, 21.94513343848752 ], [ -159.661221180227471, 21.945319238106862 ], [ -159.661352164445731, 21.945582960186496 ], [ -159.661511666568856, 21.945813916875235 ], [ -159.66160717079876, 21.945971637035747 ], [ -159.661794487015385, 21.946257477061451 ], [ -159.661908750198648, 21.946405722303336 ], [ -159.662037228343763, 21.946541156622935 ], [ -159.66217509866496, 21.946668124991856 ], [ -159.662339834463864, 21.946770879929105 ], [ -159.662505974607143, 21.946872368763618 ], [ -159.662656002416213, 21.946988379812609 ], [ -159.662778945386719, 21.947128803738668 ], [ -159.66295146840045, 21.947224539586127 ], [ -159.663141442728175, 21.947304545862082 ], [ -159.663387329091819, 21.947545655073551 ], [ -159.66352801461997, 21.947669878942683 ], [ -159.663680238314328, 21.947783142784701 ], [ -159.663757710161747, 21.947967415418127 ], [ -159.663877863028063, 21.94811114540661 ], [ -159.663992256328385, 21.948260346187929 ], [ -159.664126568149868, 21.948390623775921 ], [ -159.664271158017385, 21.948511139816439 ], [ -159.664622096772746, 21.948693503049583 ], [ -159.664826459459903, 21.948757238163054 ], [ -159.665027927000409, 21.948823722996771 ], [ -159.665149667870139, 21.948965944089803 ], [ -159.665319015102369, 21.949137794154339 ], [ -159.665142949526569, 21.949368882254014 ], [ -159.665164685830916, 21.949550507788693 ], [ -159.665245791117769, 21.949717286480652 ], [ -159.665305974251169, 21.949889297523516 ], [ -159.665420194897706, 21.950047794991985 ], [ -159.665529634511785, 21.950207488893135 ], [ -159.66553499239555, 21.95039320993612 ], [ -159.665506666423227, 21.950587353569222 ], [ -159.66557866376715, 21.950756410328378 ] ] } },
{ "type": "Feature", "properties": { "objectid": 200, "island": "Kauai", "st_lengthshape": 2606.0051926511414 }, "geometry": { "type": "LineString", "coordinates": [ [ -159.66669087937413, 21.95243211780932 ], [ -159.66684393844281, 21.952542837405474 ], [ -159.666993574274386, 21.952657691238525 ], [ -159.667141583839737, 21.952774510141996 ], [ -159.667301937369842, 21.95287641664417 ], [ -159.667419062113709, 21.953030548107353 ], [ -159.667575673916559, 21.953136975776502 ], [ -159.667734630851157, 21.953240570578618 ], [ -159.667896398999886, 21.953340768686566 ], [ -159.668059884397081, 21.953438892626927 ], [ -159.668233456211993, 21.953545088058185 ], [ -159.668438938367217, 21.953678246041441 ], [ -159.668599920108221, 21.95377926151259 ], [ -159.668762663257752, 21.953877499772137 ], [ -159.668912261254661, 21.953996474223402 ], [ -159.669073597459487, 21.954096932166891 ], [ -159.66923372163501, 21.954199301093656 ], [ -159.669527291320435, 21.954363136579428 ], [ -159.669714566355168, 21.954409491818247 ], [ -159.669899751677463, 21.954462473795363 ], [ -159.670078961548171, 21.954534397486 ], [ -159.670257923494148, 21.954607108864373 ], [ -159.670433934112737, 21.954689177032776 ], [ -159.670628220718953, 21.954713306547522 ], [ -159.670820427118485, 21.95474402842768 ], [ -159.671008301345637, 21.954788486161263 ], [ -159.67119602873106, 21.954833409536825 ], [ -159.671370925586274, 21.95491900817126 ], [ -159.671554916480574, 21.954975778449565 ], [ -159.671743016417139, 21.955019521611668 ], [ -159.671928288141885, 21.955072230790087 ], [ -159.672102254398396, 21.955160782993001 ], [ -159.672290655301111, 21.955203571182302 ], [ -159.672483227183704, 21.955233137741224 ], [ -159.672675216112111, 21.955264551236329 ], [ -159.672869902657538, 21.955287412555546 ], [ -159.673060482373728, 21.955323293343053 ], [ -159.673259843649163, 21.95533133166095 ], [ -159.673449890117297, 21.955368903567312 ], [ -159.673630805090909, 21.955435427443287 ], [ -159.673807869134095, 21.955514161226038 ], [ -159.673984676685933, 21.955593707133257 ], [ -159.674167008189528, 21.955655742745165 ], [ -159.674352734791512, 21.955707011752743 ], [ -159.674543081618651, 21.955743631652169 ], [ -159.674746733458392, 21.955738068572362 ], [ -159.674942809218493, 21.955756525682702 ], [ -159.675128627804725, 21.955807503429 ], [ -159.675300096957869, 21.955903977267216 ], [ -159.675478780704282, 21.955977579280844 ], [ -159.675661813643018, 21.956037391531858 ], [ -159.675849703323536, 21.956081802934847 ], [ -159.676040979365951, 21.956115477538908 ], [ -159.67623216676148, 21.956149434148827 ], [ -159.676428630600753, 21.95616666012835 ], [ -159.676625951298831, 21.956181171191119 ], [ -159.676822815946821, 21.956197125746769 ], [ -159.677010737656786, 21.956241438107526 ], [ -159.67719960785945, 21.956282740675796 ], [ -159.67738210087245, 21.956344266085924 ], [ -159.677571910164119, 21.95638259391669 ], [ -159.677754782229158, 21.956442916702741 ], [ -159.677944873198726, 21.956480351263547 ], [ -159.678132017035495, 21.956527128245913 ], [ -159.678337245877344, 21.956516561004715 ], [ -159.678535564210875, 21.956527908200581 ], [ -159.678723944791244, 21.956570765797604 ], [ -159.678910744550564, 21.956618633728379 ], [ -159.679087013311147, 21.956699899082423 ], [ -159.679288123549583, 21.956702391189374 ], [ -159.679454014195898, 21.956816562603834 ], [ -159.67965317542604, 21.956825234456232 ], [ -159.679862362002183, 21.956802119458672 ], [ -159.680011029396155, 21.956793572075426 ], [ -159.6802033615065, 21.956815156041859 ], [ -159.680394499182938, 21.95684479777351 ], [ -159.68058983500643, 21.956846130532991 ], [ -159.680777852889037, 21.956896811732594 ], [ -159.680968258898446, 21.956931389374301 ], [ -159.681156144715175, 21.956982962353301 ], [ -159.681344385344744, 21.957032145012597 ], [ -159.681533517450589, 21.957075312429826 ], [ -159.681727115865272, 21.9570883611051 ], [ -159.681926246350514, 21.957064105354235 ], [ -159.682114346575077, 21.957114233580963 ], [ -159.682300412811884, 21.957178082974735 ], [ -159.682486208987058, 21.957243752753509 ], [ -159.682675424249823, 21.957286362895356 ], [ -159.682867054604571, 21.957312683239103 ], [ -159.683076400469076, 21.957219528951736 ], [ -159.683269823730399, 21.957233760906188 ], [ -159.683461060050945, 21.95726273642806 ], [ -159.683649784005866, 21.957308665727329 ], [ -159.683835175623642, 21.957377065765218 ], [ -159.684023493612585, 21.957425735472246 ], [ -159.684216878745758, 21.957440224838233 ], [ -159.684410136317581, 21.957455573654521 ], [ -159.684614732390827, 21.957394443391557 ], [ -159.684813897392559, 21.957369944592784 ], [ -159.684993684278339, 21.957476153799416 ], [ -159.685175289526711, 21.957570102204812 ], [ -159.685364269520306, 21.957614302018158 ], [ -159.685555773175082, 21.957641487913268 ], [ -159.685748369756453, 21.957661296254724 ], [ -159.685941669019286, 21.957676365735946 ], [ -159.686132157815706, 21.957710392233221 ], [ -159.68631988404897, 21.957763050325102 ], [ -159.686510932130545, 21.957793305899848 ], [ -159.686698967251942, 21.957843888022087 ], [ -159.68689006334543, 21.957873819528334 ], [ -159.687084077768844, 21.957884066756485 ], [ -159.687277326778371, 21.95789947725978 ], [ -159.687468990535223, 21.957925576139708 ], [ -159.687667033837243, 21.957908646472447 ], [ -159.687864635275332, 21.957894695167578 ], [ -159.688053139016887, 21.957942116330344 ], [ -159.688257184408172, 21.957884686049582 ], [ -159.688457202918784, 21.957854429025179 ], [ -159.688642398554691, 21.957924167764638 ], [ -159.688836729178263, 21.957932275017928 ], [ -159.689035251573358, 21.957912110182804 ], [ -159.689202861017435, 21.958100493334015 ], [ -159.689386919583768, 21.95817790506911 ], [ -159.689583458504387, 21.958171124741025 ], [ -159.689772381434409, 21.958215720786924 ], [ -159.689950040091077, 21.958336311222528 ], [ -159.690142029369213, 21.958360222039335 ], [ -159.690340609341916, 21.958339670522072 ] ] } },
{ "type": "Feature", "properties": { "objectid": 201, "island": "Kauai", "st_lengthshape": 12852.30480335458 }, "geometry": { "type": "LineString", "coordinates": [ [ -159.693482893435686, 21.960188739503955 ], [ -159.693669508304907, 21.960265239330518 ], [ -159.693856729570683, 21.960335940983033 ], [ -159.694041243968115, 21.960432534833672 ], [ -159.694226761865394, 21.960519540823217 ], [ -159.69441459728364, 21.960584367947114 ], [ -159.694604733548175, 21.960627189725574 ], [ -159.694795804572465, 21.960661061731813 ], [ -159.694988010273136, 21.96068408414358 ], [ -159.695184344287554, 21.960667611518652 ], [ -159.695380098958879, 21.960656682647311 ], [ -159.69557732307743, 21.960631688409418 ], [ -159.695773599565058, 21.960615765504922 ], [ -159.695967799511067, 21.960619713599588 ], [ -159.696158245264826, 21.960659569062425 ], [ -159.696356613884035, 21.960623626001912 ], [ -159.696556398144935, 21.960574137253705 ], [ -159.69675149460312, 21.96056949458599 ], [ -159.696946205236287, 21.960568552798808 ], [ -159.697141787466137, 21.960559267679223 ], [ -159.69734704245343, 21.960457420063037 ], [ -159.697548046531864, 21.960396253753558 ], [ -159.69774190010574, 21.960403507716627 ], [ -159.697930893403225, 21.96045726629221 ], [ -159.698124138242093, 21.960470340365013 ], [ -159.698318674699323, 21.960471052745525 ], [ -159.698512712498854, 21.960476543357885 ], [ -159.698705908395823, 21.96049009305073 ], [ -159.698901883533523, 21.960477041455395 ], [ -159.699089244408128, 21.960546425631666 ], [ -159.699283344250262, 21.960551312490313 ], [ -159.699472185625609, 21.960606530738367 ], [ -159.699660458200867, 21.960667196957864 ], [ -159.699846640129522, 21.960747866185528 ], [ -159.700031982296935, 21.960836580951323 ], [ -159.700221156428995, 21.960888620505933 ], [ -159.70041265265229, 21.960918435935536 ], [ -159.700603203490573, 21.960957292907413 ], [ -159.700796015336437, 21.960974523164026 ], [ -159.700991680056461, 21.960964444421773 ], [ -159.701184799027658, 21.960978728689984 ], [ -159.701385436660985, 21.960921054572431 ], [ -159.701586899232069, 21.960855481771731 ], [ -159.701783293521032, 21.960838414696582 ], [ -159.701976988630406, 21.960847180243707 ], [ -159.702160057654481, 21.960957662772017 ], [ -159.702354824994131, 21.960956171367446 ], [ -159.702554205045061, 21.960910522911998 ], [ -159.702751180116024, 21.960887893502946 ], [ -159.702945905694435, 21.960886796369117 ], [ -159.703142042731315, 21.960872197796864 ], [ -159.703341158770854, 21.960829068235785 ], [ -159.703538576622606, 21.960802201700346 ], [ -159.703736050813092, 21.960774795350961 ], [ -159.703933986389586, 21.960742962781268 ], [ -159.70412970134177, 21.960732396770815 ], [ -159.704325174862163, 21.960724138876312 ], [ -159.70452068809476, 21.960715494822516 ], [ -159.704712790604333, 21.960739509947452 ], [ -159.704905162279545, 21.960760946257796 ], [ -159.705195320780149, 21.960801539417673 ], [ -159.705377335395156, 21.960863922498394 ], [ -159.705568038513064, 21.960907108497825 ], [ -159.705766131946291, 21.960933966780328 ], [ -159.705930417790199, 21.961035519645293 ], [ -159.706109285896957, 21.961104853622661 ], [ -159.7062948516826, 21.96115939053297 ], [ -159.706490541911108, 21.961191557675335 ], [ -159.706674001266549, 21.961250747649238 ], [ -159.706847992748607, 21.961330856899686 ], [ -159.707018020187547, 21.961419726238994 ], [ -159.707185463121931, 21.961514304339467 ], [ -159.707364377437017, 21.961583539151313 ], [ -159.707544634069308, 21.961649805695881 ], [ -159.707717990392979, 21.961731319732589 ], [ -159.707889801654858, 21.961816247003654 ], [ -159.708081696554842, 21.961856801390997 ], [ -159.708256833373554, 21.961934381847154 ], [ -159.708435892397404, 21.96200329683986 ], [ -159.708592179217874, 21.962122526885036 ], [ -159.708744490639816, 21.962250539725517 ], [ -159.708910997792316, 21.96234718976218 ], [ -159.709063979365993, 21.962473722321668 ], [ -159.709234770069031, 21.962632117904409 ], [ -159.709416963106833, 21.96270895471902 ], [ -159.709561745856718, 21.962829357333913 ], [ -159.70972093801106, 21.962932979928119 ], [ -159.709908287159237, 21.963003812415597 ], [ -159.710055138970176, 21.963121806172488 ], [ -159.710167130432865, 21.963280397138885 ], [ -159.710305106543984, 21.96340872701575 ], [ -159.710439368918088, 21.963541381199828 ], [ -159.710570815010271, 21.963677316894724 ], [ -159.710700726449744, 21.963815037933237 ], [ -159.710824556352406, 21.963959843530628 ], [ -159.710948880478156, 21.964104072317845 ], [ -159.711075189431909, 21.964245989615396 ], [ -159.71119502686463, 21.964395444884737 ], [ -159.711315081203622, 21.964544647067278 ], [ -159.71143626530241, 21.964692534314405 ], [ -159.71159372666051, 21.964798174385493 ], [ -159.711748400600868, 21.964907060588857 ], [ -159.711878423114541, 21.965044654569194 ], [ -159.712033443642156, 21.965213856060917 ], [ -159.712164676971071, 21.965357398018526 ], [ -159.712308565864731, 21.965482639697672 ], [ -159.712468640263609, 21.965584481359492 ], [ -159.712660429543433, 21.965640469064112 ], [ -159.712847813044505, 21.965702827541957 ], [ -159.713004364864958, 21.965809762926746 ], [ -159.713155436923557, 21.965924621369982 ], [ -159.713277735174188, 21.966081081104281 ], [ -159.713437535910316, 21.966183319569069 ], [ -159.713564061758262, 21.966333668109936 ], [ -159.713681768359749, 21.966496768560685 ], [ -159.713840585200074, 21.966600430143963 ], [ -159.713985292217984, 21.966724492284463 ], [ -159.714123377176492, 21.966858130322358 ], [ -159.71425749110918, 21.966997507705923 ], [ -159.714449821417446, 21.96705271486988 ], [ -159.714603509472312, 21.967163792404179 ], [ -159.714760718055061, 21.967269780915345 ], [ -159.714928940615295, 21.967359845700472 ], [ -159.715114241674286, 21.967425216215481 ], [ -159.715309942165732, 21.967475550038476 ], [ -159.71571597256326, 21.96761362120057 ], [ -159.715898032591241, 21.967675694849532 ], [ -159.716080223545816, 21.967737386482881 ], [ -159.716263910694067, 21.967794763024951 ], [ -159.716447755512718, 21.967851685158411 ], [ -159.7166310219298, 21.967910278203295 ], [ -159.716818315411217, 21.967957249169618 ], [ -159.717003940205956, 21.968009036955699 ], [ -159.717187330185851, 21.968067272885964 ], [ -159.717371393360509, 21.968123565143891 ], [ -159.717554991742361, 21.968181198978431 ], [ -159.717738529176557, 21.96823901084187 ], [ -159.717922756021665, 21.968294831078985 ], [ -159.718106607827309, 21.968351735933187 ], [ -159.718289723703236, 21.968410761387442 ], [ -159.71847053706972, 21.968476434053187 ], [ -159.718652748221331, 21.96853807119453 ], [ -159.718836588190641, 21.968595009597124 ], [ -159.71902039107016, 21.968652055458172 ], [ -159.719203262349339, 21.968711791024283 ], [ -159.719389028296177, 21.968763174335123 ], [ -159.719574229204937, 21.968816186044119 ], [ -159.719760998736689, 21.968864671814789 ], [ -159.719948077696699, 21.968912265252211 ], [ -159.720131926275883, 21.968969183169563 ], [ -159.720316129147136, 21.969025074857804 ], [ -159.720501569379053, 21.969077398766419 ], [ -159.720685681831611, 21.969133551514577 ], [ -159.720870500872508, 21.969187670088282 ], [ -159.72105437112387, 21.969244521813664 ], [ -159.721236681665431, 21.969305875540442 ], [ -159.721425042761069, 21.969349773019673 ], [ -159.721608864737732, 21.969406764353451 ], [ -159.721791590975641, 21.969466921319952 ], [ -159.721977264235335, 21.969518572180075 ], [ -159.722163463623872, 21.969568707304013 ], [ -159.722344696316668, 21.969633172242244 ], [ -159.722532953128535, 21.969677368821099 ], [ -159.722716412255295, 21.969735412959803 ], [ -159.722900378395536, 21.969791990232952 ], [ -159.723086227143312, 21.969843137653768 ], [ -159.723273651081826, 21.969889738296843 ], [ -159.723458432844211, 21.969943963383752 ], [ -159.723644426116664, 21.969994694861512 ], [ -159.723836003791035, 21.970029310004872 ], [ -159.724028214432309, 21.970062098150731 ], [ -159.72421189225193, 21.970119511757353 ], [ -159.724394733997968, 21.970179335521749 ], [ -159.724579276927955, 21.97023425058395 ], [ -159.724763445817473, 21.970290247561824 ], [ -159.724946509459784, 21.970349432818168 ], [ -159.72512943674505, 21.970409011450993 ], [ -159.725312248679359, 21.970468923743038 ], [ -159.725495095114184, 21.970528734493428 ], [ -159.725677862479841, 21.970588775754614 ], [ -159.725860624269643, 21.970648833997718 ], [ -159.726043764194287, 21.97070779904498 ], [ -159.726283909152528, 21.970775412985699 ], [ -159.726470734995559, 21.970827579363064 ], [ -159.726645112585061, 21.970945485559767 ], [ -159.726832726354445, 21.970993495065294 ], [ -159.727019279133486, 21.971047103852648 ], [ -159.72721226930301, 21.971066722122814 ], [ -159.727401598082594, 21.971105672136162 ], [ -159.727595451387998, 21.971120735666556 ], [ -159.727789179241739, 21.971136452686487 ], [ -159.727978720472748, 21.971174283571717 ], [ -159.728169158738922, 21.971207378210732 ], [ -159.72835101163966, 21.971285814771086 ], [ -159.728535161261675, 21.971352119017723 ], [ -159.728714261510561, 21.971445090550787 ], [ -159.728898005956722, 21.97151353725333 ], [ -159.729080651851604, 21.971587789399788 ], [ -159.729262893310192, 21.971664173367891 ], [ -159.729444510616048, 21.971743853722948 ], [ -159.72962771162014, 21.971815176644256 ], [ -159.729813936355924, 21.971870527234167 ], [ -159.729988097201016, 21.971989593419845 ], [ -159.730167507558491, 21.972080936712363 ], [ -159.730373155571129, 21.972033707876612 ], [ -159.730568035438779, 21.972043349175358 ], [ -159.730759121373183, 21.972073028426756 ], [ -159.730929646781902, 21.972211299027474 ], [ -159.731132844638211, 21.972177007898281 ], [ -159.731313658218482, 21.972260939344661 ], [ -159.731502036163079, 21.972304923480213 ], [ -159.731689675824072, 21.972352807982482 ], [ -159.731879659948987, 21.972388305147561 ], [ -159.732068959553914, 21.972427423285342 ], [ -159.732259975539137, 21.972457475091112 ], [ -159.732392308279884, 21.972535939140322 ], [ -159.732581604568963, 21.972578313472745 ], [ -159.732811870386541, 21.972510938694402 ], [ -159.733010978886142, 21.972527027488724 ], [ -159.733179368001771, 21.972625409900772 ], [ -159.733367857292592, 21.972669946062606 ], [ -159.733552536524144, 21.972724688547483 ], [ -159.733714536481614, 21.972840188676198 ], [ -159.733947079804238, 21.972766709560368 ], [ -159.734120681521773, 21.97285112902625 ], [ -159.734283236190464, 21.972965142704677 ], [ -159.734455328814136, 21.973053604972179 ], [ -159.734632490000138, 21.973128489669094 ], [ -159.734800291427035, 21.973228449441951 ], [ -159.734975232684093, 21.973309281781304 ], [ -159.73515677679751, 21.973372427292983 ], [ -159.735339385349363, 21.97343271939322 ], [ -159.735524280273637, 21.973486887695437 ], [ -159.735716758130707, 21.973520740343183 ], [ -159.735903363412518, 21.973570326603507 ], [ -159.736089705137971, 21.973620619389958 ], [ -159.736280587823927, 21.97365874440267 ], [ -159.736465812020356, 21.973712032943975 ], [ -159.736648726277963, 21.973771507318702 ], [ -159.736818959284392, 21.97386495495881 ], [ -159.736991187300532, 21.973953060656903 ], [ -159.737105329153394, 21.974196780213838 ], [ -159.737288490770311, 21.974255595061621 ], [ -159.737629245981168, 21.974127889214831 ], [ -159.737812133242187, 21.974191883027817 ], [ -159.737984703882034, 21.974296993624318 ], [ -159.738173893917207, 21.974335870221466 ], [ -159.738356124948865, 21.974402479013634 ], [ -159.738549381718144, 21.974425152375858 ], [ -159.738737487350761, 21.974468351470701 ], [ -159.73892232379464, 21.974524578613892 ], [ -159.739111107236965, 21.974565076655612 ], [ -159.739283404989351, 21.974671278391018 ], [ -159.739479056492485, 21.974684403517344 ], [ -159.739670388298066, 21.97471474780188 ], [ -159.739852988686351, 21.974779891527842 ], [ -159.740032243155753, 21.974858367222431 ], [ -159.740215105792089, 21.974922465921289 ], [ -159.740399771592308, 21.974979375113694 ], [ -159.740588556973222, 21.9750198714211 ], [ -159.740778377731857, 21.975056236083095 ], [ -159.740965477005687, 21.975103447341073 ], [ -159.741157409370004, 21.97513140036374 ], [ -159.741356885814298, 21.975129281785751 ], [ -159.741548842936993, 21.975157133958202 ], [ -159.741738809272761, 21.97519291866211 ], [ -159.741930378436479, 21.975222317862674 ], [ -159.742124415788794, 21.975241877540537 ], [ -159.742316576260038, 21.975268921147968 ], [ -159.742507467156855, 21.975301023916199 ], [ -159.742699765339523, 21.975327515371532 ], [ -159.742892513363387, 21.975352214016304 ], [ -159.743084386572292, 21.975380399920699 ], [ -159.743275061415005, 21.97541336371053 ], [ -159.743463824353711, 21.975453949828012 ], [ -159.743650275905424, 21.975503743756505 ], [ -159.743835275836375, 21.975559329448927 ], [ -159.744031275136052, 21.975571068034149 ], [ -159.744235112067429, 21.975551569977462 ], [ -159.744427294128911, 21.975578523365147 ], [ -159.744616095527618, 21.975618957100703 ], [ -159.744810355723473, 21.97563762994389 ], [ -159.744994673055544, 21.975695933947133 ], [ -159.745177978138429, 21.975758276033925 ], [ -159.745378309187174, 21.97575274825639 ], [ -159.745578078514455, 21.975749460517829 ], [ -159.745781275914879, 21.975732508333895 ], [ -159.745976891264945, 21.975745775793136 ], [ -159.746169470482755, 21.975771151591548 ], [ -159.746353815066357, 21.975829349131502 ], [ -159.746535795373688, 21.975896969777946 ], [ -159.746727613927135, 21.975925375679488 ], [ -159.746915500768409, 21.975969456136628 ], [ -159.747096184513509, 21.976042246809083 ], [ -159.747277580989675, 21.976112200055418 ], [ -159.747469804120158, 21.976138991564383 ], [ -159.747587729999225, 21.976186159646822 ], [ -159.747805507138963, 21.976142657073744 ], [ -159.747993301221783, 21.976187962622422 ], [ -159.748183234723342, 21.976226929859429 ], [ -159.748374306183024, 21.976262529217735 ], [ -159.748547701576456, 21.976350485308334 ], [ -159.748735910076505, 21.976394563992471 ], [ -159.748914760391699, 21.976466361823423 ], [ -159.749098826028813, 21.976522712750427 ], [ -159.749269511602506, 21.976618698129389 ], [ -159.749475050284929, 21.976611442252889 ], [ -159.749646246458894, 21.976705915312159 ], [ -159.749842845810264, 21.976725140606082 ], [ -159.750029526319139, 21.976773747200404 ], [ -159.750213450648033, 21.976830517583515 ], [ -159.750393387551952, 21.976899098107499 ], [ -159.750574836299222, 21.976963203284278 ], [ -159.750756348140669, 21.977027120059663 ], [ -159.750938488650519, 21.977089176357026 ], [ -159.751105114177477, 21.977197189093129 ], [ -159.751312568599388, 21.977184260504902 ], [ -159.751492714365639, 21.977252226334279 ], [ -159.751664341744174, 21.977345423265568 ], [ -159.751850414199282, 21.977395831920887 ], [ -159.752027508617573, 21.97747283702417 ], [ -159.752228834841333, 21.977478061222602 ], [ -159.752410559747261, 21.97754134909659 ], [ -159.752591637255165, 21.977606555850745 ], [ -159.752751006061317, 21.977736070407591 ], [ -159.75292604139895, 21.977819177410996 ], [ -159.753135689953012, 21.977799748198365 ], [ -159.753311388374499, 21.977880888646418 ], [ -159.753496882226187, 21.977933014521671 ], [ -159.753684044168551, 21.977980196332382 ], [ -159.753858573916915, 21.978064801578228 ], [ -159.754028667412541, 21.978162550741001 ], [ -159.754205779137777, 21.978239505476068 ], [ -159.754383499495248, 21.978314659446468 ], [ -159.754574955595473, 21.978349125872676 ], [ -159.754766522391662, 21.978383261822252 ], [ -159.754942721171744, 21.978462922921867 ], [ -159.75513289543747, 21.978544139328267 ], [ -159.755296211013274, 21.978644602329531 ], [ -159.755507927215007, 21.978649860471354 ], [ -159.755679538027408, 21.978734006492274 ], [ -159.7558786055219, 21.978764145169826 ], [ -159.756011619325449, 21.9789242161423 ], [ -159.756155603720714, 21.979062706575693 ], [ -159.756422125786656, 21.97896015467721 ], [ -159.756646641666777, 21.978940233253294 ], [ -159.756830102690657, 21.97900106984515 ], [ -159.756970600564529, 21.979146419791725 ], [ -159.757119047402568, 21.979276134802458 ], [ -159.757348188858316, 21.979247114593093 ], [ -159.757521900741011, 21.979327130333836 ], [ -159.757689464421617, 21.979419239200013 ], [ -159.757870530967267, 21.979484786956878 ], [ -159.757958193974332, 21.979708330902511 ], [ -159.7580777801453, 21.979872733400907 ], [ -159.758232272135075, 21.979983538333773 ], [ -159.758508601478042, 21.979907259251725 ], [ -159.758745171662838, 21.979968250198237 ], [ -159.758930780755861, 21.980040834027886 ], [ -159.759085597556378, 21.980149541644771 ], [ -159.759205694716343, 21.980298978774051 ], [ -159.7593889846097, 21.980374283902879 ], [ -159.759536363179791, 21.980491717115402 ], [ -159.75970527233406, 21.980583892601768 ], [ -159.759840989556466, 21.980715006412954 ], [ -159.75997367293192, 21.980849679099506 ], [ -159.760183304292383, 21.980894082445495 ], [ -159.760252780492181, 21.981102906129475 ], [ -159.760389957999706, 21.981232307068321 ], [ -159.760562868133349, 21.981319788893838 ], [ -159.76073008413249, 21.981407290602355 ], [ -159.76079174505648, 21.981529663144684 ], [ -159.760959511224343, 21.981625996416319 ], [ -159.761075391687854, 21.981766955139715 ], [ -159.761231863518788, 21.981883302045713 ], [ -159.761367996169156, 21.982013900354826 ], [ -159.761493806402825, 21.982151732996016 ], [ -159.761636902070137, 21.982277452009846 ], [ -159.761737739373871, 21.982432781781494 ], [ -159.761895295210707, 21.982548369547036 ], [ -159.76199172965832, 21.982706783923046 ], [ -159.762110933697329, 21.982849245035275 ], [ -159.762213390245734, 21.983003439517756 ], [ -159.762388725457271, 21.983106571219146 ], [ -159.762454603820828, 21.98328639510537 ], [ -159.762614264904784, 21.983400508841452 ], [ -159.762705288001541, 21.983562715077419 ], [ -159.762760453442326, 21.983750046180017 ], [ -159.762920940374642, 21.983863581191503 ], [ -159.763085766247372, 21.983974075793419 ], [ -159.763176149492608, 21.984136730990631 ], [ -159.763272051852169, 21.984295519199659 ], [ -159.763393549457135, 21.984436374120136 ], [ -159.763525687526283, 21.984569772453039 ], [ -159.763636932352483, 21.984717810842458 ], [ -159.763651927893534, 21.984933288754405 ], [ -159.76378332303878, 21.985090632225941 ], [ -159.763867388776617, 21.985253529592956 ], [ -159.763962859605726, 21.985410851323952 ], [ -159.764066431458133, 21.985564211802352 ], [ -159.764147901880307, 21.985728378619985 ], [ -159.764216113605784, 21.985899026702857 ], [ -159.764310596933626, 21.986056830697585 ], [ -159.764414466244943, 21.986210046801322 ], [ -159.764511688932117, 21.986366511710909 ], [ -159.764623493370436, 21.986515848533074 ], [ -159.764714705348155, 21.986675252070892 ], [ -159.764788542947002, 21.986843149898128 ], [ -159.764874468750861, 21.987005138206104 ], [ -159.7650021193312, 21.987146727388915 ], [ -159.765034793266153, 21.987334751422075 ], [ -159.76514951283437, 21.987482662230647 ], [ -159.765223225795552, 21.987650621836018 ], [ -159.765141038265654, 21.987894801103689 ], [ -159.765240349766202, 21.988050245761059 ], [ -159.765324727191143, 21.988212991726812 ], [ -159.765431735241435, 21.988364672923542 ], [ -159.765541687295865, 21.988514914740996 ], [ -159.765592546682257, 21.988694048317338 ], [ -159.765676751004548, 21.988856878894541 ], [ -159.765726066531812, 21.989033101639652 ], [ -159.765793490984066, 21.989202587204606 ], [ -159.765849064067311, 21.989376592657315 ], [ -159.765937316055954, 21.989538136706624 ], [ -159.765993852277802, 21.989711775336247 ], [ -159.766102204947913, 21.989865654040596 ], [ -159.766174892912375, 21.990033132774613 ], [ -159.766231381301594, 21.990206789591724 ], [ -159.766306314258486, 21.99037341308923 ], [ -159.766356634507645, 21.990549422203106 ], [ -159.766436753125987, 21.990714067349799 ], [ -159.766381321433585, 21.990930404045667 ], [ -159.766459543657589, 21.991095772615704 ], [ -159.766670724151368, 21.99121043900259 ], [ -159.766792063361777, 21.991359365484705 ], [ -159.766850938880566, 21.991532112893672 ], [ -159.76690585398822, 21.991706369397239 ], [ -159.767043501083236, 21.991849077220589 ], [ -159.766928230342103, 21.992088233646243 ], [ -159.766901193815102, 21.992293742384614 ], [ -159.766987256407191, 21.992456120778812 ], [ -159.767037110425093, 21.992632307944689 ], [ -159.76715482516704, 21.992782616981085 ], [ -159.767353262759826, 21.99290214354945 ], [ -159.767395696013722, 21.993081160410863 ], [ -159.767490308235182, 21.993240278791305 ], [ -159.767615147623559, 21.993387871937674 ], [ -159.767626907773234, 21.993578585815012 ], [ -159.767520653208464, 21.993814303646253 ], [ -159.767595606119357, 21.993980919983503 ], [ -159.767586611043413, 21.994179548983666 ], [ -159.767668854205453, 21.994343384827364 ], [ -159.767775144530532, 21.994498050593943 ], [ -159.767912720820078, 21.994640785890756 ], [ -159.768034858972982, 21.994789408525282 ], [ -159.768298790120838, 21.994883958965435 ], [ -159.768265213417692, 21.995091962026073 ], [ -159.768225614951888, 21.995302261713523 ], [ -159.768333046378103, 21.995456492610266 ], [ -159.76846784968788, 21.995600285610237 ], [ -159.768750443167818, 21.995687719397335 ], [ -159.768732359615882, 21.995889814858664 ], [ -159.768756277112885, 21.996075893155833 ], [ -159.768891161679022, 21.996219654676317 ], [ -159.769144937724917, 21.996318077156044 ], [ -159.769339654245101, 21.996439022440857 ], [ -159.76936865953823, 21.996623160643196 ], [ -159.769450937159007, 21.99678698445922 ], [ -159.769518795316287, 21.99695630620382 ], [ -159.769420650482317, 21.99718893271865 ], [ -159.769501565423951, 21.99735327601142 ], [ -159.769582979388275, 21.997517429008244 ], [ -159.769790772922306, 21.997633387005664 ], [ -159.769651445432032, 21.997881719171016 ], [ -159.769473570968046, 21.998144750581602 ], [ -159.769570073178642, 21.99830314949395 ], [ -159.769715613159207, 21.998442848239161 ], [ -159.769810545872616, 21.998601846084373 ], [ -159.769707544560049, 21.998836324013293 ], [ -159.769801359029941, 21.998995748985081 ], [ -159.769854896515966, 21.999170531915549 ], [ -159.769955140188046, 21.99932750459477 ], [ -159.769937793745157, 21.999529319267214 ], [ -159.769989402006445, 21.999704838425931 ], [ -159.77015908726122, 21.999835329744347 ], [ -159.770226245967166, 22.000004919059059 ], [ -159.770327885665807, 22.000161359136747 ], [ -159.770297825065967, 22.00036802244745 ], [ -159.770411760180281, 22.000519773890151 ], [ -159.770522734399151, 22.000672654852476 ], [ -159.770474871348796, 22.000886107741294 ], [ -159.770483171436666, 22.001078141897089 ], [ -159.770521355736179, 22.001258781113744 ], [ -159.770641848326335, 22.00140803165819 ], [ -159.770950678459656, 22.001615157386912 ], [ -159.771115208883373, 22.001838915094655 ], [ -159.771176071766774, 22.002012597014573 ], [ -159.771232621240671, 22.002188299312209 ], [ -159.771501308351333, 22.002618787952265 ], [ -159.771708926513384, 22.002699410386313 ], [ -159.771942572599073, 22.002761823115542 ], [ -159.772098152225453, 22.002878850277618 ], [ -159.77215771842171, 22.003063045287803 ], [ -159.772055990599455, 22.003360079701395 ], [ -159.77223696083604, 22.003459343815663 ], [ -159.772378732816065, 22.003586029777217 ], [ -159.772350941609119, 22.003831339893075 ], [ -159.772485801044922, 22.003962862568265 ], [ -159.772734267687326, 22.004014907364599 ], [ -159.772713008847745, 22.004255647163536 ], [ -159.772794103113625, 22.004424783791514 ], [ -159.772939476402797, 22.004548951643269 ], [ -159.773031035735215, 22.004710766463166 ], [ -159.773212645328897, 22.004809583747583 ], [ -159.773270190986239, 22.004995194372896 ], [ -159.773349318500038, 22.00516570679908 ], [ -159.773462769249619, 22.005312206702484 ], [ -159.773521754428288, 22.005496810365056 ], [ -159.773759963080238, 22.005556032423637 ], [ -159.773910396489185, 22.005676660354617 ], [ -159.774051436768872, 22.005803859522157 ], [ -159.774011050586012, 22.006057983164489 ], [ -159.773995004347398, 22.006295077606183 ], [ -159.7740598874895, 22.006475556282389 ], [ -159.774305814043373, 22.006529379402235 ], [ -159.774424053833769, 22.0066725296447 ], [ -159.774481829654235, 22.00685798056514 ], [ -159.774643894655838, 22.006970471933052 ], [ -159.774726111394131, 22.007138824329594 ], [ -159.774815696966414, 22.007302021404566 ], [ -159.774941282434355, 22.007440033233998 ], [ -159.775169750145494, 22.007506071034069 ], [ -159.775369594768165, 22.007592132138893 ], [ -159.77554154403731, 22.007697708210994 ], [ -159.775719451198512, 22.00779911744975 ], [ -159.775792259850959, 22.007974051641167 ], [ -159.77624451883591, 22.008147434516935 ], [ -159.776433025769876, 22.008223616929573 ], [ -159.776745910790339, 22.008174792435774 ], [ -159.776935857489349, 22.00824952652513 ], [ -159.777128394299865, 22.008321658076326 ], [ -159.777353211737193, 22.008361346273841 ], [ -159.777504862434284, 22.008474570654421 ], [ -159.777716416560622, 22.008527588510407 ], [ -159.777900205482013, 22.008608512726216 ], [ -159.778018012743786, 22.008755751934061 ], [ -159.778183145759414, 22.008855426693316 ], [ -159.778346087985852, 22.00895730241416 ], [ -159.778516207591906, 22.009051964600616 ], [ -159.778650215273331, 22.009182923092279 ], [ -159.77882702977098, 22.009270856275389 ], [ -159.778951683278166, 22.009411216310617 ], [ -159.77907281253519, 22.009555118941876 ], [ -159.779190580369914, 22.009702399888365 ], [ -159.779324492925184, 22.009833453096995 ], [ -159.779488069133635, 22.00993469313633 ], [ -159.77963501357064, 22.010052649024445 ], [ -159.779778512760629, 22.010174067612692 ], [ -159.779858115529521, 22.010359708847528 ], [ -159.780017954318936, 22.010464705258379 ], [ -159.780174626306746, 22.010572884783148 ], [ -159.780300471249006, 22.010712048269113 ], [ -159.780428178891668, 22.010849339982322 ], [ -159.780456088967469, 22.011086937283977 ], [ -159.780565802688017, 22.011242314678388 ], [ -159.780721258076255, 22.011351717208395 ], [ -159.780801143144373, 22.011537075612594 ], [ -159.780909673447155, 22.011693642737789 ], [ -159.78106450235768, 22.011803676664794 ], [ -159.781210901796129, 22.011922181991615 ], [ -159.781269573367524, 22.012128861963891 ], [ -159.781514800976652, 22.012148037494445 ], [ -159.781755469332666, 22.012171792927901 ], [ -159.781938626359874, 22.012253354121814 ], [ -159.782115183607345, 22.012341548600297 ], [ -159.782239226410894, 22.012482524966959 ], [ -159.782319076016734, 22.012601457023191 ], [ -159.782383272463136, 22.012781966836211 ], [ -159.782592770762903, 22.01286209794241 ], [ -159.782705927262612, 22.013008784758554 ], [ -159.78282944111433, 22.013148316829987 ], [ -159.782903546792028, 22.013321981040512 ], [ -159.783008579271836, 22.013474280366104 ], [ -159.783088068046055, 22.013644225687504 ], [ -159.783205990693972, 22.013787620867422 ], [ -159.783296492379861, 22.013949958365714 ], [ -159.783446172205316, 22.014071414442682 ], [ -159.783649292299657, 22.014155952456829 ], [ -159.7839480783353, 22.014174401133449 ], [ -159.784102558682463, 22.014292541661398 ], [ -159.784252353426041, 22.014413917826268 ], [ -159.784381487247487, 22.014549567869867 ], [ -159.784472291892286, 22.01471169633216 ], [ -159.784560432908137, 22.014875665954367 ], [ -159.784658308753023, 22.015032910129463 ], [ -159.784737663351251, 22.015202950047779 ], [ -159.784778546877277, 22.015281364019522 ], [ -159.784818398711963, 22.015458311555964 ], [ -159.784876541771354, 22.015632349287774 ], [ -159.784873837121523, 22.015816066441413 ], [ -159.784887432478996, 22.015997190489021 ], [ -159.784885390923392, 22.016180801472451 ], [ -159.784904846579821, 22.016360993149171 ], [ -159.784940716585794, 22.016538573997646 ], [ -159.784975016597912, 22.016716404460968 ], [ -159.785027615724204, 22.016891324160937 ], [ -159.785218339619746, 22.017044272011091 ], [ -159.785306603167129, 22.017213518166972 ], [ -159.785396031432896, 22.017382578910087 ] ] } },
{ "type": "Feature", "properties": { "objectid": 202, "island": "Kauai", "st_lengthshape": 309.58194198049284 }, "geometry": { "type": "LineString", "coordinates": [ [ -159.785678623629707, 22.01806038656861 ], [ -159.78575189053592, 22.018229284248271 ], [ -159.785754592719144, 22.018415356755074 ], [ -159.785882325684952, 22.018570997007281 ], [ -159.785916190239533, 22.018749485140848 ], [ -159.785918222155317, 22.018935721646038 ], [ -159.785878907270614, 22.019132021473187 ], [ -159.785877666855782, 22.019319053291397 ], [ -159.785890968940862, 22.019502546339776 ], [ -159.785924726365607, 22.019681060254669 ], [ -159.785976283235073, 22.019855241941464 ], [ -159.786045730560261, 22.020025069264143 ], [ -159.786137305379526, 22.02018951097704 ], [ -159.786239606883186, 22.020351340952082 ], [ -159.786334229022287, 22.020515040686384 ], [ -159.786448969118368, 22.020673843183005 ] ] } },
{ "type": "Feature", "properties": { "objectid": 203, "island": "Kauai", "st_lengthshape": 20.000261959549519 }, "geometry": { "type": "LineString", "coordinates": [ [ -159.787343286349426, 22.026374354841575 ], [ -159.787285785160606, 22.026201814034955 ] ] } },
{ "type": "Feature", "properties": { "objectid": 204, "island": "Kauai", "st_lengthshape": 80.4156893546714 }, "geometry": { "type": "LineString", "coordinates": [ [ -159.785968012271326, 22.037331358852672 ], [ -159.785982197943213, 22.037513306931469 ], [ -159.785975360132738, 22.037693956545034 ], [ -159.785988263459643, 22.037875825849575 ], [ -159.785987075819463, 22.038056824150498 ] ] } },
{ "type": "Feature", "properties": { "objectid": 205, "island": "Kauai", "st_lengthshape": 547.47089262779332 }, "geometry": { "type": "LineString", "coordinates": [ [ -159.785515401205117, 22.042928608016656 ], [ -159.785403232921595, 22.04308382190106 ], [ -159.785305324411723, 22.043243573712832 ], [ -159.785144535650716, 22.043383312442241 ], [ -159.784974762462696, 22.043520192399285 ], [ -159.784906742015778, 22.043689457041513 ], [ -159.784797741927946, 22.04384567978601 ], [ -159.784735941595386, 22.044016925494553 ], [ -159.784679117105128, 22.044189754466526 ], [ -159.784605233736841, 22.04435715357625 ], [ -159.784474361152292, 22.044506414600196 ], [ -159.784444139239042, 22.044687710894447 ], [ -159.784285657407565, 22.044828183965368 ], [ -159.784179353475196, 22.044985264269044 ], [ -159.784068551873389, 22.045140913392316 ], [ -159.784057590791093, 22.045328340839848 ], [ -159.783961036385477, 22.045488524443289 ], [ -159.783924802806581, 22.045667908039515 ], [ -159.783841973387553, 22.045832459701945 ], [ -159.783755245273341, 22.045995771563579 ], [ -159.783723060305846, 22.046176442939498 ], [ -159.783886753858354, 22.046419460915864 ], [ -159.78384208319568, 22.046596158444345 ], [ -159.783798108458029, 22.046773077572222 ], [ -159.783764162461836, 22.046953189140385 ], [ -159.783728121502151, 22.04713263408874 ], [ -159.783683141749009, 22.047309233675723 ] ] } },
{ "type": "Feature", "properties": { "objectid": 206, "island": "Kauai", "st_lengthshape": 61.518007121882931 }, "geometry": { "type": "LineString", "coordinates": [ [ -159.783623958808022, 22.047672229122306 ], [ -159.783573968692735, 22.047847233781251 ], [ -159.783538422390279, 22.048026836212678 ], [ -159.783541759813602, 22.048218814185759 ] ] } },
{ "type": "Feature", "properties": { "objectid": 207, "island": "Kauai", "st_lengthshape": 5722.3887674879934 }, "geometry": { "type": "LineString", "coordinates": [ [ -159.782888430271413, 22.065837233266976 ], [ -159.782765840108368, 22.065979685250525 ], [ -159.782643649273382, 22.066122538146875 ], [ -159.782520050919914, 22.06626397846399 ], [ -159.782393065709471, 22.066402020982146 ], [ -159.782265392214526, 22.066539373797319 ], [ -159.782120124671025, 22.066659078010481 ], [ -159.781972010181306, 22.066775926543876 ], [ -159.781819725282446, 22.066888590505854 ], [ -159.781662890876959, 22.06699669046607 ], [ -159.781191691135007, 22.066789432559066 ], [ -159.780921246299471, 22.066783562495694 ], [ -159.780764764086257, 22.066892015864067 ], [ -159.780597329576068, 22.066989483738887 ], [ -159.780456598634743, 22.067113738726039 ], [ -159.780278797288361, 22.067200805335258 ], [ -159.78007213525575, 22.067258920246282 ], [ -159.780072982138705, 22.067525202717022 ], [ -159.779922686887687, 22.067639863705526 ], [ -159.779712935700019, 22.067694880730759 ], [ -159.779607432487154, 22.067854475718143 ], [ -159.77951132084084, 22.068023492503936 ], [ -159.779291304894059, 22.068068211399439 ], [ -159.779197879580664, 22.06823992357306 ], [ -159.779021448210244, 22.068328366323609 ], [ -159.778901704529744, 22.068473676544627 ], [ -159.778745700327534, 22.068582611789722 ], [ -159.778591848671084, 22.068693705682751 ], [ -159.778404155374346, 22.068770851204789 ], [ -159.778174938097607, 22.068806339124066 ], [ -159.777915272789812, 22.068811282483523 ], [ -159.77765952319055, 22.068820153724474 ], [ -159.777419359488391, 22.068844659534285 ], [ -159.777223300771681, 22.068913412142681 ], [ -159.776928435583812, 22.068883042366082 ], [ -159.776736962758207, 22.068956394358317 ], [ -159.776512981887151, 22.068997134509292 ], [ -159.77634591512637, 22.069094971299723 ], [ -159.776127443967113, 22.069141238820318 ], [ -159.775959792038975, 22.069238488991559 ], [ -159.775818181555906, 22.069361863474395 ], [ -159.7756238618243, 22.069432360332385 ], [ -159.775496189706416, 22.069569718873524 ], [ -159.77538143390629, 22.069720035745437 ], [ -159.775166890778905, 22.069770243851142 ], [ -159.775049728327076, 22.069918146302612 ], [ -159.774917386199604, 22.070050820778434 ], [ -159.77474586732302, 22.070144191740262 ], [ -159.774565724526326, 22.070228911850908 ], [ -159.774369631241314, 22.070297629651886 ], [ -159.774271196201624, 22.070464320140395 ], [ -159.774087357253222, 22.070545331653953 ], [ -159.773933645920323, 22.070656568770691 ], [ -159.773783677540962, 22.070771560596786 ], [ -159.773624148706091, 22.070876961048263 ], [ -159.773496558138675, 22.07101440351919 ], [ -159.773283394217174, 22.071065995714736 ], [ -159.77314065105287, 22.071188235939587 ], [ -159.773013726319903, 22.071326347021561 ], [ -159.772948379397008, 22.071526234427505 ], [ -159.772734942602227, 22.07157755439415 ], [ -159.77265789975587, 22.071765707707808 ], [ -159.772473276595406, 22.071845934309192 ], [ -159.772371965353756, 22.072009742825852 ], [ -159.772133735409341, 22.072036187724724 ], [ -159.772044480597543, 22.072212091532766 ], [ -159.771836024226161, 22.072268406080472 ], [ -159.771721549873575, 22.072419009142063 ], [ -159.771574220764194, 22.072536650650015 ], [ -159.771434489860269, 22.072661915132375 ], [ -159.771268698667882, 22.072761034520198 ], [ -159.771162013754264, 22.072919452738969 ], [ -159.770997247279269, 22.073019600506981 ], [ -159.770844805508744, 22.073132113446448 ], [ -159.770694886558999, 22.073247156499765 ], [ -159.770541767977846, 22.073358991198468 ], [ -159.770411506848291, 22.073493757246986 ], [ -159.770242946280632, 22.073590099002114 ], [ -159.770132598285016, 22.073744843478888 ], [ -159.769948654211646, 22.073825751589546 ], [ -159.769862686606729, 22.074004956034393 ], [ -159.769701797559804, 22.074108995060243 ], [ -159.769595290191063, 22.074267593043594 ], [ -159.769510224300518, 22.074447701878071 ], [ -159.769335981419545, 22.07453834377872 ], [ -159.769128608064705, 22.074595747491959 ], [ -159.768997741226485, 22.074729907320815 ], [ -159.768922020097079, 22.074919392476485 ], [ -159.768792355342072, 22.075054757942031 ], [ -159.768725061562179, 22.075252698874475 ], [ -159.768637022645805, 22.075429826510547 ], [ -159.768478847116512, 22.075536589797743 ], [ -159.768463304508515, 22.075786450989842 ], [ -159.768336185985021, 22.075924372482483 ], [ -159.768302946449325, 22.076156479360851 ], [ -159.768236874559392, 22.076355647482096 ], [ -159.768132046949688, 22.076515932321559 ], [ -159.768028674099668, 22.076677677369727 ], [ -159.767952889317002, 22.076867100956736 ], [ -159.767851504082216, 22.077030840282337 ], [ -159.767745805294766, 22.077190252685796 ], [ -159.767581404696728, 22.077290772133587 ], [ -159.767490587655601, 22.077465114414611 ], [ -159.767259939139564, 22.077499170376591 ], [ -159.767165290649558, 22.0776696693727 ], [ -159.767035906314874, 22.077805318560273 ], [ -159.766873580272403, 22.077907920742078 ], [ -159.766739902583453, 22.078039262598814 ], [ -159.766594189063483, 22.078158530954259 ], [ -159.766448170263089, 22.07827749255884 ], [ -159.766284861885254, 22.078379109565468 ], [ -159.766101036252877, 22.078460140322434 ], [ -159.765982971421465, 22.078607147298236 ], [ -159.765829307345655, 22.078718439164483 ], [ -159.765654981802271, 22.078809002683826 ], [ -159.765540461599812, 22.078959566566503 ], [ -159.765414086851564, 22.07909823852642 ], [ -159.765281710625885, 22.07923088757207 ], [ -159.765143539541356, 22.079357724115606 ], [ -159.764974030892773, 22.079453121017515 ], [ -159.764836653564601, 22.079580754000411 ], [ -159.76471848514953, 22.079727658498321 ], [ -159.764573544893295, 22.079847703830406 ], [ -159.76442806742017, 22.079967210418811 ], [ -159.764273960151996, 22.080078059376671 ], [ -159.764099675772059, 22.080168664456828 ], [ -159.763969774603169, 22.080303798784502 ], [ -159.763787170110959, 22.080386057144739 ], [ -159.763613187138475, 22.080476964753974 ], [ -159.763531112661155, 22.080660083905084 ], [ -159.763412024963003, 22.08080606761774 ], [ -159.763293195279232, 22.080952311122285 ], [ -159.763172416271829, 22.081096598768191 ], [ -159.76304562995864, 22.081234859840787 ], [ -159.762897580882367, 22.081351787092888 ], [ -159.762734377478324, 22.081453511287865 ], [ -159.762608809567979, 22.081592994960722 ], [ -159.762475144930818, 22.081724354166504 ], [ -159.762344104490609, 22.081858347965234 ], [ -159.762176387987211, 22.081955544995616 ], [ -159.762031669383646, 22.082075813865281 ], [ -159.76193634214539, 22.082245639197613 ], [ -159.761851367221141, 22.08242585039779 ], [ -159.761714230776192, 22.082553729060173 ], [ -159.761563602545465, 22.082668070816329 ], [ -159.761447789516694, 22.082817342500153 ], [ -159.761277535502217, 22.082911993861593 ], [ -159.761147408899006, 22.083046903938161 ], [ -159.760960735370787, 22.083125083111383 ], [ -159.760809314588755, 22.083238629285116 ], [ -159.760668783071509, 22.083363102661327 ], [ -159.760527447303446, 22.083486767513808 ], [ -159.760368939919658, 22.083593204955083 ], [ -159.76022799542838, 22.083717263422194 ], [ -159.76007060047823, 22.083824816517538 ], [ -159.759937872804414, 22.083957119730226 ], [ -159.759791248943657, 22.084075481252636 ], [ -159.75961884245109, 22.084167972800277 ], [ -159.759481487901525, 22.084295633850264 ], [ -159.759344526821707, 22.08442369045305 ], [ -159.759197360130116, 22.08454150652587 ], [ -159.75900525046498, 22.08461423060767 ], [ -159.758895747194202, 22.084769835642909 ], [ -159.758732425852514, 22.0848714453927 ], [ -159.758598197104419, 22.085002242244322 ], [ -159.758440332677253, 22.085109326231752 ], [ -159.758267967884422, 22.085201861369832 ], [ -159.758108764942875, 22.085307602491664 ], [ -159.757939238510033, 22.085402986071166 ], [ -159.757800000391057, 22.085528758269021 ], [ -159.757668356579927, 22.085662150488517 ], [ -159.757498105340943, 22.085756807042966 ], [ -159.757336145209479, 22.085859782282768 ], [ -159.757209569206651, 22.085998259342237 ], [ -159.757088556578907, 22.086142318792209 ], [ -159.756955310367545, 22.086274103518598 ], [ -159.756813685837557, 22.086397482934476 ], [ -159.75667934375582, 22.086528168573377 ], [ -159.756500073434864, 22.086613775947249 ], [ -159.756364300247526, 22.086743027049842 ], [ -159.7562239503917, 22.086867684694976 ], [ -159.756090151111948, 22.086998915712805 ], [ -159.755971691730934, 22.087145538123412 ], [ -159.755802698599098, 22.087241457313237 ], [ -159.755696413581575, 22.087400295807551 ], [ -159.755507677852592, 22.087476406977146 ], [ -159.755448841435197, 22.087682852430074 ], [ -159.755312824585644, 22.087811859899894 ], [ -159.755127180292646, 22.08789107305827 ], [ -159.754915473849138, 22.08794413757148 ], [ -159.754770952479078, 22.088064611602729 ], [ -159.754714949680135, 22.088273900246072 ], [ -159.754576822703569, 22.088400791187034 ], [ -159.754461687660722, 22.088550750584169 ], [ -159.754283440572635, 22.088637387064413 ], [ -159.754114010837526, 22.088732870236644 ], [ -159.754014384740287, 22.088898390960313 ], [ -159.753861496237107, 22.089010470559572 ], [ -159.753709391019271, 22.089123336875371 ], [ -159.753568481972081, 22.089247437501257 ], [ -159.753413197332804, 22.089357112976131 ], [ -159.75326973646429, 22.089478653160366 ], [ -159.753109328220802, 22.089583188183447 ], [ -159.752987435211992, 22.089726367955208 ], [ -159.752802697287024, 22.089806493117869 ], [ -159.752636893317117, 22.089905615029735 ], [ -159.752556242732823, 22.090090176830259 ], [ -159.752399936051432, 22.090198828921359 ], [ -159.752270024322144, 22.090333963352027 ], [ -159.75213649586226, 22.090465470046372 ], [ -159.752033675654246, 22.090627789140363 ], [ -159.751882527151452, 22.090741616938825 ], [ -159.751730350269014, 22.0908544122384 ], [ -159.751586597978189, 22.090975661441096 ], [ -159.751457397155434, 22.091111511078346 ], [ -159.751332184845296, 22.091251362372944 ], [ -159.751206832929199, 22.09139107328766 ], [ -159.751080002408656, 22.091529302115848 ], [ -159.750898017000964, 22.091612190467384 ], [ -159.750798733086015, 22.0917780582528 ], [ -159.75066568137467, 22.091910044007278 ], [ -159.750600429647335, 22.09211005983865 ], [ -159.750453916219215, 22.092228540121848 ], [ -159.75025593063009, 22.092295373908474 ], [ -159.750043362929148, 22.092347576204634 ], [ -159.749953804324065, 22.092523204273977 ], [ -159.749877731087508, 22.092712362846424 ], [ -159.749616985656701, 22.092716223850903 ], [ -159.749519909731958, 22.092884309429394 ], [ -159.749439308047869, 22.093068923739551 ], [ -159.749315036364123, 22.093209722307144 ], [ -159.749206472925948, 22.09336628070556 ], [ -159.749073405587779, 22.093498253535504 ], [ -159.749040906992917, 22.093731135791632 ], [ -159.748982099725225, 22.09393761956208 ], [ -159.748830465774091, 22.094050963542767 ], [ -159.748685999285243, 22.094171498971235 ], [ -159.748463716925613, 22.0942139564436 ], [ -159.748398289591449, 22.094413798790789 ], [ -159.748294769419459, 22.094575419603071 ], [ -159.748067417734887, 22.09461278927904 ], [ -159.74799427914823, 22.094804894895315 ], [ -159.747834290737558, 22.094909857515308 ], [ -159.747610204037642, 22.094950502682572 ], [ -159.747383813412, 22.09498883726965 ], [ -159.747258545944646, 22.095128638827575 ], [ -159.747130241578816, 22.09526539168046 ], [ -159.74706984245708, 22.095470281272732 ], [ -159.746882889209274, 22.095548187725804 ], [ -159.746730612547708, 22.095660888634658 ], [ -159.7466486452862, 22.095844137423548 ], [ -159.746514179670072, 22.095974709855049 ], [ -159.746445022208576, 22.096170811296247 ], [ -159.746297414500475, 22.096288197158568 ], [ -159.746026324392091, 22.096281681920864 ], [ -159.745887875839855, 22.096408257364835 ], [ -159.745759559265167, 22.096545001103344 ], [ -159.745610833772417, 22.096661264934522 ], [ -159.745427900013055, 22.096743204944151 ], [ -159.745368029949503, 22.096948628143938 ], [ -159.745219089316038, 22.097064676701009 ], [ -159.745087508768222, 22.097198145566722 ], [ -159.745028091197213, 22.097404023699468 ], [ -159.744919823937352, 22.097560885158725 ], [ -159.744827901343541, 22.097734148100759 ], [ -159.744676757002281, 22.097847986594051 ], [ -159.744573100522189, 22.098009474768272 ], [ -159.744490824152763, 22.098192416774761 ], [ -159.744408750280257, 22.098375561984657 ], [ -159.744490071226863, 22.098722659148894 ] ] } },
{ "type": "Feature", "properties": { "objectid": 208, "island": "Maui", "st_lengthshape": 101.91962556645412 }, "geometry": { "type": "LineString", "coordinates": [ [ -156.442487134977398, 20.625838727210848 ], [ -156.442566608798643, 20.626003496942122 ], [ -156.44260387758797, 20.626178470249659 ], [ -156.442705631409297, 20.626338837741905 ], [ -156.442797095832447, 20.6265000270432 ], [ -156.442967240881472, 20.626604392300177 ] ] } },
{ "type": "Feature", "properties": { "objectid": 209, "island": "Maui", "st_lengthshape": 46.755727394735487 }, "geometry": { "type": "LineString", "coordinates": [ [ -156.442998900243765, 20.626965844484516 ], [ -156.443115281709396, 20.627111555501404 ], [ -156.443369838272389, 20.627120449406615 ] ] } },
{ "type": "Feature", "properties": { "objectid": 210, "island": "Maui", "st_lengthshape": 1166.2343828288153 }, "geometry": { "type": "LineString", "coordinates": [ [ -156.443731133733905, 20.627519814394091 ], [ -156.443866133936865, 20.627648114212395 ], [ -156.444043130586209, 20.627738553101388 ], [ -156.44418108482904, 20.627861083422797 ], [ -156.444168157798146, 20.627967021705306 ], [ -156.444152050057852, 20.628187175185104 ], [ -156.444204982734448, 20.628368041554118 ], [ -156.444253133925088, 20.628551628968726 ], [ -156.444270673530582, 20.628752635668526 ], [ -156.444300266884312, 20.62894046747525 ], [ -156.444387577666532, 20.629147752155934 ], [ -156.444502433194486, 20.629292368114015 ], [ -156.444570623702845, 20.629470226921011 ], [ -156.444607077091348, 20.629670694646983 ], [ -156.444695033765157, 20.629834472377471 ], [ -156.444796986813287, 20.629988280397161 ], [ -156.444976234286571, 20.630087023604531 ], [ -156.445141789587069, 20.630195522349606 ], [ -156.445278800780784, 20.630323584748201 ], [ -156.445412330613578, 20.630680992460338 ], [ -156.445571431388203, 20.630785040548144 ], [ -156.445667457671021, 20.630953082655711 ], [ -156.44584020748789, 20.631043282099601 ], [ -156.445970840033084, 20.631176214857131 ], [ -156.44611248708074, 20.631297972472886 ], [ -156.446257340403662, 20.631416476333648 ], [ -156.446415114671311, 20.63152187115821 ], [ -156.446561445605624, 20.631638876134758 ], [ -156.446685271115399, 20.631778715348766 ], [ -156.446878297787492, 20.63184834361385 ], [ -156.447035040721602, 20.631954784529778 ], [ -156.447184485889949, 20.632068631534267 ], [ -156.447297375131768, 20.632219567215682 ], [ -156.447446372854643, 20.632329906772892 ], [ -156.447750181202366, 20.632562554003631 ], [ -156.447898787667668, 20.632677528476133 ], [ -156.448047090216221, 20.632792910982793 ], [ -156.448213881408009, 20.632883522271431 ], [ -156.448365754533, 20.632994122161467 ], [ -156.448514555178406, 20.633108837199273 ], [ -156.448682862786541, 20.633197417249775 ], [ -156.448803247996523, 20.633350203777766 ], [ -156.448858019018701, 20.633590899941321 ], [ -156.448968909785037, 20.633756409138343 ], [ -156.449133186153261, 20.633850391047694 ], [ -156.44933192303202, 20.633898203513755 ], [ -156.449524936478582, 20.633953683710327 ], [ -156.449703489052979, 20.63402853901454 ], [ -156.449874597423303, 20.634113368944547 ], [ -156.450049155664942, 20.634190860140002 ], [ -156.450400303686564, 20.634322052853729 ], [ -156.450609858473257, 20.634309021108177 ], [ -156.450843472883719, 20.634243096152851 ], [ -156.451076401806006, 20.634178811288955 ] ] } },
{ "type": "Feature", "properties": { "objectid": 211, "island": "Maui", "st_lengthshape": 104.31410232159615 }, "geometry": { "type": "LineString", "coordinates": [ [ -156.451581219765302, 20.634473155483221 ], [ -156.45156359187439, 20.634667121148738 ], [ -156.451524666787037, 20.634867237293108 ], [ -156.451559209402774, 20.635046134133418 ], [ -156.451638350187579, 20.6352121500945 ], [ -156.451717582210591, 20.635375808030584 ] ] } },
{ "type": "Feature", "properties": { "objectid": 212, "island": "Maui", "st_lengthshape": 543.26220187587523 }, "geometry": { "type": "LineString", "coordinates": [ [ -156.447915195069982, 20.639278094719735 ], [ -156.447730818052179, 20.639373759504245 ], [ -156.447562373689351, 20.63948064381659 ], [ -156.447406590276131, 20.639596442897851 ], [ -156.447217639224306, 20.639688886392705 ], [ -156.446969297638276, 20.639739508778479 ], [ -156.446834530762288, 20.639870107441968 ], [ -156.446687892233143, 20.639992346210072 ], [ -156.446537942888853, 20.640112254148772 ], [ -156.446443426073273, 20.640270359699951 ], [ -156.446297761769245, 20.640636313436211 ], [ -156.446264706903037, 20.640815608103324 ], [ -156.446340727494771, 20.641026247626389 ], [ -156.446324249497849, 20.641210305857143 ], [ -156.44623406143657, 20.641373181299571 ], [ -156.446186916043416, 20.641548426334008 ], [ -156.446158417141362, 20.641729029888207 ], [ -156.446120483611679, 20.641906922257228 ], [ -156.446075703413271, 20.642082846921703 ], [ -156.446009963367686, 20.642252747611916 ], [ -156.445929872273439, 20.642418524362302 ], [ -156.445868065875999, 20.642589556770531 ], [ -156.445843525102845, 20.642771297790617 ], [ -156.445783891169555, 20.642942953716474 ], [ -156.445717909753284, 20.643112785635324 ], [ -156.445658632340979, 20.643281914968913 ] ] } },
{ "type": "Feature", "properties": { "objectid": 213, "island": "Maui", "st_lengthshape": 398.63321091873576 }, "geometry": { "type": "LineString", "coordinates": [ [ -156.443989300883999, 20.645315581083899 ], [ -156.443841664384621, 20.645431123891719 ], [ -156.443653994457719, 20.645497217141688 ], [ -156.443382176287969, 20.645456632592246 ], [ -156.443145063519069, 20.645792846495461 ], [ -156.443019055706145, 20.645942214666089 ], [ -156.442901986299916, 20.646094588306177 ], [ -156.442811770782384, 20.646255992735728 ], [ -156.442758948472232, 20.646429971994113 ], [ -156.4426806186747, 20.646595374573501 ], [ -156.442607312731042, 20.646762465096494 ], [ -156.442565251475543, 20.646940063773926 ], [ -156.442531620379583, 20.647120497978285 ], [ -156.44250220338057, 20.647302349023974 ], [ -156.442468179102832, 20.647482650054933 ], [ -156.44243079516869, 20.647661822267427 ], [ -156.442377904994714, 20.647835778627019 ], [ -156.442290458703496, 20.647998114856104 ], [ -156.442272523292445, 20.648182543234256 ] ] } },
{ "type": "Feature", "properties": { "objectid": 214, "island": "Maui", "st_lengthshape": 62.56197082078414 }, "geometry": { "type": "LineString", "coordinates": [ [ -156.442175428269962, 20.649481818964151 ], [ -156.441983951793333, 20.649552226253462 ], [ -156.441856299928588, 20.649688419523383 ], [ -156.441762130460603, 20.649856134523127 ] ] } },
{ "type": "Feature", "properties": { "objectid": 215, "island": "Maui", "st_lengthshape": 19.719269939265843 }, "geometry": { "type": "LineString", "coordinates": [ [ -156.441371276780245, 20.650457931317248 ], [ -156.441236116938285, 20.650582463370874 ] ] } },
{ "type": "Feature", "properties": { "objectid": 216, "island": "Maui", "st_lengthshape": 64.658431866599841 }, "geometry": { "type": "LineString", "coordinates": [ [ -156.440731853577887, 20.652410414216479 ], [ -156.440677561517106, 20.65258414479203 ], [ -156.440644635333143, 20.652762158923583 ], [ -156.440744416334127, 20.652963267951847 ] ] } },
{ "type": "Feature", "properties": { "objectid": 217, "island": "Maui", "st_lengthshape": 106.51714412534166 }, "geometry": { "type": "LineString", "coordinates": [ [ -156.44074912052659, 20.653138241457 ], [ -156.440690652563831, 20.653317918967439 ], [ -156.440847329594305, 20.653476637762093 ], [ -156.440949309281763, 20.653634597206189 ], [ -156.440970461595043, 20.653818666103376 ], [ -156.440973135850868, 20.654005741124831 ] ] } },
{ "type": "Feature", "properties": { "objectid": 218, "island": "Maui", "st_lengthshape": 52.339598191851458 }, "geometry": { "type": "LineString", "coordinates": [ [ -156.441556846493938, 20.658463461195698 ], [ -156.44143217641323, 20.65862179653676 ], [ -156.441608545483234, 20.658841604520759 ] ] } },
{ "type": "Feature", "properties": { "objectid": 219, "island": "Maui", "st_lengthshape": 480.23389082724771 }, "geometry": { "type": "LineString", "coordinates": [ [ -156.441479405012956, 20.660258472240294 ], [ -156.441288363795906, 20.66040408625911 ], [ -156.441285047293974, 20.66046216158179 ], [ -156.441185991841877, 20.660631545568478 ], [ -156.441131267500197, 20.660806703358798 ], [ -156.441086398721069, 20.660980336991067 ], [ -156.441112794946207, 20.661083319357274 ], [ -156.441100148044939, 20.661263523203381 ], [ -156.441169989587763, 20.661447393716855 ], [ -156.441223304797177, 20.661630529559158 ], [ -156.441251874185269, 20.661808401603093 ], [ -156.44116814074556, 20.661904967605786 ], [ -156.441170693494229, 20.662085734726695 ], [ -156.441173919378826, 20.662266462175253 ], [ -156.441199117385764, 20.662445895895448 ], [ -156.441252452443251, 20.662623624457133 ], [ -156.441261935445795, 20.662719132441811 ], [ -156.44127240228346, 20.662901528505532 ], [ -156.441340550871786, 20.663072600281595 ], [ -156.441345062785103, 20.663256164828283 ], [ -156.441364818916412, 20.663433925024012 ], [ -156.441437471211088, 20.66353214386163 ], [ -156.441439043579777, 20.66372711470277 ], [ -156.441602570138002, 20.663858626547306 ], [ -156.441859606693413, 20.663953497623947 ], [ -156.441992299057262, 20.66409323497221 ] ] } },
{ "type": "Feature", "properties": { "objectid": 220, "island": "Maui", "st_lengthshape": 344.4308161335004 }, "geometry": { "type": "LineString", "coordinates": [ [ -156.44175228467634, 20.664423222664649 ], [ -156.441765842150346, 20.664603664631358 ], [ -156.441745365249545, 20.664788322889336 ], [ -156.441722227273232, 20.664973310939793 ], [ -156.441748526328752, 20.66515217497809 ], [ -156.441797558357251, 20.665328222480987 ], [ -156.441780248107619, 20.665510533177383 ], [ -156.441851786359592, 20.66561347121316 ], [ -156.441886149913415, 20.665791877053206 ], [ -156.441915812297225, 20.665971508815169 ], [ -156.442141577459637, 20.666100001834092 ], [ -156.442283195374245, 20.66624800416113 ], [ -156.442260421420713, 20.666426851525898 ], [ -156.442548363409486, 20.666478887361944 ], [ -156.442514658375956, 20.666705698217591 ], [ -156.442588676864773, 20.666873974688215 ], [ -156.442785307201433, 20.666973882622727 ] ] } },
{ "type": "Feature", "properties": { "objectid": 221, "island": "Maui", "st_lengthshape": 41.449532449062943 }, "geometry": { "type": "LineString", "coordinates": [ [ -156.443023850507842, 20.667991213430085 ], [ -156.442957004383175, 20.668160557591285 ], [ -156.442953922290769, 20.668354092443124 ] ] } },
{ "type": "Feature", "properties": { "objectid": 222, "island": "Maui", "st_lengthshape": 41.281628794314472 }, "geometry": { "type": "LineString", "coordinates": [ [ -156.442963470477736, 20.668631876491244 ], [ -156.44291976807088, 20.668807793185842 ], [ -156.442938282339185, 20.668999033563772 ] ] } },
{ "type": "Feature", "properties": { "objectid": 223, "island": "Maui", "st_lengthshape": 324.76611679627501 }, "geometry": { "type": "LineString", "coordinates": [ [ -156.442796096130309, 20.669347233390418 ], [ -156.442663557589754, 20.669516232896147 ], [ -156.442589904669887, 20.669690771419589 ], [ -156.442557291506546, 20.669866534655903 ], [ -156.442586063608275, 20.669992107119629 ], [ -156.44260421079565, 20.670172016722983 ], [ -156.442641804215327, 20.670349548553421 ], [ -156.44264209689274, 20.670458757385521 ], [ -156.442665011378068, 20.670638720569212 ], [ -156.442769201886904, 20.670800141976027 ], [ -156.442785627818978, 20.670885630323394 ], [ -156.442854769660272, 20.671054076446769 ], [ -156.442930072511757, 20.671220364792507 ], [ -156.443071364147158, 20.671362027171089 ], [ -156.443116408439465, 20.671502182986487 ], [ -156.443226557792514, 20.671650026917654 ], [ -156.443384479178292, 20.671766716357336 ], [ -156.443616505171349, 20.671831392466888 ] ] } },
{ "type": "Feature", "properties": { "objectid": 224, "island": "Maui", "st_lengthshape": 124.4560937572443 }, "geometry": { "type": "LineString", "coordinates": [ [ -156.443824745286463, 20.67331445085571 ], [ -156.443732335654431, 20.673483563993187 ], [ -156.443694424018673, 20.673660738649513 ], [ -156.443654140748748, 20.673837562082994 ], [ -156.44357305706427, 20.674008350068494 ], [ -156.443586641241581, 20.674193140858062 ], [ -156.443647662798554, 20.674384265982081 ] ] } },
{ "type": "Feature", "properties": { "objectid": 225, "island": "Maui", "st_lengthshape": 275.74559245957909 }, "geometry": { "type": "LineString", "coordinates": [ [ -156.443454026146043, 20.674640997115944 ], [ -156.443399433410661, 20.674814793727499 ], [ -156.443262584665774, 20.674972767853397 ], [ -156.443202843052035, 20.675141198669312 ], [ -156.443322311456853, 20.675377935270404 ], [ -156.443460509572446, 20.675561427349329 ], [ -156.443428836984623, 20.67573235229904 ], [ -156.443450605828019, 20.675834203144678 ], [ -156.44341124312794, 20.676019233157074 ], [ -156.443372580789855, 20.676204199500884 ], [ -156.4432820808413, 20.676393918915963 ], [ -156.443259910109077, 20.676577371926424 ], [ -156.443314074099135, 20.676753824109461 ], [ -156.443451126870258, 20.6769182377598 ] ] } },
{ "type": "Feature", "properties": { "objectid": 226, "island": "Maui", "st_lengthshape": 457.42962916905157 }, "geometry": { "type": "LineString", "coordinates": [ [ -156.443711823238402, 20.680732564846426 ], [ -156.443644450731881, 20.68091432499763 ], [ -156.443388925623736, 20.681008674131728 ], [ -156.443218609804376, 20.681125190057102 ], [ -156.443127522617146, 20.68128004674303 ], [ -156.443115225711949, 20.681504561879553 ], [ -156.442956111269666, 20.681644058670358 ], [ -156.443007740333826, 20.681848151438508 ], [ -156.442959100099102, 20.68203235171428 ], [ -156.442943788315574, 20.682212892347149 ], [ -156.442919724152347, 20.682392124746123 ], [ -156.442916931923719, 20.682573427262618 ], [ -156.442843294068354, 20.682684265371378 ], [ -156.442787528773749, 20.682862255143426 ], [ -156.442845641619272, 20.683046042762509 ], [ -156.442867889760805, 20.683228003196486 ], [ -156.442826815474149, 20.683406741051687 ], [ -156.442889549651682, 20.683586900724851 ], [ -156.442918456631276, 20.683720545517229 ], [ -156.442967750675962, 20.683897963948578 ], [ -156.442973696714176, 20.684078660279049 ], [ -156.442984224245492, 20.684259011080623 ], [ -156.443064083182094, 20.684429973181885 ] ] } },
{ "type": "Feature", "properties": { "objectid": 227, "island": "Maui", "st_lengthshape": 1819.6981153729007 }, "geometry": { "type": "LineString", "coordinates": [ [ -156.443358333369332, 20.689643601100965 ], [ -156.443336927833968, 20.689824514347144 ], [ -156.44332693785438, 20.690003630500971 ], [ -156.443327224821928, 20.690140183067431 ], [ -156.443343231493373, 20.690320283792868 ], [ -156.443368842520044, 20.690489416695126 ], [ -156.443437966880026, 20.690675692797718 ], [ -156.443537165892167, 20.690833262829372 ], [ -156.443640903070246, 20.690986342255847 ], [ -156.443699883822632, 20.691200786842625 ], [ -156.443818504444778, 20.691344305815743 ], [ -156.443985560747876, 20.691460287728717 ], [ -156.444085670970139, 20.691614331613497 ], [ -156.44432952220393, 20.691682773090015 ], [ -156.444334471495239, 20.691803623630562 ], [ -156.44417007414313, 20.691929635611828 ], [ -156.44405427362932, 20.692077610785738 ], [ -156.443996948012341, 20.692245505400692 ], [ -156.443808214161066, 20.692452242293363 ], [ -156.443762313828358, 20.692628852510087 ], [ -156.443749459487378, 20.692809291361133 ], [ -156.443766321521565, 20.692989677451578 ], [ -156.443814178499053, 20.69325360927991 ], [ -156.443865766523089, 20.693428980494392 ], [ -156.443888740321, 20.693603447485717 ], [ -156.443933711102602, 20.693823205430952 ], [ -156.444028856700953, 20.69398253095914 ], [ -156.4441075080357, 20.694147642205575 ], [ -156.44415783735252, 20.694322689504752 ], [ -156.444246742385786, 20.694484204898462 ], [ -156.444334555954299, 20.694646102247304 ], [ -156.444461777415285, 20.694794174789656 ], [ -156.444593872188364, 20.694936318788859 ], [ -156.444601250150868, 20.694940436342215 ], [ -156.444579930446054, 20.695121436771064 ], [ -156.444607530001576, 20.695301519016109 ], [ -156.444354028045382, 20.695480684105963 ], [ -156.444344924465469, 20.695554549447483 ], [ -156.444306034597219, 20.695732543223638 ], [ -156.44426487660175, 20.695910344398659 ], [ -156.444253652986305, 20.696090690088013 ], [ -156.44424406345675, 20.696269545834237 ], [ -156.444279788297848, 20.696470279260868 ], [ -156.444305944403737, 20.69664938751654 ], [ -156.44429930243129, 20.696831170030176 ], [ -156.444305395711666, 20.697011914518932 ], [ -156.44433546643566, 20.697190703462251 ], [ -156.444354011550786, 20.697366772378455 ], [ -156.444393327899832, 20.69760730556284 ], [ -156.444421982490582, 20.697789870249945 ], [ -156.44446959070163, 20.697965828821939 ], [ -156.444508846169413, 20.698144699012726 ], [ -156.444537253826638, 20.698327350319335 ], [ -156.44461375745945, 20.698493238652205 ], [ -156.444639575642867, 20.698676791454108 ], [ -156.444591457393528, 20.698886114013273 ], [ -156.444669286532246, 20.699051539860442 ], [ -156.444776024652782, 20.699206891130782 ], [ -156.444848283918077, 20.699374258593927 ], [ -156.445029032771942, 20.699502311452921 ], [ -156.445249131780088, 20.699713557019795 ], [ -156.44528165033114, 20.699892253108974 ], [ -156.445300252992553, 20.700071994126073 ], [ -156.445314560001634, 20.700252058745502 ], [ -156.445329178328251, 20.700432099090406 ], [ -156.445349050767362, 20.700611254895783 ], [ -156.445364845908017, 20.700778622186093 ], [ -156.44540063357681, 20.700956310368067 ], [ -156.445406901903766, 20.701137657015771 ], [ -156.445370012758218, 20.701324351339558 ], [ -156.445460944061807, 20.701495206542177 ], [ -156.445459238043668, 20.701677540920766 ], [ -156.445439358137179, 20.701862127438307 ], [ -156.445461887715481, 20.702041459009276 ], [ -156.445474244750187, 20.702222050875033 ], [ -156.445505036301313, 20.70240035834896 ], [ -156.445576686275075, 20.702572475903164 ], [ -156.445599121082012, 20.702758330549042 ], [ -156.445631309646359, 20.702936657843242 ], [ -156.445680864028958, 20.703111203185173 ], [ -156.445716186661571, 20.703288848327109 ], [ -156.445790053951896, 20.703458096761899 ], [ -156.445860501373204, 20.703628090803278 ], [ -156.446033192589283, 20.703771474253401 ], [ -156.44612042279212, 20.703952517956882 ], [ -156.446221292189904, 20.704107836696526 ], [ -156.446265547878141, 20.704287062609925 ], [ -156.446323151149187, 20.704460650992811 ], [ -156.446508494029757, 20.704579644344815 ] ] } },
{ "type": "Feature", "properties": { "objectid": 228, "island": "Maui", "st_lengthshape": 317.83294146543363 }, "geometry": { "type": "LineString", "coordinates": [ [ -156.445933092268092, 20.711692046218193 ], [ -156.445995497288266, 20.711862247005122 ], [ -156.446044965043683, 20.712244984969978 ], [ -156.446055872328685, 20.712428828316323 ], [ -156.446052129326659, 20.712616235623639 ], [ -156.446085152686379, 20.712794701702872 ], [ -156.44616537713739, 20.712961690730069 ], [ -156.446227005563429, 20.713133201827127 ], [ -156.446311558732987, 20.71329913815071 ], [ -156.446375583860487, 20.713470066289645 ], [ -156.446366133768151, 20.71365886067008 ], [ -156.446432568984733, 20.713829203364355 ], [ -156.44655739286685, 20.713982204364026 ], [ -156.446811467267878, 20.71411160240363 ], [ -156.446866876532852, 20.714290537860172 ] ] } },
{ "type": "Feature", "properties": { "objectid": 229, "island": "Maui", "st_lengthshape": 378.68106338948434 }, "geometry": { "type": "LineString", "coordinates": [ [ -156.446303150487353, 20.715213304443544 ], [ -156.446173429542085, 20.715413026574254 ], [ -156.446234840395135, 20.715587194484257 ], [ -156.44628766899865, 20.715762509006616 ], [ -156.446374889533899, 20.715933069101165 ], [ -156.446406274513635, 20.716032376438339 ], [ -156.446473458242735, 20.716202652635275 ], [ -156.44651698219036, 20.716378543219474 ], [ -156.446559482020632, 20.716554675929739 ], [ -156.446597929380431, 20.716731771492494 ], [ -156.446617046860467, 20.716913452293507 ], [ -156.446693346895131, 20.717081565829808 ], [ -156.4467823198855, 20.717242396692296 ], [ -156.446807999386834, 20.71740939682735 ], [ -156.446900688266879, 20.717568584413449 ], [ -156.44696775900556, 20.717737935140757 ], [ -156.447079144350795, 20.717885300130273 ], [ -156.447145147088179, 20.718053917144204 ], [ -156.447254812590757, 20.718202168475635 ], [ -156.447392541614107, 20.718332378736914 ] ] } },
{ "type": "Feature", "properties": { "objectid": 230, "island": "Maui", "st_lengthshape": 584.52517220831498 }, "geometry": { "type": "LineString", "coordinates": [ [ -156.447312568747861, 20.720494913455553 ], [ -156.447372790087172, 20.720666464925369 ], [ -156.447417844628319, 20.72084326840632 ], [ -156.447479910875444, 20.721014181784287 ], [ -156.447502400545261, 20.721198797421568 ], [ -156.447576109597208, 20.721365679573225 ], [ -156.447635356507902, 20.721537568672087 ], [ -156.447689322292803, 20.721711287258341 ], [ -156.447746763312296, 20.721883802348358 ], [ -156.447816599098957, 20.722052024681407 ], [ -156.447848720134772, 20.722233306084668 ], [ -156.447952589322938, 20.722389746476118 ], [ -156.447994117569209, 20.722567770674111 ], [ -156.4479860005153, 20.722762983871142 ], [ -156.448107915846066, 20.722913175614952 ], [ -156.448147552299986, 20.723091856138577 ], [ -156.448219311852995, 20.723259413480264 ], [ -156.448278474094565, 20.723431331900393 ], [ -156.448316126121313, 20.723610698977957 ], [ -156.448391734794797, 20.723776923794777 ], [ -156.448374958061862, 20.723975135355516 ], [ -156.448402041864028, 20.724158161363246 ], [ -156.448482521886035, 20.724322699553216 ], [ -156.448517403773934, 20.724503025045205 ], [ -156.448562125322951, 20.724679944433383 ], [ -156.448740311735406, 20.724810654144363 ], [ -156.448975177914804, 20.724921738916578 ], [ -156.449073478916347, 20.725080107963237 ], [ -156.449283705742829, 20.725195308978318 ] ] } },
{ "type": "Feature", "properties": { "objectid": 231, "island": "Maui", "st_lengthshape": 39.94585586087323 }, "geometry": { "type": "LineString", "coordinates": [ [ -156.450052315416485, 20.72691417233786 ], [ -156.450070368004646, 20.727099619599585 ], [ -156.450166130537553, 20.727248959309961 ] ] } },
{ "type": "Feature", "properties": { "objectid": 232, "island": "Maui", "st_lengthshape": 2180.7819572506787 }, "geometry": { "type": "LineString", "coordinates": [ [ -156.450093574554501, 20.728384526956681 ], [ -156.450223450411613, 20.728523262142161 ], [ -156.450361282143831, 20.728651785825882 ], [ -156.450504320429957, 20.728773627365282 ], [ -156.450682689986365, 20.728850118931724 ], [ -156.450833594103955, 20.728961865742097 ], [ -156.451046008163473, 20.728994660176365 ], [ -156.451198715530381, 20.729104091259526 ], [ -156.451360475305677, 20.72920190400567 ], [ -156.45152497085698, 20.729296205983033 ], [ -156.451693606793668, 20.729385191394268 ], [ -156.451865018681758, 20.729470616048804 ], [ -156.452032223990017, 20.729561438167742 ], [ -156.452195333494785, 20.729657519453085 ], [ -156.452347791325138, 20.729767271895557 ], [ -156.452489358026781, 20.729877365786265 ], [ -156.452568756532827, 20.729936068038658 ], [ -156.452723249392307, 20.730050364038988 ], [ -156.4528622677702, 20.730176611974823 ], [ -156.452986806349742, 20.730314043785786 ], [ -156.453101940674486, 20.730454555132706 ], [ -156.453166639027671, 20.7305459409035 ], [ -156.453273950504041, 20.730695806111889 ], [ -156.453377035423927, 20.730848133233692 ], [ -156.453489074182471, 20.730995244926884 ], [ -156.453543141196519, 20.73117612587448 ], [ -156.45352953727803, 20.731396425598231 ], [ -156.453746863114134, 20.731482207222196 ], [ -156.453883055667717, 20.731615249568421 ], [ -156.453977030088424, 20.731772884313457 ], [ -156.454080143505223, 20.731925195294345 ], [ -156.454193257563702, 20.732071681493228 ], [ -156.454311174356121, 20.732215369266058 ], [ -156.454430945484631, 20.732357977450537 ], [ -156.454548362573178, 20.732501957467115 ], [ -156.454663192056614, 20.732647444009228 ], [ -156.454771604486638, 20.732796669293236 ], [ -156.454875057593938, 20.732948782688759 ], [ -156.454972471620408, 20.733104414711114 ], [ -156.455068811235691, 20.733255491806908 ], [ -156.455158197872493, 20.733396094995477 ], [ -156.455261479377384, 20.733552430446213 ], [ -156.455356548378546, 20.733711679914929 ], [ -156.455436468579933, 20.733876303238652 ], [ -156.455502019081933, 20.734046025740039 ], [ -156.455572211950482, 20.734214100483133 ], [ -156.455641678870961, 20.734382433534957 ], [ -156.455688532405532, 20.734558789330503 ], [ -156.455752440092454, 20.734729094225678 ], [ -156.45574934472711, 20.734919012144676 ], [ -156.455768267884338, 20.734987265896244 ], [ -156.455864729770667, 20.735150941154675 ], [ -156.455939046472025, 20.735319719721016 ], [ -156.456008954289189, 20.735489513818305 ], [ -156.456019222621279, 20.735673049935716 ], [ -156.456126120962665, 20.735834321570277 ], [ -156.456110054571468, 20.736023925672416 ], [ -156.456185649511212, 20.736192408879685 ], [ -156.456244746245545, 20.73636469482247 ], [ -156.456277814575799, 20.736542977442511 ], [ -156.456302677015856, 20.736718479530037 ], [ -156.456313782730319, 20.736808671418856 ], [ -156.456350777780983, 20.736988101062476 ], [ -156.456378863678481, 20.737167832272522 ], [ -156.456412805864289, 20.737347365718357 ], [ -156.456423440222039, 20.737527688336925 ], [ -156.456432570673655, 20.737708060933763 ], [ -156.456450148446407, 20.737888147698953 ], [ -156.456471669471966, 20.7380681013938 ], [ -156.45649142633917, 20.738248114759973 ], [ -156.456483846481092, 20.738429053612787 ], [ -156.456465632477148, 20.738610351569992 ], [ -156.456477778434902, 20.738790622506322 ], [ -156.456497026315077, 20.738970652715626 ], [ -156.456514797163777, 20.739150733300644 ], [ -156.456498520068124, 20.739331966003171 ], [ -156.456441891030465, 20.739514564506422 ], [ -156.456509074137813, 20.739687790866785 ], [ -156.456477954909502, 20.739812095064362 ], [ -156.456497128796002, 20.739992416719382 ], [ -156.456577833229346, 20.740161913652472 ], [ -156.456588437583093, 20.740343743682288 ], [ -156.456604894936532, 20.740524544313665 ], [ -156.456585815479571, 20.740711596387257 ], [ -156.456614593047618, 20.740890229030896 ], [ -156.456661235870797, 20.741065718421574 ], [ -156.45669808649302, 20.741242931045289 ], [ -156.456720544287066, 20.741422675561761 ], [ -156.456739194729664, 20.741603090587432 ], [ -156.456786568502167, 20.741778450828434 ], [ -156.456849293159394, 20.741951110948911 ], [ -156.456893986062511, 20.742126943461162 ], [ -156.45697163627139, 20.742296978407271 ], [ -156.457058438823992, 20.742465402505331 ], [ -156.457150283116732, 20.742632938658442 ], [ -156.457181986068804, 20.742811057448424 ], [ -156.457228061913327, 20.74298664672537 ], [ -156.457295469913447, 20.74315848305762 ], [ -156.45735904850693, 20.743330992277095 ], [ -156.45741449734561, 20.743504932421043 ], [ -156.457467874585319, 20.743679237385869 ], [ -156.457491171822909, 20.743858834475859 ], [ -156.457537642906914, 20.744034354617444 ], [ -156.457611769239662, 20.744205009031997 ], [ -156.457652729129592, 20.744381498623397 ], [ -156.457655143907886, 20.744564769550024 ], [ -156.457687475282512, 20.744742777511355 ], [ -156.457729532807434, 20.744919073857293 ], [ -156.457771367064851, 20.745095409332961 ], [ -156.45781321871516, 20.74527174235266 ], [ -156.457856683773855, 20.745446250053597 ] ] } },
{ "type": "Feature", "properties": { "objectid": 233, "island": "Maui", "st_lengthshape": 1982.5814805718223 }, "geometry": { "type": "LineString", "coordinates": [ [ -156.457385449246999, 20.745827251491217 ], [ -156.457388826648952, 20.746008088795559 ], [ -156.457391317010348, 20.746188989720384 ], [ -156.457402881220872, 20.746369246589463 ], [ -156.45740707735095, 20.746550026476985 ], [ -156.457448480988518, 20.7467281678015 ], [ -156.457496781884146, 20.746905820667617 ], [ -156.457553534030723, 20.747082874432795 ], [ -156.457593920821751, 20.747258008415965 ], [ -156.457704252733208, 20.747593144646967 ], [ -156.457769227710173, 20.747763189671183 ], [ -156.457856049980705, 20.747924951273117 ], [ -156.457954763003073, 20.748082203507721 ], [ -156.45801888156646, 20.748252573494995 ], [ -156.458096605507421, 20.748417785007558 ], [ -156.45814674327292, 20.748593456855776 ], [ -156.458196535299123, 20.748769259923094 ], [ -156.458266420466856, 20.74893744341658 ], [ -156.458343423340352, 20.74910292861469 ], [ -156.458444528402509, 20.749259274301291 ], [ -156.458549603988104, 20.749414113913765 ], [ -156.458630529397396, 20.749578111245391 ], [ -156.458702781103113, 20.749745397814092 ], [ -156.458797358576419, 20.749904218321806 ], [ -156.458883242067202, 20.750066335888931 ], [ -156.458957928612705, 20.750232698594736 ], [ -156.459060272453087, 20.750388573865475 ], [ -156.459157314000038, 20.750546460035785 ], [ -156.45926423524071, 20.750700599778636 ], [ -156.459364897829033, 20.750857112797405 ], [ -156.459447215824412, 20.751020582387763 ], [ -156.459509241694946, 20.751191745450154 ], [ -156.459571201015848, 20.751362934603343 ], [ -156.459661169418069, 20.751523503302892 ], [ -156.45974999615558, 20.751684504743658 ], [ -156.459832513951, 20.751847897709951 ], [ -156.459941831475049, 20.752001129031306 ], [ -156.460087781735638, 20.752140141841181 ], [ -156.460484553116117, 20.75256192853815 ], [ -156.460476263000203, 20.752742352451683 ], [ -156.4604156270658, 20.752919774123328 ], [ -156.46023990572138, 20.753090595094388 ], [ -156.460096792733168, 20.753263286663749 ], [ -156.46001440862716, 20.753435858421366 ], [ -156.459808923284641, 20.753754042493828 ], [ -156.459698738158352, 20.753923061673504 ], [ -156.459627680036363, 20.754096679193058 ], [ -156.459562941922883, 20.754271039332146 ], [ -156.459508594555842, 20.754446620355591 ], [ -156.45948049644258, 20.754625285687045 ], [ -156.459447071503661, 20.754803325954885 ], [ -156.459414904376473, 20.754981513927234 ], [ -156.459362776277402, 20.7551573561176 ], [ -156.459333328829757, 20.755335863281733 ], [ -156.459370121636312, 20.755522155500824 ], [ -156.459365673384781, 20.755703601226013 ], [ -156.459338547874466, 20.755881589225872 ], [ -156.459386515869824, 20.756127278360008 ], [ -156.459433568949891, 20.756303788397069 ], [ -156.45947317123057, 20.756481151642646 ], [ -156.459513108280476, 20.756658476495524 ], [ -156.45954086255216, 20.756837195850103 ], [ -156.459588364127171, 20.757013654714886 ], [ -156.459632917947033, 20.757190450105433 ], [ -156.45965046938565, 20.757363988378305 ], [ -156.459654825782735, 20.757402048632525 ], [ -156.459664537483462, 20.757584424318555 ], [ -156.459668326041339, 20.757766242879217 ], [ -156.459662711338467, 20.757947177449786 ], [ -156.459644105874474, 20.758126892350752 ], [ -156.459650324956016, 20.758308939173009 ], [ -156.459656596485445, 20.758485723642508 ], [ -156.45965236445042, 20.758739551594356 ], [ -156.45968529066343, 20.758917441807615 ], [ -156.459719732169873, 20.759095076331086 ], [ -156.459742009511956, 20.759274759344425 ], [ -156.459777809429852, 20.759452165652117 ], [ -156.4598318692193, 20.759626499415166 ], [ -156.45990304532512, 20.759797951380278 ], [ -156.459983525310065, 20.759952359244675 ], [ -156.46000984506307, 20.760002053411704 ], [ -156.460067663973035, 20.760189451112421 ], [ -156.46008472813574, 20.760372755378 ], [ -156.460044734841659, 20.760550330083241 ], [ -156.459985147893349, 20.760725936445759 ], [ -156.459906131656936, 20.760894218034771 ], [ -156.459869328880245, 20.760944439516766 ], [ -156.459766856812024, 20.761097549924308 ], [ -156.459640683549651, 20.761238511186999 ], [ -156.459496046910147, 20.761370005660979 ], [ -156.45933221600967, 20.761487748058975 ], [ -156.459242509308979, 20.761635595990001 ], [ -156.459176259524241, 20.761805240693203 ], [ -156.459086262286576, 20.761967740413311 ], [ -156.459018849705814, 20.762137035542398 ], [ -156.458994609899861, 20.76231367093003 ] ] } },
{ "type": "Feature", "properties": { "objectid": 234, "island": "Maui", "st_lengthshape": 178.9064866495583 }, "geometry": { "type": "LineString", "coordinates": [ [ -156.459064894652954, 20.762980582153507 ], [ -156.459040201184166, 20.76315987894311 ], [ -156.459043008764638, 20.763341205208491 ], [ -156.459052515419955, 20.763523026981186 ], [ -156.459007156830808, 20.763700797210014 ], [ -156.458994864187474, 20.763881008833085 ], [ -156.459029036813916, 20.764064652008095 ], [ -156.459321167231309, 20.764267338985775 ], [ -156.459324830710358, 20.764447037317151 ] ] } },
{ "type": "Feature", "properties": { "objectid": 235, "island": "Maui", "st_lengthshape": 1923.0060500336792 }, "geometry": { "type": "LineString", "coordinates": [ [ -156.458951347311682, 20.764756691306523 ], [ -156.458847711705488, 20.764926154423982 ], [ -156.458793753124468, 20.765101660028641 ], [ -156.45873596511862, 20.765276699000932 ], [ -156.458657752439592, 20.765449254187537 ], [ -156.458688953920586, 20.765635116140732 ], [ -156.458748631426374, 20.765824441485766 ], [ -156.458805742454899, 20.766013454348101 ], [ -156.458832175950874, 20.766198736477598 ], [ -156.458776044847554, 20.766373976907129 ], [ -156.458753463829026, 20.766551214525517 ], [ -156.458908376327855, 20.766728447104434 ], [ -156.458919356440077, 20.766909793129834 ], [ -156.458909171434016, 20.767090102669744 ], [ -156.458759585127012, 20.767263587870925 ], [ -156.458762393434569, 20.767444533929996 ], [ -156.458900995686662, 20.767632127253567 ], [ -156.458900536041199, 20.767812913892868 ], [ -156.458879677559594, 20.767992700653565 ], [ -156.458769048117233, 20.76816809326359 ], [ -156.458767731674726, 20.768348836498117 ], [ -156.458816526761211, 20.76853096253587 ], [ -156.458906901807381, 20.768639603182837 ], [ -156.458824850280422, 20.768831014894719 ], [ -156.458821143329345, 20.769013366956862 ], [ -156.45884520092963, 20.769192508369862 ], [ -156.458882608463227, 20.769370106553431 ], [ -156.458925754648874, 20.769547040250842 ], [ -156.458974374301476, 20.769722348439561 ], [ -156.459026128939911, 20.769919433591351 ], [ -156.459099412568008, 20.77008637287134 ], [ -156.459175235715435, 20.770252387205151 ], [ -156.459267945041461, 20.770411161713675 ], [ -156.459345281858077, 20.770538078496102 ], [ -156.459365076595901, 20.770719001462769 ], [ -156.459375711719474, 20.770901876420194 ], [ -156.459414513704303, 20.771078748474292 ], [ -156.459457715904733, 20.771254682501123 ], [ -156.459500792926519, 20.771430643563939 ], [ -156.459543418160564, 20.771606700868677 ], [ -156.459588946403926, 20.77178213928978 ], [ -156.459645108536932, 20.771955311636088 ], [ -156.459730934287734, 20.772120716306379 ], [ -156.459833393437947, 20.772307547781267 ], [ -156.459902218999048, 20.772476351333921 ], [ -156.459968140553173, 20.772646361539916 ], [ -156.460028779854014, 20.772818567122364 ], [ -156.46008735425869, 20.772991631515314 ], [ -156.460191379213427, 20.773145805732373 ], [ -156.460268081437874, 20.773306070346841 ], [ -156.460283257448111, 20.773352638163715 ], [ -156.460329298591176, 20.77353094452095 ], [ -156.460363422193439, 20.773709916971303 ], [ -156.460405969489528, 20.773888419026374 ], [ -156.460432488262512, 20.774067817998287 ], [ -156.460444606292867, 20.774248023302153 ], [ -156.460447388710406, 20.774428750515106 ], [ -156.460458540977044, 20.774609010148922 ], [ -156.460454300720755, 20.774790130962071 ], [ -156.460465124337532, 20.774970408302856 ], [ -156.46048037121804, 20.775150438677024 ], [ -156.460497642863061, 20.775330354540522 ], [ -156.460523130601928, 20.77550688953848 ], [ -156.460566629743028, 20.775755414475299 ], [ -156.460612777132781, 20.775930684959178 ], [ -156.460657981044335, 20.776106174431643 ], [ -156.46071082986299, 20.776279893513649 ], [ -156.460760713197942, 20.776454298272942 ], [ -156.46078543283943, 20.776634530185891 ], [ -156.46083384968901, 20.776808742587676 ], [ -156.460847415461387, 20.776967789501171 ], [ -156.46085531176027, 20.777148377471576 ], [ -156.460859711638051, 20.777328956148985 ], [ -156.460856259492317, 20.777509510752772 ], [ -156.460873371983297, 20.777690125816051 ], [ -156.460883583809562, 20.777870721852409 ], [ -156.460937856181943, 20.778047019043814 ], [ -156.460985483328528, 20.77835445101968 ], [ -156.461052086869103, 20.778526862070077 ], [ -156.461084332627877, 20.778718019582922 ], [ -156.461166991424875, 20.778881670533892 ], [ -156.461208271583018, 20.779067899017651 ], [ -156.46128512584599, 20.779234717284918 ], [ -156.461374660567657, 20.779394617129832 ], [ -156.461451276789575, 20.779561565459037 ], [ -156.461519991574988, 20.779732824806988 ], [ -156.461646887628888, 20.77987234029305 ], [ -156.461806526889859, 20.779993989050762 ], [ -156.461900265760306, 20.780151595161097 ], [ -156.461975865490245, 20.78031909893993 ], [ -156.462072909723105, 20.780474901980782 ], [ -156.462203471392513, 20.780612416309935 ], [ -156.462353652176034, 20.780739227629205 ], [ -156.46240512238839, 20.780919896586791 ], [ -156.462538583412282, 20.781051313730035 ] ] } },
{ "type": "Feature", "properties": { "objectid": 236, "island": "Maui", "st_lengthshape": 5062.9206835756186 }, "geometry": { "type": "LineString", "coordinates": [ [ -156.462878056206648, 20.781462754098133 ], [ -156.463001093875988, 20.781606259541718 ], [ -156.463100374232113, 20.781776869701396 ], [ -156.463315325183117, 20.781815508766652 ], [ -156.463468991004476, 20.781924071299098 ], [ -156.463590182694304, 20.782069682710148 ], [ -156.463737082793358, 20.782185964328225 ], [ -156.463867373516763, 20.782321195554143 ], [ -156.463968745906726, 20.782489420932169 ], [ -156.464129916142639, 20.782589419513009 ], [ -156.464282560546792, 20.782699148256494 ], [ -156.464412186631904, 20.782835138610011 ], [ -156.464550375167079, 20.782961360290145 ], [ -156.464690537126586, 20.783085330256316 ], [ -156.464817095486069, 20.783224820804772 ], [ -156.464957788412562, 20.783348184448027 ], [ -156.465097231670399, 20.783472975110094 ], [ -156.465232401886141, 20.783602640631802 ], [ -156.465378028443894, 20.783720377627009 ], [ -156.4655270643037, 20.783834222719374 ], [ -156.465659131546914, 20.783967429434515 ], [ -156.465806330705504, 20.784083371767426 ], [ -156.465953538898447, 20.784199304193596 ], [ -156.466101683023652, 20.784314168632921 ], [ -156.466259430020955, 20.784418076953727 ], [ -156.466420830954235, 20.78451781703783 ], [ -156.466587981391342, 20.784610995469862 ], [ -156.466792848586579, 20.784661142941395 ], [ -156.466968009577414, 20.784745184348871 ], [ -156.467144411882799, 20.784827807368249 ], [ -156.467317439597622, 20.784914282840628 ], [ -156.467489198102157, 20.785002204864409 ], [ -156.467655911306508, 20.785095884245681 ], [ -156.467811275053521, 20.785202512741808 ], [ -156.467941484949648, 20.78533784040777 ], [ -156.468071245825968, 20.785473680547863 ], [ -156.468186921597436, 20.7856255924636 ], [ -156.468306129944466, 20.785773473427767 ], [ -156.468433391750239, 20.785912165826932 ], [ -156.468527199781249, 20.78608902771925 ], [ -156.46865936661095, 20.786222123808514 ], [ -156.468783676174581, 20.786364185494868 ], [ -156.468932314043315, 20.786478488986816 ], [ -156.469088239968642, 20.786584478313923 ], [ -156.469227571264184, 20.786709400823629 ], [ -156.469363503541587, 20.786838202625063 ], [ -156.469524613684115, 20.786938276278349 ], [ -156.469660885082874, 20.787066691014079 ], [ -156.469802402864474, 20.787189119900997 ], [ -156.469944047142633, 20.7873114042814 ], [ -156.470103732136238, 20.787413105184747 ], [ -156.47024873499231, 20.787531558110146 ], [ -156.470350493573392, 20.787699351041326 ], [ -156.470495077973254, 20.787818282495827 ], [ -156.470634015185539, 20.787943656019479 ], [ -156.470776148257812, 20.788065384508254 ], [ -156.47092668324629, 20.788177525809004 ], [ -156.471100173284469, 20.788263476560029 ], [ -156.471241102197069, 20.788386579276871 ], [ -156.471384527180675, 20.788506833843709 ], [ -156.471535873489159, 20.788618050307718 ], [ -156.471681417940289, 20.788735887169757 ], [ -156.471828792903381, 20.788851635350674 ], [ -156.471982191377265, 20.78896051063807 ], [ -156.472137555414662, 20.789067143913819 ], [ -156.472287394778704, 20.789179954737683 ], [ -156.472467424006254, 20.789297975904869 ], [ -156.472622370858716, 20.789410385886494 ], [ -156.472798761430312, 20.789482368961707 ], [ -156.472971885924892, 20.789560508659502 ], [ -156.473141904914996, 20.789644503973374 ], [ -156.473309333883833, 20.7897333828322 ], [ -156.473487613613798, 20.789801804856211 ], [ -156.473661961151578, 20.789877638702045 ], [ -156.47384626327883, 20.789934705392351 ], [ -156.474025231477412, 20.790001830501705 ], [ -156.474216568023621, 20.790045634387887 ], [ -156.474403174329382, 20.790098357957994 ], [ -156.474590299206085, 20.790150104780579 ], [ -156.474776204998676, 20.790204148566286 ], [ -156.474964982657866, 20.790252777148023 ], [ -156.475150174020825, 20.790308169840472 ], [ -156.475337217240224, 20.790360069991586 ], [ -156.475518532123431, 20.790422769524397 ], [ -156.4756937915582, 20.790496886665448 ], [ -156.475872606818825, 20.790564300266336 ], [ -156.476064895422638, 20.790606311250539 ], [ -156.476225443182983, 20.790708166042883 ], [ -156.476422286901879, 20.790741590014786 ], [ -156.476593423623285, 20.790823481252733 ], [ -156.476774350147991, 20.790886914233329 ], [ -156.476915636741069, 20.791025087079486 ], [ -156.477085709477791, 20.79110898568436 ], [ -156.477267475179644, 20.791170837768234 ], [ -156.477440183043655, 20.791249768072475 ], [ -156.477608905320835, 20.791336212463431 ], [ -156.477791323791365, 20.791396834814144 ], [ -156.477969830019617, 20.79146483236282 ], [ -156.478127984264802, 20.791571203826699 ], [ -156.478264014277869, 20.791719289328601 ], [ -156.478425021784034, 20.791820282227036 ], [ -156.478594451060587, 20.791905397097157 ], [ -156.478746497243463, 20.792023286321335 ], [ -156.478911766764696, 20.792116243098505 ], [ -156.479076043271249, 20.792211073161781 ], [ -156.479206596223918, 20.792369489207058 ], [ -156.479387042211016, 20.792433831791772 ], [ -156.479583076474228, 20.792468782685461 ], [ -156.479751772726786, 20.792555280778153 ], [ -156.479926957764206, 20.792629544563948 ], [ -156.480065390304674, 20.792773103461375 ], [ -156.480239409117814, 20.792849565614937 ], [ -156.480408655347418, 20.792935028323228 ], [ -156.480581516808542, 20.793013672693064 ], [ -156.480765880572534, 20.793070631348613 ], [ -156.480907292938753, 20.793208574773171 ], [ -156.48105451313873, 20.793335566891695 ], [ -156.481213126642189, 20.793441078486548 ], [ -156.481394547328478, 20.793503586053493 ], [ -156.481566641818006, 20.793583679202708 ], [ -156.481736563769033, 20.793667868490328 ], [ -156.481890711738686, 20.793781800596825 ], [ -156.48205879638445, 20.793869456058726 ], [ -156.482228493970297, 20.793954068699346 ], [ -156.482409364674083, 20.794017614602517 ], [ -156.482576586580365, 20.794106897562735 ], [ -156.48275286935106, 20.794179094482995 ], [ -156.482923236809029, 20.794262444099083 ], [ -156.48310122582123, 20.794331424210327 ], [ -156.483285481386815, 20.794388589161265 ], [ -156.483455978244734, 20.794471697301816 ], [ -156.483622943664415, 20.794561464055068 ], [ -156.483797665410947, 20.79463660682087 ], [ -156.48397963400825, 20.79469808423428 ], [ -156.48414012456081, 20.794800059781544 ], [ -156.484318741306026, 20.794867857871363 ], [ -156.484492321992093, 20.794945151186575 ], [ -156.484659175632999, 20.795035130281711 ], [ -156.484835015592381, 20.795108166588935 ], [ -156.485005543024641, 20.795191216888032 ], [ -156.485194236490315, 20.795227138541126 ], [ -156.485319868549226, 20.79529517995654 ], [ -156.485468678112852, 20.795445331478511 ], [ -156.485663388120116, 20.795467442940751 ], [ -156.485851926777769, 20.79550677111115 ], [ -156.486042909972014, 20.795539278954507 ], [ -156.486234830571306, 20.795569170993993 ], [ -156.486421031926085, 20.795615018684892 ], [ -156.486595756571404, 20.79569288029181 ], [ -156.486790027234804, 20.795716219285513 ], [ -156.486983204689921, 20.795742606596814 ], [ -156.487164890380626, 20.795801050972649 ], [ -156.487360880864259, 20.795819591071464 ], [ -156.487538211743185, 20.795890183430906 ], [ -156.48773121912626, 20.795897997725621 ], [ -156.488275423349023, 20.79598314417251 ], [ -156.488466404969131, 20.796002668819515 ], [ -156.488659202778649, 20.796000426661344 ], [ -156.488850862479751, 20.796011828998981 ], [ -156.489042413249564, 20.796024536073805 ], [ -156.489234693428159, 20.796028509609243 ], [ -156.489427915308909, 20.796021190182618 ], [ -156.489619363124064, 20.796035135740034 ], [ -156.48981117288514, 20.796044736952684 ], [ -156.490001690144709, 20.796069835048758 ], [ -156.490180422413232, 20.796166036259439 ], [ -156.490289702506772, 20.796195907242073 ], [ -156.490481808143301, 20.796219039810005 ], [ -156.490697985833435, 20.796156425102222 ], [ -156.490885507103599, 20.796195890134868 ], [ -156.491068817651467, 20.796250349798839 ], [ -156.491243874542846, 20.796331559866058 ], [ -156.491402154523485, 20.796333442662839 ], [ -156.491575683750199, 20.796413914943741 ], [ -156.491753881783609, 20.796481784466682 ], [ -156.491920690340748, 20.796580404637748 ], [ -156.492112385095965, 20.796611831913655 ], [ -156.492298589193496, 20.796658083440718 ], [ -156.492486368372454, 20.796700083310533 ], [ -156.492670033907359, 20.796753189438107 ], [ -156.492849905372253, 20.796816543305635 ], [ -156.493022560640668, 20.79689937797891 ], [ -156.493207269918315, 20.796949667218676 ], [ -156.493369240876518, 20.797050941349099 ], [ -156.493716294205967, 20.797111651638577 ], [ -156.493911682390717, 20.797094261378476 ], [ -156.494098806245063, 20.797144842322332 ], [ -156.494286591379279, 20.797189988031047 ], [ -156.494472154220944, 20.797253411712997 ], [ -156.494665104522511, 20.797256078018574 ], [ -156.494855753667849, 20.797277665830258 ], [ -156.495038136740163, 20.797367243881013 ], [ -156.495228849327674, 20.797388318449297 ], [ -156.495424078941568, 20.797372237031251 ], [ -156.495614961698436, 20.797391909593188 ], [ -156.495804895695102, 20.797419382105574 ], [ -156.495997279791766, 20.79742670413458 ], [ -156.496190289421179, 20.797428884730142 ], [ -156.496377905731322, 20.79747542982831 ], [ -156.496568821777942, 20.797454661091457 ], [ -156.496771376697467, 20.797418470108674 ], [ -156.496960974209998, 20.797389154337839 ], [ -156.497152626723306, 20.797374895024578 ], [ -156.497344620991328, 20.797363141617335 ], [ -156.497534066905502, 20.797332706049328 ], [ -156.497721867032851, 20.79729022002498 ], [ -156.497915132499315, 20.79728778025585 ], [ -156.498106997360651, 20.797275076908118 ], [ -156.498301365438351, 20.797280711506957 ], [ -156.498498059381433, 20.797303390261657 ], [ -156.498692731622072, 20.797311256405131 ], [ -156.498882125049761, 20.797280440217882 ], [ -156.499067862001311, 20.797222836293596 ], [ -156.499252480923928, 20.797157035229841 ], [ -156.499438065115356, 20.797098314423796 ], [ -156.499629747340009, 20.797084271226392 ], [ -156.499824707369186, 20.797094245008235 ], [ -156.500015287208612, 20.797073740126617 ], [ -156.500131535665957, 20.797059822893626 ], [ -156.500322145523342, 20.797037202514165 ], [ -156.500508348231023, 20.796988466086479 ], [ -156.50069245572621, 20.796927315100007 ], [ -156.500877915555094, 20.796874175524366 ], [ -156.501064813406117, 20.796829559670062 ], [ -156.501254878762381, 20.79680371762058 ], [ -156.501445356206204, 20.796780311168341 ], [ -156.501641111381872, 20.79679493825963 ], [ -156.501916835517619, 20.796728058637317 ], [ -156.502107996893244, 20.796749574526974 ], [ -156.502298034021948, 20.796793588643411 ], [ -156.502490317052832, 20.79679266072089 ], [ -156.502676651998826, 20.796822143675524 ], [ -156.5030242721825, 20.796789777545655 ], [ -156.503206428683455, 20.796731705063685 ], [ -156.503375559222292, 20.796643335096533 ], [ -156.503532786421204, 20.796527279068492 ], [ -156.503703767087785, 20.796443213803848 ], [ -156.503874624581414, 20.796358862132038 ], [ -156.504051418287389, 20.796288315950502 ], [ -156.504239587937434, 20.796244231472059 ], [ -156.504422610881619, 20.796188177441561 ], [ -156.504601870644507, 20.796123369511829 ], [ -156.504783673531506, 20.796064476529111 ], [ -156.504969616752788, 20.796015212045049 ], [ -156.505145028873244, 20.795941454459946 ], [ -156.505314434071522, 20.795853726575427 ], [ -156.505459498519713, 20.795709384878904 ], [ -156.505635961616122, 20.795638072742655 ] ] } },
{ "type": "Feature", "properties": { "objectid": 237, "island": "Maui", "st_lengthshape": 498.2878180605889 }, "geometry": { "type": "LineString", "coordinates": [ [ -156.506438740083496, 20.795226599676599 ], [ -156.506591284914492, 20.795116126639012 ], [ -156.506739486547303, 20.794999460230962 ], [ -156.506907426086258, 20.794910939976102 ], [ -156.50706914313551, 20.794816471705253 ], [ -156.507166419858947, 20.794749917494702 ], [ -156.507301000263141, 20.794621095781071 ], [ -156.50742699459559, 20.794484134639632 ], [ -156.507532975879315, 20.794328200663788 ], [ -156.507670333399432, 20.794202011301483 ], [ -156.50781139976047, 20.794079339388016 ], [ -156.507965081333509, 20.793968627716648 ], [ -156.508092819861133, 20.793833320228917 ], [ -156.508233526270885, 20.793710306779229 ], [ -156.508373788075204, 20.793586872282887 ], [ -156.508499073344552, 20.793449239827858 ], [ -156.50852257349743, 20.793215110230491 ], [ -156.508653389301656, 20.793082721888194 ], [ -156.508805843936244, 20.792970846556525 ], [ -156.508925949532795, 20.792832420633697 ], [ -156.508946503222461, 20.792794664570078 ], [ -156.509128890085748, 20.792730111674956 ], [ -156.509276615016489, 20.792610112011676 ], [ -156.509430260284006, 20.792499584266096 ], [ -156.509613742071707, 20.792448899671335 ], [ -156.509753728292139, 20.792407908571338 ], [ -156.50989465417527, 20.792504503587089 ] ] } },
{ "type": "Feature", "properties": { "objectid": 238, "island": "Maui", "st_lengthshape": 9.122236761548967 }, "geometry": { "type": "LineString", "coordinates": [ [ -156.515620496490072, 20.786522223780842 ], [ -156.515645497076576, 20.786443291633219 ] ] } },
{ "type": "Feature", "properties": { "objectid": 239, "island": "Maui", "st_lengthshape": 9.4197953377529 }, "geometry": { "type": "LineString", "coordinates": [ [ -156.515931296701638, 20.786000005593472 ], [ -156.515924918833292, 20.785915171585017 ] ] } },
{ "type": "Feature", "properties": { "objectid": 240, "island": "Maui", "st_lengthshape": 86.107931254769227 }, "geometry": { "type": "LineString", "coordinates": [ [ -156.516214254816617, 20.785498389765898 ], [ -156.516418550497633, 20.785376753794413 ], [ -156.516540219364259, 20.785226479192122 ], [ -156.516648564685482, 20.785071586290563 ], [ -156.516739882031857, 20.784918248236046 ] ] } },
{ "type": "Feature", "properties": { "objectid": 241, "island": "Maui", "st_lengthshape": 13.425379265823722 }, "geometry": { "type": "LineString", "coordinates": [ [ -156.516757583447969, 20.784418112936006 ], [ -156.516873503668478, 20.784365126058436 ] ] } },
{ "type": "Feature", "properties": { "objectid": 242, "island": "Maui", "st_lengthshape": 124.9660991668878 }, "geometry": { "type": "LineString", "coordinates": [ [ -156.520429448611054, 20.780958751911044 ], [ -156.520662559938188, 20.780959178218403 ], [ -156.52081666426642, 20.78085123197511 ], [ -156.520948025643008, 20.78071208964792 ], [ -156.52109127371358, 20.780589251929886 ], [ -156.521240538241869, 20.780474669069985 ], [ -156.521398154910798, 20.780374827278269 ] ] } },
{ "type": "Feature", "properties": { "objectid": 243, "island": "Maui", "st_lengthshape": 6615.0910301229324 }, "geometry": { "type": "LineString", "coordinates": [ [ -156.566585186070398, 20.792713397909832 ], [ -156.566770458047387, 20.79286498876813 ], [ -156.566963653103926, 20.792843340817154 ], [ -156.567154977214528, 20.79286260782775 ], [ -156.567346388630227, 20.792879967883511 ], [ -156.567538636300696, 20.7928790155431 ], [ -156.567728171053432, 20.792937425743503 ], [ -156.567918898613812, 20.79296972240132 ], [ -156.56810978839934, 20.792998495040003 ], [ -156.568301099778807, 20.793018045956831 ], [ -156.568492853408372, 20.793027923050257 ], [ -156.568684765417345, 20.793034332045856 ], [ -156.568877413421404, 20.793024658450481 ], [ -156.569070080893198, 20.793014548775368 ], [ -156.569262734891311, 20.793004740283639 ], [ -156.569454266859651, 20.793019471165699 ], [ -156.569646703797815, 20.79301440158757 ], [ -156.569838769396512, 20.793017466848831 ], [ -156.570029021300286, 20.793060202784286 ], [ -156.570217752670459, 20.793136186188761 ], [ -156.570407226999578, 20.793195952558815 ], [ -156.570597707182287, 20.793233695868395 ], [ -156.570789819222142, 20.793235744897611 ], [ -156.570982191533886, 20.79323209601079 ], [ -156.57117468493658, 20.7932258029034 ], [ -156.571367784347302, 20.793206249835453 ], [ -156.571556731459566, 20.793214960492957 ], [ -156.571679290858583, 20.793231608257777 ], [ -156.571866167175955, 20.793273349011869 ], [ -156.572052701227108, 20.793316323608543 ], [ -156.572238920554696, 20.793360431305832 ], [ -156.572426942623281, 20.793398043029892 ], [ -156.572615432542563, 20.793433968095599 ], [ -156.572804456478224, 20.793467971760403 ], [ -156.572990169889209, 20.793513901847586 ], [ -156.573176124910361, 20.79355896288563 ], [ -156.573362644567652, 20.793601990088884 ], [ -156.573548565144023, 20.793647179378578 ], [ -156.57373466117042, 20.793691733455603 ], [ -156.573915636964102, 20.793754742195436 ], [ -156.574100736748846, 20.793802885583673 ], [ -156.574287350780253, 20.793845576349621 ], [ -156.574472792176692, 20.793892489815722 ], [ -156.57465917722385, 20.793936004985834 ], [ -156.574844885814485, 20.793981958368654 ], [ -156.575023392640304, 20.794053865152065 ], [ -156.575235351583302, 20.794005212284464 ], [ -156.575463094743043, 20.793899674345635 ], [ -156.575604274203357, 20.794106109457744 ], [ -156.575783201372502, 20.794176505332061 ], [ -156.575971679183652, 20.794212478144782 ], [ -156.576162221421214, 20.794241012303448 ], [ -156.576352350095419, 20.794271035743623 ], [ -156.576542699972919, 20.794300262065637 ], [ -156.576733156879129, 20.794329105928359 ], [ -156.576915865814129, 20.794351931942167 ], [ -156.577103810798434, 20.79437158552285 ], [ -156.577294705785562, 20.794391354613893 ], [ -156.577485180322839, 20.794414305974954 ], [ -156.577675155481415, 20.794441053422158 ], [ -156.577864901372294, 20.794469535660411 ], [ -156.578054694404642, 20.794497657168296 ], [ -156.578244569362937, 20.794525163796596 ], [ -156.578434543781782, 20.794551919442625 ], [ -156.57862459055923, 20.794578117863686 ], [ -156.578814697432392, 20.794603865437828 ], [ -156.57900502946589, 20.794627904838528 ], [ -156.579195199873737, 20.794653171609216 ], [ -156.579384994488606, 20.79468129260626 ], [ -156.579573785207771, 20.794717028506163 ], [ -156.579761791659962, 20.794758712804224 ], [ -156.579948712338819, 20.794808633013211 ], [ -156.580140799507205, 20.794819358035859 ], [ -156.580333403326847, 20.794826171200796 ], [ -156.580527468986389, 20.794821889087331 ], [ -156.580713229396139, 20.79482357298302 ], [ -156.580964665462488, 20.794827024538659 ], [ -156.581160567448734, 20.79483049169853 ], [ -156.581347592809976, 20.794788384649895 ], [ -156.58153975536311, 20.794772656356141 ], [ -156.581737395559657, 20.794811104449472 ], [ -156.581927880403811, 20.794857304669364 ], [ -156.582121241481389, 20.794898194168706 ], [ -156.582307738505335, 20.794951754852992 ], [ -156.582484127371686, 20.795023977450288 ], [ -156.582660175124801, 20.795096828061446 ], [ -156.582832902765944, 20.795175809008885 ], [ -156.583011627100007, 20.795243718871841 ], [ -156.583188534168528, 20.795314983716072 ], [ -156.583369434420291, 20.795378878535782 ], [ -156.583555245017294, 20.795433706894492 ], [ -156.583736650178992, 20.795496669362876 ], [ -156.583915688018408, 20.79556400124158 ], [ -156.584099297786366, 20.795622893966353 ], [ -156.584278564498874, 20.795689804312936 ], [ -156.584454445861581, 20.795762964201632 ], [ -156.58463077953337, 20.795835289616846 ], [ -156.584808411389588, 20.795905219473727 ], [ -156.584986096893203, 20.795975047877864 ], [ -156.585161037134611, 20.796049946531284 ], [ -156.585337510059645, 20.796122014980138 ], [ -156.585502302096586, 20.796215648185999 ], [ -156.58567144346469, 20.796301251752258 ], [ -156.585841939415843, 20.79638435581554 ], [ -156.586016282068726, 20.796460359535438 ], [ -156.586184491102841, 20.796547685049742 ], [ -156.58634431281962, 20.796650495016507 ], [ -156.586513542269529, 20.796735937432938 ], [ -156.586686034710254, 20.796815356663895 ], [ -156.586856480446272, 20.79689855391381 ], [ -156.58702456683136, 20.796986108117771 ], [ -156.587184396555983, 20.797088904852878 ], [ -156.587352297389572, 20.797176801095972 ], [ -156.587520230071277, 20.797264639846929 ], [ -156.587689491641243, 20.797350023869061 ], [ -156.587858053923952, 20.79743670181173 ], [ -156.588031340454137, 20.797514654597599 ], [ -156.588193672438166, 20.797612835314695 ], [ -156.58835122233134, 20.797719843037203 ], [ -156.588522180617929, 20.797802096050923 ], [ -156.588693367609125, 20.797883928624938 ], [ -156.588863996849881, 20.797966789826447 ], [ -156.58903872498405, 20.798042084602546 ], [ -156.589220682181974, 20.79810403269369 ], [ -156.589416249203396, 20.798134766116657 ], [ -156.58955602623368, 20.798145459041084 ], [ -156.58975020367032, 20.798208348602497 ], [ -156.589916624504639, 20.79830260404146 ], [ -156.590037169555671, 20.798448697924709 ], [ -156.590183700756484, 20.7985654279396 ], [ -156.590299536037691, 20.79871684450336 ], [ -156.590421884906249, 20.798860900194622 ], [ -156.590558159309666, 20.798989221917726 ], [ -156.590699969471871, 20.799111287788406 ], [ -156.590845418400448, 20.79922924101545 ], [ -156.590995382203886, 20.799342093389445 ], [ -156.59114835405444, 20.799451546627402 ], [ -156.591308766469638, 20.799552591816145 ], [ -156.591485908816964, 20.799634733977516 ], [ -156.591671742352787, 20.799707054356649 ], [ -156.591865573766881, 20.79977033691144 ], [ -156.592217716518007, 20.799937039727428 ], [ -156.592344372618953, 20.800076230759565 ], [ -156.592453528710166, 20.800235197920866 ], [ -156.59258703106596, 20.800366652430757 ], [ -156.592722018964537, 20.800496429192592 ], [ -156.592825276480937, 20.800662062277549 ], [ -156.592956208808943, 20.800796421499417 ], [ -156.593099836542876, 20.800916435211654 ], [ -156.59324527054352, 20.801034409044121 ], [ -156.593389699557946, 20.801153519069906 ], [ -156.593534523867646, 20.801272181239984 ], [ -156.593697079398453, 20.801370807449928 ], [ -156.593859821907415, 20.801469223041124 ], [ -156.593996079159012, 20.801597566573079 ], [ -156.594147808846714, 20.801708425862699 ], [ -156.594284745163122, 20.801836003062622 ], [ -156.594428153977759, 20.801956265582678 ], [ -156.594566002084207, 20.802082813338131 ], [ -156.594718511041805, 20.802192792779003 ], [ -156.594869221000238, 20.802304806579631 ], [ -156.595003870365048, 20.802434968069011 ], [ -156.59514420701143, 20.802558703216597 ], [ -156.595294296748619, 20.802671417744246 ], [ -156.595451250085432, 20.802776376939512 ], [ -156.595611655393128, 20.802877434749121 ], [ -156.595756736409555, 20.802995809042066 ], [ -156.59589950702599, 20.803116795684105 ], [ -156.596050690141965, 20.803228275231426 ], [ -156.596154429264544, 20.803393368071102 ], [ -156.596243420002139, 20.803575127319547 ], [ -156.596381159655721, 20.803701798739919 ], [ -156.596539525870469, 20.803805161440646 ], [ -156.596680661002722, 20.803927996503905 ], [ -156.596820652298561, 20.804052124767736 ], [ -156.596958829954275, 20.804178302580713 ], [ -156.597096179624572, 20.804305415929594 ], [ -156.597233861024392, 20.804432153676974 ], [ -156.597356931923514, 20.804575402695505 ], [ -156.597493664298071, 20.80470321416713 ], [ -156.597634022683252, 20.804826928932016 ], [ -156.597800688826027, 20.804920913810971 ], [ -156.597995070749789, 20.804983578422707 ], [ -156.598216676234557, 20.805011921462608 ], [ -156.598498135921545, 20.805110443969898 ], [ -156.598642484778026, 20.805234215703052 ], [ -156.598804358102882, 20.80533141582535 ], [ -156.598937422422978, 20.80547230075744 ], [ -156.599051062731718, 20.80564263906378 ], [ -156.599192174353789, 20.805771320672207 ], [ -156.599342127020321, 20.805886598309641 ], [ -156.599496506752786, 20.805995161793856 ], [ -156.599663945743089, 20.806083923052295 ], [ -156.599815844403821, 20.806196248612526 ], [ -156.599969969940503, 20.806305200059111 ], [ -156.600138886492573, 20.806391721405181 ], [ -156.600311303153944, 20.806472935964347 ], [ -156.60048279608398, 20.806555551516457 ], [ -156.600643475630108, 20.806654563752154 ], [ -156.600811512381455, 20.806742419442092 ], [ -156.600996025520061, 20.806805291376026 ], [ -156.601168529759093, 20.806886374534304 ], [ -156.601334564794115, 20.806977265589087 ], [ -156.601502201860569, 20.807065730004442 ], [ -156.601665284494544, 20.807161098926194 ], [ -156.601840254335684, 20.80723844327024 ], [ -156.602012649412075, 20.807319691178446 ], [ -156.60217623546859, 20.807414297354651 ], [ -156.602320480416864, 20.807538233795178 ], [ -156.602498304503911, 20.807611250587897 ], [ -156.602661394322865, 20.807706609726434 ], [ -156.602826472892389, 20.80779895345842 ], [ -156.6029998688592, 20.807878686600656 ], [ -156.603161364358698, 20.807976463800387 ], [ -156.603316007940492, 20.808084632399535 ], [ -156.603492772548293, 20.808159257012136 ], [ -156.60364104658666, 20.808277084991225 ], [ -156.603812724709542, 20.808359421075739 ], [ -156.603967583657635, 20.808467265280704 ], [ -156.604140619016192, 20.808547544964838 ], [ -156.604342053638334, 20.808575104743074 ], [ -156.604626062254709, 20.808663334255982 ], [ -156.604808311372352, 20.808721460755184 ], [ -156.604976274607736, 20.808812156121743 ], [ -156.605158101641052, 20.808871247091737 ], [ -156.605334833131707, 20.80894195321109 ], [ -156.605515632380644, 20.809003388080587 ], [ -156.605694974343891, 20.80906814348457 ], [ -156.605872144684838, 20.809137851090227 ], [ -156.606046977098316, 20.809212886936429 ], [ -156.606223128650015, 20.809284918725602 ], [ -156.606395385183475, 20.809365829256276 ], [ -156.606558541462817, 20.809467486124522 ], [ -156.606730411846655, 20.809549279500793 ], [ -156.606922095207977, 20.809585900830065 ], [ -156.607114541806084, 20.809620780801726 ], [ -156.607265808075482, 20.80974954866393 ], [ -156.607447532762876, 20.809808875226302 ], [ -156.607613927959932, 20.809903151083365 ], [ -156.607785000605958, 20.809986760910459 ], [ -156.607964583000552, 20.810050972053283 ], [ -156.608138622091786, 20.810127614826087 ], [ -156.608415716789978, 20.810178428523873 ], [ -156.608604932203178, 20.810214821294437 ], [ -156.608797584007505, 20.810217669565375 ], [ -156.608989393584778, 20.81022873665205 ], [ -156.609181866014183, 20.810233341020371 ], [ -156.609365039186088, 20.81032872611403 ], [ -156.609552123076185, 20.810385943672806 ], [ -156.609745689147275, 20.810379862205814 ], [ -156.609943709484867, 20.810330294868074 ], [ -156.610127832105235, 20.810416426816047 ], [ -156.610319952074747, 20.810424467223147 ], [ -156.610522510568757, 20.81033058575186 ], [ -156.610719817958852, 20.810287970535004 ], [ -156.610910918435138, 20.810305971429813 ], [ -156.61110005083404, 20.810343186584287 ], [ -156.611286200477565, 20.810409524871844 ], [ -156.611478012874841, 20.810420578405296 ], [ -156.611665594391553, 20.810389740668505 ], [ -156.611903936178237, 20.810364174535451 ], [ -156.612102131575142, 20.810413845258221 ], [ -156.612293691888539, 20.810400251650755 ], [ -156.612488521894363, 20.810417828687267 ], [ -156.612674501666135, 20.8103510066566 ], [ -156.612858285331015, 20.810263247691452 ], [ -156.613048665055004, 20.810238381847533 ], [ -156.613240717900112, 20.810229478749815 ], [ -156.613426940076977, 20.810209252870703 ], [ -156.613652543038029, 20.810167723440568 ], [ -156.613884968105509, 20.810183969296368 ], [ -156.614085221237985, 20.810148360424268 ], [ -156.614208572324088, 20.809988802282792 ], [ -156.614367686090901, 20.809886886910149 ], [ -156.614528417186335, 20.809787576444933 ], [ -156.614695715480735, 20.809698852712014 ], [ -156.614858282839151, 20.809602503091419 ], [ -156.615026025647779, 20.809514495843519 ], [ -156.615160471162881, 20.809372819755733 ], [ -156.61531960711423, 20.809270940716072 ], [ -156.615552698090966, 20.809288259909255 ], [ -156.615768904032336, 20.809278361512494 ], [ -156.615867668567546, 20.809079179652745 ], [ -156.61601069975174, 20.808951343231051 ], [ -156.616181423429623, 20.808868140393198 ], [ -156.616317075521124, 20.808728412441333 ], [ -156.616458919304876, 20.808598663680836 ], [ -156.61662369487621, 20.808505874504451 ], [ -156.61679488511129, 20.808423425149087 ], [ -156.61696277082271, 20.808335648040917 ], [ -156.617148019332035, 20.808275856677035 ], [ -156.61734404255958, 20.808233432301744 ], [ -156.617541284274893, 20.808192969682569 ], [ -156.6177390157589, 20.808153296531728 ], [ -156.617922766159552, 20.80809109052225 ], [ -156.618056172121669, 20.807952616551045 ], [ -156.618211474728867, 20.807958002528309 ], [ -156.618332350600582, 20.808025127530012 ], [ -156.618498927684612, 20.808115111916184 ], [ -156.618683820098568, 20.808173354649487 ], [ -156.618875907596561, 20.808219128304053 ], [ -156.619059585032318, 20.808279477628567 ], [ -156.61925804560974, 20.808307588250788 ], [ -156.61936519940997, 20.808374983446765 ], [ -156.619518646678046, 20.808483799921586 ], [ -156.619672380741378, 20.808592286148642 ], [ -156.619796098795405, 20.808735346682358 ], [ -156.619931621112187, 20.808864811144183 ], [ -156.620071697447258, 20.808989030012437 ], [ -156.620190983661047, 20.809137197548029 ], [ -156.620349640405692, 20.809240014843695 ], [ -156.620476242050273, 20.809371978320307 ], [ -156.620956986652516, 20.809598062426982 ], [ -156.621159270577181, 20.809510118275035 ], [ -156.621435728343982, 20.809423414375313 ], [ -156.621624352957497, 20.809389179219231 ], [ -156.621799519697646, 20.80929669880534 ], [ -156.621954527661359, 20.809238841277839 ], [ -156.622145820082352, 20.809265373754155 ], [ -156.622345489212023, 20.809262621445125 ], [ -156.622527465405142, 20.809321718290683 ], [ -156.622708112952068, 20.809365671283036 ] ] } },
{ "type": "Feature", "properties": { "objectid": 244, "island": "Maui", "st_lengthshape": 3172.3694268469289 }, "geometry": { "type": "LineString", "coordinates": [ [ -156.623130497429145, 20.809573322671081 ], [ -156.623250788007113, 20.809714688237612 ], [ -156.623367464678353, 20.809859194833585 ], [ -156.623506262525012, 20.809984475253732 ], [ -156.623617016054425, 20.81013412977266 ], [ -156.623786885006837, 20.81023240307967 ], [ -156.623854348207828, 20.810419686789871 ], [ -156.624009387232036, 20.810530849650441 ], [ -156.624152136280145, 20.810652695207438 ], [ -156.624296846455138, 20.810772836791244 ], [ -156.62440373694966, 20.810925849799926 ], [ -156.624535964576125, 20.811056842050135 ], [ -156.624670207888755, 20.811186080527662 ], [ -156.624832675249365, 20.811285699687396 ], [ -156.624956879672368, 20.81133488421407 ], [ -156.625096458531914, 20.81145940049575 ], [ -156.625247899649139, 20.81157065159751 ], [ -156.62541563309469, 20.811663681786012 ], [ -156.62556262311108, 20.811779910627909 ], [ -156.625708566443592, 20.811897310502555 ], [ -156.625846721238304, 20.812023421098619 ], [ -156.626045751392581, 20.812081450464436 ], [ -156.626190524363437, 20.812200159375351 ], [ -156.626322391569289, 20.812333301822584 ], [ -156.626452262950693, 20.812468675857033 ], [ -156.626589111985112, 20.812596246974525 ], [ -156.626732153739141, 20.812716892843259 ], [ -156.626846691174904, 20.812861231514173 ], [ -156.626874112881438, 20.812933723978194 ], [ -156.626909456799382, 20.81311948214238 ], [ -156.626941483653468, 20.813306831518709 ], [ -156.627027860750303, 20.813468124167656 ], [ -156.627079067667154, 20.813637937306741 ], [ -156.627190031192953, 20.813882137138048 ], [ -156.627279052663425, 20.814044418976177 ], [ -156.627377860906734, 20.814200064653896 ], [ -156.62748833619446, 20.814347798958718 ], [ -156.627603264269709, 20.814492515608325 ], [ -156.627715697877221, 20.814638922402665 ], [ -156.62784029554075, 20.814777082427746 ], [ -156.627953799280732, 20.814922764351003 ], [ -156.62806701686651, 20.815068640914944 ], [ -156.628166598242672, 20.815223762366099 ], [ -156.628249639550887, 20.815383438982959 ], [ -156.628270349524144, 20.815423140715414 ], [ -156.628343378086839, 20.815593540946921 ], [ -156.628422214228237, 20.815762844912125 ], [ -156.628443591633271, 20.81594299705397 ], [ -156.628444952663472, 20.816126929394013 ], [ -156.628476214045236, 20.816305215449983 ], [ -156.628494925223038, 20.816485871590107 ], [ -156.628494604409781, 20.816670121083803 ], [ -156.628489408526633, 20.816855290995793 ], [ -156.628511510387938, 20.817035306868394 ], [ -156.628531374629006, 20.817215745081651 ], [ -156.62854859569498, 20.817396683099684 ], [ -156.628558432429003, 20.817579014301216 ], [ -156.628597849044667, 20.817755760707009 ], [ -156.628634286349239, 20.817933069988829 ], [ -156.628662300927857, 20.818111969387502 ], [ -156.628685043593919, 20.818291864083079 ], [ -156.628703102869792, 20.818472643926722 ], [ -156.628723020325396, 20.818653072027331 ], [ -156.628776536662031, 20.818827156425414 ], [ -156.628861273674744, 20.818995346393887 ], [ -156.628937077485887, 20.8191652223414 ], [ -156.629005983437139, 20.819336401573793 ], [ -156.629009096940564, 20.819520002373491 ], [ -156.629072257163074, 20.819692266060407 ], [ -156.629136839305716, 20.819864261349178 ], [ -156.629207574034837, 20.820035094703059 ], [ -156.629270541015728, 20.820207395402829 ], [ -156.629335557034182, 20.82037930815331 ], [ -156.629409509517586, 20.820549534907542 ], [ -156.629475394684846, 20.82072128356349 ], [ -156.629540181211553, 20.820893218374025 ], [ -156.629636795975841, 20.821116939984648 ], [ -156.629699997660111, 20.821289945464951 ], [ -156.62976260799266, 20.821463247965244 ], [ -156.629829288161062, 20.821634504560659 ], [ -156.629915729415472, 20.821795827854654 ], [ -156.630005430314952, 20.821955511203441 ], [ -156.630093673492325, 20.822115927459304 ], [ -156.630203481347394, 20.822265503415871 ], [ -156.630258443896082, 20.822442651558006 ], [ -156.630337809478846, 20.822607531287801 ], [ -156.630389264006396, 20.822786443212472 ], [ -156.63048023986812, 20.822945486633742 ], [ -156.630565773450144, 20.823107265802278 ], [ -156.630670575596554, 20.823259357610773 ], [ -156.630748683492641, 20.823424869977977 ], [ -156.630826575657551, 20.823590491309993 ], [ -156.630914299680711, 20.823751170085437 ], [ -156.631049806829708, 20.823887825964022 ], [ -156.631146973802515, 20.824043757198414 ], [ -156.63123952229904, 20.824202010268785 ], [ -156.631389694466264, 20.824331294304368 ], [ -156.631449398611267, 20.824506059718349 ], [ -156.631555067977189, 20.824657716119646 ], [ -156.631635862875413, 20.824821878332472 ], [ -156.631745198709808, 20.824971692637419 ], [ -156.631878742347794, 20.825104552620154 ], [ -156.632052416587328, 20.825319029777852 ], [ -156.632194612005492, 20.825440446189099 ], [ -156.632305634483885, 20.825593451254957 ], [ -156.632436595440794, 20.825726252609524 ], [ -156.632559063101382, 20.82586766042229 ], [ -156.632690614956942, 20.825999862964181 ], [ -156.632818706394005, 20.826135571826647 ], [ -156.632957983197485, 20.826259947153915 ], [ -156.633064612402592, 20.826417404334549 ], [ -156.633191468005208, 20.826554366419181 ], [ -156.633322431542126, 20.826687165444302 ], [ -156.633459985744054, 20.826813288325805 ], [ -156.633631745643868, 20.826904748658585 ], [ -156.633777126310264, 20.827022940893844 ], [ -156.633907741378891, 20.827156094121928 ], [ -156.634089647743934, 20.827237273527356 ], [ -156.634288770704245, 20.827301007896125 ], [ -156.634450992957454, 20.82740213426715 ], [ -156.634578034120977, 20.827538910217811 ], [ -156.634714976333697, 20.827665653171245 ], [ -156.634850401206023, 20.827793933667312 ], [ -156.634998660781378, 20.827909208315155 ], [ -156.635131118304429, 20.828040496197385 ], [ -156.635271886119654, 20.828163362616746 ], [ -156.635364732030524, 20.828334789277154 ], [ -156.635527941835676, 20.828434916130238 ], [ -156.635623589125657, 20.828603503476792 ], [ -156.635754114465158, 20.828736749998374 ], [ -156.635883800740118, 20.828870846323259 ], [ -156.636008193770209, 20.829010307408641 ], [ -156.636186131567911, 20.829095510750779 ], [ -156.636342212624868, 20.829202861018899 ], [ -156.63652070714781, 20.829287500125318 ], [ -156.636681362822657, 20.829390216710291 ], [ -156.636827982908954, 20.829507154188445 ], [ -156.63697193990032, 20.829626790924053 ], [ -156.637076522181673, 20.82978632726806 ], [ -156.637254274204167, 20.829871718489883 ], [ -156.637360556032093, 20.830029533532514 ], [ -156.637465014063451, 20.830189196201783 ], [ -156.63760225974417, 20.830315634367693 ], [ -156.637721617788969, 20.830460198285934 ], [ -156.637889599948466, 20.830555491096508 ], [ -156.638043999317318, 20.830664546983861 ], [ -156.638194379027112, 20.830777677668326 ], [ -156.638335741380644, 20.830899944225123 ], [ -156.638481937727391, 20.831017314412563 ], [ -156.638673404883406, 20.831088809250083 ], [ -156.638793699499757, 20.831232425559378 ], [ -156.638972843023737, 20.831316409439857 ], [ -156.6390838491929, 20.83146943779569 ], [ -156.639247763771721, 20.831568853369138 ], [ -156.63940667205614, 20.831673341518869 ], [ -156.639555516749027, 20.831788028457897 ], [ -156.639701732520138, 20.831905379043821 ], [ -156.639891011335209, 20.831974173206291 ] ] } },
{ "type": "Feature", "properties": { "objectid": 245, "island": "Maui", "st_lengthshape": 1512.5805496713328 }, "geometry": { "type": "LineString", "coordinates": [ [ -156.640374032559862, 20.832667290304901 ], [ -156.640573165532601, 20.832694373352521 ], [ -156.640728395089297, 20.832807807310868 ], [ -156.640895615663368, 20.832897658145981 ], [ -156.641043752911742, 20.833025040427586 ], [ -156.641242989576739, 20.833051921896601 ], [ -156.641416956754597, 20.833128502489309 ], [ -156.641586351155865, 20.833214078914178 ], [ -156.641771820921434, 20.833268035608089 ], [ -156.641953725249437, 20.833317006280968 ], [ -156.642273598563492, 20.833329878553691 ], [ -156.642438141377227, 20.833452136184771 ], [ -156.642635344148061, 20.833456967359137 ], [ -156.642817637620169, 20.833515404221366 ], [ -156.643002207329005, 20.833565660276314 ], [ -156.643186495371708, 20.833616927246073 ], [ -156.643370704240397, 20.833668476481979 ], [ -156.64355351517932, 20.833725055914329 ], [ -156.64373570563879, 20.833783865181712 ], [ -156.643919297330399, 20.833837635795536 ], [ -156.64410244351069, 20.833893009254265 ], [ -156.644284669031947, 20.833951693836429 ], [ -156.644468524697459, 20.834004516655117 ], [ -156.644657638690603, 20.834038434884615 ], [ -156.644859410898107, 20.834026839275815 ], [ -156.645056616785865, 20.834031663250482 ], [ -156.645238213184484, 20.834092609274379 ], [ -156.645417308815695, 20.834162551724365 ], [ -156.645588921423865, 20.834259399214108 ], [ -156.645773856525096, 20.834308343565901 ], [ -156.645953135874066, 20.834377625210756 ], [ -156.646135902147194, 20.834434367564494 ], [ -156.646327059846669, 20.834450955371238 ], [ -156.646510145253671, 20.834523637131895 ], [ -156.64663766620032, 20.834661910991432 ], [ -156.646783512789511, 20.83477946600274 ], [ -156.646917862592659, 20.834910019783759 ], [ -156.646999380494066, 20.835100306765039 ], [ -156.647155873202308, 20.835205826191078 ], [ -156.647321111859299, 20.835301456686782 ], [ -156.647505139588446, 20.835375843586842 ], [ -156.647651275966581, 20.835493073245679 ], [ -156.64780051072654, 20.835604343049074 ], [ -156.648059852847638, 20.8356974150017 ], [ -156.648158260102036, 20.835852512965769 ], [ -156.648174557378326, 20.836054597415608 ], [ -156.648259035195508, 20.836217666348222 ], [ -156.64836078656154, 20.836370850626075 ], [ -156.648501524639784, 20.83650172497574 ], [ -156.648668603846403, 20.83661752576932 ], [ -156.648698546641697, 20.836811802333131 ], [ -156.648827574994471, 20.836949377652868 ], [ -156.648956167440787, 20.837087203362511 ], [ -156.649054008497302, 20.837242625472324 ], [ -156.64917951945182, 20.837382213858159 ], [ -156.649305689658632, 20.83752142563344 ], [ -156.649414018690067, 20.837670846574451 ], [ -156.649543694843572, 20.837808051082735 ], [ -156.649622704027735, 20.837974250134309 ], [ -156.649664382867911, 20.838161811292434 ], [ -156.649733500964686, 20.8383336709704 ], [ -156.649782692043942, 20.838516933950896 ], [ -156.649819498160326, 20.838707283527409 ], [ -156.649980364485316, 20.83882664076344 ], [ -156.650023748675494, 20.83901322654927 ], [ -156.65010268621262, 20.839179466911812 ], [ -156.650227326400397, 20.839319554767812 ], [ -156.650379885902424, 20.839443665831908 ], [ -156.650487367266408, 20.839593573092611 ], [ -156.650603763356258, 20.839738377803297 ], [ -156.650748058408794, 20.840078630919244 ], [ -156.650850633585407, 20.840231345878113 ], [ -156.650959515420311, 20.840380452194793 ] ] } },
{ "type": "Feature", "properties": { "objectid": 246, "island": "Maui", "st_lengthshape": 1649.92598969606 }, "geometry": { "type": "LineString", "coordinates": [ [ -156.651588931381497, 20.841590187752622 ], [ -156.651733940726899, 20.841710427834936 ], [ -156.651937958966755, 20.841780645707846 ], [ -156.652101316147281, 20.841885332645067 ], [ -156.65227041945937, 20.841985148834119 ], [ -156.652398808204424, 20.842119478653363 ], [ -156.652505796260584, 20.842271951740759 ], [ -156.652571658871352, 20.842459287842583 ], [ -156.652653107530114, 20.842633411654692 ], [ -156.652919583538932, 20.842929228155242 ], [ -156.653010781511341, 20.843090121832702 ], [ -156.653144254039773, 20.843236418982617 ], [ -156.653233990250783, 20.843397817181863 ], [ -156.653322743488559, 20.843559554950449 ], [ -156.653391409932681, 20.843728227901821 ], [ -156.653452258624128, 20.843899600238462 ], [ -156.653531136397788, 20.844064747794381 ], [ -156.653619844894507, 20.844226501096735 ], [ -156.653653199476139, 20.844407366466886 ], [ -156.653564210122028, 20.844630474732746 ], [ -156.653620491162087, 20.844803424301368 ], [ -156.6536475876444, 20.84498588891579 ], [ -156.653823855532949, 20.845330986059395 ], [ -156.653931789000723, 20.845481564303942 ], [ -156.654046359819006, 20.845626919231695 ], [ -156.654186081156212, 20.845752472558235 ], [ -156.654300882914526, 20.845897644492226 ], [ -156.654415718920887, 20.846042789743802 ], [ -156.654528606282923, 20.846189469541816 ], [ -156.654654907305201, 20.846325589026851 ], [ -156.65479603696437, 20.846450034275932 ], [ -156.654959840292264, 20.846556628664537 ], [ -156.65509741114019, 20.846683875755051 ], [ -156.655218630888328, 20.846823996063495 ], [ -156.655253751983963, 20.847031900895473 ], [ -156.655326731029845, 20.847210001142791 ], [ -156.655446502377856, 20.847351261864809 ], [ -156.65556958038573, 20.847489920176212 ], [ -156.655709031415142, 20.847615687303232 ], [ -156.655883940502804, 20.847713539279084 ], [ -156.656075053397899, 20.847798633983025 ], [ -156.656259817165079, 20.84788872732133 ], [ -156.656383297053708, 20.848027068262336 ], [ -156.656505596540342, 20.848166340229668 ], [ -156.6566028926473, 20.848325295925978 ], [ -156.656669407737411, 20.848508486037659 ], [ -156.656793660607718, 20.848646220569872 ], [ -156.656904446688117, 20.848794556263901 ], [ -156.656989264565084, 20.848963337330453 ], [ -156.657107262065381, 20.8491059959686 ], [ -156.657207286196154, 20.84926280526313 ], [ -156.657339250076632, 20.849394468416023 ], [ -156.657473830183278, 20.849524072300099 ], [ -156.657613533606195, 20.849649642919172 ], [ -156.657752749085518, 20.849775596865527 ], [ -156.65789085517298, 20.849902425002654 ], [ -156.658024716564796, 20.850032594808614 ], [ -156.658160046643843, 20.850161608898869 ], [ -156.658297452257841, 20.850288988848622 ], [ -156.658454283672967, 20.850401074646772 ], [ -156.658597115118823, 20.850516748809184 ], [ -156.658768852101815, 20.850656026638372 ], [ -156.658927377749905, 20.850760859651412 ], [ -156.659096884688864, 20.850854524357018 ], [ -156.659222768226158, 20.850992555148903 ], [ -156.659402437823587, 20.851075883617522 ], [ -156.659545385357546, 20.85119656047193 ], [ -156.659678925402432, 20.851326804243737 ], [ -156.659834243327168, 20.851434899489746 ], [ -156.659976591310908, 20.851556186401041 ], [ -156.660116115934471, 20.85168034502442 ], [ -156.66023917165225, 20.851821252357681 ], [ -156.660368140240053, 20.851956146911697 ], [ -156.660484769393634, 20.852103590758269 ], [ -156.66061020626924, 20.85224207693479 ], [ -156.66079771160949, 20.852317439171333 ], [ -156.66092036343187, 20.852458757770442 ], [ -156.661046818978775, 20.85259620829768 ], [ -156.661295995989434, 20.852608847891215 ] ] } },
{ "type": "Feature", "properties": { "objectid": 247, "island": "Maui", "st_lengthshape": 872.98553494816258 }, "geometry": { "type": "LineString", "coordinates": [ [ -156.662119997035461, 20.853605846816468 ], [ -156.662232686530388, 20.853756026181671 ], [ -156.662348926265054, 20.853902763832064 ], [ -156.662480753211213, 20.854034387457407 ], [ -156.662588861467668, 20.854189010104122 ], [ -156.662729035357501, 20.854312540076375 ], [ -156.662890072719279, 20.854415842897762 ], [ -156.663019352148865, 20.854549938153262 ], [ -156.663138959916836, 20.854693410907203 ], [ -156.663267994049477, 20.854827742860166 ], [ -156.663396038479533, 20.854963035572119 ], [ -156.66354096044094, 20.855081963931767 ], [ -156.663683021144607, 20.855203666917216 ], [ -156.663795874258597, 20.855353688752373 ], [ -156.663936902589711, 20.855476393358746 ], [ -156.664077498132031, 20.855599517278101 ], [ -156.66420769444278, 20.855732723994905 ], [ -156.664356590124498, 20.855847800463419 ], [ -156.664503966549745, 20.855964349671645 ], [ -156.664640294206151, 20.856091611259757 ], [ -156.664765990476411, 20.856229182786773 ], [ -156.664901165792003, 20.856357562662229 ], [ -156.665032637189483, 20.856489534671727 ], [ -156.665171553193289, 20.856614287427011 ], [ -156.665310133919434, 20.856739366015574 ], [ -156.665453047096975, 20.856860244090893 ], [ -156.665601978021272, 20.856975287599152 ], [ -156.665740152757422, 20.857100759484144 ], [ -156.665878048774005, 20.857226502892235 ], [ -156.66602151879917, 20.857346840927914 ], [ -156.666169977650014, 20.857462341720034 ], [ -156.666314507295624, 20.857581652818315 ], [ -156.66645864509195, 20.857701344958333 ], [ -156.666584217135181, 20.857830227553343 ], [ -156.666766528707655, 20.858014700554072 ], [ -156.666905713397, 20.8581486828 ], [ -156.667051454213976, 20.858272137572612 ], [ -156.667207753689553, 20.858378633956832 ], [ -156.667375472753037, 20.858466791206503 ], [ -156.667552343715982, 20.858540247330531 ], [ -156.667744314548059, 20.858589453598658 ], [ -156.667930910803051, 20.858647291492826 ], [ -156.668119482355849, 20.858701956724545 ], [ -156.668287522540453, 20.858789599191649 ] ] } },
{ "type": "Feature", "properties": { "objectid": 248, "island": "Maui", "st_lengthshape": 1492.236998219779 }, "geometry": { "type": "LineString", "coordinates": [ [ -156.669381519511774, 20.859411705019788 ], [ -156.669473725517349, 20.859570932308724 ], [ -156.669566382764714, 20.859729878547686 ], [ -156.669691989615529, 20.859868253085082 ], [ -156.669783911783327, 20.860021250974611 ], [ -156.669904861557001, 20.860263267282651 ], [ -156.669913304109116, 20.86044426043215 ], [ -156.670005147442737, 20.860615494523518 ], [ -156.670004240596171, 20.860795418494565 ], [ -156.669921281589495, 20.861026855563924 ], [ -156.669940923107276, 20.861207290556138 ], [ -156.669977286761053, 20.86138461574129 ], [ -156.670058193965815, 20.861553660072033 ], [ -156.670151400812671, 20.861713393803225 ], [ -156.670262547668443, 20.861888750209793 ], [ -156.670326477414079, 20.862066344197459 ], [ -156.670456195374356, 20.862192151045225 ], [ -156.670611035580009, 20.862353231347733 ], [ -156.670743295360182, 20.862489683090246 ], [ -156.671036549521062, 20.862725019133585 ], [ -156.671170763105408, 20.862858918175341 ], [ -156.671323566790676, 20.862968511692888 ], [ -156.671478932704645, 20.863074754549366 ], [ -156.671647203875779, 20.86316412483961 ], [ -156.671823348479165, 20.863243201163392 ], [ -156.671982181028454, 20.863344912484067 ], [ -156.672161828291507, 20.863419409989095 ], [ -156.672327923639386, 20.863511626175999 ], [ -156.67249758519867, 20.8635991787846 ], [ -156.672663588805648, 20.863691515334992 ], [ -156.672806054904299, 20.863811040206986 ], [ -156.672887615988287, 20.863893726736716 ], [ -156.672998330989998, 20.864042152310759 ], [ -156.673111574967692, 20.864176718372164 ], [ -156.673178484299655, 20.864262271234942 ], [ -156.673281386263454, 20.864414871603348 ], [ -156.673359312217571, 20.864581382765756 ], [ -156.673437699602147, 20.864747636498002 ], [ -156.673513554044064, 20.864915301489777 ], [ -156.673624965971584, 20.865063161910545 ], [ -156.673724670043157, 20.86521754359029 ], [ -156.673807926599551, 20.865381086635292 ], [ -156.673907911101566, 20.865535312214323 ], [ -156.674006946126525, 20.86569006664941 ], [ -156.674113092269891, 20.865840859565669 ], [ -156.674225676780452, 20.865980403463716 ], [ -156.674401544993515, 20.866163144918978 ], [ -156.674533855754134, 20.866294095518832 ], [ -156.674665619356745, 20.866425529837215 ], [ -156.674780714874515, 20.866571652663396 ], [ -156.674879003983079, 20.866732585862643 ], [ -156.675029774095293, 20.866847270838218 ], [ -156.67516156882354, 20.866978676366486 ], [ -156.675288753041855, 20.867114145948204 ], [ -156.675419042470963, 20.867246879060811 ], [ -156.675548303614363, 20.867380519196782 ], [ -156.675697541777907, 20.86748956606143 ], [ -156.675757170512071, 20.867526646183901 ], [ -156.675796922463832, 20.867713297076602 ], [ -156.675981017515312, 20.867822403813001 ], [ -156.676020480137055, 20.868009209676927 ], [ -156.676152321462354, 20.868146388219436 ], [ -156.676236272057992, 20.868309294144282 ], [ -156.676314108917495, 20.868475485243792 ], [ -156.676453516014647, 20.868608598952253 ], [ -156.676568475498556, 20.86875484719496 ], [ -156.676676268263236, 20.868904944221274 ], [ -156.676778977100923, 20.869057774208631 ], [ -156.676880273676204, 20.869211362466221 ], [ -156.676962178544926, 20.869375368212587 ], [ -156.677028589998969, 20.869547697037156 ], [ -156.677138156571147, 20.869696842672841 ], [ -156.6772260218371, 20.869857646802579 ], [ -156.67731471750227, 20.870012006480621 ] ] } },
{ "type": "Feature", "properties": { "objectid": 249, "island": "Maui", "st_lengthshape": 344.2269191575345 }, "geometry": { "type": "LineString", "coordinates": [ [ -156.678400357055182, 20.873663135650833 ], [ -156.678383848661895, 20.873878860896337 ], [ -156.67852589309777, 20.874008523533789 ], [ -156.67872161479653, 20.8741921433474 ], [ -156.67886319716942, 20.874316774160658 ], [ -156.67901414169944, 20.874434286108976 ], [ -156.67915168131384, 20.874561991714454 ], [ -156.679290565657453, 20.874688675196232 ], [ -156.679422272751538, 20.874820816565034 ], [ -156.679548086820517, 20.874957439038059 ], [ -156.67967020200868, 20.875096875625037 ], [ -156.679790585018623, 20.87523762962314 ], [ -156.679946121784354, 20.875351648889001 ], [ -156.680166837633124, 20.875416100525939 ], [ -156.680220770885683, 20.875607389732334 ], [ -156.680432741668767, 20.875678490565928 ], [ -156.6805588752419, 20.875814872028059 ] ] } },
{ "type": "Feature", "properties": { "objectid": 250, "island": "Maui", "st_lengthshape": 20.000461764015125 }, "geometry": { "type": "LineString", "coordinates": [ [ -156.680987256478147, 20.876758307695265 ], [ -156.6808663870587, 20.876617922532517 ] ] } },
{ "type": "Feature", "properties": { "objectid": 251, "island": "Maui", "st_lengthshape": 1031.4002158244061 }, "geometry": { "type": "LineString", "coordinates": [ [ -156.682068958772106, 20.878137291160783 ], [ -156.682191697225107, 20.878277371372981 ], [ -156.682312723913412, 20.878419065487705 ], [ -156.682434026728487, 20.878560499593313 ], [ -156.683124390081275, 20.879188603446913 ], [ -156.68329585883734, 20.879282734762015 ], [ -156.683415681878813, 20.879424779447195 ], [ -156.683526320426438, 20.879509580695412 ], [ -156.683675766584543, 20.879623558811719 ], [ -156.683847030498754, 20.879709113557741 ], [ -156.68398663362791, 20.879835912851124 ], [ -156.684136417732788, 20.879949451807683 ], [ -156.684297850596721, 20.880047812393574 ], [ -156.684456279617422, 20.880150088302035 ], [ -156.684592675691817, 20.880281068072374 ], [ -156.684763663461467, 20.880366983978149 ], [ -156.684962580865573, 20.880416514051735 ], [ -156.685148306782111, 20.880483230426606 ], [ -156.685355238474841, 20.880522321266014 ], [ -156.685553830837648, 20.880572275216579 ], [ -156.685722950896491, 20.880660623876466 ], [ -156.685875397118309, 20.880770695578022 ], [ -156.686028766161797, 20.880879564180624 ], [ -156.686185957090856, 20.880983455449577 ], [ -156.686339403054291, 20.881092224611216 ], [ -156.68648464608799, 20.881211679196554 ], [ -156.686636540495243, 20.881322470670369 ], [ -156.686791667591422, 20.881429049815239 ], [ -156.686939898636666, 20.88154461363094 ], [ -156.687091185885265, 20.881656195710939 ], [ -156.687235715336186, 20.881776581940755 ], [ -156.687365857937294, 20.881910468703431 ], [ -156.687421900764946, 20.881971632914709 ], [ -156.687510071917529, 20.882133539734987 ], [ -156.687599951862609, 20.882294366141668 ], [ -156.687599047528522, 20.882360752418418 ], [ -156.687589951093287, 20.882545321411605 ], [ -156.687580038099497, 20.88272968791166 ], [ -156.687510744839528, 20.882899246087625 ], [ -156.68747088740534, 20.883076144904539 ], [ -156.687363715236529, 20.883236256910411 ], [ -156.687320340747931, 20.883408262451603 ], [ -156.687307917291037, 20.883472835807495 ], [ -156.687205715116619, 20.883626241328521 ], [ -156.687076853498326, 20.883761519930196 ], [ -156.686949819376451, 20.883898042227163 ], [ -156.686814465053203, 20.884028908145854 ], [ -156.686696450347995, 20.884171561900164 ], [ -156.68659391895855, 20.88432474396922 ], [ -156.686576951986751, 20.884527959342442 ] ] } },
{ "type": "Feature", "properties": { "objectid": 252, "island": "Maui", "st_lengthshape": 959.9719642793815 }, "geometry": { "type": "LineString", "coordinates": [ [ -156.685763029167248, 20.885898221553752 ], [ -156.685637781522871, 20.886041296558684 ], [ -156.68553240674035, 20.886193698792269 ], [ -156.685465448140462, 20.886364127196153 ], [ -156.685400660701504, 20.886535575578723 ], [ -156.685311503634892, 20.886695587595867 ], [ -156.685162501191456, 20.886826168582633 ], [ -156.685069791869864, 20.887053370524537 ], [ -156.685031006558404, 20.887230245881014 ], [ -156.684983812572938, 20.887405543518039 ], [ -156.684944722345904, 20.887582361424904 ], [ -156.684919982924697, 20.887761872375307 ], [ -156.68488353502903, 20.887939185680882 ], [ -156.684836431584046, 20.888114500714469 ], [ -156.684812125926555, 20.88829409244968 ], [ -156.684817891892095, 20.888476158578555 ], [ -156.6848444227426, 20.888678088060747 ], [ -156.684873174418414, 20.888858395845595 ], [ -156.684886391758283, 20.889038860715587 ], [ -156.684903059606569, 20.889214946612643 ], [ -156.684920367285287, 20.889373815111259 ], [ -156.684960963814689, 20.889550448211057 ], [ -156.685017369445319, 20.889723306813526 ], [ -156.685084605808328, 20.88989357957373 ], [ -156.68514851210881, 20.890064647019098 ], [ -156.685215074599085, 20.890235080386145 ], [ -156.685275080958036, 20.890407079268996 ], [ -156.685309468974964, 20.890585195873619 ], [ -156.685338726512185, 20.890759819621099 ], [ -156.68534178191328, 20.890848677831219 ], [ -156.685371440620088, 20.891027534963136 ], [ -156.685404250268107, 20.89120613767766 ], [ -156.685435385919106, 20.891384874840671 ], [ -156.685392028605207, 20.89156874715162 ], [ -156.685388770350499, 20.891612525816694 ], [ -156.685428737205626, 20.891796815187718 ], [ -156.68542132076962, 20.89197744031712 ], [ -156.685406132960992, 20.892149632497009 ], [ -156.685381557411802, 20.892278376790131 ], [ -156.685347583822931, 20.892456185034089 ], [ -156.68531202069758, 20.892633684568082 ], [ -156.685281469094633, 20.892812159512225 ], [ -156.685247801776285, 20.892990027844391 ], [ -156.685230117759971, 20.893171006877111 ], [ -156.685192008666831, 20.893348010413725 ], [ -156.685135317747097, 20.893521397525738 ], [ -156.685089229621127, 20.893696848081227 ], [ -156.685059685300502, 20.893875518986391 ], [ -156.685029022831003, 20.894053971548058 ], [ -156.685003811951674, 20.89423302983948 ] ] } },
{ "type": "Feature", "properties": { "objectid": 253, "island": "Maui", "st_lengthshape": 100.38276846898806 }, "geometry": { "type": "LineString", "coordinates": [ [ -156.684958578335966, 20.895303026814812 ], [ -156.684952453484385, 20.895486450612985 ], [ -156.684945221150855, 20.895670028265094 ], [ -156.68499325655884, 20.895845894380052 ], [ -156.68504046580091, 20.896021875716155 ], [ -156.68509462939133, 20.896190473345062 ] ] } },
{ "type": "Feature", "properties": { "objectid": 254, "island": "Maui", "st_lengthshape": 499.11174210495022 }, "geometry": { "type": "LineString", "coordinates": [ [ -156.684827053094864, 20.900641739824184 ], [ -156.684767727819292, 20.900815510638125 ], [ -156.684741888435809, 20.900994546593314 ], [ -156.684714808868989, 20.901170481004314 ], [ -156.684704286757778, 20.901376346538434 ], [ -156.684704899772356, 20.901560718471348 ], [ -156.684775602739876, 20.901731322087315 ], [ -156.684843484215406, 20.901897305508978 ], [ -156.684920597168457, 20.902080370976201 ], [ -156.684989447511072, 20.902249240003449 ], [ -156.685057546472535, 20.902418423916718 ], [ -156.685025016336823, 20.902629655851978 ], [ -156.685038439243385, 20.902821685654835 ], [ -156.685042992023398, 20.903017423144405 ], [ -156.685055861691239, 20.903209684745587 ], [ -156.685121224874621, 20.903380010924955 ], [ -156.685204322669819, 20.903542927041919 ], [ -156.685294710377434, 20.903702797603636 ], [ -156.685383875741934, 20.903863178026896 ], [ -156.685477594843888, 20.904021656053249 ], [ -156.685583282236024, 20.904175133646529 ], [ -156.685679841420921, 20.904332424674106 ], [ -156.685772431397055, 20.90449137491078 ], [ -156.685943329047149, 20.904617603163899 ], [ -156.686124840928159, 20.904734080655686 ] ] } },
{ "type": "Feature", "properties": { "objectid": 255, "island": "Maui", "st_lengthshape": 42.362840492419345 }, "geometry": { "type": "LineString", "coordinates": [ [ -156.687362101466391, 20.907047979087565 ], [ -156.687357418366702, 20.907254883004946 ], [ -156.687457505625247, 20.907403122205586 ] ] } },
{ "type": "Feature", "properties": { "objectid": 256, "island": "Maui", "st_lengthshape": 2503.2663388663036 }, "geometry": { "type": "LineString", "coordinates": [ [ -156.687926951562247, 20.908585344182086 ], [ -156.687979598055165, 20.908765926449338 ], [ -156.688047494615716, 20.90893802358487 ], [ -156.688127501724892, 20.909103382860472 ], [ -156.688220511187666, 20.909261507030262 ], [ -156.688335079542696, 20.909403905200186 ], [ -156.688429970305833, 20.90955549880594 ], [ -156.688489387365479, 20.909756062607613 ], [ -156.688663421230558, 20.909847436569081 ], [ -156.6888147245092, 20.909960466035919 ], [ -156.688886946658897, 20.910148829841717 ], [ -156.688982303043275, 20.910311615258099 ], [ -156.689135183650848, 20.910527496685138 ], [ -156.689259101920129, 20.910676909158266 ], [ -156.689397981101138, 20.910805870065658 ], [ -156.689563549413606, 20.910898346860176 ], [ -156.689727377549929, 20.910993202909147 ], [ -156.689907621291894, 20.911065617729488 ], [ -156.690072486428051, 20.911159056214384 ], [ -156.690235387617378, 20.911255177961682 ], [ -156.690433392088011, 20.91130331362718 ], [ -156.690593235983386, 20.911403616246467 ], [ -156.690800122315949, 20.911439610383226 ], [ -156.690981884769599, 20.911509948768256 ], [ -156.69115024169605, 20.911598614982172 ], [ -156.691330116936456, 20.911671532727656 ], [ -156.691505286557117, 20.911750885740016 ], [ -156.691670567795626, 20.911843755918969 ], [ -156.691834926544544, 20.911937887649547 ], [ -156.692002844777477, 20.912027153093906 ], [ -156.692180394620095, 20.912103251539197 ], [ -156.692349654096375, 20.912190685405992 ], [ -156.69251164709209, 20.912288050809476 ], [ -156.692654613098711, 20.912411429739656 ], [ -156.692785549949264, 20.912551252638945 ], [ -156.692928281840409, 20.91267495149313 ], [ -156.693061077325723, 20.912812233836767 ], [ -156.693205574589712, 20.912933519985373 ], [ -156.693364301241303, 20.913035352962208 ], [ -156.693580902662006, 20.913058065276658 ], [ -156.693742290793608, 20.913156261281156 ], [ -156.693879489880658, 20.913287525197486 ], [ -156.694021705141182, 20.913411930567964 ], [ -156.694170505119132, 20.913527334915383 ], [ -156.694319197973641, 20.913631599789735 ], [ -156.694380820085058, 20.913674963550722 ], [ -156.694561379413841, 20.91376576552431 ], [ -156.694693996916953, 20.913896622957889 ], [ -156.694817615600243, 20.914034998398737 ], [ -156.694951289809325, 20.914164973228377 ], [ -156.695084257491658, 20.914295538040264 ], [ -156.695215891702389, 20.914427217157463 ], [ -156.695328000565041, 20.91457521035796 ], [ -156.69544265828705, 20.91472107335365 ], [ -156.695551297043636, 20.914871965265792 ], [ -156.695673025756378, 20.915011921170287 ], [ -156.695791870191783, 20.915154287081211 ], [ -156.695909379989985, 20.915297088231505 ], [ -156.695938467136074, 20.915337368350116 ], [ -156.696029072070985, 20.915498582941037 ], [ -156.696104935278129, 20.915664826170858 ], [ -156.696166165857449, 20.915836062504003 ], [ -156.696226521254317, 20.916007597653905 ], [ -156.69628283357298, 20.916180512236419 ], [ -156.69630894709627, 20.916363730085781 ], [ -156.696324089414958, 20.916550691021804 ], [ -156.696322185509985, 20.916743468587384 ], [ -156.696358252101675, 20.916923289912102 ], [ -156.696398998640149, 20.917101515526817 ], [ -156.696459015559896, 20.917273166169196 ], [ -156.696456989417186, 20.917461998571966 ], [ -156.69645104797209, 20.917555811418502 ], [ -156.696415254379218, 20.917733297650518 ], [ -156.696418442019507, 20.917918672275405 ], [ -156.696351731410175, 20.91808990319765 ], [ -156.696359236270496, 20.918276150602399 ], [ -156.69637498389443, 20.918464066961814 ], [ -156.696335002847235, 20.918640706478683 ], [ -156.696302409836846, 20.918818840857679 ], [ -156.696285505185983, 20.919000149778448 ], [ -156.69625523548163, 20.919178753454197 ], [ -156.696217124299295, 20.919355771224119 ], [ -156.696182184424316, 20.919533431386963 ], [ -156.696159544061345, 20.919713579219433 ], [ -156.696129683082432, 20.919892266917007 ], [ -156.696099651480608, 20.920070918885635 ], [ -156.696073557720041, 20.920250368988651 ], [ -156.696061020625308, 20.92043256124229 ], [ -156.69604703763585, 20.920614461258729 ], [ -156.696022044560664, 20.920794133885046 ], [ -156.695960337253752, 20.920966376570608 ], [ -156.695936393148401, 20.921146261087898 ], [ -156.695910445480195, 20.921325740179665 ], [ -156.695869123295182, 20.921502108482446 ], [ -156.695812044243809, 20.92167528857733 ], [ -156.695738134212036, 20.921845061859706 ], [ -156.695680123524482, 20.922018053214622 ], [ -156.695666845115881, 20.922195621794348 ], [ -156.695590518450643, 20.922327685428137 ], [ -156.695499515098959, 20.922493070231305 ], [ -156.695460857466031, 20.922670046847159 ], [ -156.695382235234604, 20.922838173257752 ], [ -156.695342457579557, 20.923014901718282 ], [ -156.695301484388949, 20.923191364779797 ], [ -156.695255779152234, 20.923366780523942 ], [ -156.695204265063467, 20.923534134155766 ], [ -156.695158103263992, 20.923692760970013 ], [ -156.695081254959604, 20.923863796276589 ], [ -156.695039279963765, 20.92404030077218 ], [ -156.694998497621583, 20.924216992929523 ], [ -156.694969745599053, 20.924395571428274 ], [ -156.694953974148746, 20.924576184566188 ], [ -156.69493283891677, 20.924755957677593 ], [ -156.694920831659402, 20.924933396038888 ], [ -156.694928945146501, 20.925208733953266 ], [ -156.694942321948957, 20.925388963271487 ], [ -156.694964490344688, 20.925568372192085 ], [ -156.694987586636984, 20.925747694311337 ], [ -156.695023030719852, 20.925921426429536 ], [ -156.695104669643882, 20.926226100659512 ], [ -156.695175993178111, 20.92639387880395 ], [ -156.695251142010477, 20.926560099403062 ], [ -156.695344819070016, 20.926718776208844 ], [ -156.695466287964962, 20.926866137747627 ], [ -156.695618649322313, 20.92699904899499 ] ] } },
{ "type": "Feature", "properties": { "objectid": 257, "island": "Maui", "st_lengthshape": 3965.2793014053709 }, "geometry": { "type": "LineString", "coordinates": [ [ -156.6946803732842, 20.928734159246737 ], [ -156.694482428991506, 20.928831147954032 ], [ -156.694291255781565, 20.928932094655028 ], [ -156.694117845159923, 20.929043423023341 ], [ -156.693986858953224, 20.929179546359368 ], [ -156.693894437078114, 20.92933821102185 ], [ -156.693818944309214, 20.929506769491155 ], [ -156.693817418892081, 20.929718559375274 ], [ -156.693709958120763, 20.929868433769855 ], [ -156.693590173799834, 20.930011105135147 ], [ -156.69354185584578, 20.930191555138155 ], [ -156.693505522340558, 20.930365617495553 ], [ -156.693461837448524, 20.930544717755197 ], [ -156.693409268273996, 20.930720182416362 ], [ -156.693349237077683, 20.930892592377525 ], [ -156.69329200726304, 20.931066149993455 ], [ -156.693249850124403, 20.931245875830754 ], [ -156.693200226185496, 20.931422545096495 ], [ -156.693092217370264, 20.931573807594589 ], [ -156.693069754613674, 20.931764868898533 ], [ -156.693011027422529, 20.93193755274962 ], [ -156.692962618496523, 20.932112421441083 ], [ -156.692907962823341, 20.932285966686408 ], [ -156.69288368461082, 20.932465944054101 ], [ -156.692862720314537, 20.932646621819927 ], [ -156.692834394085878, 20.932825741635487 ], [ -156.692792810860539, 20.933002055260189 ], [ -156.692753836369121, 20.933178920673786 ], [ -156.692738523424453, 20.933360795472638 ], [ -156.692689842101231, 20.933528790120022 ], [ -156.692661452779447, 20.933715257806956 ], [ -156.692595640853909, 20.93389460829918 ], [ -156.692631726969921, 20.934075935686515 ], [ -156.692597084694626, 20.934255890147231 ], [ -156.69259686392445, 20.9344365133495 ], [ -156.692582782997476, 20.934616866903298 ], [ -156.692605198317636, 20.934797929015634 ], [ -156.692603698525005, 20.93497852678184 ], [ -156.692614566597172, 20.935159364977221 ], [ -156.692616455907995, 20.935340028445435 ], [ -156.692606748880308, 20.935520467330029 ], [ -156.692605865899054, 20.935701077038299 ], [ -156.692609703872279, 20.935881778594378 ], [ -156.692623756380414, 20.93606267881654 ], [ -156.692631007525677, 20.936243446402848 ], [ -156.692642871082171, 20.936424303467444 ], [ -156.692580419871973, 20.936603719135807 ], [ -156.692558444467352, 20.936783919788493 ], [ -156.692582485697102, 20.93696501291295 ], [ -156.692653599770182, 20.93714702001407 ], [ -156.692664191055172, 20.937327851731876 ], [ -156.69266012434295, 20.937508400286493 ], [ -156.692616104128007, 20.937688173593219 ], [ -156.692670867327934, 20.937869862895781 ], [ -156.692698158599825, 20.938051018936356 ], [ -156.692678464190436, 20.938231263973943 ], [ -156.692667383513509, 20.93841167609294 ], [ -156.692660139796004, 20.938592162686032 ], [ -156.692653321743279, 20.93877265683853 ], [ -156.692648897323863, 20.938953198718167 ], [ -156.692633686360381, 20.939133530559602 ], [ -156.692614994823515, 20.939313794538396 ], [ -156.692585528395739, 20.939489447297085 ], [ -156.692568654546619, 20.939641357474642 ], [ -156.692542258148052, 20.939820269211911 ], [ -156.69248633524694, 20.939995880960769 ], [ -156.692465686567147, 20.940175434818851 ], [ -156.692406179348865, 20.940350645844827 ], [ -156.692396305694956, 20.940531403804474 ], [ -156.692406433651001, 20.940714398262404 ], [ -156.692395434322151, 20.940895030814382 ], [ -156.692383787227527, 20.941075590481265 ], [ -156.692342103876882, 20.941252793558327 ], [ -156.692327356195591, 20.941433006935728 ], [ -156.692308490823478, 20.941612760938021 ], [ -156.692292676911165, 20.941792855122081 ], [ -156.69229650778999, 20.941975145782077 ], [ -156.692290529657981, 20.942156339281386 ], [ -156.692263437433184, 20.942335172824727 ], [ -156.692196041915338, 20.942509502117254 ], [ -156.692154059344659, 20.942686671225452 ], [ -156.69208475582181, 20.942860786796338 ], [ -156.69203560186574, 20.94303715444212 ], [ -156.692027948963272, 20.943215074341889 ], [ -156.692043815420732, 20.943399794429634 ], [ -156.692058130327496, 20.943581199295021 ], [ -156.692083241564546, 20.943763073554109 ], [ -156.692119849447892, 20.943945448355482 ], [ -156.692165742695238, 20.944128226945413 ], [ -156.69219348520167, 20.944310216271973 ], [ -156.692191062488547, 20.944490892534333 ], [ -156.692203662838693, 20.944672222714257 ], [ -156.692186755881863, 20.944852268594502 ], [ -156.692147403968136, 20.945031338852303 ], [ -156.692115794556884, 20.945210745052549 ], [ -156.692103771157093, 20.945391004189702 ], [ -156.692107649872327, 20.945571954439473 ], [ -156.69211402715689, 20.945753013454304 ], [ -156.692122325667725, 20.945934157166182 ], [ -156.692111374194042, 20.946114462400985 ], [ -156.692107406432228, 20.946295071654085 ], [ -156.692107733617519, 20.946475867263839 ], [ -156.69210450068357, 20.946656508127749 ], [ -156.692099758552388, 20.946837084312563 ], [ -156.692085586834366, 20.947017249312353 ], [ -156.692063445637729, 20.947197068036512 ], [ -156.692047861708261, 20.947370149570908 ], [ -156.692010368856501, 20.947492808739632 ], [ -156.691984103452512, 20.947673637171604 ], [ -156.691925754926046, 20.94784577858556 ], [ -156.691867897356303, 20.948018052132088 ], [ -156.691615456579967, 20.948205466418678 ], [ -156.69150144851929, 20.948350959031814 ], [ -156.691420005946583, 20.948517667384383 ], [ -156.691346742675762, 20.948689704989889 ], [ -156.691224388848894, 20.948829760144115 ], [ -156.691112653696877, 20.948976732546633 ], [ -156.691005985526914, 20.949127007193759 ], [ -156.690916429018301, 20.949288430119495 ], [ -156.690880974794197, 20.949485100978535 ], [ -156.690812701451563, 20.94966038898065 ], [ -156.690686496364322, 20.949797935254917 ], [ -156.690592332467588, 20.949956357105172 ], [ -156.690507639459526, 20.950120949288053 ], [ -156.690429030966726, 20.950289504114469 ], [ -156.690326613878057, 20.950437835587419 ], [ -156.690228877694494, 20.950658572233948 ], [ -156.690116596737028, 20.950810817236864 ], [ -156.689983991130447, 20.950942195191185 ], [ -156.68985274617981, 20.951074970370918 ], [ -156.689718675105496, 20.951204844558845 ], [ -156.689580739750539, 20.951330750758096 ], [ -156.689445068843241, 20.951458982088742 ], [ -156.689298147171115, 20.951575662885897 ], [ -156.689145840386317, 20.951686815401228 ], [ -156.688992490502386, 20.951796895282243 ], [ -156.68886907423115, 20.951937709616129 ], [ -156.688730408796573, 20.952062866439725 ], [ -156.688557306412264, 20.952152668972971 ], [ -156.688420511731636, 20.952274727327374 ], [ -156.688254404870008, 20.952491417258202 ], [ -156.688135899923964, 20.952634024123657 ], [ -156.688017098586698, 20.952776385760991 ], [ -156.687899541448559, 20.952919778260551 ], [ -156.687781537018139, 20.953062798869521 ], [ -156.687661896821339, 20.953204466139038 ], [ -156.687538486064284, 20.953343010989769 ], [ -156.687413635113217, 20.953480362269186 ], [ -156.687290989918978, 20.953619541271916 ], [ -156.687169299407287, 20.9537595115209 ], [ -156.687048150685825, 20.953899929687061 ], [ -156.686858421197314, 20.95398185515441 ], [ -156.686738385848457, 20.954212804889348 ], [ -156.686650202006092, 20.954373276380082 ], [ -156.686576466794719, 20.954540859210745 ], [ -156.686497167121388, 20.954705702569157 ], [ -156.686422390627854, 20.954872772702675 ], [ -156.686313338033642, 20.955020219121977 ], [ -156.686218227725959, 20.955194507273443 ], [ -156.686279674975822, 20.955409636485182 ], [ -156.686223378939872, 20.955582728509562 ], [ -156.686124524028912, 20.955740626531487 ], [ -156.68596769345919, 20.955877824975371 ], [ -156.685917975604013, 20.95605326550319 ], [ -156.685929726667752, 20.95625065308456 ], [ -156.685812924431048, 20.956402142294834 ], [ -156.685704353771627, 20.956556571421164 ], [ -156.68571654146777, 20.956754113914798 ], [ -156.685655891092011, 20.956925652020484 ], [ -156.685591762350157, 20.95709594726403 ], [ -156.685501374628188, 20.957256868361213 ], [ -156.685387750064194, 20.957409492969862 ], [ -156.685316289510382, 20.957577170881738 ], [ -156.68525520038105, 20.957748552005619 ], [ -156.685256610417952, 20.957942246629674 ], [ -156.685192085036249, 20.958106955603583 ], [ -156.685122357506771, 20.958263681648866 ], [ -156.685053041028738, 20.958435036689686 ], [ -156.685012387622663, 20.958611586873744 ], [ -156.68498025476174, 20.95878968134674 ], [ -156.68496682837403, 20.958971165177378 ], [ -156.684938010448406, 20.959149859106397 ], [ -156.684893390100541, 20.9593243488344 ], [ -156.684865719349091, 20.959357771963365 ], [ -156.684753344036551, 20.959505651302834 ], [ -156.684648423095211, 20.959657445259765 ], [ -156.684552127584567, 20.95981377026526 ], [ -156.684456696841892, 20.959970547619484 ], [ -156.684365532465421, 20.960129566365019 ], [ -156.684256653989792, 20.96027928257212 ], [ -156.684158008826756, 20.960434372535303 ], [ -156.684080166195884, 20.960600388068247 ], [ -156.683951395077685, 20.96094655304098 ], [ -156.683876915415681, 20.961114334383311 ], [ -156.683798667400794, 20.961278347645717 ] ] } },
{ "type": "Feature", "properties": { "objectid": 258, "island": "Maui", "st_lengthshape": 122.3423535049163 }, "geometry": { "type": "LineString", "coordinates": [ [ -156.683683122512065, 20.963737379750256 ], [ -156.683575012322592, 20.963888722048015 ], [ -156.683471359926472, 20.964042116010027 ], [ -156.683374564257093, 20.964198666139353 ], [ -156.683295709287876, 20.9643634743814 ], [ -156.68328131128402, 20.964557951603137 ], [ -156.68325210805574, 20.964739943799028 ] ] } },
{ "type": "Feature", "properties": { "objectid": 259, "island": "Maui", "st_lengthshape": 228.35722097555433 }, "geometry": { "type": "LineString", "coordinates": [ [ -156.682621127344959, 20.965824558967405 ], [ -156.682476853297743, 20.965944121708215 ], [ -156.682363494276359, 20.966099238429933 ], [ -156.682240768895042, 20.966243583806627 ], [ -156.682091869189605, 20.966357826786613 ], [ -156.681929091561074, 20.966456109654555 ], [ -156.681793785712017, 20.966585986959249 ], [ -156.681660064490444, 20.966715084724029 ], [ -156.681532921148886, 20.966811380476358 ], [ -156.681316214571069, 20.966891251415493 ], [ -156.681234283689804, 20.967057328585369 ], [ -156.681251423895986, 20.967285773426468 ] ] } },
{ "type": "Feature", "properties": { "objectid": 260, "island": "Maui", "st_lengthshape": 1465.9580076691282 }, "geometry": { "type": "LineString", "coordinates": [ [ -156.681130095728321, 20.967979727509029 ], [ -156.681005739789043, 20.96811784585141 ], [ -156.680893607419421, 20.968264591714458 ], [ -156.680766850383606, 20.968394298994514 ], [ -156.680650264069726, 20.968521623408837 ], [ -156.680527564402638, 20.968668980030287 ], [ -156.680397747512274, 20.968813512536478 ], [ -156.680342394062933, 20.968987586828444 ], [ -156.680286157165995, 20.96915983942063 ], [ -156.680242605881432, 20.969288430631018 ], [ -156.680185675504049, 20.969462118545586 ], [ -156.680090867857785, 20.969629103182886 ], [ -156.680084808814911, 20.969811795116129 ], [ -156.680079731534704, 20.96999466115069 ], [ -156.680033718564516, 20.970165352443573 ], [ -156.680028871896667, 20.970293536919439 ], [ -156.680021368879466, 20.970474156616245 ], [ -156.68001753099648, 20.970654760302324 ], [ -156.680018348566023, 20.970835345211633 ], [ -156.680001189721679, 20.97101161632115 ], [ -156.679994985907456, 20.971066156010469 ], [ -156.68002774417161, 20.971272685134011 ], [ -156.679981858111006, 20.971449876167586 ], [ -156.679916713965838, 20.971619883291318 ], [ -156.679865844423091, 20.971795214816193 ], [ -156.679804276066534, 20.97196655555949 ], [ -156.679758625548629, 20.972143835477421 ], [ -156.679702481755157, 20.97231719965027 ], [ -156.679624722456452, 20.972482500726855 ], [ -156.679551266556473, 20.972649406332643 ], [ -156.679482716267046, 20.972818143207096 ], [ -156.67940067578462, 20.972981847076571 ], [ -156.679321895772972, 20.973146767421095 ], [ -156.679239159951976, 20.973310211571199 ], [ -156.679157276395529, 20.973471934394951 ], [ -156.67912013368371, 20.973581894758716 ], [ -156.679162231153526, 20.973775858451756 ], [ -156.679121863581656, 20.973952428036544 ], [ -156.679073746931522, 20.974127363211782 ], [ -156.679021548684773, 20.97430143635372 ], [ -156.678972342154879, 20.974476141707822 ], [ -156.678908432054556, 20.974685642915247 ], [ -156.67881959765387, 20.974847009774013 ], [ -156.678737199476018, 20.975012388776392 ], [ -156.678623927409404, 20.975158520033744 ], [ -156.678512482545159, 20.975305789514756 ], [ -156.678293760898754, 20.975386176094378 ], [ -156.678225662108019, 20.9755604709806 ], [ -156.678140151748579, 20.975723909945618 ], [ -156.678109996933273, 20.975920931598424 ], [ -156.678017758553608, 20.976052916241009 ], [ -156.677929208011847, 20.976215825977434 ], [ -156.677900068678099, 20.976396757988436 ], [ -156.677843160957764, 20.976565716706684 ], [ -156.677831839739753, 20.976720794588402 ], [ -156.677856432582757, 20.976897219910253 ], [ -156.677901603851836, 20.977012853314118 ], [ -156.677941229008013, 20.977185186153811 ], [ -156.677933706164509, 20.977284053676769 ], [ -156.677699493212145, 20.977399388571129 ], [ -156.677499413501465, 20.977375800632235 ], [ -156.677322814799709, 20.977428942821355 ], [ -156.677251089636883, 20.97752521804269 ], [ -156.677067022713658, 20.977580929195771 ], [ -156.676874683746178, 20.977619199418307 ], [ -156.676714144779993, 20.977713564834378 ], [ -156.67661282791002, 20.977885575240627 ], [ -156.676507078185665, 20.978037088141171 ], [ -156.676366199289163, 20.978162984538745 ], [ -156.6762393245711, 20.978299093499977 ], [ -156.676111740380207, 20.978434684270002 ], [ -156.675987923727234, 20.97857302363099 ], [ -156.67586382164717, 20.978711153099947 ], [ -156.675754810007561, 20.978855718283857 ], [ -156.675650836673555, 20.978993234616539 ], [ -156.675581232003793, 20.979158952332146 ] ] } },
{ "type": "Feature", "properties": { "objectid": 261, "island": "Maui", "st_lengthshape": 184.37969311468083 }, "geometry": { "type": "LineString", "coordinates": [ [ -156.675847591109232, 20.979777458464969 ], [ -156.675679685825344, 20.979865879634975 ], [ -156.675548308719499, 20.980009165874257 ], [ -156.675383878723949, 20.980102807498678 ], [ -156.675176289261259, 20.980131624101649 ], [ -156.675057836103406, 20.9802943231659 ], [ -156.674894976591844, 20.980390323600044 ], [ -156.674729420143734, 20.980482273154838 ], [ -156.67456406739052, 20.98057452962729 ], [ -156.674403239430035, 20.980669191027093 ] ] } },
{ "type": "Feature", "properties": { "objectid": 262, "island": "Maui", "st_lengthshape": 134.45714698134853 }, "geometry": { "type": "LineString", "coordinates": [ [ -156.673640796932148, 20.981323593878898 ], [ -156.673537092229878, 20.981470898176319 ], [ -156.673371180651259, 20.981729212704924 ], [ -156.673300149931663, 20.981900453228331 ], [ -156.673265369474223, 20.982078060412629 ], [ -156.673255852547925, 20.982260104330496 ], [ -156.673289653503133, 20.982446562599879 ] ] } },
{ "type": "Feature", "properties": { "objectid": 263, "island": "Maui", "st_lengthshape": 316.88657009650268 }, "geometry": { "type": "LineString", "coordinates": [ [ -156.672775048386228, 20.98386500256073 ], [ -156.672611284833209, 20.983977607864563 ], [ -156.672520786943352, 20.984137952452432 ], [ -156.672325857159734, 20.984342653645484 ], [ -156.672172853742182, 20.984490997631806 ], [ -156.672135223779151, 20.984668496797976 ], [ -156.672036003430463, 20.984830432082848 ], [ -156.671934715072439, 20.984991844164224 ], [ -156.672026705402203, 20.98520209783603 ], [ -156.672200113028282, 20.985432925396356 ], [ -156.672096412719981, 20.985593728449633 ], [ -156.672020268834729, 20.985761494760144 ], [ -156.671981079948097, 20.985938599571618 ], [ -156.67197348941778, 20.986123689206153 ], [ -156.672031423633371, 20.986322892155624 ] ] } },
{ "type": "Feature", "properties": { "objectid": 264, "island": "Maui", "st_lengthshape": 20.000440000157614 }, "geometry": { "type": "LineString", "coordinates": [ [ -156.669531013307363, 20.988232693839869 ], [ -156.669686510124393, 20.988126459827392 ] ] } },
{ "type": "Feature", "properties": { "objectid": 265, "island": "Maui", "st_lengthshape": 20.00045293271635 }, "geometry": { "type": "LineString", "coordinates": [ [ -156.66933249953874, 20.990591608380452 ], [ -156.669213428578558, 20.990449808843795 ] ] } },
{ "type": "Feature", "properties": { "objectid": 266, "island": "Maui", "st_lengthshape": 41.827024203496023 }, "geometry": { "type": "LineString", "coordinates": [ [ -156.668291333857638, 20.991083503347156 ], [ -156.668124687057286, 20.991183087659049 ], [ -156.668041280042132, 20.991358560303297 ] ] } },
{ "type": "Feature", "properties": { "objectid": 267, "island": "Maui", "st_lengthshape": 376.20325322644783 }, "geometry": { "type": "LineString", "coordinates": [ [ -156.667576504390183, 20.994159613606115 ], [ -156.667372194501269, 20.994150260463911 ], [ -156.667183385803838, 20.994178537370132 ], [ -156.666886599223631, 20.994353057388334 ], [ -156.666773149377349, 20.994499950725555 ], [ -156.666658491012242, 20.994700507424177 ], [ -156.666540056730071, 20.99484505845918 ], [ -156.666438685544819, 20.994998681057623 ], [ -156.66635667686009, 20.995162595135785 ], [ -156.666245636785703, 20.995311076938354 ], [ -156.666159579277974, 20.995472839491747 ], [ -156.666078180349274, 20.995637077796143 ], [ -156.665981713741672, 20.995789420910668 ], [ -156.665935130319355, 20.996013560597195 ], [ -156.665886367399196, 20.996181832186537 ], [ -156.66579206522502, 20.99638997075958 ], [ -156.665825945478076, 20.996571489619125 ], [ -156.665940768682759, 20.996750593317113 ] ] } },
{ "type": "Feature", "properties": { "objectid": 268, "island": "Maui", "st_lengthshape": 20.000300002353008 }, "geometry": { "type": "LineString", "coordinates": [ [ -156.667354997754927, 20.998101114324857 ], [ -156.66735780250832, 20.9979205490861 ] ] } },
{ "type": "Feature", "properties": { "objectid": 269, "island": "Maui", "st_lengthshape": 244.49401743768254 }, "geometry": { "type": "LineString", "coordinates": [ [ -156.666840918911959, 20.998677435711421 ], [ -156.666645784884651, 20.998735019419854 ], [ -156.666409996775855, 20.998958676777249 ], [ -156.66631453730173, 20.999116979079538 ], [ -156.666243442331165, 20.999283145617731 ], [ -156.666187475400534, 20.999499615559255 ], [ -156.666191838547093, 20.999681673184586 ], [ -156.666167081973498, 20.999860799393229 ], [ -156.666177895163145, 21.000041269502052 ], [ -156.666194546785022, 21.000232647609145 ], [ -156.666281828854693, 21.000403329562417 ], [ -156.66637853846612, 21.000572664367958 ] ] } },
{ "type": "Feature", "properties": { "objectid": 270, "island": "Maui", "st_lengthshape": 19.999980301013363 }, "geometry": { "type": "LineString", "coordinates": [ [ -156.666577261053419, 21.001236178380815 ], [ -156.666673095730914, 21.001079619477586 ] ] } },
{ "type": "Feature", "properties": { "objectid": 271, "island": "Maui", "st_lengthshape": 40.072723751522368 }, "geometry": { "type": "LineString", "coordinates": [ [ -156.666117788410332, 21.004403532445075 ], [ -156.665960557267596, 21.004508984573985 ], [ -156.66584075329223, 21.004649986581509 ] ] } },
{ "type": "Feature", "properties": { "objectid": 272, "island": "Maui", "st_lengthshape": 397.52730520227584 }, "geometry": { "type": "LineString", "coordinates": [ [ -156.661481202865843, 21.003881130529038 ], [ -156.661293007424746, 21.003821799019111 ], [ -156.66110311166932, 21.003784262256133 ], [ -156.660911606985422, 21.003767341261863 ], [ -156.660718738174353, 21.003767912297572 ], [ -156.660526350219641, 21.003762315004721 ], [ -156.660336405068932, 21.003761881036894 ], [ -156.660187264840999, 21.003769619438543 ], [ -156.659991612921942, 21.003754300095359 ], [ -156.659802724644862, 21.003791841315483 ], [ -156.659611798083205, 21.003813451534253 ], [ -156.659421312048096, 21.003838504414393 ], [ -156.659231495347115, 21.003868790142242 ], [ -156.659046443718552, 21.003904171832176 ], [ -156.658853003474604, 21.003902971116904 ], [ -156.658670174221641, 21.003960893858924 ], [ -156.658485445179167, 21.004011637581979 ], [ -156.658300268363206, 21.004060689029572 ], [ -156.65811261611114, 21.00410038452241 ], [ -156.657927182160336, 21.00414846218268 ], [ -156.657763474592826, 21.004258404363338 ] ] } },
{ "type": "Feature", "properties": { "objectid": 273, "island": "Maui", "st_lengthshape": 505.0165046888967 }, "geometry": { "type": "LineString", "coordinates": [ [ -156.654028465910329, 21.004697792043494 ], [ -156.653867642900821, 21.004518866650798 ], [ -156.653692459570266, 21.004437444732222 ], [ -156.653495948850491, 21.004384842940823 ], [ -156.653304617529216, 21.004362612458291 ], [ -156.653112362176273, 21.00435691644628 ], [ -156.652920180473785, 21.004349895633595 ], [ -156.652732313652052, 21.004342072677741 ], [ -156.65242635501599, 21.00435944536914 ], [ -156.652256133917092, 21.004451354881212 ], [ -156.652063913446199, 21.004480604138813 ], [ -156.651889707781748, 21.004561162674605 ], [ -156.651705147261708, 21.00461222978862 ], [ -156.651519620044581, 21.004660542752177 ], [ -156.651328950395026, 21.004694210145008 ], [ -156.651138474974175, 21.004728427214143 ], [ -156.650950487741937, 21.004769733529308 ], [ -156.650759213103612, 21.004801676213877 ], [ -156.650568881990438, 21.004836305478008 ], [ -156.650383761128495, 21.004885776787976 ], [ -156.65020189892229, 21.004944529641286 ], [ -156.650022349035709, 21.005009867270022 ], [ -156.649844177035902, 21.005079131896355 ], [ -156.649668603559263, 21.005155799763859 ], [ -156.649532107392616, 21.005331343568901 ] ] } },
{ "type": "Feature", "properties": { "objectid": 274, "island": "Maui", "st_lengthshape": 205.34651432767876 }, "geometry": { "type": "LineString", "coordinates": [ [ -156.643179118110993, 21.01115870147985 ], [ -156.642931117736509, 21.011042137060915 ], [ -156.642704214552765, 21.010981494422957 ], [ -156.642480928638633, 21.010930439033128 ], [ -156.642277117468552, 21.010931006456236 ], [ -156.642082388607548, 21.010955646880053 ], [ -156.641904212321776, 21.011024162656913 ], [ -156.641742108373194, 21.011135283883782 ], [ -156.641586182098564, 21.011262779656224 ], [ -156.641451613903911, 21.011439260724543 ] ] } },
{ "type": "Feature", "properties": { "objectid": 275, "island": "Maui", "st_lengthshape": 114.40368671103677 }, "geometry": { "type": "LineString", "coordinates": [ [ -156.638653784476929, 21.012991271113624 ], [ -156.638354522161706, 21.012892567325849 ], [ -156.638179008826171, 21.012970608058442 ], [ -156.638024473388128, 21.013078611269005 ], [ -156.637876734799931, 21.013196321946442 ], [ -156.637757181971949, 21.01334953580886 ] ] } },
{ "type": "Feature", "properties": { "objectid": 276, "island": "Maui", "st_lengthshape": 1900.1902291659467 }, "geometry": { "type": "LineString", "coordinates": [ [ -156.507670982937015, 20.937342488518713 ], [ -156.507664560834939, 20.93709640923824 ], [ -156.507594830320159, 20.936908205506853 ], [ -156.507510073321043, 20.936733739676466 ], [ -156.507396867619832, 20.936585281439129 ], [ -156.507253570856619, 20.936464331788731 ], [ -156.507143156619009, 20.936313321900037 ], [ -156.50702639353355, 20.936168115299598 ], [ -156.506900640853985, 20.936031127541721 ], [ -156.50677433018484, 20.935894650737534 ], [ -156.506643399932472, 20.935762397054436 ], [ -156.506518332011836, 20.935624784317213 ], [ -156.506380620844766, 20.935498729280265 ], [ -156.506214193689431, 20.935398926879348 ], [ -156.506082324599959, 20.935267531341992 ], [ -156.505937404347179, 20.93514806672826 ], [ -156.505777175695897, 20.935042598407811 ], [ -156.505607922359474, 20.934945379881519 ], [ -156.505316764649734, 20.934772295704125 ], [ -156.505012337187196, 20.934587649105875 ], [ -156.50484929632907, 20.934483942932676 ], [ -156.504670315521963, 20.934418129640573 ], [ -156.504474238032344, 20.934392960628958 ], [ -156.504264884770521, 20.934399348668006 ], [ -156.504113729857636, 20.934267390637274 ], [ -156.504000604063322, 20.934045029676177 ], [ -156.503784855965847, 20.934066621017067 ], [ -156.503592647256966, 20.934032254438648 ], [ -156.503445564510088, 20.933890616495454 ], [ -156.503289826431001, 20.933769555922815 ], [ -156.503104615999717, 20.933718553673295 ], [ -156.502929621153868, 20.933643268426529 ], [ -156.502757974276989, 20.933560025758766 ], [ -156.502574489236849, 20.933504924552871 ], [ -156.502384756986771, 20.933464673350993 ], [ -156.502207150434742, 20.933395598343111 ], [ -156.502027326873019, 20.933331792693025 ], [ -156.501840932885102, 20.93328360610861 ], [ -156.501656953360651, 20.933229680466603 ], [ -156.501481583705072, 20.933155290373548 ], [ -156.501304968619849, 20.933083857018822 ], [ -156.501130000582521, 20.933008511759432 ], [ -156.500947733684598, 20.932950515710239 ], [ -156.500778402179606, 20.932861771980544 ], [ -156.500602754334579, 20.932788043338004 ], [ -156.50042374678182, 20.932722301354261 ], [ -156.500237827529247, 20.932672986901881 ], [ -156.5000606553279, 20.932602884131754 ], [ -156.499875047496403, 20.932552833468744 ], [ -156.499694102457426, 20.932491700708443 ], [ -156.499506123536719, 20.932447288002564 ], [ -156.499321798859711, 20.932394189236007 ], [ -156.499150073622474, 20.932311142513132 ], [ -156.498960454203541, 20.932270629306945 ], [ -156.498791416927844, 20.932181192820451 ], [ -156.498599179259173, 20.932146904446611 ], [ -156.498410922030956, 20.9321031555817 ], [ -156.498228698539435, 20.932045062628049 ], [ -156.498044279872886, 20.931992189618462 ], [ -156.498001061271282, 20.931979987470722 ], [ -156.497806415127258, 20.931911551266641 ], [ -156.497608306871996, 20.931846616181428 ], [ -156.497424118500959, 20.931767600791567 ], [ -156.49725563301746, 20.931672701071477 ], [ -156.497113170973932, 20.931551476263397 ], [ -156.496962820675947, 20.931438231249146 ], [ -156.496852064517327, 20.931284935423008 ], [ -156.496747845170631, 20.931125026720693 ], [ -156.496647938792478, 20.930960755117209 ], [ -156.496617977406885, 20.930912143482288 ], [ -156.496524155218367, 20.930750277109549 ], [ -156.496432055008029, 20.930587916787459 ], [ -156.49641815058078, 20.930403093355448 ], [ -156.496371463438805, 20.930227687612948 ], [ -156.496345194598604, 20.930046415425696 ], [ -156.49632293815398, 20.929863991295676 ], [ -156.496241739100697, 20.929698499732357 ], [ -156.496205218873115, 20.929520173224724 ], [ -156.49614623241834, 20.929348300685117 ], [ -156.496107976082413, 20.929170472385984 ], [ -156.496043320417726, 20.929000227669817 ], [ -156.495939882760069, 20.928841124694728 ], [ -156.495916204395428, 20.92865910947188 ], [ -156.495866372047914, 20.928484606472331 ], [ -156.495784267339275, 20.928319375070615 ], [ -156.495704039687894, 20.928126403528058 ], [ -156.495595280366189, 20.92788120240948 ], [ -156.49549437841668, 20.927727514296357 ], [ -156.495387736018074, 20.92757708179429 ], [ -156.49526830183359, 20.927433902467541 ], [ -156.495149644023712, 20.927290283009544 ], [ -156.494973618959165, 20.927179194278519 ], [ -156.494848233867401, 20.927080786467918 ] ] } },
{ "type": "Feature", "properties": { "objectid": 277, "island": "Maui", "st_lengthshape": 3949.824454432071 }, "geometry": { "type": "LineString", "coordinates": [ [ -156.494291902260557, 20.926462972546698 ], [ -156.494162882106394, 20.926328433671529 ], [ -156.494078273744918, 20.926161708490035 ], [ -156.493984685966296, 20.926001491511744 ], [ -156.493894369790013, 20.925838902708666 ], [ -156.493797986668739, 20.92568071139647 ], [ -156.493713461688543, 20.925513926818304 ], [ -156.493631353234775, 20.925345389915627 ], [ -156.493544137947737, 20.925180554907289 ], [ -156.493476758365716, 20.92500134412969 ], [ -156.49341883998909, 20.924869735443817 ], [ -156.493295592036816, 20.924643885045047 ], [ -156.493286407633519, 20.92446167721506 ], [ -156.493467180391463, 20.924245194643781 ], [ -156.493430197377933, 20.924068003247733 ], [ -156.493378191828612, 20.92389352207713 ], [ -156.493303222116793, 20.923723183884718 ], [ -156.493246257474993, 20.923549596878278 ], [ -156.493196207061004, 20.923374763362943 ], [ -156.493123432574237, 20.923204029383761 ], [ -156.493048513543698, 20.923033681934829 ], [ -156.492971068246305, 20.922863791251796 ], [ -156.49292439582922, 20.922688348182444 ], [ -156.492874773953872, 20.922513436938882 ], [ -156.492789553264686, 20.922344947986588 ], [ -156.492799993395863, 20.922159200066588 ], [ -156.492763829786668, 20.921981859920173 ], [ -156.492716891744323, 20.921806464387963 ], [ -156.492670526335104, 20.921630966202663 ], [ -156.492637871525773, 20.921452993178161 ], [ -156.492635675931012, 20.921269524605446 ], [ -156.49264623170734, 20.921083754908928 ], [ -156.492592485001552, 20.92090958843858 ], [ -156.492604658176134, 20.920723526479527 ], [ -156.492543517576223, 20.920550694248323 ], [ -156.49253236936778, 20.920368840395255 ], [ -156.49248910046154, 20.920192782727124 ], [ -156.492463350312875, 20.920013564872605 ], [ -156.492426048007161, 20.919836430989729 ], [ -156.49239685495786, 20.919657833420271 ], [ -156.492354344902679, 20.919481638806904 ], [ -156.492325097017186, 20.919303051261839 ], [ -156.492279321458369, 20.919127446126314 ], [ -156.492229352120575, 20.918952598318704 ], [ -156.492167789316539, 20.918779841985586 ], [ -156.492037570403056, 20.918619472621963 ], [ -156.491903846107533, 20.918459736990048 ], [ -156.491750699937484, 20.918303505439404 ], [ -156.491672496540957, 20.918133751364955 ], [ -156.491618423951053, 20.918069501021716 ], [ -156.491519425031584, 20.917879839708331 ], [ -156.49150146319991, 20.917697027952634 ], [ -156.4916099247734, 20.917524900200629 ], [ -156.491846204640467, 20.917363575994187 ], [ -156.491970081007707, 20.917192750743908 ], [ -156.492012745849024, 20.917015062691942 ], [ -156.492030774135031, 20.9168352916655 ], [ -156.492030829551737, 20.916654002399447 ], [ -156.492021383876278, 20.916305834077427 ], [ -156.492042976458151, 20.915918747939759 ], [ -156.492004101455649, 20.915741647804097 ], [ -156.491962053815968, 20.915565331741224 ], [ -156.491899508132576, 20.915394083291687 ], [ -156.491887629346309, 20.915210308085374 ], [ -156.49184155236162, 20.915034988325619 ], [ -156.491747045504695, 20.914871643059861 ], [ -156.491672425122943, 20.914703380089247 ], [ -156.491543542401473, 20.914417565308977 ], [ -156.49135117810107, 20.914076803763084 ], [ -156.491277215905143, 20.91390489531322 ], [ -156.491177737158921, 20.913749873056904 ], [ -156.491088069437808, 20.913588357549308 ], [ -156.490995087561686, 20.913429036164612 ], [ -156.490910689489965, 20.913264033294439 ], [ -156.490816942304377, 20.913105218871593 ], [ -156.490700578142565, 20.912961370223943 ], [ -156.490628505039325, 20.912788212617315 ], [ -156.490541562889774, 20.912624895004559 ], [ -156.490436465620576, 20.912473591157998 ], [ -156.490366938738816, 20.912298748128347 ], [ -156.490260018051401, 20.91214865169605 ], [ -156.490149091478543, 20.912001205093901 ], [ -156.490048506345573, 20.911846916423578 ], [ -156.489938453688978, 20.911698892052772 ], [ -156.489831511465212, 20.911548810449649 ], [ -156.489719168072384, 20.911402302610497 ], [ -156.489596435079733, 20.911262670304968 ], [ -156.489469311453178, 20.9111259430824 ], [ -156.489111822211299, 20.910743041862052 ], [ -156.488675508017565, 20.910388439410028 ], [ -156.488520425762061, 20.910276166871654 ], [ -156.488371357939712, 20.910152605854247 ], [ -156.488189581874224, 20.910090430026617 ], [ -156.488010344386339, 20.91002348962197 ], [ -156.487831641722664, 20.909955546540402 ], [ -156.487649017088472, 20.909894962182797 ], [ -156.487123320738675, 20.909748758319587 ], [ -156.486496348789444, 20.909733211047229 ], [ -156.486307476497842, 20.909775590167825 ], [ -156.486123242649029, 20.909866191999978 ], [ -156.48594092395561, 20.909976715890952 ], [ -156.485751759020758, 20.910016048101603 ], [ -156.48556478201192, 20.910078137950919 ], [ -156.485387987046863, 20.910246096117046 ], [ -156.485209124794466, 20.910392564781421 ], [ -156.48505102669975, 20.909982824373461 ], [ -156.485034812772255, 20.909971374872185 ], [ -156.484896035615293, 20.909844211926181 ], [ -156.484564354551139, 20.90995986300182 ], [ -156.484388512839871, 20.909879353817942 ], [ -156.484283198175319, 20.909710069181767 ], [ -156.484159575974786, 20.909563830871058 ], [ -156.484053336161281, 20.909395711712072 ], [ -156.483988072030968, 20.909293756498418 ], [ -156.483839296768309, 20.909121473705156 ], [ -156.48370955112054, 20.908979576436955 ], [ -156.483564357713391, 20.908844603458206 ], [ -156.483480624490653, 20.908682078852536 ], [ -156.483419077814347, 20.908509608688529 ], [ -156.483356389788128, 20.908337650801101 ], [ -156.483271806975267, 20.908175507280379 ], [ -156.483227928619414, 20.907995116127871 ], [ -156.483190494390499, 20.907811836703409 ], [ -156.483177756921094, 20.907617485803385 ], [ -156.483123312319435, 20.907441831825594 ], [ -156.483067665370754, 20.907266717218079 ], [ -156.483008782967516, 20.90709305285506 ], [ -156.482950106899494, 20.906919295812457 ], [ -156.482844768008846, 20.90676645780276 ], [ -156.482760512725861, 20.906604168168577 ], [ -156.482618884120626, 20.906467598442283 ], [ -156.482510180565072, 20.906316269114491 ], [ -156.482356876595446, 20.906184932869202 ], [ -156.482253003580922, 20.906031438098317 ], [ -156.482136424826166, 20.905883638465966 ], [ -156.482004865198547, 20.905742555011823 ], [ -156.481906527699721, 20.905586579215164 ], [ -156.481794046790952, 20.905436942791646 ], [ -156.481724539070115, 20.905268042375187 ], [ -156.481656416906219, 20.905098520397686 ], [ -156.481547165313799, 20.904947437146816 ], [ -156.481465707326521, 20.904783893519038 ], [ -156.481419608709018, 20.904656571903828 ], [ -156.481414266388981, 20.904475052241402 ], [ -156.481264128045211, 20.904311868079716 ], [ -156.481404509004904, 20.904111895661661 ], [ -156.481385353533796, 20.903932124392426 ], [ -156.481310001968922, 20.9037594700381 ], [ -156.481285920297665, 20.903580323167635 ], [ -156.481213955579676, 20.903407239289269 ], [ -156.481181045988023, 20.903229210953004 ], [ -156.481174097671072, 20.903047894234778 ], [ -156.481143200664491, 20.90286961025587 ], [ -156.481087176439729, 20.902694508668819 ], [ -156.481032732473864, 20.902519206454993 ], [ -156.481004522204898, 20.902340581963266 ], [ -156.480997487350777, 20.902159276609162 ], [ -156.481026161041143, 20.901973449689613 ], [ -156.481068293221341, 20.901785917892774 ], [ -156.481157336181667, 20.90159244686609 ], [ -156.481269378878807, 20.901396062630788 ], [ -156.481319862760245, 20.901207472863433 ], [ -156.481292487414549, 20.900927399552298 ], [ -156.481198288093424, 20.900631716196578 ], [ -156.481194369624546, 20.9004433498799 ], [ -156.48113439898151, 20.900271798213456 ], [ -156.481127644300699, 20.900084282155888 ], [ -156.481027156988546, 20.899924884901647 ], [ -156.481003697772081, 20.899742380199079 ], [ -156.480930068718919, 20.899574926769585 ], [ -156.480875689034292, 20.899401697717494 ], [ -156.480819391577967, 20.899229044425514 ], [ -156.480712813491692, 20.899071474121182 ], [ -156.48064352002487, 20.898902719343564 ], [ -156.480549880644048, 20.898741268536924 ], [ -156.480462004690963, 20.898578088739061 ], [ -156.480390349609564, 20.898410042163864 ], [ -156.48034277120118, 20.898234773413918 ], [ -156.480258921676722, 20.898070385241056 ] ] } },
{ "type": "Feature", "properties": { "objectid": 278, "island": "Maui", "st_lengthshape": 1519.6870210277318 }, "geometry": { "type": "LineString", "coordinates": [ [ -156.478825017079373, 20.895556946341447 ], [ -156.478754073331089, 20.895378995756154 ], [ -156.478689703805543, 20.895196095762937 ], [ -156.478596218209731, 20.895035114189742 ], [ -156.478526021269744, 20.894856601213899 ], [ -156.47841869412224, 20.894706039931084 ], [ -156.478307296837471, 20.894558542620619 ], [ -156.478191617283585, 20.894414269572163 ], [ -156.478113350426469, 20.894241832291033 ], [ -156.477980477190755, 20.894110503298023 ], [ -156.477834086370535, 20.893989349201224 ], [ -156.47765638736908, 20.893891764860907 ], [ -156.477489900869614, 20.893742891266751 ], [ -156.477244765324883, 20.893531193178315 ], [ -156.477081193557297, 20.893432610617658 ], [ -156.476940503465357, 20.893309516607061 ], [ -156.47678510424015, 20.893202179701277 ], [ -156.476625304645324, 20.893099557731251 ], [ -156.476460797545826, 20.893001975712917 ], [ -156.476294040459152, 20.892906805420949 ], [ -156.476134648554705, 20.892803745733428 ], [ -156.475992288811369, 20.892682443057961 ], [ -156.475843132792079, 20.892568418522561 ], [ -156.475700327411403, 20.892447592117648 ], [ -156.475546621564405, 20.892338442711303 ], [ -156.475379495051214, 20.892243668875402 ], [ -156.475235325583327, 20.892124303668282 ], [ -156.475078852688796, 20.892018118819195 ], [ -156.474925880532595, 20.891908184297634 ], [ -156.474772410643283, 20.891798782245452 ], [ -156.47462483843816, 20.89168306284931 ], [ -156.474485805445624, 20.891558196600641 ], [ -156.473859864059335, 20.891108893075785 ], [ -156.472993526260808, 20.890985369508261 ], [ -156.472805909082155, 20.891024959478923 ], [ -156.47263104781058, 20.891129862581128 ], [ -156.472439732425102, 20.891150514728643 ], [ -156.472245583541707, 20.891156660017487 ], [ -156.472058466923585, 20.891198811787199 ], [ -156.471879604420963, 20.891283229987657 ], [ -156.471723940665129, 20.891486438501207 ], [ -156.471492805434252, 20.891303192522052 ], [ -156.471306995518404, 20.891352032608562 ], [ -156.471118285698083, 20.891386030771436 ], [ -156.470931420845972, 20.891429469825557 ], [ -156.470747276789467, 20.891486843908837 ], [ -156.470562923730739, 20.891543151954959 ], [ -156.470382676266894, 20.891620480850868 ], [ -156.469838069360407, 20.89175328885667 ], [ -156.469254874293654, 20.892135207389334 ], [ -156.469121632542056, 20.892265887254151 ], [ -156.468974597200145, 20.89238574347803 ], [ -156.468810369500432, 20.892492108123932 ], [ -156.468654127388675, 20.892604739751256 ], [ -156.468514026444609, 20.89273003718467 ], [ -156.468371709989952, 20.892853596047331 ], [ -156.468239446466384, 20.892985043519666 ], [ -156.468102533093685, 20.893112841905172 ], [ -156.46797547538273, 20.8932483752147 ], [ -156.467874657520753, 20.893404499105021 ], [ -156.467743688486138, 20.893536962108168 ], [ -156.467643838403575, 20.893693845970954 ], [ -156.46758582258326, 20.893880629551401 ] ] } },
{ "type": "Feature", "properties": { "objectid": 279, "island": "Maui", "st_lengthshape": 649.14313120194618 }, "geometry": { "type": "LineString", "coordinates": [ [ -156.461012727451759, 20.896938290976319 ], [ -156.460814564077907, 20.896924982816873 ], [ -156.460626400435416, 20.896961712459525 ], [ -156.460427094870255, 20.896942685898573 ], [ -156.460216202857623, 20.896865670833087 ], [ -156.460033603368942, 20.896930247911857 ], [ -156.459850752033901, 20.896993567797555 ], [ -156.459669211218142, 20.897063444025427 ], [ -156.459524326890715, 20.897078151193238 ], [ -156.459320457234156, 20.897125372327292 ], [ -156.459123483038269, 20.897165709965261 ], [ -156.458930928565024, 20.897161444403199 ], [ -156.458738824334574, 20.897152640982586 ], [ -156.45854981698173, 20.897112580480211 ], [ -156.45835958011412, 20.897084938146129 ], [ -156.458168504224489, 20.897065753305725 ], [ -156.457977173558362, 20.897049147684825 ], [ -156.457785074360089, 20.897040291815035 ], [ -156.457590188644559, 20.897059550547368 ], [ -156.457401920328522, 20.89701204539794 ], [ -156.457213410124837, 20.89696698513654 ], [ -156.457027577981961, 20.896894902587213 ], [ -156.456839335509017, 20.896847144419361 ], [ -156.456649274551751, 20.896817723219169 ], [ -156.456456395573781, 20.896816737560098 ], [ -156.456265732467358, 20.896793405213348 ], [ -156.456073644435349, 20.8967844365594 ], [ -156.455884209971543, 20.896748708018418 ], [ -156.455693955990455, 20.896721242213264 ], [ -156.455505237375576, 20.896678289835531 ], [ -156.455312369038694, 20.896677204639012 ], [ -156.455124214591024, 20.896628559303 ], [ -156.454925456243075, 20.896686888390825 ] ] } },
{ "type": "Feature", "properties": { "objectid": 280, "island": "Maui", "st_lengthshape": 723.19503191157219 }, "geometry": { "type": "LineString", "coordinates": [ [ -156.453403068973415, 20.896188471357128 ], [ -156.4532151863948, 20.896255331415009 ], [ -156.453024078509372, 20.896276076904908 ], [ -156.452831881751877, 20.89628124435885 ], [ -156.452640380941119, 20.896296351226322 ], [ -156.452449629041212, 20.896322184726923 ], [ -156.452257699299622, 20.896331168477928 ], [ -156.452069080237663, 20.896387500087801 ], [ -156.451877642620275, 20.896403522567553 ], [ -156.451685161851316, 20.896404624108992 ], [ -156.451492781656583, 20.896407167066652 ], [ -156.451300855746894, 20.89641620485936 ], [ -156.451109049704144, 20.896426962450235 ], [ -156.450917936993761, 20.89644763593672 ], [ -156.45072671460963, 20.896466723872717 ], [ -156.450537021714069, 20.896507706376042 ], [ -156.450346573623591, 20.896537882261775 ], [ -156.450155013561897, 20.896552156533783 ], [ -156.449963539375887, 20.896567658915949 ], [ -156.449773269051889, 20.896600383890032 ], [ -156.449581395623341, 20.896610172617088 ], [ -156.4490819695732, 20.89672151951023 ], [ -156.448541581489536, 20.896874484561565 ], [ -156.448333097666563, 20.896898722109558 ], [ -156.448142798558109, 20.896951515399778 ], [ -156.447977243231833, 20.897043166183924 ], [ -156.447882789483003, 20.897246477487904 ], [ -156.447545570194336, 20.89755143533128 ], [ -156.447148518810877, 20.897855368178188 ], [ -156.447119816826074, 20.898030857158684 ] ] } },
{ "type": "Feature", "properties": { "objectid": 281, "island": "Maui", "st_lengthshape": 703.36453692906662 }, "geometry": { "type": "LineString", "coordinates": [ [ -156.446648809202543, 20.899109434402373 ], [ -156.446451449510533, 20.899094744485037 ], [ -156.446261356752586, 20.899121250451664 ], [ -156.446074385841968, 20.899165452805981 ], [ -156.445662605913014, 20.899039343937087 ], [ -156.44546781335282, 20.899039208139232 ], [ -156.445278040627869, 20.899067525394667 ], [ -156.445091187088565, 20.899112392941376 ], [ -156.444905789606594, 20.899165512902872 ], [ -156.44471152912422, 20.899168391749168 ], [ -156.444518850189866, 20.899180230950641 ], [ -156.444325285802194, 20.899187053708321 ], [ -156.444135713538969, 20.899216509406997 ], [ -156.44393621750271, 20.899237019419491 ], [ -156.443553892755773, 20.89914216688927 ], [ -156.443387491246426, 20.899242748718617 ], [ -156.443213574626611, 20.899322767176546 ], [ -156.443037564218088, 20.899397058600591 ], [ -156.44285876039018, 20.89946370558625 ], [ -156.442673736231768, 20.899513336180355 ], [ -156.442490941495294, 20.899569063821062 ], [ -156.442302158854943, 20.899608407855457 ], [ -156.442111295404999, 20.899642060231365 ], [ -156.441906754931637, 20.899638290021286 ], [ -156.441724225213079, 20.899694743088922 ], [ -156.441552893946294, 20.899781839257702 ], [ -156.441359375647892, 20.899808226891103 ], [ -156.441176802422234, 20.899864561306266 ], [ -156.441086973960097, 20.900174664323384 ], [ -156.440912137012134, 20.900252169917337 ], [ -156.44073992049664, 20.900336843871017 ], [ -156.440434916373022, 20.900478937587916 ] ] } },
{ "type": "Feature", "properties": { "objectid": 282, "island": "Maui", "st_lengthshape": 2614.8560994201871 }, "geometry": { "type": "LineString", "coordinates": [ [ -156.44047760363722, 20.901196157561703 ], [ -156.440287603031862, 20.901252717215364 ], [ -156.440114945883749, 20.901334392490291 ], [ -156.439954662787727, 20.901433985076171 ], [ -156.439819713053794, 20.901570262791374 ], [ -156.43946446620717, 20.901719230789379 ], [ -156.43930692345711, 20.901822793185154 ], [ -156.439146226716588, 20.901921788215422 ], [ -156.438970140668573, 20.901998498120303 ], [ -156.438806367597692, 20.90209303871373 ], [ -156.438651895291571, 20.902201048098089 ], [ -156.438490469107961, 20.902298986840083 ], [ -156.438313303878829, 20.902374134950939 ], [ -156.438130962885197, 20.902441787016176 ], [ -156.437916775646556, 20.902463322367286 ], [ -156.437744033520232, 20.902544874536197 ], [ -156.437565810837555, 20.902618490882929 ], [ -156.437390119048104, 20.902695772843977 ], [ -156.437207022421205, 20.902762331740899 ], [ -156.437066992964986, 20.902891255162697 ], [ -156.436725674072306, 20.903270119239107 ], [ -156.436508289501091, 20.903230176137619 ], [ -156.43631389653234, 20.9032538104608 ], [ -156.436114852528704, 20.903264586107227 ], [ -156.435898840190021, 20.903228436047293 ], [ -156.435686591495028, 20.903202692133267 ], [ -156.435510807547331, 20.903277791031094 ], [ -156.435317609326603, 20.903304728679689 ], [ -156.435122237896991, 20.903325660808186 ], [ -156.434929569101683, 20.903354062326947 ], [ -156.434737362724377, 20.903383745455869 ], [ -156.434542317931687, 20.903405577481468 ], [ -156.43435133380305, 20.903438640905335 ], [ -156.434172468449589, 20.9035052174684 ], [ -156.433999320983929, 20.903587606371989 ], [ -156.433821485850899, 20.903657034009214 ], [ -156.433642307129276, 20.903722744802639 ], [ -156.43346859475966, 20.903803575260348 ], [ -156.433287111521878, 20.903862911791656 ], [ -156.433128888909977, 20.903986580474662 ], [ -156.432708541982691, 20.904469828341675 ], [ -156.43254195467199, 20.904562190971209 ], [ -156.432363442242547, 20.90463974903583 ], [ -156.432182308136134, 20.904714050463056 ], [ -156.432007604417549, 20.904796336965976 ], [ -156.431842168109114, 20.90489012917585 ], [ -156.431671429282176, 20.904977337009129 ], [ -156.431517144885674, 20.905084976333317 ], [ -156.431395539974972, 20.905233189214329 ], [ -156.431292473700466, 20.905404419324796 ], [ -156.431194697269007, 20.905582218020992 ], [ -156.431209373500394, 20.905899636135224 ], [ -156.431044940447094, 20.905994674951483 ], [ -156.430930748143737, 20.906152091938278 ], [ -156.430590170658149, 20.906327630226997 ], [ -156.430409292527429, 20.906402251169549 ], [ -156.430251023640494, 20.906504944512683 ], [ -156.430105720063978, 20.906623734567546 ], [ -156.429999747476387, 20.906791358006629 ], [ -156.429865267273982, 20.906923587749709 ], [ -156.429703713534309, 20.907022203250953 ], [ -156.429546416504593, 20.907126103183113 ], [ -156.429405601091901, 20.907250466836082 ], [ -156.429235548970496, 20.907338529097132 ], [ -156.429070110147904, 20.907432320862426 ], [ -156.428910431654515, 20.907533265219072 ], [ -156.428751725915248, 20.907635416774824 ], [ -156.428607905867977, 20.907756050616658 ], [ -156.428464230513185, 20.907876863461222 ], [ -156.428319830377262, 20.907996777703886 ], [ -156.428174192678512, 20.90811515449796 ], [ -156.427991748346756, 20.908113888920468 ], [ -156.427835498663768, 20.90822723172899 ], [ -156.427630825864242, 20.908240453663275 ], [ -156.427418289910179, 20.908237415887704 ], [ -156.427242545192883, 20.908310450037821 ], [ -156.427125018062071, 20.908371453525948 ], [ -156.426965636652511, 20.908414384154174 ], [ -156.426778151949065, 20.908459579901105 ], [ -156.426594652151323, 20.908514388979338 ], [ -156.426416248498668, 20.90858148445307 ], [ -156.426226471006231, 20.908621152715867 ], [ -156.426054311298742, 20.908703309122206 ], [ -156.42587958397641, 20.908779272526093 ], [ -156.425735687073114, 20.908929594019646 ], [ -156.425544045783454, 20.908964765863971 ], [ -156.425342225137967, 20.908975386991095 ], [ -156.425121562261239, 20.90894056387198 ], [ -156.424914891076412, 20.908939486635337 ], [ -156.424719325684038, 20.908965192946837 ], [ -156.424550547163733, 20.909055507573619 ], [ -156.424390401872074, 20.909166640157888 ], [ -156.424206221407644, 20.909219807424158 ], [ -156.424063464617262, 20.909254255039642 ], [ -156.423891929330409, 20.909350882794005 ], [ -156.423721890478703, 20.909452820254611 ], [ -156.423549073670017, 20.909544907519017 ], [ -156.423376417054698, 20.90963756131163 ], [ -156.423201862167645, 20.90972348772684 ], [ -156.423024436030317, 20.909799235680104 ], [ -156.422848326211806, 20.909811355963654 ], [ -156.422799670928441, 20.90981217630328 ], [ -156.422606651302971, 20.909827165077456 ], [ -156.422412657708549, 20.90986342903685 ], [ -156.422223284093775, 20.909798712149996 ], [ -156.422040886477305, 20.909581515879015 ], [ -156.421934834210759, 20.909473802602683 ], [ -156.421678111175453, 20.909262712235012 ], [ -156.421501358651057, 20.909185205308006 ], [ -156.421369524740982, 20.909047204144006 ], [ -156.421233172677944, 20.908915287839566 ], [ -156.421079418029848, 20.90880680940047 ], [ -156.42094512890182, 20.908672116984942 ], [ -156.420792855933769, 20.90856164365443 ], [ -156.420639558370681, 20.908452548786848 ], [ -156.420483365472933, 20.908347353871683 ], [ -156.420327985188493, 20.908241065974487 ], [ -156.420166176696256, 20.908143434322707 ], [ -156.419984974854515, 20.908071920759216 ], [ -156.419796657255432, 20.908009989275584 ], [ -156.419597896510396, 20.907962122054613 ], [ -156.419333185933453, 20.908003068936633 ] ] } },
{ "type": "Feature", "properties": { "objectid": 283, "island": "Maui", "st_lengthshape": 630.51976618692356 }, "geometry": { "type": "LineString", "coordinates": [ [ -156.417597802092502, 20.907653023938703 ], [ -156.417387800632014, 20.907561007364222 ], [ -156.417185301278607, 20.907513619018253 ], [ -156.416984267834408, 20.907474954631866 ], [ -156.416784443931931, 20.907443487160428 ], [ -156.4165878996412, 20.907431530781579 ], [ -156.41639282117481, 20.907428295660051 ], [ -156.416198965267199, 20.907432331694267 ], [ -156.416008511654752, 20.907456615636359 ], [ -156.415820038287507, 20.907492675866347 ], [ -156.41563007556212, 20.907519875897865 ], [ -156.415442896027002, 20.907563634314894 ], [ -156.415251382001969, 20.907581606419466 ], [ -156.415076732687396, 20.907699921106406 ], [ -156.414906120914793, 20.907842262888106 ], [ -156.41472619153609, 20.907929169834407 ], [ -156.414560595271411, 20.908101356159317 ], [ -156.414353446623068, 20.908026300109189 ], [ -156.414125618741082, 20.907828197073123 ], [ -156.413918052212694, 20.907750651284012 ], [ -156.413714622143857, 20.907697713721166 ], [ -156.413516497461103, 20.907676349789536 ], [ -156.413319591727259, 20.907662238003915 ], [ -156.413122571924731, 20.907647441685544 ], [ -156.412919747343437, 20.907598109471525 ], [ -156.412722811402119, 20.907583811460853 ], [ -156.412535614738346, 20.907627468828075 ], [ -156.412345247099722, 20.907652260932068 ], [ -156.412162351849219, 20.907721514791035 ], [ -156.41198861301217, 20.907845262593394 ] ] } },
{ "type": "Feature", "properties": { "objectid": 284, "island": "Maui", "st_lengthshape": 323.09683212635071 }, "geometry": { "type": "LineString", "coordinates": [ [ -156.410784371996414, 20.90943128865155 ], [ -156.410376713787599, 20.909467891788495 ], [ -156.410070443879079, 20.909293254265087 ], [ -156.409844852738331, 20.909271918913252 ], [ -156.409634439007505, 20.909279424956001 ], [ -156.409430640167358, 20.909299500802543 ], [ -156.409245039893904, 20.909354156628112 ], [ -156.40905515551006, 20.909400672758217 ], [ -156.408871768646861, 20.909459534859536 ], [ -156.408690923757348, 20.909523226921468 ], [ -156.408620612101771, 20.909796957971032 ], [ -156.408465211754788, 20.909909002401395 ], [ -156.408317274620202, 20.910035227747667 ], [ -156.408193554928403, 20.910207472948453 ] ] } },
{ "type": "Feature", "properties": { "objectid": 285, "island": "Maui", "st_lengthshape": 22.390821146469328 }, "geometry": { "type": "LineString", "coordinates": [ [ -156.407361116986323, 20.910662357164032 ], [ -156.407145999886637, 20.910660924041984 ] ] } },
{ "type": "Feature", "properties": { "objectid": 286, "island": "Maui", "st_lengthshape": 1379.1447823242486 }, "geometry": { "type": "LineString", "coordinates": [ [ -156.403216192013161, 20.912494005463945 ], [ -156.403016028402988, 20.912478677856495 ], [ -156.402815656616156, 20.912462442166554 ], [ -156.402624836022966, 20.912487590504323 ], [ -156.402443113252502, 20.912552152230695 ], [ -156.402234407339421, 20.912499807567393 ], [ -156.402062220223883, 20.912605686088867 ], [ -156.40189236213314, 20.91272165159258 ], [ -156.401708714665688, 20.912777878523091 ], [ -156.401519470916554, 20.912809854553537 ], [ -156.401324279449966, 20.912816065616084 ], [ -156.401118843401377, 20.912777889455821 ], [ -156.400883727190887, 20.912611114067499 ], [ -156.400659443325594, 20.912491273249863 ], [ -156.400455839056093, 20.912461029821383 ], [ -156.400264590168177, 20.912484317156611 ], [ -156.400075827614728, 20.912518380046421 ], [ -156.399880446294986, 20.912523760458708 ], [ -156.399675181937397, 20.912486324694004 ], [ -156.399474806521141, 20.912470064281205 ], [ -156.399280961245637, 20.912482102643295 ], [ -156.399085676559054, 20.912487903454391 ], [ -156.398888175574484, 20.912484099788369 ], [ -156.398694795199674, 20.912498152556005 ], [ -156.39851227555269, 20.912559261446887 ], [ -156.398322206604462, 20.912587660371276 ], [ -156.398102405118607, 20.912487229687358 ], [ -156.397891363595051, 20.912424749196383 ], [ -156.397690815178834, 20.912407740101962 ], [ -156.397496319285779, 20.91241695405272 ], [ -156.397305590671834, 20.912442494117343 ], [ -156.39711670540251, 20.912476023617778 ], [ -156.396933356656461, 20.912533537318428 ], [ -156.396750132833063, 20.912591599855681 ], [ -156.396564616829068, 20.91263972359604 ], [ -156.396380015168575, 20.912691815658185 ], [ -156.396197833453101, 20.91275438977129 ], [ -156.396015695355914, 20.912817156652988 ], [ -156.395828656476709, 20.912858684294427 ], [ -156.395634984347595, 20.91287146865389 ], [ -156.39544569348223, 20.912903237551188 ], [ -156.39516792487791, 20.912936418087245 ], [ -156.39473910511353, 20.91315011132837 ], [ -156.394414076115822, 20.913298908145819 ], [ -156.394248803313161, 20.913394026667124 ], [ -156.394074614753862, 20.913470325753 ], [ -156.393908722308566, 20.913564136115951 ], [ -156.393751282657945, 20.913675785202329 ], [ -156.393607365767821, 20.91381597906048 ], [ -156.393415306460554, 20.913854560600395 ], [ -156.393248362879149, 20.913946152987762 ], [ -156.393083520747524, 20.914042180594027 ], [ -156.392919572097043, 20.914140094224067 ], [ -156.392741819457228, 20.914208872421657 ], [ -156.392560210162515, 20.91426950989997 ], [ -156.392364131393379, 20.914299607691579 ], [ -156.392159281792487, 20.914311194200558 ], [ -156.391653353614942, 20.914388964434622 ], [ -156.391469558521834, 20.914473482552335 ], [ -156.391290314793281, 20.914598870770551 ], [ -156.391113229558016, 20.914743652032055 ], [ -156.390943908014378, 20.914958149573767 ] ] } },
{ "type": "Feature", "properties": { "objectid": 287, "island": "Maui", "st_lengthshape": 805.25147848626352 }, "geometry": { "type": "LineString", "coordinates": [ [ -156.389406669193875, 20.915033807770509 ], [ -156.38921247977936, 20.915024993492924 ], [ -156.389021915858251, 20.915048737779355 ], [ -156.388834258893212, 20.915098587660957 ], [ -156.388647298553849, 20.915154699453392 ], [ -156.388461134702652, 20.915217963108606 ], [ -156.388275270105595, 20.915283911744943 ], [ -156.388086970720991, 20.915327999643594 ], [ -156.387896033993712, 20.915348390879036 ], [ -156.387703309507145, 20.915352732213933 ], [ -156.387509909796506, 20.915351015576167 ], [ -156.387323584964179, 20.915412832672203 ], [ -156.387135751756404, 20.915461105092273 ], [ -156.386947658951783, 20.91550705294647 ], [ -156.386687891240541, 20.915548445264733 ], [ -156.38635958891004, 20.915367487434033 ], [ -156.386165379713361, 20.915375830178846 ], [ -156.385975735100288, 20.915405539465954 ], [ -156.385787554125898, 20.915442103859274 ], [ -156.385600610245376, 20.91548445631264 ], [ -156.385392957475517, 20.915429851035341 ], [ -156.385201075821868, 20.915449088920568 ], [ -156.385016653026184, 20.915503249124118 ], [ -156.384824392744946, 20.91552071115014 ], [ -156.384629796920819, 20.915527240457973 ], [ -156.384437485916379, 20.915544467420151 ], [ -156.384257346323949, 20.915618679177836 ], [ -156.384068987139557, 20.915654410045327 ], [ -156.383897471795706, 20.915769005198033 ], [ -156.383720055471827, 20.915855970447112 ], [ -156.383535216857837, 20.915908183218203 ], [ -156.383347847223718, 20.915948546572242 ], [ -156.382852814057685, 20.916172156878638 ], [ -156.38239822909793, 20.916563539914119 ], [ -156.382333434839154, 20.916794703898283 ] ] } },
{ "type": "Feature", "properties": { "objectid": 288, "island": "Maui", "st_lengthshape": 202.87702117658188 }, "geometry": { "type": "LineString", "coordinates": [ [ -156.379110562899967, 20.919274235311232 ], [ -156.37884056306234, 20.919205782275178 ], [ -156.378635280895537, 20.919236577073761 ], [ -156.378462762655261, 20.919317613677272 ], [ -156.378317870688988, 20.919441017923273 ], [ -156.378176663342714, 20.919570071869927 ], [ -156.378095456720274, 20.919791140122765 ], [ -156.377978621920107, 20.919957571260802 ], [ -156.377836621029019, 20.920085409139901 ], [ -156.377727109518673, 20.920263070438157 ] ] } },
{ "type": "Feature", "properties": { "objectid": 289, "island": "Maui", "st_lengthshape": 265.28599350031493 }, "geometry": { "type": "LineString", "coordinates": [ [ -156.375919937372174, 20.922472110678203 ], [ -156.37574653543146, 20.922550350534546 ], [ -156.375550692617452, 20.922579099563016 ], [ -156.375449741531185, 20.922530558385407 ], [ -156.375331616538375, 20.922290524984092 ], [ -156.375087773548472, 20.922102343989625 ], [ -156.374878232575952, 20.922052815618645 ], [ -156.374672466595143, 20.922018546563358 ], [ -156.374470892997749, 20.92200122257637 ], [ -156.374274710040254, 20.922005693316461 ], [ -156.374093334528965, 20.922070015758841 ], [ -156.373913283811504, 20.922139697000429 ], [ -156.37375697210706, 20.922305339242659 ] ] } },
{ "type": "Feature", "properties": { "objectid": 290, "island": "Maui", "st_lengthshape": 40.242822191918606 }, "geometry": { "type": "LineString", "coordinates": [ [ -156.371353137537596, 20.923767517469191 ], [ -156.371188636479673, 20.923864082064764 ], [ -156.371050132577182, 20.923989951168821 ] ] } },
{ "type": "Feature", "properties": { "objectid": 291, "island": "Maui", "st_lengthshape": 163.84430039814632 }, "geometry": { "type": "LineString", "coordinates": [ [ -156.370897357602558, 20.924945690298241 ], [ -156.370774904569402, 20.925089651388959 ], [ -156.37063538980081, 20.925214381274106 ], [ -156.37048088472622, 20.925322215933129 ], [ -156.370281531865004, 20.925379497930187 ], [ -156.370092036488899, 20.92544789232608 ], [ -156.369937138816056, 20.925555282494155 ], [ -156.369805752187318, 20.925689175402557 ], [ -156.369680313821817, 20.925829773326111 ] ] } },
{ "type": "Feature", "properties": { "objectid": 292, "island": "Maui", "st_lengthshape": 215.71803652755412 }, "geometry": { "type": "LineString", "coordinates": [ [ -156.370187968704158, 20.928291217299275 ], [ -156.370153812070072, 20.928474825251786 ], [ -156.370090570429852, 20.92864609779685 ], [ -156.369996718771517, 20.928717372688826 ], [ -156.369804243080154, 20.928773093025537 ], [ -156.369614539927454, 20.928832596421795 ], [ -156.369442728281797, 20.928916521513315 ], [ -156.369292649797472, 20.929030110897788 ], [ -156.369154553313138, 20.929160053289927 ], [ -156.369004537262782, 20.929273728207459 ], [ -156.368839489307419, 20.929366885718057 ], [ -156.368678720248994, 20.929465882824079 ] ] } },
{ "type": "Feature", "properties": { "objectid": 293, "island": "Maui", "st_lengthshape": 62.40749912940371 }, "geometry": { "type": "LineString", "coordinates": [ [ -156.367870373445129, 20.929285964463915 ], [ -156.367672899329961, 20.929271977663529 ], [ -156.367470093123529, 20.929228561881622 ], [ -156.367284589386003, 20.929280632724264 ] ] } },
{ "type": "Feature", "properties": { "objectid": 294, "island": "Maui", "st_lengthshape": 222.27331198475514 }, "geometry": { "type": "LineString", "coordinates": [ [ -156.364350057374224, 20.930649036304974 ], [ -156.364161739428624, 20.930701260432347 ], [ -156.363992832017544, 20.930787377720002 ], [ -156.363838059049954, 20.930898175206522 ], [ -156.363665028723062, 20.930977094958646 ], [ -156.363483928579427, 20.931041920821563 ], [ -156.363315963195106, 20.931129683382899 ], [ -156.363149816885397, 20.931220623036076 ], [ -156.362962210349707, 20.931274090026179 ], [ -156.362777888818641, 20.931333292858231 ], [ -156.362597165593428, 20.931398778097893 ], [ -156.36240641815175, 20.93144675978818 ] ] } },
{ "type": "Feature", "properties": { "objectid": 295, "island": "Maui", "st_lengthshape": 414.22181533826074 }, "geometry": { "type": "LineString", "coordinates": [ [ -156.359392139120189, 20.933202346710438 ], [ -156.359192474255138, 20.933198945042484 ], [ -156.358995698817097, 20.933205862339001 ], [ -156.358797737817611, 20.933208543825401 ], [ -156.358598866157877, 20.933207973350655 ], [ -156.358397917311635, 20.933199981533186 ], [ -156.35820073859017, 20.933205458834809 ], [ -156.358001733241451, 20.933204406177424 ], [ -156.357811275302396, 20.933233896444506 ], [ -156.357626861741579, 20.933284976121939 ], [ -156.357443270077653, 20.933338992657134 ], [ -156.357264483702124, 20.933410178022083 ], [ -156.357089845134084, 20.933496183654277 ], [ -156.356920425935101, 20.933600836198877 ], [ -156.356759359376838, 20.933735330821829 ], [ -156.356592992566135, 20.933850888884162 ], [ -156.356422713561642, 20.933952473191976 ], [ -156.356252366562984, 20.934053812483821 ], [ -156.356081181958274, 20.93415216190067 ], [ -156.355897524641165, 20.934205947177318 ], [ -156.355724542005134, 20.934297872530529 ] ] } }
]
}
