{
"type": "FeatureCollection",
"name": "SLR_Coastal_Erosion_(Line)_-_3.2_Ft._Scenario",
"crs": { "type": "name", "properties": { "name": "urn:ogc:def:crs:OGC:1.3:CRS84" } },
"features": [
{ "type": "Feature", "properties": { "objectid": 1, "island": "Oahu", "st_lengthshape": 12361.859971189391 }, "geometry": { "type": "LineString", "coordinates": [ [ -158.234469467809674, 21.579139477579318 ], [ -158.234273881537888, 21.57920166139662 ], [ -158.234079949984846, 21.579218958677039 ], [ -158.233885724351921, 21.579244231783118 ], [ -158.233691677931233, 21.579264619663569 ], [ -158.233499919603247, 21.579222967549722 ], [ -158.233312176115618, 21.579072385659149 ], [ -158.233124115295681, 21.578930417338466 ], [ -158.232933803322737, 21.578849544640331 ], [ -158.232742248732961, 21.578802368053548 ], [ -158.232549729725946, 21.578781340584513 ], [ -158.232356897368675, 21.578768833630033 ], [ -158.232163853229963, 21.578762063244522 ], [ -158.231970793341929, 21.57875571989165 ], [ -158.231778601328188, 21.57872583839675 ], [ -158.231584709759602, 21.578742044315803 ], [ -158.231391317444974, 21.578744716024119 ], [ -158.231198801912001, 21.578723639133297 ], [ -158.231006104069479, 21.57870746868204 ], [ -158.230813731912065, 21.578682491847061 ], [ -158.230621381275711, 21.578656928556335 ], [ -158.230429100781464, 21.578629437421831 ], [ -158.230236931782429, 21.578598957089685 ], [ -158.230044891456714, 21.578564980808476 ], [ -158.229853686676563, 21.578508355244804 ], [ -158.229662925047791, 21.578439738310671 ], [ -158.229472144605211, 21.578371608934066 ], [ -158.229280572769966, 21.578324939674911 ], [ -158.229089011143515, 21.578278008247018 ], [ -158.228897077551835, 21.578241157300688 ], [ -158.228703718560524, 21.578242958752337 ], [ -158.228507850441332, 21.578312751391792 ], [ -158.228310825049903, 21.578413901445121 ], [ -158.228113493769342, 21.578523330794528 ], [ -158.227916811822496, 21.578615159332955 ], [ -158.227720818748622, 21.578688319379403 ], [ -158.227525787628679, 21.578735406687127 ], [ -158.227331679181901, 21.57875747359089 ], [ -158.227138226024181, 21.578761790663926 ], [ -158.226945624454515, 21.578743050193971 ], [ -158.226753317515175, 21.578716306370882 ], [ -158.226561166302332, 21.578685351202346 ], [ -158.226368422800022, 21.57867045717067 ], [ -158.226174132698276, 21.578697437508602 ], [ -158.22598150331234, 21.578679433008197 ], [ -158.225789312780819, 21.578649559998652 ], [ -158.225596599950535, 21.578633830438669 ], [ -158.225403585915529, 21.578626256435179 ], [ -158.225208910757118, 21.578663692099273 ], [ -158.225014741162937, 21.578687415634445 ], [ -158.224820564746949, 21.57871132140507 ], [ -158.224626128767369, 21.578742245483802 ], [ -158.224430744528718, 21.578798874166591 ], [ -158.22423710177074, 21.578808315822574 ], [ -158.224044561608963, 21.578787915378363 ], [ -158.223853298228931, 21.578732919740887 ], [ -158.223661970438201, 21.578679707884515 ], [ -158.223470542559937, 21.578629173146556 ], [ -158.223279443141053, 21.57856977605541 ], [ -158.223089713375174, 21.578473272650875 ], [ -158.222899398967257, 21.578392624421546 ], [ -158.222706843911766, 21.578372627120526 ], [ -158.222514759590325, 21.578339905915112 ], [ -158.222322911354382, 21.578300791935412 ], [ -158.222130951450026, 21.57826470374528 ], [ -158.221939005240586, 21.57822824047178 ], [ -158.221747071549373, 21.578191441860927 ], [ -158.221554744952556, 21.578165289157653 ], [ -158.221360017695105, 21.578204114984675 ], [ -158.221168037925366, 21.578168564955032 ], [ -158.220974574384286, 21.578173168452388 ], [ -158.220780951464889, 21.578182106594724 ], [ -158.22058886794548, 21.578149375056999 ], [ -158.220397424923988, 21.578099310159963 ], [ -158.22020558667765, 21.578059951686569 ], [ -158.220013161221885, 21.578036481778671 ], [ -158.219820521211403, 21.578018820676292 ], [ -158.219627542378333, 21.578010328597585 ], [ -158.219433868918316, 21.578020621005628 ], [ -158.219239902891076, 21.578038822347942 ], [ -158.219046262064154, 21.57804824263566 ], [ -158.218852056325659, 21.578072948080049 ], [ -158.218657476581228, 21.578107767372384 ], [ -158.21806190378021, 21.578197969833813 ], [ -158.217886687993996, 21.578282829476777 ], [ -158.217716518077339, 21.578384562707534 ], [ -158.21754329827678, 21.578476098745742 ], [ -158.217362931464947, 21.578543733910674 ], [ -158.217179574637782, 21.578601372703417 ], [ -158.216997430319481, 21.578663063502106 ], [ -158.216810880347964, 21.578710022653116 ], [ -158.216623822649098, 21.578755280734974 ], [ -158.216432616505358, 21.578786667532725 ], [ -158.216232908716506, 21.578789624379812 ], [ -158.216031244463153, 21.578786033577586 ], [ -158.215838103510748, 21.578810950980166 ], [ -158.215652765616397, 21.5788619637461 ], [ -158.215471249453287, 21.57892575540269 ], [ -158.215290427647375, 21.578991873777454 ], [ -158.215110838204225, 21.579062111123555 ], [ -158.214928428736613, 21.579122917514393 ], [ -158.214748983192464, 21.579193635769151 ], [ -158.214602884985311, 21.579375885413583 ], [ -158.214450975972284, 21.57953869980286 ], [ -158.214291523667356, 21.579676289635302 ], [ -158.214136146139936, 21.579827507053579 ], [ -158.213970407495339, 21.579944070943501 ], [ -158.213782618754607, 21.579986889348934 ], [ -158.213590194138391, 21.580014206105183 ], [ -158.213412646328663, 21.580091277592075 ], [ -158.213239757772811, 21.58018393355421 ], [ -158.213063113774126, 21.580264026416319 ], [ -158.212885052109044, 21.580339381069599 ], [ -158.212697441894477, 21.580382798052323 ], [ -158.212498665588527, 21.580388870729763 ], [ -158.212300875980446, 21.580398243585162 ], [ -158.212099466849025, 21.580395512862118 ], [ -158.211903957081773, 21.580412507511856 ], [ -158.211708328667015, 21.580429108372883 ], [ -158.211516674481743, 21.580459002963291 ], [ -158.211327865494326, 21.580498412280818 ], [ -158.211142547754179, 21.580549497711804 ], [ -158.210957672946819, 21.580602064865666 ], [ -158.21078050829729, 21.580680421799652 ], [ -158.210607428654498, 21.580772443454549 ], [ -158.210430526421817, 21.580851677584608 ], [ -158.21025016118088, 21.580919331072657 ], [ -158.210053122182984, 21.580931213646014 ], [ -158.209854207562302, 21.580936823540434 ], [ -158.209658637118366, 21.580953617385891 ], [ -158.209477518153903, 21.581018750367825 ], [ -158.209296153324118, 21.581083060754313 ], [ -158.209110236525419, 21.581132144436932 ], [ -158.208921096908369, 21.581170449926912 ], [ -158.20873421885409, 21.5812163214074 ], [ -158.208555782062376, 21.581290424612927 ], [ -158.208377137314102, 21.581363836405835 ], [ -158.208195468033153, 21.581427129557667 ], [ -158.208008022145322, 21.581471102092102 ], [ -158.207821206069525, 21.581517180614508 ], [ -158.20763697499811, 21.581571903583669 ], [ -158.207449037376904, 21.581614230687023 ], [ -158.207248826911297, 21.581615507415382 ], [ -158.207128648219339, 21.581600027628561 ], [ -158.207073577051631, 21.581593313962177 ], [ -158.206878206835484, 21.581567270712984 ], [ -158.206682356014682, 21.581534245881258 ], [ -158.206486794383295, 21.581505424996919 ], [ -158.206291026115395, 21.581473592641697 ], [ -158.206095593526868, 21.581446647455742 ], [ -158.205900347190834, 21.581422406019115 ], [ -158.205706173955548, 21.581413774571029 ], [ -158.20551308362937, 21.581420891386536 ], [ -158.205323562030088, 21.581479952856132 ], [ -158.205132626470601, 21.581518424313945 ], [ -158.204938731450227, 21.581513847929216 ], [ -158.204744388177062, 21.581502740027688 ], [ -158.204547958201488, 21.581461269107447 ], [ -158.204351362749833, 21.581417399441708 ], [ -158.204153766243053, 21.581358943265155 ], [ -158.203955664310456, 21.581293138583476 ], [ -158.203759084526951, 21.581249484224674 ], [ -158.203564721143522, 21.581238079436716 ], [ -158.203372141916446, 21.581252628804627 ], [ -158.203180655920733, 21.58128310086008 ], [ -158.202987163063085, 21.581284369382324 ], [ -158.202792135875086, 21.581263303663949 ], [ -158.202599089508254, 21.581271065077082 ], [ -158.202408937273987, 21.581320946672829 ], [ -158.202223441422973, 21.581438595570635 ], [ -158.202037824485245, 21.581554490098693 ], [ -158.201853209213027, 21.581684963474835 ], [ -158.201669862031707, 21.581833914409348 ], [ -158.201483714574266, 21.581942102130441 ], [ -158.201297672425255, 21.582051821467235 ], [ -158.201194764098801, 21.582117507406391 ], [ -158.20103999153207, 21.582212930461949 ], [ -158.200846592166556, 21.582283571907059 ], [ -158.200653298161342, 21.582319839624795 ], [ -158.20046005850503, 21.582338092826532 ], [ -158.200266888497396, 21.582333798137082 ], [ -158.200073769590432, 21.582312812456831 ], [ -158.199880669557729, 21.582285763674108 ], [ -158.199687590074831, 21.582251999515599 ], [ -158.199494520424082, 21.582215233059259 ], [ -158.199301514599057, 21.582157734601314 ], [ -158.199108475788108, 21.582110833087778 ], [ -158.198915500951301, 21.582043011660318 ], [ -158.198722565556437, 21.581962608931558 ], [ -158.198529584714237, 21.581897178435682 ], [ -158.198336584324267, 21.581838141253368 ], [ -158.198143568155615, 21.581784106108422 ], [ -158.197950504319778, 21.581745774063581 ], [ -158.197757409081106, 21.581717549304088 ], [ -158.19756429456092, 21.581695470314287 ], [ -158.197371159929133, 21.581680033980085 ], [ -158.197178026814782, 21.581664155649335 ], [ -158.196984897779487, 21.581647020433937 ], [ -158.196791776430956, 21.581627274098981 ], [ -158.196598673993691, 21.581601657097238 ], [ -158.196405600964312, 21.58156651959354 ], [ -158.196212669610787, 21.581485413859983 ], [ -158.19601981030641, 21.581381315779041 ], [ -158.195826972205367, 21.581270277378671 ], [ -158.195634084391315, 21.581175469672949 ], [ -158.195441114416354, 21.581107129349871 ], [ -158.19524796224232, 21.581097686605126 ], [ -158.195054745742169, 21.581108982627264 ], [ -158.194861556312219, 21.581111705841266 ], [ -158.194668342072475, 21.58112223711689 ], [ -158.194475017315341, 21.581168475075565 ], [ -158.194281651575494, 21.581227865746204 ], [ -158.19408828390371, 21.581287927431948 ], [ -158.193894901520508, 21.581352540332126 ], [ -158.193701554646765, 21.581405646099974 ], [ -158.193508228822566, 21.581451784436748 ], [ -158.193314890257398, 21.581502296021089 ], [ -158.193121555242215, 21.581551271551898 ], [ -158.192928105764906, 21.581637449821532 ], [ -158.192734631550138, 21.581731189504097 ], [ -158.192541182485513, 21.581816513564444 ], [ -158.192347750984652, 21.581896538823074 ], [ -158.192154322798473, 21.58197523220128 ], [ -158.191960945168063, 21.582037982650636 ], [ -158.191767699715285, 21.582058076857844 ], [ -158.191574442671254, 21.582081817955714 ], [ -158.191381131278519, 21.582123171055397 ], [ -158.191187763246546, 21.58218236200258 ], [ -158.190994343946699, 21.582258062769551 ], [ -158.190800952343665, 21.582324742629552 ], [ -158.190607700806225, 21.582346710979316 ], [ -158.190414640658787, 21.582307638465 ], [ -158.190221556078455, 21.582276282762106 ], [ -158.190028357502683, 21.58228142871593 ], [ -158.189835159330755, 21.582286153445899 ], [ -158.189642024440246, 21.582271166188004 ], [ -158.189448894795134, 21.582254202918023 ], [ -158.189255731819259, 21.582248097660081 ], [ -158.189062522527536, 21.582256563471592 ], [ -158.188869308624078, 21.582266375155331 ], [ -158.188676088045156, 21.582278596045118 ], [ -158.188482916649605, 21.582275047476454 ], [ -158.188289827365679, 21.58224532383765 ], [ -158.188096765067058, 21.582207134011473 ], [ -158.187903672096638, 21.582178624128733 ], [ -158.187710591204848, 21.582146403672233 ], [ -158.187526140416736, 21.58209019732319 ], [ -158.187327040110205, 21.582002051491596 ], [ -158.187147079591341, 21.581934533042588 ], [ -158.186970720149475, 21.581855945021804 ], [ -158.186801404470089, 21.581755710566309 ], [ -158.186633188769264, 21.581652094335961 ], [ -158.186464435736895, 21.58155012860291 ], [ -158.186294816123961, 21.581450827218333 ], [ -158.186118696554701, 21.581371506804029 ], [ -158.185939925605425, 21.58130033578724 ], [ -158.185745609943154, 21.581276939944026 ], [ -158.185554288937766, 21.581244341672416 ], [ -158.185373644237728, 21.581178929329667 ], [ -158.185195996278708, 21.581104308284491 ], [ -158.18499281604818, 21.581108160983987 ], [ -158.184768135721214, 21.581178092959142 ], [ -158.184551192954046, 21.581224241633649 ], [ -158.184339041315241, 21.581255668520736 ], [ -158.184127639518891, 21.581284786014319 ], [ -158.183918370395588, 21.581307349327908 ], [ -158.183721694332803, 21.581291210410189 ], [ -158.183532678617155, 21.581251525546861 ], [ -158.183343159787341, 21.581213388298991 ], [ -158.183158112059914, 21.581161508031297 ], [ -158.182974987896415, 21.5811037194985 ], [ -158.182786677363993, 21.581061868111359 ], [ -158.182592689933898, 21.581037465600385 ], [ -158.182414322259547, 21.580965057835474 ], [ -158.182273194605187, 21.580778196782383 ], [ -158.182197441620076, 21.580390420123255 ], [ -158.182058779797444, 21.580195984862744 ], [ -158.181929717019983, 21.57997204889838 ], [ -158.181733993498568, 21.579952986136941 ], [ -158.181558814067785, 21.579870784564253 ], [ -158.181369388053355, 21.579832365516314 ], [ -158.18117952572652, 21.579795291131624 ], [ -158.180984680294841, 21.579773528737903 ], [ -158.180770534936386, 21.579811078347202 ], [ -158.180392254909776, 21.579759062042019 ], [ -158.180201493125878, 21.579723463757396 ], [ -158.180009979448386, 21.579696710697821 ], [ -158.179818254784095, 21.579672448053639 ], [ -158.179625763690524, 21.579657201306805 ], [ -158.179431829654334, 21.579658920959226 ], [ -158.179237700124162, 21.579662937759863 ], [ -158.179044345410404, 21.579657839787956 ], [ -158.178850456873306, 21.579659029574639 ], [ -158.178654230414764, 21.579687711765889 ], [ -158.17810392128041, 21.579737775500085 ], [ -158.177914600611217, 21.579778474950256 ], [ -158.177729280075539, 21.579830052309649 ], [ -158.177534005922126, 21.579854568520481 ], [ -158.177361545842047, 21.579941104124192 ], [ -158.177190136755058, 21.58003049597394 ], [ -158.177009414265484, 21.580094568948287 ], [ -158.176821511228695, 21.58013912638198 ], [ -158.176636448659309, 21.580191402129763 ], [ -158.176452974603336, 21.580247998517677 ], [ -158.176270083557, 21.58030617859248 ], [ -158.176092805888089, 21.580379619034051 ], [ -158.175911298658804, 21.580441561126708 ], [ -158.175733426103506, 21.580513385601865 ], [ -158.175557788881036, 21.580591285699533 ], [ -158.175385595080911, 21.580678546873113 ], [ -158.175210537757181, 21.580758024149215 ], [ -158.175022613414455, 21.580802523392983 ], [ -158.174835625955041, 21.580849570229503 ], [ -158.174644146538668, 21.580884404558876 ], [ -158.174453368113404, 21.580921144771747 ], [ -158.174371421060926, 21.580932765031047 ], [ -158.17440019854439, 21.58092797314437 ], [ -158.174205749092238, 21.580972632438769 ], [ -158.174010499088496, 21.581046882209918 ], [ -158.173814705164119, 21.581141215989383 ], [ -158.173618961191011, 21.581233681478096 ], [ -158.173424661509529, 21.581272773627255 ], [ -158.173232450435023, 21.581234692886131 ], [ -158.173093577224307, 21.58116341179873 ], [ -158.172931432274822, 21.581064768375128 ], [ -158.172772918775394, 21.580960275940505 ], [ -158.172637632686872, 21.580818373748347 ], [ -158.172494139799483, 21.580689689460513 ], [ -158.172328683336758, 21.580596379147263 ], [ -158.172155458668925, 21.580515582362121 ], [ -158.171980191929634, 21.580438074586532 ], [ -158.17181538337482, 21.580343722629468 ], [ -158.171658091967458, 21.580237263953251 ], [ -158.171511096011045, 21.580114222337283 ], [ -158.171365141421973, 21.579989504488566 ], [ -158.171206462569984, 21.579885280818452 ], [ -158.171031022627943, 21.5798080521778 ], [ -158.170856900852328, 21.579728701430589 ], [ -158.17068323451528, 21.579648618282395 ], [ -158.170509423132074, 21.579568767320801 ], [ -158.170331579026964, 21.579495411652218 ], [ -158.170154295638952, 21.579421153351824 ], [ -158.169977338038819, 21.579346369789064 ], [ -158.169798437751126, 21.579274716691831 ], [ -158.169604603975927, 21.579227114224889 ], [ -158.169425441801195, 21.579155882235703 ], [ -158.169255597417589, 21.579069643535277 ], [ -158.169087016644369, 21.578981370115287 ], [ -158.168919046340534, 21.578892113026704 ], [ -158.168478102735889, 21.578727010496383 ], [ -158.168285653341428, 21.578664345076838 ], [ -158.168092833599786, 21.578633078205186 ], [ -158.167899767725885, 21.578622769524436 ], [ -158.167706402809927, 21.578637763375475 ], [ -158.167512915417404, 21.578663199167973 ], [ -158.167108913486629, 21.578741812455959 ], [ -158.166924389456426, 21.578797304415293 ], [ -158.166740087472164, 21.578853298681985 ], [ -158.166567167422471, 21.578934967432584 ], [ -158.166411296436763, 21.579055091015217 ], [ -158.166236616616629, 21.579132788146154 ], [ -158.166055086996209, 21.579195036424231 ], [ -158.165868892293616, 21.579246762346646 ], [ -158.165674467119885, 21.579279921040854 ], [ -158.165476150298986, 21.57930430393877 ], [ -158.165292112264723, 21.579360894154675 ], [ -158.165123254990732, 21.579451726266299 ], [ -158.164961273708172, 21.579558070277297 ], [ -158.16480243898107, 21.57967151100436 ], [ -158.164640482011919, 21.579777911725646 ], [ -158.164478808026473, 21.579884949717528 ], [ -158.16432046175197, 21.579999493694739 ], [ -158.164161632732629, 21.580112948261451 ], [ -158.163994095525197, 21.580206763514099 ], [ -158.163824880812399, 21.580296792016107 ], [ -158.163654145915672, 21.580383393215293 ], [ -158.163470213623157, 21.580440224004466 ], [ -158.163347683941794, 21.580455320065308 ], [ -158.163296813589938, 21.580449765865648 ], [ -158.163103623959131, 21.580446211327843 ], [ -158.162910378418871, 21.580423811601143 ], [ -158.162717098514747, 21.580390091478836 ], [ -158.162523774887802, 21.580341477842293 ], [ -158.162330421179433, 21.580282832127381 ], [ -158.162137045756623, 21.580216737288211 ], [ -158.161943620059731, 21.580133554469157 ], [ -158.161750171128801, 21.580042697565268 ], [ -158.161556728830192, 21.579953752136934 ], [ -158.161363315778715, 21.579874869961213 ], [ -158.161169895770513, 21.579793374806655 ], [ -158.160976409801265, 21.579689491162949 ], [ -158.16078303103086, 21.579622047751549 ], [ -158.160589748090388, 21.579586622215235 ], [ -158.160396502291718, 21.579563373996972 ], [ -158.160203270554263, 21.579545239048848 ], [ -158.160010013561958, 21.579518426291731 ], [ -158.15981674156447, 21.579486524207489 ], [ -158.159623467844085, 21.579454266843889 ], [ -158.159430252139288, 21.579441100861537 ], [ -158.159237045110501, 21.579431292753799 ], [ -158.159043808214903, 21.579411269174543 ], [ -158.158850580486671, 21.579394018049154 ], [ -158.158657353352083, 21.579377175054635 ], [ -158.158464156005834, 21.579370568766027 ], [ -158.158271010375074, 21.579381264124592 ], [ -158.158077939247761, 21.579417340627955 ], [ -158.15788494889037, 21.579480871679287 ], [ -158.157692011598925, 21.579562261794369 ], [ -158.157499018819806, 21.579625149132255 ], [ -158.157306092492519, 21.57971058711701 ], [ -158.157113113947474, 21.579778466427598 ], [ -158.156920149928737, 21.579850982893095 ], [ -158.156727283124127, 21.579957069303081 ], [ -158.156534502817209, 21.580092380096744 ], [ -158.156341557936543, 21.580171814438962 ], [ -158.156148653528561, 21.580265071245368 ], [ -158.155955783325851, 21.580370221658008 ], [ -158.155762821800096, 21.580444245481424 ], [ -158.155569800837696, 21.580498161120122 ], [ -158.15537670195431, 21.580525340916481 ], [ -158.15518352782567, 21.580526840997273 ], [ -158.154990307219862, 21.580512540522896 ], [ -158.154797077468089, 21.580495328926094 ], [ -158.15460391904125, 21.580502122517014 ], [ -158.154410798575157, 21.58052201129895 ], [ -158.154217649572729, 21.580532166152246 ], [ -158.154024449244673, 21.580524874377879 ], [ -158.153831237816064, 21.580513677697901 ], [ -158.153637954987772, 21.580478032706527 ], [ -158.153444584069319, 21.580411852008421 ], [ -158.153251144005765, 21.58032236675729 ], [ -158.15305774372041, 21.580246185401634 ], [ -158.152864467743228, 21.580212450315706 ], [ -158.152671258743254, 21.580201926274214 ], [ -158.152478097721598, 21.580208066924115 ], [ -158.152284940941797, 21.580215137000554 ], [ -158.151913586826566, 21.580258385285312 ], [ -158.151719219108855, 21.580278662101968 ], [ -158.151526851611379, 21.580305758935285 ], [ -158.151344858494838, 21.580368228904291 ], [ -158.151162171043609, 21.580428326337639 ], [ -158.150974489451215, 21.580471399170726 ], [ -158.150784452353918, 21.580506442742156 ], [ -158.150598004618217, 21.580553720577555 ], [ -158.15040985391002, 21.580595195818347 ], [ -158.150224476120684, 21.580646125832182 ], [ -158.150041114528818, 21.580703927473596 ], [ -158.149857219595361, 21.580759912099467 ], [ -158.149666944187629, 21.580794143686848 ], [ -158.14947797943347, 21.58083284197922 ], [ -158.149293222333512, 21.580885886325262 ], [ -158.149114049837976, 21.580957972571277 ], [ -158.148930602213994, 21.581015483427421 ], [ -158.148748869541123, 21.581078841706873 ], [ -158.148566481369784, 21.581139964961384 ], [ -158.148383597751547, 21.581199399678809 ], [ -158.148206326085358, 21.581277968616284 ], [ -158.148032425637354, 21.581368033577011 ], [ -158.147849809535074, 21.581428382427916 ], [ -158.147671179297106, 21.581502320075689 ], [ -158.147498856011623, 21.581597760707673 ], [ -158.147318668501526, 21.581666391381841 ], [ -158.147139599247396, 21.581738834632432 ], [ -158.1469577086946, 21.581801658879762 ], [ -158.146764594159407, 21.581826211276944 ], [ -158.146568261668222, 21.58183979288178 ], [ -158.146373687712526, 21.581859370291166 ], [ -158.146179458426957, 21.581880120985954 ], [ -158.145985573790966, 21.581902047677435 ], [ -158.14579060196354, 21.581920269024003 ], [ -158.1455917664494, 21.581925314588847 ], [ -158.145399084333121, 21.581951342908308 ], [ -158.145224150197066, 21.582037887926003 ], [ -158.145044328596754, 21.582107765603045 ], [ -158.144856743646017, 21.582151174316031 ], [ -158.144670443607708, 21.582198964718238 ], [ -158.144490062847666, 21.58226693900022 ], [ -158.144307212295132, 21.582326490375312 ], [ -158.144132795057743, 21.582414803070307 ], [ -158.143961196673331, 21.582512725378912 ], [ -158.143783475177941, 21.582589766701481 ], [ -158.143596744362839, 21.582636089202026 ], [ -158.143410775703131, 21.582685012766202 ], [ -158.143228498058022, 21.582746519988763 ], [ -158.143044334931147, 21.582801600253759 ], [ -158.142851066124024, 21.582825627787823 ], [ -158.142657469614562, 21.582848540385076 ], [ -158.142449945928632, 21.58282395828919 ], [ -158.142249089461643, 21.582822113425266 ], [ -158.142046521962527, 21.582814433296527 ], [ -158.141849986221843, 21.582827320729947 ], [ -158.14166632818791, 21.58288412037534 ], [ -158.14146837199948, 21.582892164886875 ], [ -158.141280495359211, 21.582934583267857 ], [ -158.141097419319863, 21.58299336830013 ], [ -158.140913164268085, 21.583048134921292 ], [ -158.140727510544082, 21.583098133956241 ], [ -158.140544503210009, 21.583157155419876 ], [ -158.140364958416797, 21.583227985186909 ], [ -158.140183751718837, 21.583293147103102 ], [ -158.139998686414202, 21.583345152148642 ], [ -158.13981055411611, 21.583386700229244 ], [ -158.139626460988381, 21.583442020937117 ], [ -158.139451319220655, 21.583527865725753 ], [ -158.139265475082624, 21.583577215258074 ], [ -158.13907649583976, 21.583615874375564 ], [ -158.138880621669244, 21.583631018446312 ], [ -158.138681770635174, 21.583636010433047 ], [ -158.138570669209599, 21.583632272816686 ], [ -158.138550185047393, 21.583617548489066 ], [ -158.138355945630053, 21.583624778244474 ], [ -158.138161091055736, 21.583639982754516 ], [ -158.137965793885684, 21.583660928734023 ], [ -158.137770589765978, 21.583680669792795 ], [ -158.137577414385419, 21.583674085324901 ], [ -158.137384952567459, 21.583658250526312 ], [ -158.137192908371645, 21.583636984460014 ], [ -158.136999685942385, 21.583631022444877 ], [ -158.136806912471911, 21.583619229105182 ], [ -158.136615672054916, 21.583587537382666 ], [ -158.136424107307732, 21.583560060054051 ], [ -158.136230646544789, 21.583557178406448 ], [ -158.13603713449902, 21.583554965707407 ], [ -158.135844238807692, 21.583544760654892 ], [ -158.135654711744223, 21.583490856946455 ], [ -158.135468048081862, 21.583399800915064 ], [ -158.135403204703437, 21.58331016773867 ], [ -158.135425888758959, 21.583278363835831 ], [ -158.135269284733113, 21.583163904096278 ], [ -158.135098884018134, 21.583077875669204 ], [ -158.134912967411765, 21.583023822756839 ], [ -158.134731874869772, 21.582959828103945 ], [ -158.134551348692099, 21.582894666264057 ], [ -158.13438192662727, 21.582806622145508 ], [ -158.134203342890544, 21.582737459723312 ], [ -158.134026674064955, 21.582664348256639 ], [ -158.133847400287465, 21.582596608383231 ], [ -158.133664093842839, 21.582537176933748 ], [ -158.133480381720801, 21.582478582458503 ], [ -158.133297541067208, 21.582418191791003 ], [ -158.133114408176539, 21.582358403797517 ], [ -158.132930722928364, 21.582299753757944 ], [ -158.132744463001643, 21.582246409485371 ], [ -158.1323050835, 21.582139025948816 ], [ -158.132112852699947, 21.58212103798132 ], [ -158.131919225854688, 21.5821176988003 ], [ -158.131724359616726, 21.582127348718604 ], [ -158.131527227578687, 21.582160774706882 ], [ -158.131332148991987, 21.582172655422283 ], [ -158.131139701930209, 21.582156936418453 ], [ -158.130945688748142, 21.582157642341024 ], [ -158.130749080048332, 21.582185563750777 ], [ -158.130555130685849, 21.582185606435452 ], [ -158.130361430714629, 21.582183030261149 ], [ -158.130168229541994, 21.582175214789633 ], [ -158.129975357097777, 21.582163954241995 ], [ -158.129779775557409, 21.582181111031208 ], [ -158.12948720964846, 21.582249691354033 ], [ -158.129295227906766, 21.582270079872494 ], [ -158.129110501657607, 21.582341427706307 ], [ -158.128927428909378, 21.582424400226699 ], [ -158.128745929996001, 21.582518421538644 ], [ -158.128569293700366, 21.582646600415789 ], [ -158.128393918649579, 21.58278364649458 ], [ -158.128214666820469, 21.582893454579498 ], [ -158.128030955181146, 21.582971942642558 ], [ -158.127843493927628, 21.583024089556726 ], [ -158.127647842246233, 21.583018703870984 ], [ -158.127452777318439, 21.583017440650046 ], [ -158.127251714411727, 21.582974040722018 ], [ -158.127044479405868, 21.58288728714631 ], [ -158.126834856128539, 21.582783744187594 ], [ -158.126625662264672, 21.582683221568224 ], [ -158.126420220646565, 21.582609056837494 ], [ -158.126216912874071, 21.58254988003884 ], [ -158.126016823284232, 21.582513310937184 ], [ -158.125820517170297, 21.582503318545754 ], [ -158.125626732059601, 21.582511038162593 ], [ -158.125433387187513, 21.58252184867575 ], [ -158.12524175596306, 21.582544699780449 ], [ -158.12505231748284, 21.582582960160028 ], [ -158.124862882649751, 21.582621241118996 ], [ -158.124669782271297, 21.58263377124193 ], [ -158.124477987713334, 21.582655473251251 ], [ -158.124288112443907, 21.582690660616635 ], [ -158.124095089786437, 21.582703738856388 ], [ -158.123904966924385, 21.582737188998735 ], [ -158.123391566369264, 21.582800962021675 ], [ -158.1232083889428, 21.58286942762194 ], [ -158.123039355460747, 21.58295791150541 ], [ -158.122879158981902, 21.583058899983584 ], [ -158.122716491274048, 21.58315639257907 ], [ -158.122568650311564, 21.583274868378378 ], [ -158.122448514951515, 21.583432554123764 ], [ -158.122329062717625, 21.583577013625298 ] ] } },
{ "type": "Feature", "properties": { "objectid": 2, "island": "Oahu", "st_lengthshape": 341.39970171751321 }, "geometry": { "type": "LineString", "coordinates": [ [ -158.118525443898477, 21.58175266273004 ], [ -158.118365271820437, 21.581853978512697 ], [ -158.118218239902262, 21.581971860233281 ], [ -158.118078583151402, 21.582099040065668 ], [ -158.1179340996554, 21.582220134038323 ], [ -158.117780948339743, 21.582330301120599 ], [ -158.117623486968654, 21.5824350355145 ], [ -158.117476200805015, 21.582552597185202 ], [ -158.117327481312145, 21.582668352403108 ], [ -158.117182533628068, 21.582788863222746 ], [ -158.117038819415399, 21.582910928012556 ], [ -158.116895338858171, 21.583033287521364 ], [ -158.116752414044441, 21.583156347288554 ], [ -158.116611610330466, 21.583282083276043 ], [ -158.116470528387623, 21.583407468034459 ], [ -158.116326788050372, 21.583529500407501 ], [ -158.116184724037652, 21.583653646521562 ], [ -158.116071709969049, 21.583800843077125 ] ] } },
{ "type": "Feature", "properties": { "objectid": 3, "island": "Oahu", "st_lengthshape": 1034.6750072484178 }, "geometry": { "type": "LineString", "coordinates": [ [ -158.117081434400575, 21.58873337179871 ], [ -158.116887943493566, 21.588726547374204 ], [ -158.116694822655774, 21.588731334576277 ], [ -158.116502224588857, 21.588752488929657 ], [ -158.116310421660444, 21.588798600720533 ], [ -158.116119776664817, 21.588881019768024 ], [ -158.115927519110357, 21.588912869070533 ], [ -158.115735597459718, 21.588955245710338 ], [ -158.115541645466323, 21.588933972440209 ], [ -158.115349538640231, 21.588970556707892 ], [ -158.115156657614392, 21.588982880643133 ], [ -158.114963500150623, 21.588986487566945 ], [ -158.114772008004991, 21.589042371534131 ], [ -158.114578347364443, 21.589030224161966 ], [ -158.114383119600944, 21.588968901269133 ], [ -158.1141881352479, 21.588915230531196 ], [ -158.113993250870635, 21.588864680521606 ], [ -158.113799605083102, 21.588853003917215 ], [ -158.113605381218889, 21.588823155284214 ], [ -158.113409773738937, 21.588749908589051 ], [ -158.113216102312066, 21.588737402736566 ], [ -158.11302468044903, 21.588795500250644 ], [ -158.112833547273397, 21.588862633299968 ], [ -158.112641881791973, 21.588913104182666 ], [ -158.112240265900681, 21.589163629446716 ], [ -158.112076518306537, 21.589275807704304 ], [ -158.111967128210267, 21.589424802006778 ], [ -158.111833598864393, 21.589557446506138 ], [ -158.111694799531023, 21.589686522258987 ], [ -158.111511865161333, 21.589785704812194 ], [ -158.111324724760806, 21.589882038800255 ], [ -158.11114254024497, 21.589981729946398 ], [ -158.11098681960118, 21.590099345162319 ], [ -158.110848128678498, 21.59022849392025 ], [ -158.110708699665054, 21.590357143535652 ], [ -158.110650030785223, 21.590540491219386 ], [ -158.1105720912864, 21.590710787174437 ], [ -158.110456641901493, 21.590855678095227 ], [ -158.11037811807023, 21.591025578734328 ], [ -158.110292698531822, 21.59119080972777 ], [ -158.109957005816653, 21.591855785402608 ], [ -158.109865658474803, 21.592017001253538 ], [ -158.109771476905053, 21.592176297476133 ], [ -158.109664599744065, 21.592326994726655 ], [ -158.109552870078488, 21.592474405494908 ], [ -158.109438246508375, 21.592619857437718 ], [ -158.109330356425176, 21.59276122120384 ] ] } },
{ "type": "Feature", "properties": { "objectid": 4, "island": "Oahu", "st_lengthshape": 103.74675438726354 }, "geometry": { "type": "LineString", "coordinates": [ [ -158.108620967698556, 21.593586946016003 ], [ -158.108418249598913, 21.593631420733796 ], [ -158.108220133496815, 21.593682017946943 ], [ -158.108033431972871, 21.593747802965147 ], [ -158.107857088117214, 21.593827369858314 ], [ -158.107701996303689, 21.593935212819559 ] ] } },
{ "type": "Feature", "properties": { "objectid": 5, "island": "Oahu", "st_lengthshape": 43.36190661767499 }, "geometry": { "type": "LineString", "coordinates": [ [ -158.106975296099023, 21.59422510617626 ], [ -158.10677814362046, 21.594276985140947 ], [ -158.106690157480585, 21.594459482708775 ] ] } },
{ "type": "Feature", "properties": { "objectid": 6, "island": "Oahu", "st_lengthshape": 503.07340740197264 }, "geometry": { "type": "LineString", "coordinates": [ [ -158.102614671308913, 21.596126706478284 ], [ -158.10262867285752, 21.596316101670347 ], [ -158.102630938839155, 21.59650277662719 ], [ -158.102621898469579, 21.59668683032826 ], [ -158.102609018867128, 21.596869993330561 ], [ -158.10259380578924, 21.597052616147884 ], [ -158.102581896511055, 21.597236004804639 ], [ -158.102590645670205, 21.597424181851956 ], [ -158.102619127291234, 21.597616934509322 ], [ -158.10271203588303, 21.59822795543338 ], [ -158.102819404229365, 21.598392048669922 ], [ -158.102938608633167, 21.598553912762409 ], [ -158.102963372334784, 21.59873355567149 ], [ -158.102950920586295, 21.598920205458192 ], [ -158.102910733160229, 21.599112075655821 ], [ -158.102862679851995, 21.599305427501029 ], [ -158.102902462306474, 21.599482243261455 ], [ -158.102992269384174, 21.59964964219763 ], [ -158.103066964062521, 21.599819885812032 ], [ -158.103070284515439, 21.600003566132333 ], [ -158.103078557730072, 21.600186313711745 ], [ -158.103068306195667, 21.60037254892093 ], [ -158.103092109206244, 21.600548409412642 ] ] } },
{ "type": "Feature", "properties": { "objectid": 7, "island": "Oahu", "st_lengthshape": 81.52956407069955 }, "geometry": { "type": "LineString", "coordinates": [ [ -158.104353677146321, 21.601070091750952 ], [ -158.104341119653441, 21.60125563889606 ], [ -158.104375913024938, 21.601433369744779 ], [ -158.104421267269373, 21.601609356908657 ], [ -158.104513274129545, 21.601777536623647 ] ] } },
{ "type": "Feature", "properties": { "objectid": 8, "island": "Oahu", "st_lengthshape": 1237.6357716182845 }, "geometry": { "type": "LineString", "coordinates": [ [ -158.094748755976923, 21.612454812430062 ], [ -158.094635314979399, 21.612626937261371 ], [ -158.094529016411656, 21.612809881352124 ], [ -158.09441858584816, 21.612986566584421 ], [ -158.094260648372796, 21.613091287995697 ], [ -158.094087161964552, 21.613172454714228 ], [ -158.093887235140613, 21.613213567897478 ], [ -158.093687302466975, 21.613254672674184 ], [ -158.09348141381912, 21.613286754853142 ], [ -158.093274886725823, 21.613317869349036 ], [ -158.093080579429397, 21.613367494355654 ], [ -158.092884545447589, 21.613414505165981 ], [ -158.092686507258662, 21.613458478365153 ], [ -158.092505116139279, 21.613527671567841 ], [ -158.092323121906929, 21.613595950632579 ], [ -158.09214471650867, 21.613669664155353 ], [ -158.091960613532876, 21.613734749471689 ], [ -158.091776378338182, 21.613799632395136 ], [ -158.09159854569225, 21.613874216624527 ], [ -158.091424761232105, 21.613954931667784 ], [ -158.091280638612346, 21.614080582762249 ], [ -158.091146492101387, 21.614221345462404 ], [ -158.09101416852107, 21.614364869810576 ], [ -158.090848664539664, 21.614458131840728 ], [ -158.090676881139899, 21.614541878926602 ], [ -158.090497555016782, 21.614614200645324 ], [ -158.090313539173707, 21.61467941825553 ], [ -158.090129917486848, 21.614745231356817 ], [ -158.089951266541107, 21.614818575215157 ], [ -158.08980499802982, 21.61494097717997 ], [ -158.089657037215602, 21.615060815789583 ], [ -158.089504403873292, 21.615173574814072 ], [ -158.089356249260419, 21.615293119371 ], [ -158.089220713015493, 21.615431781394111 ], [ -158.089089178878254, 21.615576504545736 ], [ -158.088959204448599, 21.615723592233103 ], [ -158.088825658079685, 21.61586526775551 ], [ -158.088682814739428, 21.61599286037784 ], [ -158.08853124294555, 21.616107228726825 ], [ -158.088374323922579, 21.616213498317638 ], [ -158.088217510912813, 21.61631992733442 ], [ -158.088051152175382, 21.616411896194244 ], [ -158.087863070417569, 21.61647095630466 ], [ -158.087676898759753, 21.616532909471733 ], [ -158.087499859917671, 21.616608698641858 ], [ -158.087332568270995, 21.616699254117712 ], [ -158.087177948470639, 21.616809006966733 ], [ -158.087031059326648, 21.616930472410687 ], [ -158.086865180560039, 21.617023169014303 ], [ -158.086710873978177, 21.617133396513022 ], [ -158.08655078958077, 21.617234872369583 ], [ -158.086401194933416, 21.617352239832986 ], [ -158.08625299731321, 21.61747172249439 ], [ -158.086099322382466, 21.617582909578054 ], [ -158.085950831431035, 21.617701948571018 ], [ -158.085816487906186, 21.61784242280763 ], [ -158.085677381984908, 21.617975680469058 ], [ -158.085542122074457, 21.618114766298785 ], [ -158.085410348343828, 21.618259132664779 ], [ -158.085301740022715, 21.618438594781523 ], [ -158.085188662329585, 21.618602501639455 ] ] } },
{ "type": "Feature", "properties": { "objectid": 9, "island": "Oahu", "st_lengthshape": 1051.9796814448755 }, "geometry": { "type": "LineString", "coordinates": [ [ -158.081828164890538, 21.621469395803164 ], [ -158.081774388994745, 21.621645510129717 ], [ -158.081687033235454, 21.621806741356064 ], [ -158.081598582770141, 21.621967488575812 ], [ -158.081502406053175, 21.622124810682728 ], [ -158.081427913930469, 21.622291743776277 ], [ -158.081342108555674, 21.622453663620949 ], [ -158.081246581567541, 21.622611273717755 ], [ -158.081140074635186, 21.622764018724141 ], [ -158.08102565062552, 21.622913254404512 ], [ -158.080907701991151, 21.62306092838805 ], [ -158.080792862748183, 21.623208830866698 ], [ -158.080780946838217, 21.623235737280091 ], [ -158.080680298829947, 21.623400698669936 ], [ -158.080537282336138, 21.623514867112661 ], [ -158.080515275931049, 21.623541875800434 ], [ -158.080335943537193, 21.623616024411124 ], [ -158.080151725355847, 21.623671948353767 ], [ -158.079964253462919, 21.623715732094432 ], [ -158.079777725328228, 21.623763040538321 ], [ -158.079592443023557, 21.623814993784901 ], [ -158.079406675438207, 21.623865137308979 ], [ -158.079221228639454, 21.623916479419158 ], [ -158.079036933233198, 21.623972118000889 ], [ -158.078854969069624, 21.624036449274239 ], [ -158.078672268536081, 21.624098034406533 ], [ -158.078491339475534, 21.624166228577131 ], [ -158.078311427705557, 21.62423822161205 ], [ -158.078142634797729, 21.624320233503934 ], [ -158.077341023752183, 21.624624839697166 ], [ -158.077188561676024, 21.624735854910018 ], [ -158.077001381055368, 21.62480585476689 ], [ -158.076851302577836, 21.624919687077384 ], [ -158.076712308821214, 21.625046614322379 ], [ -158.076560492186587, 21.625158393182961 ], [ -158.076400986158063, 21.625261087836243 ], [ -158.076253720416872, 21.625378243491674 ], [ -158.076114594316891, 21.625505015885874 ], [ -158.075971634911326, 21.625627258825791 ], [ -158.075831421801041, 21.625752746595907 ], [ -158.075578581818036, 21.626028441611972 ], [ -158.075455470851097, 21.626171653300414 ], [ -158.075359458557386, 21.626328518894827 ], [ -158.075268054512122, 21.626487707432162 ], [ -158.075176769691922, 21.626646955295225 ], [ -158.075099005608962, 21.626809393282745 ], [ -158.075070651334954, 21.62690888360277 ], [ -158.074901369369456, 21.626999262123384 ], [ -158.074730655918444, 21.627086354921431 ], [ -158.074555846536128, 21.627164041908308 ], [ -158.074382219064631, 21.627227855277646 ] ] } },
{ "type": "Feature", "properties": { "objectid": 10, "island": "Oahu", "st_lengthshape": 350.99981813044826 }, "geometry": { "type": "LineString", "coordinates": [ [ -158.073322992720705, 21.628744524998353 ], [ -158.073218428187118, 21.628896558857441 ], [ -158.073121093978273, 21.62905322770261 ], [ -158.073022532651351, 21.62920910999534 ], [ -158.072892120655752, 21.629344578189407 ], [ -158.072779332548009, 21.629491342350363 ], [ -158.072644576568592, 21.629618994185169 ], [ -158.072348950290944, 21.629926467363621 ], [ -158.072182367614147, 21.630031519436518 ], [ -158.07205384592973, 21.630166535822134 ], [ -158.071938744954593, 21.630312116525946 ], [ -158.071826063547007, 21.630459603295566 ], [ -158.071712223440954, 21.630606177388085 ], [ -158.071672058030032, 21.630810751655559 ], [ -158.071585201713987, 21.630978569160952 ], [ -158.071496043630589, 21.631144574161063 ], [ -158.071359452789892, 21.631271200973188 ] ] } },
{ "type": "Feature", "properties": { "objectid": 11, "island": "Oahu", "st_lengthshape": 575.2882919610928 }, "geometry": { "type": "LineString", "coordinates": [ [ -158.065016706614642, 21.637971426818211 ], [ -158.064717212361813, 21.63801498597206 ], [ -158.064585030632372, 21.638151683775877 ], [ -158.064493281270273, 21.638310888936306 ], [ -158.064378789905334, 21.638457433918155 ], [ -158.064299278522498, 21.638623451797084 ], [ -158.064147694036933, 21.638749349029833 ], [ -158.063811735998883, 21.638772609340037 ], [ -158.063590684506295, 21.638859834566848 ], [ -158.063465843410427, 21.639000619139985 ], [ -158.063362533615503, 21.639153389427534 ], [ -158.063207715596349, 21.639277486007114 ], [ -158.06307369905241, 21.639413162156433 ], [ -158.063085688356324, 21.639630117157395 ], [ -158.063006066982894, 21.639796074988489 ], [ -158.062938352666038, 21.639968660466263 ], [ -158.06286849974569, 21.640140055803439 ], [ -158.06276916206096, 21.640295037016021 ], [ -158.0626661403833, 21.640447968325308 ], [ -158.062553322696374, 21.64059544553221 ], [ -158.062542768564327, 21.640799851482988 ], [ -158.062534952671257, 21.641005782470035 ], [ -158.062531376089623, 21.641214072677403 ], [ -158.062527728233192, 21.641422323630614 ], [ -158.062511461468659, 21.641623549854195 ], [ -158.062491167115695, 21.641822533673245 ], [ -158.062386590615517, 21.641972855960876 ] ] } },
{ "type": "Feature", "properties": { "objectid": 12, "island": "Oahu", "st_lengthshape": 79.61868039035393 }, "geometry": { "type": "LineString", "coordinates": [ [ -158.063561805506993, 21.645298752924202 ], [ -158.063443890627127, 21.645443633447773 ], [ -158.063348095114634, 21.645600560851392 ], [ -158.063243584810607, 21.645752742237939 ], [ -158.063129105587677, 21.645892063343837 ] ] } },
{ "type": "Feature", "properties": { "objectid": 13, "island": "Oahu", "st_lengthshape": 6140.2052760503466 }, "geometry": { "type": "LineString", "coordinates": [ [ -158.060470229115708, 21.65472745092514 ], [ -158.060278089150302, 21.654807985619836 ], [ -158.060090004635526, 21.654891989528842 ], [ -158.059904204338068, 21.654977947565826 ], [ -158.059760192389149, 21.655099660266576 ], [ -158.059647385661066, 21.655248069896576 ], [ -158.059538470966288, 21.655399810654515 ], [ -158.059431784732567, 21.655553457490086 ], [ -158.059325882489475, 21.655707775401279 ], [ -158.05921628859457, 21.655858935699175 ], [ -158.059097556743069, 21.656002277567662 ], [ -158.058979941412218, 21.656146573340418 ], [ -158.058879142410291, 21.656305258900336 ], [ -158.058778025083257, 21.656463670660248 ], [ -158.058697882614808, 21.656640029940096 ], [ -158.058633016947113, 21.656829458605511 ], [ -158.058533676926942, 21.656989391659149 ], [ -158.058437580251791, 21.657152101128613 ], [ -158.058335396011103, 21.657309600406002 ], [ -158.058223879636103, 21.657459116597749 ], [ -158.058106143043091, 21.657603310698644 ], [ -158.057971109036401, 21.657732705474906 ], [ -158.057875200552729, 21.657895575540618 ], [ -158.057817830438296, 21.658091418952846 ], [ -158.057720493395578, 21.658253066628401 ], [ -158.057616298937944, 21.658408848360381 ], [ -158.057518113781242, 21.65856977197463 ], [ -158.057406483127068, 21.658719190227025 ], [ -158.057280849525768, 21.658856629252014 ], [ -158.057164428448488, 21.659001950288328 ], [ -158.057032124583429, 21.659133682368893 ], [ -158.05689740244614, 21.659263344451169 ], [ -158.056774240707455, 21.659402898412864 ], [ -158.056638149529391, 21.659531389807764 ], [ -158.056502965352337, 21.659660657742773 ], [ -158.05636444027445, 21.659787067172445 ], [ -158.056224006283173, 21.659911843113278 ], [ -158.056073624066869, 21.660028108316329 ], [ -158.055916123974356, 21.660138282806194 ], [ -158.055755832711668, 21.660246069829398 ], [ -158.05559332980954, 21.660351964126075 ], [ -158.055428322141097, 21.660455715586153 ], [ -158.055269326653303, 21.660564610734571 ], [ -158.055105210384937, 21.66066912488413 ], [ -158.054904586009286, 21.66074240275303 ], [ -158.054620971910708, 21.660744673716188 ], [ -158.054617088856816, 21.660986284117648 ], [ -158.054584960121815, 21.66120372753425 ], [ -158.054451946490587, 21.66133485348967 ], [ -158.054279559791496, 21.66143229118877 ], [ -158.05411578878315, 21.661537101677091 ], [ -158.053969525219685, 21.661656890807848 ], [ -158.05382486735013, 21.661778053993828 ], [ -158.053684856934126, 21.661903194116835 ], [ -158.053560379933032, 21.662041624094524 ], [ -158.053445049119176, 21.662187880802939 ], [ -158.05334383512573, 21.662346216013269 ], [ -158.053276034213553, 21.662533139264774 ], [ -158.053162495101873, 21.662680928198949 ], [ -158.053033572954149, 21.662815556156989 ], [ -158.05290624978025, 21.662951551845268 ], [ -158.05275836727273, 21.663069957406289 ], [ -158.052587258498306, 21.663168489121773 ], [ -158.052426183950644, 21.663275607855272 ], [ -158.052278318994809, 21.663394027516528 ], [ -158.052124392363481, 21.663507262128167 ], [ -158.051946349546171, 21.663599861565309 ], [ -158.051767089804031, 21.663691419456601 ], [ -158.051628618275601, 21.6638178773329 ], [ -158.05159338582331, 21.663845814357909 ], [ -158.051455060112858, 21.663973721969157 ], [ -158.051329815392194, 21.664117222858053 ], [ -158.051191190959827, 21.66424477348594 ], [ -158.05105243202118, 21.664372165124295 ], [ -158.050907437664705, 21.664492123025479 ], [ -158.050757248369564, 21.66460588807433 ], [ -158.050625220619565, 21.664741304798113 ], [ -158.050495205485987, 21.664879120611218 ], [ -158.050352432084509, 21.665001725918522 ], [ -158.050200176230135, 21.66511302767438 ], [ -158.050053431288859, 21.665230899643493 ], [ -158.04991471068081, 21.665358339259225 ], [ -158.049769712489848, 21.665478293361122 ], [ -158.049626000978435, 21.665599782346664 ], [ -158.049484984867803, 21.665724483772465 ], [ -158.049341808939374, 21.665846610651968 ], [ -158.049198030533717, 21.665968021163721 ], [ -158.049051137202127, 21.666085716976511 ], [ -158.048912530941436, 21.666213292758233 ], [ -158.04877301630674, 21.66633978545099 ], [ -158.048627660423733, 21.666459314543552 ], [ -158.04847941687899, 21.666575402150784 ], [ -158.048340591006536, 21.666702716882416 ], [ -158.048220203700282, 21.666852012182897 ], [ -158.048108878272046, 21.667012111638751 ], [ -158.047992832619769, 21.667166582847354 ], [ -158.047868238570373, 21.667310865150693 ], [ -158.047743502360987, 21.667454975791983 ], [ -158.047421305288481, 21.667915432153059 ], [ -158.047344064800114, 21.668081063014842 ], [ -158.047271116587694, 21.668248401505132 ], [ -158.047217476072205, 21.668423423996561 ], [ -158.047163847958984, 21.668598450147876 ], [ -158.047112685489054, 21.668774457971718 ], [ -158.047044837857214, 21.668943826645044 ], [ -158.046961160042429, 21.669106896217162 ], [ -158.046860173295414, 21.66926307909149 ], [ -158.046740388272042, 21.669411782181463 ], [ -158.046613675061508, 21.669557728852809 ], [ -158.04649881245237, 21.669708390590113 ], [ -158.046409874217403, 21.669869367152973 ], [ -158.04631424833255, 21.669990426392729 ], [ -158.046143428893828, 21.670076127977001 ], [ -158.045966689376399, 21.670153191358075 ], [ -158.045782149672362, 21.670218875631072 ], [ -158.045604629611546, 21.670294800358157 ], [ -158.0454265761459, 21.670369949413356 ], [ -158.045251497758954, 21.670449437254781 ], [ -158.045080402451333, 21.670534735910476 ], [ -158.044912287930799, 21.670624383342325 ], [ -158.044754425701683, 21.670728989392035 ], [ -158.044607280027634, 21.670849229793472 ], [ -158.044460627105082, 21.670970190192225 ], [ -158.04430978582954, 21.671085041028036 ], [ -158.044159961910992, 21.67120137554025 ], [ -158.044017536576234, 21.671328502990843 ], [ -158.043864247784171, 21.671439782608775 ], [ -158.04370055601737, 21.671535885534954 ], [ -158.043511550791493, 21.671595055040285 ], [ -158.043305453275366, 21.671629288612891 ], [ -158.043139409891324, 21.671721958942651 ], [ -158.042969130358784, 21.671808450708379 ], [ -158.042798603656621, 21.671894581313342 ], [ -158.042619191385029, 21.671967747276302 ], [ -158.042458861127869, 21.67206875390675 ], [ -158.042317146632911, 21.672196921920186 ], [ -158.042161104466118, 21.672304186450681 ], [ -158.042006825358499, 21.672414023045466 ], [ -158.041856640256498, 21.672529831109753 ], [ -158.041532378513892, 21.67239166282349 ], [ -158.041297472889795, 21.672852494540265 ], [ -158.041177265494895, 21.672994039529435 ], [ -158.04101323270541, 21.673101575653 ], [ -158.040839285976006, 21.673201416966819 ], [ -158.040674206529218, 21.673308140855777 ], [ -158.040517112620137, 21.673421061084849 ], [ -158.040371033157072, 21.673542529575318 ], [ -158.040221647602493, 21.673661432124348 ], [ -158.040066900138498, 21.673776173172314 ], [ -158.039931969255747, 21.67390629345012 ], [ -158.039806904728181, 21.674044069187413 ], [ -158.039722484251655, 21.674213386413108 ], [ -158.039642499257411, 21.67438614681426 ], [ -158.039699468807299, 21.674665186965878 ], [ -158.039662113603271, 21.674871029895083 ], [ -158.039610811708144, 21.675066048870121 ], [ -158.039449783446486, 21.675392371503467 ], [ -158.039365367624612, 21.675557148928775 ], [ -158.039281695370335, 21.675722140195361 ], [ -158.039204203637553, 21.675888904431645 ], [ -158.039124189074585, 21.676054944846516 ], [ -158.039057949042416, 21.676224936948586 ], [ -158.038982981346663, 21.676392424839893 ], [ -158.038884226242885, 21.676553089762752 ], [ -158.038813489282433, 21.676721790936774 ], [ -158.038771514307484, 21.676898744104257 ], [ -158.038740482650951, 21.677078836721559 ], [ -158.038696602204453, 21.677255243102849 ], [ -158.038688126762082, 21.677441807326478 ], [ -158.038678052796485, 21.677627912391419 ], [ -158.038671593505626, 21.677815053812747 ], [ -158.038692572997775, 21.678010067414245 ], [ -158.038717388169943, 21.678206180986383 ], [ -158.038724565829455, 21.678397235425066 ], [ -158.038714090478521, 21.678583225220585 ], [ -158.038692315563139, 21.678765973196295 ], [ -158.038640659047672, 21.678874409708417 ], [ -158.038568706174317, 21.679043027757839 ], [ -158.038497441027033, 21.679211978589915 ], [ -158.038412951353109, 21.679374543406045 ], [ -158.038341394892768, 21.679543352438731 ], [ -158.03821313026998, 21.679684782260502 ], [ -158.038081207164367, 21.679824444493633 ], [ -158.037958409652475, 21.679968513001697 ], [ -158.037843113357468, 21.680116204173039 ], [ -158.037718680368982, 21.680259483366651 ], [ -158.037575087826951, 21.680393511638751 ], [ -158.037516760177141, 21.680395039713961 ], [ -158.037375404119331, 21.680502547963673 ], [ -158.037203126832821, 21.680584769407965 ], [ -158.037067445337669, 21.680659631680957 ], [ -158.036917785809379, 21.680751610694347 ], [ -158.036726133884372, 21.680836830462656 ], [ -158.036534056816123, 21.680900621637708 ], [ -158.036341625870961, 21.680946525052455 ], [ -158.036148744983649, 21.68096966631721 ], [ -158.035955682333594, 21.680983652166802 ], [ -158.035762504742877, 21.680991810205096 ], [ -158.035569252510356, 21.680996222095693 ], [ -158.035375879564043, 21.680994517958069 ], [ -158.035182095796841, 21.680972057445466 ], [ -158.034987722235314, 21.680919731460328 ], [ -158.034794070318554, 21.680903913950523 ], [ -158.03460138381476, 21.680936888026032 ], [ -158.034252676983584, 21.681047023618103 ], [ -158.034085209935739, 21.681137351538172 ], [ -158.033900691113189, 21.681198630613252 ], [ -158.033708825697005, 21.68124739528654 ], [ -158.033512974911957, 21.681289370973243 ], [ -158.0333246013615, 21.681344084532771 ], [ -158.033145401365942, 21.681414424098843 ], [ -158.032965494947177, 21.681483560539387 ], [ -158.032798604843009, 21.681574869760446 ], [ -158.032655656400777, 21.681706965861419 ], [ -158.032526343442441, 21.681862289995848 ], [ -158.032242129025832, 21.682203627036351 ], [ -158.032134944653848, 21.682356613632965 ], [ -158.032007348859878, 21.682500972864421 ], [ -158.031896919733583, 21.682652587969724 ], [ -158.031803678513114, 21.682811468141892 ], [ -158.031740485737316, 21.682983051938002 ], [ -158.031647885073568, 21.683142203148453 ], [ -158.0315431600377, 21.683296229918451 ], [ -158.031418691441047, 21.683441910493933 ], [ -158.031247632385629, 21.683567896780424 ], [ -158.031133477339637, 21.68371793661149 ], [ -158.031013694166774, 21.683865598262543 ], [ -158.030816945903467, 21.683980725155667 ], [ -158.030751280119205, 21.684151262372058 ], [ -158.030904978753057, 21.684414529293587 ], [ -158.030853848640334, 21.684591210533373 ], [ -158.030815095163774, 21.684773125163524 ], [ -158.030779928071269, 21.684956554949455 ], [ -158.030741809563693, 21.685138737953825 ], [ -158.030681327670351, 21.685311466313504 ], [ -158.030604617228732, 21.685477336078698 ], [ -158.030522406864293, 21.685640879933068 ], [ -158.030427714391891, 21.685799148121628 ], [ -158.030374303620306, 21.685974866351486 ], [ -158.030251563520324, 21.686121277813637 ], [ -158.030150388487385, 21.686276805859922 ], [ -158.030046963595737, 21.686431382050447 ], [ -158.029944107151692, 21.686586199084225 ], [ -158.029846385996649, 21.686699143848838 ], [ -158.029685213646587, 21.686800169286464 ], [ -158.029589696637316, 21.686834210602836 ], [ -158.029539746674828, 21.686850898616573 ], [ -158.029360631922003, 21.68691891435407 ], [ -158.029180761678305, 21.686985117775027 ], [ -158.028998137299681, 21.687044710985191 ], [ -158.028816815097088, 21.687107428329483 ], [ -158.028638158229427, 21.687176544474283 ], [ -158.028460771156205, 21.687248708688724 ], [ -158.028280224725421, 21.687313289161921 ], [ -158.02811205329246, 21.687407570614997 ], [ -158.027949526496144, 21.687515401576636 ], [ -158.027787632072773, 21.687624748360982 ], [ -158.027623939501694, 21.687729780659815 ], [ -158.027452858199524, 21.687817079172031 ], [ -158.027275972061233, 21.687890447427066 ], [ -158.027096078817635, 21.687956596882788 ], [ -158.026916065547852, 21.68802245996055 ], [ -158.026735567929506, 21.688087160938778 ], [ -158.026554165527614, 21.688149688255844 ], [ -158.026373861648892, 21.688214856118329 ], [ -158.026194873217321, 21.688283178028222 ], [ -158.026015605897783, 21.688350832299012 ], [ -158.025836268976548, 21.688418319736673 ], [ -158.025656700745259, 21.688485251834493 ], [ -158.025476623448526, 21.688550961157606 ], [ -158.025295881078335, 21.688615074588906 ], [ -158.025113273164379, 21.688674713177448 ], [ -158.024928074905915, 21.688728133621215 ], [ -158.02476111352513, 21.68882532487509 ], [ -158.024510387784773, 21.688938385628155 ], [ -158.024355472274038, 21.689047544107144 ], [ -158.024194327065032, 21.689150202895124 ], [ -158.024034846011489, 21.689254599504583 ], [ -158.023875565349556, 21.689359204008884 ], [ -158.023725749607678, 21.689473681254224 ], [ -158.023572261218447, 21.689584328022018 ], [ -158.02341825523493, 21.689694434974868 ], [ -158.023260314577129, 21.689800437067714 ], [ -158.023108902612847, 21.689913251107747 ], [ -158.022968841666909, 21.690037904001802 ], [ -158.022841592620267, 21.69017592118421 ], [ -158.022724297018357, 21.690324321803761 ], [ -158.022613969719117, 21.690479991453532 ], [ -158.022501631289515, 21.69063356232547 ], [ -158.022374879417839, 21.690772100588095 ], [ -158.022232462484709, 21.690894296135603 ], [ -158.022066946403726, 21.690992398237615 ], [ -158.021886813451715, 21.691075253201266 ], [ -158.021711636019234, 21.691163277505581 ], [ -158.021553448726422, 21.691269024362406 ], [ -158.02144626252084, 21.691418162982448 ] ] } },
{ "type": "Feature", "properties": { "objectid": 14, "island": "Oahu", "st_lengthshape": 142.8469896312601 }, "geometry": { "type": "LineString", "coordinates": [ [ -158.020785829720978, 21.692334958915477 ], [ -158.020590077164456, 21.692371704885549 ], [ -158.020393061194568, 21.692406013029061 ], [ -158.020202223361053, 21.692452246097819 ], [ -158.020013404421519, 21.692502376369159 ], [ -158.019835427496417, 21.692573433473878 ], [ -158.019668268675048, 21.692665370326626 ], [ -158.019519387635938, 21.69278985412296 ] ] } },
{ "type": "Feature", "properties": { "objectid": 15, "island": "Oahu", "st_lengthshape": 330.13466710968191 }, "geometry": { "type": "LineString", "coordinates": [ [ -158.01565506207703, 21.695991526136826 ], [ -158.015549948755762, 21.69614316984055 ], [ -158.015444098819529, 21.696294358301444 ], [ -158.015338854137354, 21.696445920670044 ], [ -158.015233443661941, 21.696597380797563 ], [ -158.015127047249791, 21.696748232429695 ], [ -158.015056864513298, 21.696834660473264 ], [ -158.01501919275151, 21.696883898332029 ], [ -158.0148774996469, 21.697008163767741 ], [ -158.014724969361396, 21.697119185089498 ], [ -158.014565103006703, 21.697221242569658 ], [ -158.014425599778008, 21.697348183805719 ], [ -158.014282536719207, 21.697470775600909 ], [ -158.014133279385817, 21.69758579795122 ], [ -158.013978009938342, 21.697693473254763 ], [ -158.013827138675083, 21.697806524449931 ], [ -158.013718495018395, 21.6978800638894 ], [ -158.013564467622842, 21.697954881676548 ], [ -158.013378766369414, 21.697954809375897 ] ] } },
{ "type": "Feature", "properties": { "objectid": 16, "island": "Oahu", "st_lengthshape": 829.65802484169762 }, "geometry": { "type": "LineString", "coordinates": [ [ -158.013534997590597, 21.696413351628323 ], [ -158.013450594356613, 21.696245534959569 ], [ -158.013335525294849, 21.696108106573455 ], [ -158.012974885602631, 21.69583076904674 ], [ -158.012804368082072, 21.695744636398398 ], [ -158.012627348016338, 21.695671995866537 ], [ -158.012432548570388, 21.695636231420949 ], [ -158.012239925731564, 21.695617530332949 ], [ -158.011793059798293, 21.69558861713714 ], [ -158.011600255556345, 21.695602188802905 ], [ -158.011408165304232, 21.695623031382695 ], [ -158.011216544140808, 21.695648641926219 ], [ -158.011025460598972, 21.695679739942879 ], [ -158.010840040814912, 21.695741510950686 ], [ -158.010356567649836, 21.695904785245254 ], [ -158.010156885017068, 21.695970297112066 ], [ -158.009953322259122, 21.696031967833616 ], [ -158.009776776876663, 21.696120385542823 ], [ -158.009610689176469, 21.696219157853641 ], [ -158.009464185331382, 21.696337318118406 ], [ -158.009321373955459, 21.696459135551176 ], [ -158.009178890719994, 21.696581276419508 ], [ -158.009046005799718, 21.69671292127838 ], [ -158.00891298141849, 21.696844427871962 ], [ -158.008774013502347, 21.696970050265811 ], [ -158.008631728050858, 21.697092387843799 ], [ -158.00850385411124, 21.697228994703394 ], [ -158.008384072987582, 21.697373613243212 ], [ -158.008265559022135, 21.697519485041319 ], [ -158.008144843636245, 21.697657045027803 ], [ -158.007852991132836, 21.698282253947607 ], [ -158.007842020802315, 21.698462668602279 ], [ -158.007846314168575, 21.698643625379759 ], [ -158.007862996167688, 21.698825022158228 ], [ -158.0078930366968, 21.699000467829691 ] ] } },
{ "type": "Feature", "properties": { "objectid": 17, "island": "Oahu", "st_lengthshape": 335.37486645823827 }, "geometry": { "type": "LineString", "coordinates": [ [ -158.008734915403238, 21.69972578749984 ], [ -158.008543869659036, 21.699669189638726 ], [ -158.008348792861256, 21.69970606657958 ], [ -158.008162213986679, 21.699762697073297 ], [ -158.006929846180299, 21.70002875482351 ], [ -158.006721126956791, 21.700066609587438 ], [ -158.006522727581199, 21.700064624982222 ], [ -158.006331856008472, 21.700033574409488 ], [ -158.00614513517624, 21.699986501580689 ], [ -158.005965108175218, 21.69991358925995 ], [ -158.00578520053358, 21.699840214928809 ], [ -158.005602262171834, 21.699789562366302 ] ] } },
{ "type": "Feature", "properties": { "objectid": 18, "island": "Oahu", "st_lengthshape": 160.75387849565627 }, "geometry": { "type": "LineString", "coordinates": [ [ -158.003531078329331, 21.698964345675552 ], [ -158.00333581612864, 21.698963257867455 ], [ -158.003139714956319, 21.698956401158924 ], [ -158.002946823823123, 21.6989716261048 ], [ -158.002757761014237, 21.699013185976867 ], [ -158.002569687484311, 21.699061552297582 ], [ -158.002380041162638, 21.699099101688198 ], [ -158.002191012210432, 21.699140894180722 ], [ -158.00200710319848, 21.699190595731288 ] ] } },
{ "type": "Feature", "properties": { "objectid": 19, "island": "Oahu", "st_lengthshape": 180.3760913875482 }, "geometry": { "type": "LineString", "coordinates": [ [ -157.997933917502252, 21.7049772779955 ], [ -157.997744479547094, 21.704918529094208 ], [ -157.997558200121944, 21.704839654433421 ], [ -157.996807580908779, 21.704870700681429 ], [ -157.996640243541322, 21.704963670040424 ], [ -157.996486063664946, 21.705072687157145 ], [ -157.996377229451923, 21.705229697416449 ] ] } },
{ "type": "Feature", "properties": { "objectid": 20, "island": "Oahu", "st_lengthshape": 374.94420038886676 }, "geometry": { "type": "LineString", "coordinates": [ [ -157.993732605918126, 21.70476366472009 ], [ -157.993512212389959, 21.704778077262429 ], [ -157.993304616962149, 21.704766771917384 ], [ -157.993128705178577, 21.704691802847243 ], [ -157.992961249542105, 21.704599843473311 ], [ -157.992793399030035, 21.704508676517403 ], [ -157.992616792746929, 21.704435102047015 ], [ -157.992433055164298, 21.704375857839093 ], [ -157.992250930493782, 21.70431337556105 ], [ -157.992074015291649, 21.704245231618088 ], [ -157.991653549249719, 21.70409436824308 ], [ -157.991464830005214, 21.704008368695213 ], [ -157.991273359869865, 21.703970776441228 ], [ -157.991079276472647, 21.703979154966298 ], [ -157.990885258041942, 21.703986393584731 ], [ -157.990690010032608, 21.704015253372329 ], [ -157.990493831997298, 21.704060471208695 ], [ -157.990301457346959, 21.704098406287493 ] ] } },
{ "type": "Feature", "properties": { "objectid": 21, "island": "Oahu", "st_lengthshape": 347.41644412602409 }, "geometry": { "type": "LineString", "coordinates": [ [ -157.980326938466959, 21.709163433829051 ], [ -157.980147870722419, 21.70907730466358 ], [ -157.979965571945598, 21.709006740605417 ], [ -157.979782531795109, 21.708939753705597 ], [ -157.979597001053719, 21.708884765377274 ], [ -157.979408362196949, 21.70884475568516 ], [ -157.979213286786916, 21.708835755440969 ], [ -157.979011614589638, 21.708858535120648 ], [ -157.978808128952352, 21.708890057167658 ], [ -157.978615652523672, 21.708868530556671 ], [ -157.97842777056627, 21.708824876558779 ], [ -157.978243367399898, 21.708764458929714 ], [ -157.978057386197918, 21.708711643280182 ], [ -157.977867821377089, 21.708676093376827 ], [ -157.977674768947793, 21.708657346361917 ], [ -157.977480102293981, 21.708646379040641 ], [ -157.977278402139916, 21.708669294655856 ], [ -157.977075263311519, 21.708708917350172 ] ] } },
{ "type": "Feature", "properties": { "objectid": 22, "island": "Oahu", "st_lengthshape": 20.01899964762023 }, "geometry": { "type": "LineString", "coordinates": [ [ -157.966223177495181, 21.707998719755189 ], [ -157.966126705515478, 21.707841948710218 ] ] } },
{ "type": "Feature", "properties": { "objectid": 23, "island": "Oahu", "st_lengthshape": 39.880281938769869 }, "geometry": { "type": "LineString", "coordinates": [ [ -157.96540064815369, 21.706900546098908 ], [ -157.965234692067213, 21.706807849490584 ], [ -157.965067651695534, 21.706719053978702 ] ] } },
{ "type": "Feature", "properties": { "objectid": 24, "island": "Oahu", "st_lengthshape": 80.889249345357356 }, "geometry": { "type": "LineString", "coordinates": [ [ -157.964025463607129, 21.704456356710221 ], [ -157.963944246301651, 21.7042858689307 ], [ -157.963859690845652, 21.704117862615167 ], [ -157.963742263443095, 21.703974292303059 ], [ -157.963616363598192, 21.703841073184961 ] ] } },
{ "type": "Feature", "properties": { "objectid": 25, "island": "Oahu", "st_lengthshape": 40.583492146834686 }, "geometry": { "type": "LineString", "coordinates": [ [ -157.958267871595382, 21.700386698463934 ], [ -157.958196759087855, 21.700215802726913 ], [ -157.958048221547187, 21.700096169635188 ] ] } },
{ "type": "Feature", "properties": { "objectid": 26, "island": "Oahu", "st_lengthshape": 203.23270034815152 }, "geometry": { "type": "LineString", "coordinates": [ [ -157.949440216950308, 21.690752927857698 ], [ -157.94937098596705, 21.690580531024736 ], [ -157.949298500523525, 21.690410013354761 ], [ -157.949218382962101, 21.690243902769659 ], [ -157.949123795997849, 21.690086147068449 ], [ -157.949015002718568, 21.689936593417077 ], [ -157.948893297029088, 21.689794495667023 ], [ -157.948749701355723, 21.689665038296667 ], [ -157.948599850071759, 21.689539192613523 ], [ -157.948452556725897, 21.689411869732975 ], [ -157.948318964836488, 21.689282038197586 ] ] } },
{ "type": "Feature", "properties": { "objectid": 27, "island": "Oahu", "st_lengthshape": 1216.094694948039 }, "geometry": { "type": "LineString", "coordinates": [ [ -157.945454514449494, 21.684943764760661 ], [ -157.945462217368657, 21.684718441376273 ], [ -157.945428026272168, 21.684520437257493 ], [ -157.945346446490134, 21.684353335487142 ], [ -157.945236468212954, 21.684204753071839 ], [ -157.945118606290521, 21.684061310372115 ], [ -157.945013561951896, 21.683909510641374 ], [ -157.944889213139504, 21.683770298617119 ], [ -157.944778181087031, 21.683622403011942 ], [ -157.944694729167111, 21.683456522150792 ], [ -157.944559766292713, 21.6833242318224 ], [ -157.944401558047872, 21.683207100340596 ], [ -157.94425001511047, 21.683085622515858 ], [ -157.944107977139083, 21.682957946444809 ], [ -157.943981142870712, 21.682820355789083 ], [ -157.943867731187339, 21.682674011830006 ], [ -157.943787146705091, 21.682506261642992 ], [ -157.943721056867474, 21.682329060408254 ], [ -157.943649253892886, 21.682155584443112 ], [ -157.943524708780274, 21.682016501203339 ], [ -157.943408258455918, 21.681872139491841 ], [ -157.943297041890901, 21.681724365551311 ], [ -157.943199042910209, 21.681567972580957 ], [ -157.943106042648793, 21.681408319487119 ], [ -157.942987879139622, 21.681265074908147 ], [ -157.942884702618983, 21.681112059035726 ], [ -157.942727349839885, 21.680994369603972 ], [ -157.942573998441247, 21.680874072182569 ], [ -157.942428179523233, 21.680748863089601 ], [ -157.942316165552995, 21.680601608315889 ], [ -157.942234305904293, 21.680434692158162 ], [ -157.942148719190556, 21.680270204874194 ], [ -157.942064787494644, 21.680104638627345 ], [ -157.941996106825769, 21.679929128534926 ], [ -157.941928832536917, 21.679752700517835 ], [ -157.941858524550156, 21.679578251402727 ], [ -157.941776027929365, 21.679411750142361 ], [ -157.941653348593491, 21.679271451609043 ], [ -157.941561245852228, 21.679111214436535 ], [ -157.941473027864362, 21.678948444534058 ], [ -157.941380140835236, 21.678788718998202 ], [ -157.941263964159788, 21.67864418147543 ], [ -157.941056651252154, 21.678559071929559 ], [ -157.940821490206019, 21.678492122960694 ], [ -157.940716081349507, 21.678340563189867 ], [ -157.940603703820727, 21.678193548029434 ], [ -157.940485377330901, 21.678050411863079 ], [ -157.9404193205703, 21.677873190668418 ], [ -157.940346193117023, 21.677700581213735 ], [ -157.940108492353659, 21.677635289028323 ], [ -157.939908704995531, 21.677545272953221 ], [ -157.939706288055618, 21.677456971619421 ], [ -157.939497526937544, 21.677372806723223 ], [ -157.939313940857261, 21.677272225498086 ], [ -157.93907842930173, 21.677205504074603 ], [ -157.938916191274046, 21.677091003245085 ], [ -157.938911291227555, 21.676873903559049 ], [ -157.938832049842887, 21.676705281662077 ], [ -157.938710358911834, 21.676568365137527 ] ] } },
{ "type": "Feature", "properties": { "objectid": 28, "island": "Oahu", "st_lengthshape": 3591.276222166518 }, "geometry": { "type": "LineString", "coordinates": [ [ -157.936573553890724, 21.672355779174342 ], [ -157.936733098361316, 21.672179483504213 ], [ -157.936857106900561, 21.672002194869876 ], [ -157.936962220709802, 21.671824378586397 ], [ -157.93703437003785, 21.671645641045643 ], [ -157.93710799562885, 21.671466945439537 ], [ -157.937167283587684, 21.671287849021162 ], [ -157.937240116479586, 21.671109131096692 ], [ -157.937331956548235, 21.670930943155557 ], [ -157.937393272163177, 21.670751903876123 ], [ -157.937433813019908, 21.67057228349082 ], [ -157.937449361461859, 21.670391965582223 ], [ -157.937425321285929, 21.670210542341195 ], [ -157.937411457781934, 21.670029402863857 ], [ -157.937418720521919, 21.669848853031848 ], [ -157.937425180268235, 21.669668281793669 ], [ -157.937412044375691, 21.669487162322216 ], [ -157.937380944910586, 21.669305541198945 ], [ -157.937351190528119, 21.66912395849161 ], [ -157.93729864045136, 21.66894173839362 ], [ -157.937255128781032, 21.668759771279365 ], [ -157.937229561391774, 21.668578304790032 ], [ -157.937189751586715, 21.668396440856906 ], [ -157.937107143018153, 21.668213382318743 ], [ -157.936851385891714, 21.667634421853663 ], [ -157.936772636502212, 21.667465291789373 ], [ -157.936688381030876, 21.667299785106479 ], [ -157.936617539836504, 21.667125450674686 ], [ -157.936537458597485, 21.666957197287427 ], [ -157.936444658800013, 21.666797312586223 ], [ -157.936361234371162, 21.66663125911035 ], [ -157.936284081596114, 21.666461079399255 ], [ -157.936215714696488, 21.666285116514494 ], [ -157.936137738752734, 21.666115478913472 ], [ -157.936055713446279, 21.665948504685701 ], [ -157.935973032814047, 21.665781962552408 ], [ -157.935892321784763, 21.665614124010052 ], [ -157.935814548551321, 21.665444352061847 ], [ -157.935736402580886, 21.66527482611982 ], [ -157.935655567786341, 21.665107068885614 ], [ -157.935545525099172, 21.664958532535799 ], [ -157.935420841218871, 21.664819630719602 ], [ -157.935287269979568, 21.664686578110061 ], [ -157.935148534638586, 21.664556922406046 ], [ -157.935005974346467, 21.664429784164064 ], [ -157.934853909100013, 21.664308900346185 ], [ -157.934721067183432, 21.664175367775215 ], [ -157.934597966690148, 21.664035424908754 ], [ -157.934476019144029, 21.663894722387894 ], [ -157.934348075240706, 21.663757967001668 ], [ -157.934198053484721, 21.663635738858119 ], [ -157.934024048570166, 21.663529293105494 ], [ -157.933854402242957, 21.663419978934947 ], [ -157.933685802055265, 21.663309976619153 ], [ -157.933515935801182, 21.663200807955658 ], [ -157.933087343672042, 21.662914963246408 ], [ -157.932922755935891, 21.66280907195728 ], [ -157.93275735371472, 21.662705289182764 ], [ -157.932589547912983, 21.662607730434818 ], [ -157.932421302957209, 21.662511308764074 ], [ -157.932251978472465, 21.662417683171096 ], [ -157.932076630851441, 21.662339649832326 ], [ -157.931899110124732, 21.662267242127243 ], [ -157.931718161152645, 21.662203709555957 ], [ -157.931535956227577, 21.66214342990672 ], [ -157.93136036797722, 21.662066021229599 ], [ -157.931182336651943, 21.661994937459475 ], [ -157.931002019857999, 21.661929771275599 ], [ -157.930810929162135, 21.66189249418208 ], [ -157.930613791409371, 21.661870874124393 ], [ -157.93041358483859, 21.661857196442348 ], [ -157.930210254230161, 21.66185160621195 ], [ -157.930011531454824, 21.661834089215883 ], [ -157.929821181068888, 21.661794897894179 ], [ -157.929641254373536, 21.661728720990723 ], [ -157.929474033192975, 21.661629654320041 ], [ -157.929328203291135, 21.661475212839552 ], [ -157.92916422695086, 21.66136774731077 ], [ -157.928988236092323, 21.661291382418511 ], [ -157.92880331335445, 21.661238143113714 ], [ -157.928602669490829, 21.661225599620607 ], [ -157.928396808893694, 21.661226557530384 ], [ -157.928193534531971, 21.661220822491181 ], [ -157.927992606038686, 21.661209016292307 ], [ -157.927798477738605, 21.661179605373633 ], [ -157.927621501648701, 21.661105793777217 ], [ -157.927612169588087, 21.661091881105129 ], [ -157.92756223987891, 21.661047044658506 ], [ -157.927523273861283, 21.661016858633609 ], [ -157.927523065782509, 21.660854003541232 ], [ -157.927603151166977, 21.660681476966239 ], [ -157.92762767972485, 21.660502266978927 ], [ -157.927645136680781, 21.660322205496996 ], [ -157.927656513651016, 21.660141412753426 ], [ -157.927662947084571, 21.65996002527281 ], [ -157.927639171129755, 21.659775002621327 ], [ -157.927609917802783, 21.659589321257819 ], [ -157.927584732286249, 21.659404129593405 ], [ -157.927583706110141, 21.65922184474789 ], [ -157.927600623165262, 21.659041718323689 ], [ -157.927624143357491, 21.658862386148364 ], [ -157.927649065411913, 21.658683222915311 ], [ -157.927664651804577, 21.658502937010642 ], [ -157.927685849728874, 21.658323326026078 ], [ -157.927711514068335, 21.658144251574228 ], [ -157.927733985103686, 21.658053497855398 ], [ -157.927762873709042, 21.657972170768776 ], [ -157.92785341695415, 21.657811299112442 ], [ -157.927982365792474, 21.657664511485514 ], [ -157.92808941199425, 21.657509691352285 ], [ -157.928162251309317, 21.657342327362059 ], [ -157.928210199510659, 21.657165834837986 ], [ -157.928258114817709, 21.656989330336156 ], [ -157.928323182905729, 21.656819115620241 ], [ -157.928403303695461, 21.656654421892124 ], [ -157.928480569664174, 21.656488680746708 ], [ -157.928558540911212, 21.656323198859283 ], [ -157.928633406771439, 21.656156577605081 ], [ -157.928648025548199, 21.655967862157652 ], [ -157.92863736803838, 21.655769877578809 ], [ -157.928731042345788, 21.655316072430981 ], [ -157.928752344588219, 21.655102424347614 ], [ -157.928751100628602, 21.654899665592318 ], [ -157.928623438266925, 21.654757964638183 ], [ -157.928567611768244, 21.654581567560353 ], [ -157.928512862846276, 21.654404650747388 ], [ -157.928468746031854, 21.654222598151694 ], [ -157.928419932545978, 21.654042815242281 ], [ -157.92836494734803, 21.653866012490742 ], [ -157.928296805935162, 21.653695564109825 ], [ -157.928221119617461, 21.653528760025551 ], [ -157.928135913907312, 21.653366553197394 ], [ -157.928063813284695, 21.653198016923842 ], [ -157.928036236275091, 21.653007976696536 ], [ -157.928026076879945, 21.652809524601533 ], [ -157.927908554283277, 21.652662926337175 ], [ -157.927737995719298, 21.652541943286614 ], [ -157.927563065600793, 21.652423071945837 ], [ -157.927384099482481, 21.65230615005332 ], [ -157.927206875411855, 21.652188386439001 ], [ -157.927043867247193, 21.65206488497855 ], [ -157.926711554682953, 21.651838854406627 ], [ -157.926549314014011, 21.65173620923056 ], [ -157.926385983581582, 21.651635781880096 ], [ -157.926211812216764, 21.651557419775571 ], [ -157.926036283207111, 21.651481820281077 ], [ -157.925861506889049, 21.651404689730843 ], [ -157.925687595114113, 21.651325800296068 ], [ -157.925516062739263, 21.651242065901322 ], [ -157.925337671619303, 21.651172292938003 ], [ -157.925156838686405, 21.651107490635795 ], [ -157.924982302712095, 21.651029872016146 ], [ -157.924810957523334, 21.650945758708897 ], [ -157.924595952908589, 21.650826315994291 ], [ -157.924386543379399, 21.650694000871919 ], [ -157.924231483394436, 21.650585636465866 ], [ -157.924078649961018, 21.650474806571125 ], [ -157.923923359537241, 21.650366696957438 ], [ -157.923765074270563, 21.650261906686158 ], [ -157.923614343167799, 21.65014874664298 ], [ -157.923474518438582, 21.650016916575279 ], [ -157.923316013352917, 21.649869289891353 ], [ -157.923170224006668, 21.64973825293006 ], [ -157.923045308299038, 21.64959640495384 ], [ -157.922939691814662, 21.649444561486781 ], [ -157.922840701899815, 21.649289285634119 ], [ -157.922744299283522, 21.649132670536019 ], [ -157.922649845683992, 21.648975045403443 ], [ -157.922552913833499, 21.64881870410753 ], [ -157.9224324238414, 21.648674564535611 ], [ -157.922301475144479, 21.648535841436143 ], [ -157.922167993450614, 21.648435459238012 ] ] } },
{ "type": "Feature", "properties": { "objectid": 29, "island": "Oahu", "st_lengthshape": 125.42258018209969 }, "geometry": { "type": "LineString", "coordinates": [ [ -157.92376101917867, 21.662248461060869 ], [ -157.923593211889511, 21.662367079663909 ], [ -157.92343606033532, 21.662491365409057 ], [ -157.923301485389942, 21.662627658748523 ], [ -157.923187731290795, 21.662775026002176 ], [ -157.923116140936997, 21.66294481656006 ], [ -157.923092873328869, 21.663137813006365 ] ] } },
{ "type": "Feature", "properties": { "objectid": 30, "island": "Oahu", "st_lengthshape": 2066.2437554365492 }, "geometry": { "type": "LineString", "coordinates": [ [ -157.917870199590141, 21.647396397278904 ], [ -157.918012401838837, 21.6472234677003 ], [ -157.918096735439264, 21.647047251326313 ], [ -157.918158169561366, 21.646869735769446 ], [ -157.918257540636858, 21.646694374252714 ], [ -157.918361459825462, 21.646519269929062 ], [ -157.918459353569972, 21.64634382366803 ], [ -157.918540629049858, 21.646167434433085 ], [ -157.918622781343288, 21.645991095120849 ], [ -157.918691878589385, 21.645814014027462 ], [ -157.91874127075306, 21.645635813638581 ], [ -157.91877529082231, 21.645456741695792 ], [ -157.918810769279759, 21.645277751500988 ], [ -157.918850477206462, 21.645099002013687 ], [ -157.918900353755021, 21.644920829994216 ], [ -157.918960229865291, 21.644743225298253 ], [ -157.919039933254936, 21.644566746006472 ], [ -157.91909404663653, 21.644388814667465 ], [ -157.91915898632638, 21.644211496666472 ], [ -157.919212718857153, 21.644033543823063 ], [ -157.919246639364985, 21.643854465648928 ], [ -157.919242782800524, 21.643673241916598 ], [ -157.919233170633049, 21.643491692562144 ], [ -157.919222743293631, 21.643310096345939 ], [ -157.919190821649636, 21.643127279860135 ], [ -157.919149650010723, 21.64294393885503 ], [ -157.919117255244004, 21.642761095787659 ], [ -157.919084684763277, 21.642578242535986 ], [ -157.919060047909966, 21.642395840185852 ], [ -157.919049102136825, 21.642214214375169 ], [ -157.919030686446945, 21.642032165059746 ], [ -157.919008391921494, 21.641849895374285 ], [ -157.918979066033728, 21.64166722581211 ], [ -157.918941803797992, 21.641484106216669 ], [ -157.91888880503285, 21.641300093764311 ], [ -157.91876196043637, 21.641111887882516 ], [ -157.918723129080206, 21.640928679436055 ], [ -157.918683121413352, 21.640745403701921 ], [ -157.918641938399873, 21.64056206158903 ], [ -157.918610701750396, 21.640379283766546 ], [ -157.918569859853591, 21.640195961019078 ], [ -157.918546537458383, 21.640013633080688 ], [ -157.918534535738502, 21.639831947042882 ], [ -157.918536283725729, 21.639651042478619 ], [ -157.918514068282775, 21.639468776839273 ], [ -157.918505389088864, 21.639287280443746 ], [ -157.918527580929975, 21.63910753606741 ], [ -157.918561002467527, 21.638928429378264 ], [ -157.918613641109317, 21.638750413448271 ], [ -157.918688581647416, 21.63857366461475 ], [ -157.91878611280157, 21.638398197370737 ], [ -157.919020331906069, 21.638230491291704 ], [ -157.919085524512639, 21.638053188295356 ], [ -157.919148548668687, 21.637875761851102 ], [ -157.91923211386802, 21.637699502434369 ], [ -157.919279345453049, 21.63752117914051 ], [ -157.919336349120641, 21.637343411715477 ], [ -157.919403275513957, 21.637166207451223 ], [ -157.919544945795707, 21.636993245379369 ], [ -157.919738801007156, 21.636823246723299 ], [ -157.919727305882162, 21.636641590152475 ], [ -157.919715190722513, 21.636459897929228 ], [ -157.91960219298528, 21.636272479210319 ], [ -157.919519095290354, 21.636086757141925 ], [ -157.919424225467282, 21.635900367681657 ], [ -157.919374908508189, 21.635716563544069 ], [ -157.919099876383655, 21.635519945047808 ], [ -157.919226817650525, 21.635346147505288 ], [ -157.919289317793925, 21.635168692202349 ], [ -157.91918445269576, 21.634981734437361 ], [ -157.919130404805202, 21.634797661873559 ], [ -157.919036300211246, 21.634611315129522 ], [ -157.919071289264053, 21.634432296975358 ], [ -157.919237643903188, 21.634334139065341 ], [ -157.919397565484502, 21.634225691221385 ], [ -157.91952662918311, 21.634091225839889 ], [ -157.919653430432504, 21.633954853061859 ], [ -157.919758115388504, 21.63379983251539 ], [ -157.919866120445732, 21.633647612263847 ], [ -157.919981695404601, 21.633501774714148 ], [ -157.920103224263272, 21.63336095699189 ], [ -157.920231008519323, 21.633225413085647 ], [ -157.920448938445418, 21.63290339818596 ], [ -157.920570933750497, 21.632759099677134 ], [ -157.92069272278485, 21.632614701260007 ], [ -157.920794201110567, 21.632460410752586 ], [ -157.920817650987942, 21.632268117889147 ], [ -157.920845511944634, 21.632077974790928 ], [ -157.920913840833407, 21.631788457972423 ], [ -157.920973334541571, 21.631612136837603 ], [ -157.921080360595482, 21.631439900345409 ], [ -157.921156306402594, 21.631264993107585 ], [ -157.921203402549224, 21.631087606709979 ], [ -157.921242278629848, 21.630909514702896 ], [ -157.921265187890725, 21.630730049809554 ], [ -157.921286590788952, 21.630550455885405 ], [ -157.921322819162583, 21.630376018895969 ] ] } },
{ "type": "Feature", "properties": { "objectid": 31, "island": "Oahu", "st_lengthshape": 4625.6483237479279 }, "geometry": { "type": "LineString", "coordinates": [ [ -157.921228594071891, 21.628778354664025 ], [ -157.921267182083, 21.628600828033875 ], [ -157.921302753376295, 21.628422940334495 ], [ -157.921386893425336, 21.62825086844849 ], [ -157.921367507350453, 21.628074844629001 ], [ -157.921270677650426, 21.627765305504777 ], [ -157.92121274054324, 21.627592943135518 ], [ -157.921139748999821, 21.627425102029925 ], [ -157.921083928932234, 21.627252102924565 ], [ -157.921028653181224, 21.627078941112565 ], [ -157.920965974726357, 21.626908002332012 ], [ -157.920921981154862, 21.62673145106 ], [ -157.920868191175288, 21.626557842634924 ], [ -157.920797655192587, 21.626389263911573 ], [ -157.920666798896292, 21.626238803807876 ], [ -157.920560751184752, 21.62608089190746 ], [ -157.920316823778791, 21.625726665381055 ], [ -157.920170940073575, 21.625602598036764 ], [ -157.920036918356374, 21.625459900433288 ], [ -157.919894023573278, 21.625331138438753 ], [ -157.919738520413432, 21.625222182313777 ], [ -157.919580665484659, 21.625116918238209 ], [ -157.919418423457785, 21.625018547202298 ], [ -157.919251830515776, 21.624927008901675 ], [ -157.919085589703769, 21.624834918957937 ], [ -157.918919688335876, 21.624742294453913 ], [ -157.918752583782208, 21.624651561773554 ], [ -157.918592026249712, 21.624550544078417 ], [ -157.918437565068047, 21.624439953029487 ], [ -157.918301466849385, 21.624300518961334 ], [ -157.918162312288302, 21.624167667703873 ], [ -157.918145525849866, 21.624119333352866 ], [ -157.918034281142383, 21.623964602166694 ], [ -157.9179271078076, 21.623805612679114 ], [ -157.917813503256554, 21.623653350291971 ], [ -157.917681449799232, 21.623520384981255 ], [ -157.917534475232998, 21.623403027684503 ], [ -157.917371910610882, 21.623301976835911 ], [ -157.917194475481352, 21.62321648185025 ], [ -157.917019748505339, 21.623128153255315 ], [ -157.916853481479023, 21.623030975886909 ], [ -157.916691612033759, 21.622929198094411 ], [ -157.916541406114021, 21.622815221034045 ], [ -157.916371130947795, 21.62272223586724 ], [ -157.91620217637734, 21.622627869743098 ], [ -157.916049344036765, 21.62251664128647 ], [ -157.915946746554312, 21.622352867234081 ], [ -157.915839522139834, 21.622193933975865 ], [ -157.915692117125872, 21.622077027627725 ], [ -157.915549205119078, 21.621955423075132 ], [ -157.915406232990307, 21.621833880347364 ], [ -157.915286298514673, 21.621688241091736 ], [ -157.915125280772145, 21.62158557486644 ], [ -157.914970989773877, 21.621475872603451 ], [ -157.91473974135306, 21.621446664919858 ], [ -157.914603361579566, 21.621318228416776 ], [ -157.914463013133997, 21.621193942221311 ], [ -157.914337225090662, 21.621054427863712 ], [ -157.914206510227643, 21.620920065738773 ], [ -157.914058322036453, 21.620803980397334 ], [ -157.913901442576304, 21.620696985779389 ], [ -157.913736812462872, 21.620598097901553 ], [ -157.91360042755872, 21.620469667815648 ], [ -157.91345751695826, 21.620348063375076 ], [ -157.913364872482163, 21.620173881812541 ], [ -157.913251021373497, 21.62002188229976 ], [ -157.913084123681415, 21.619925367524857 ], [ -157.912957147189672, 21.61978709650284 ], [ -157.912900078643759, 21.619682586401872 ], [ -157.912818670775465, 21.619516332899746 ], [ -157.912721780582473, 21.619354159872216 ], [ -157.912727135007742, 21.619234108700777 ], [ -157.91278813148395, 21.619062645959858 ], [ -157.91286888240856, 21.618897695611352 ], [ -157.913004271961739, 21.618750756213458 ], [ -157.913055341447318, 21.618576021460608 ], [ -157.913124965774699, 21.6181122994868 ], [ -157.913117801849609, 21.61793151989178 ], [ -157.913080669416331, 21.617753203971624 ], [ -157.912987260990548, 21.617579512279296 ], [ -157.912805698854925, 21.617418913286517 ], [ -157.913152840418036, 21.61672428839865 ], [ -157.913192653692789, 21.616544929646363 ], [ -157.913184707575027, 21.616363832340259 ], [ -157.913176355829336, 21.616182718829183 ], [ -157.913202767076143, 21.616002873180907 ], [ -157.913202121627421, 21.615822040383911 ], [ -157.913199502016084, 21.615641136866284 ], [ -157.913215531483019, 21.615460911692153 ], [ -157.913210347584254, 21.615279914623006 ], [ -157.913196402730222, 21.615098598320927 ], [ -157.913244981069909, 21.614927589805742 ], [ -157.913175445447791, 21.614626892680697 ], [ -157.913150624862283, 21.614445145750874 ], [ -157.913081363415131, 21.614275986072922 ], [ -157.912970832841665, 21.614118513782682 ], [ -157.912661616139644, 21.613807058814228 ], [ -157.912530941591683, 21.613673386892437 ], [ -157.912400439546303, 21.613539545263624 ], [ -157.912271149392694, 21.613404514486312 ], [ -157.912131354540549, 21.61327980015993 ], [ -157.911996912648135, 21.613149827837539 ], [ -157.911854826337617, 21.613027364881976 ], [ -157.911712349040556, 21.612905284996518 ], [ -157.911567250123056, 21.612785780539383 ], [ -157.911430159974429, 21.612662425777824 ], [ -157.911386157351245, 21.612623861601229 ], [ -157.911281595781162, 21.61247148535498 ], [ -157.911211196790333, 21.612295569278814 ], [ -157.911170040844866, 21.612099501402707 ], [ -157.911123201322624, 21.61190734949815 ], [ -157.911059978010911, 21.611726488261599 ], [ -157.910993883388954, 21.611547606479768 ], [ -157.910802098613573, 21.611455336173737 ], [ -157.910683434645108, 21.611312678841873 ], [ -157.91063179306326, 21.611123837869503 ], [ -157.910441731761694, 21.611030379673764 ], [ -157.910291995284069, 21.610909134610065 ], [ -157.910143328201428, 21.610787152944013 ], [ -157.909994754600319, 21.610665105818029 ], [ -157.909845175058678, 21.610547125311307 ], [ -157.90951856818927, 21.610081415419593 ], [ -157.909543714457982, 21.609895457919464 ], [ -157.909526103505073, 21.609715288123816 ], [ -157.909482888622108, 21.609538582965289 ], [ -157.909312208138829, 21.609202496313607 ], [ -157.909174022309685, 21.609070458395333 ], [ -157.909066546274289, 21.608920250642999 ], [ -157.909092063120028, 21.608691358007437 ], [ -157.909000722318183, 21.608531604323012 ], [ -157.908898631279129, 21.608378210338316 ], [ -157.908711721768412, 21.608274999119416 ], [ -157.908466977332438, 21.607968559825729 ], [ -157.90831664838305, 21.607851333777635 ], [ -157.908167813493719, 21.607731746939038 ], [ -157.908010937776254, 21.607624877363811 ], [ -157.907834011886507, 21.607549718329938 ], [ -157.907674253559748, 21.607447407851936 ], [ -157.907499973559823, 21.607368066037882 ], [ -157.907319757512937, 21.607298111820363 ], [ -157.906977684392615, 21.607177102881689 ], [ -157.906786058831756, 21.607128394691987 ], [ -157.906593523519945, 21.607106150214811 ], [ -157.90640058286337, 21.607095686527405 ], [ -157.906207483051503, 21.607089821576178 ], [ -157.90601426926284, 21.607087298153612 ], [ -157.905821179312881, 21.607081155482241 ], [ -157.905627223770153, 21.607100191287252 ], [ -157.905437725843711, 21.607042903523528 ], [ -157.905299984394929, 21.606896460196769 ], [ -157.905114978110419, 21.606838506935077 ], [ -157.904936683838258, 21.606767988293296 ], [ -157.904760854039125, 21.606692854971374 ], [ -157.904581865426138, 21.606623636771463 ], [ -157.904414378346843, 21.606532884407414 ], [ -157.904249183331473, 21.606437840571825 ], [ -157.904078884536148, 21.606352353225091 ], [ -157.903904432401305, 21.606274640826729 ], [ -157.903729206367984, 21.606198379397856 ], [ -157.903552820399483, 21.60612428819115 ], [ -157.903376406196145, 21.60605025081971 ], [ -157.903200843656151, 21.605974620805139 ], [ -157.903028700020258, 21.605892588326952 ], [ -157.902856287134938, 21.605811058889582 ], [ -157.902683718632176, 21.60572982365791 ], [ -157.902512265417727, 21.605646498869401 ], [ -157.902341730535852, 21.605561454516675 ], [ -157.902170793134445, 21.605477164370225 ], [ -157.901998893701972, 21.605394677171741 ], [ -157.901824581998284, 21.605317865161549 ], [ -157.901804875250917, 21.605306733744637 ], [ -157.901652070645156, 21.605195817360407 ], [ -157.90150382177859, 21.605079939758031 ], [ -157.901361065681783, 21.604958078189522 ], [ -157.901218545525836, 21.604835961504104 ], [ -157.901070132770656, 21.604720262225587 ], [ -157.900919927075336, 21.604606515824731 ], [ -157.900771030706863, 21.604491343381241 ], [ -157.900624129374592, 21.604373998722476 ], [ -157.9004799867202, 21.604253649468788 ], [ -157.900329719642798, 21.604139969910101 ], [ -157.90017945181603, 21.604026292927731 ], [ -157.900029994636384, 21.60391173044512 ], [ -157.899876295799572, 21.60380178947533 ], [ -157.899731148166552, 21.603682535986501 ], [ -157.899595065063068, 21.603553409688047 ], [ -157.899472139330726, 21.603409955112514 ], [ -157.899391853741975, 21.60322006071446 ], [ -157.899278625878537, 21.603066043722677 ], [ -157.899130979148538, 21.602949512252721 ], [ -157.898921743084941, 21.602900057229238 ], [ -157.898793680581747, 21.602762197139178 ], [ -157.898660491047423, 21.602629921127338 ], [ -157.89853090468273, 21.602493720203618 ], [ -157.898437019805186, 21.602374365044838 ], [ -157.898471238261635, 21.602280184992956 ], [ -157.898378099713426, 21.602118666880859 ], [ -157.898229759306986, 21.601974172333129 ], [ -157.898123595312427, 21.601816670983972 ], [ -157.898020402139935, 21.601658253347729 ], [ -157.897974663243161, 21.601482117904091 ], [ -157.897951450770051, 21.601299035608761 ], [ -157.897929706209624, 21.60111550050101 ], [ -157.8978902534231, 21.600937426461748 ], [ -157.897821773676242, 21.600768304142719 ], [ -157.897742891259497, 21.600602389441871 ], [ -157.897674103926533, 21.600433361691223 ], [ -157.897607554353016, 21.600263644104519 ], [ -157.897556847298659, 21.600089041192238 ], [ -157.897455661126514, 21.599930004171867 ], [ -157.897370361074707, 21.599766069451935 ], [ -157.897309350461001, 21.599594643131738 ], [ -157.897285333440806, 21.599411809262254 ], [ -157.897257498714907, 21.599230152485109 ], [ -157.897219583741929, 21.599051605179056 ], [ -157.897175453764021, 21.598874973393617 ], [ -157.89712651660065, 21.598699824702919 ], [ -157.89707298528424, 21.598526092761951 ] ] } },
{ "type": "Feature", "properties": { "objectid": 32, "island": "Oahu", "st_lengthshape": 2370.8152863426462 }, "geometry": { "type": "LineString", "coordinates": [ [ -157.896332637785719, 21.597232482740655 ], [ -157.896294269298636, 21.597054074968025 ], [ -157.89626947247271, 21.596871481506231 ], [ -157.89627311428498, 21.596680118748782 ], [ -157.896258093642928, 21.596494510499362 ], [ -157.89621436630614, 21.596317755577214 ], [ -157.896142015647257, 21.596149827415317 ], [ -157.896067314322266, 21.595982623499328 ], [ -157.896000158458946, 21.595813093720508 ], [ -157.895933391002075, 21.595643443634064 ], [ -157.895844986005443, 21.595489641572222 ], [ -157.895632725960724, 21.595094735448342 ], [ -157.895544057756354, 21.594928346537273 ], [ -157.895446988916206, 21.594768579602373 ], [ -157.895317220729993, 21.594634584865776 ], [ -157.895206834436721, 21.594485313386105 ], [ -157.895113676583918, 21.594322464612802 ], [ -157.894999676772812, 21.594176041760285 ], [ -157.89488943592886, 21.594026656322942 ], [ -157.894800796387358, 21.593860246461752 ], [ -157.894645895228706, 21.593746059842005 ], [ -157.894495550856163, 21.593628282612684 ], [ -157.894360550689697, 21.593498412484877 ], [ -157.894230128695455, 21.593364932959922 ], [ -157.894107743320518, 21.593225119854836 ], [ -157.893803590634207, 21.592947915495056 ], [ -157.893650548255806, 21.592834043887489 ], [ -157.893476427928874, 21.59275495118505 ], [ -157.893294219089285, 21.592689202520418 ], [ -157.893118564351397, 21.592612641357714 ], [ -157.89294044865963, 21.592540139687308 ], [ -157.892759274307878, 21.592472685433496 ], [ -157.8925644453698, 21.592427761617081 ], [ -157.89237087259815, 21.592380762747215 ], [ -157.892195731338859, 21.592303354880457 ], [ -157.892042667424533, 21.592203996275249 ], [ -157.891928011741413, 21.592128509307948 ], [ -157.891776804602955, 21.592014570576271 ], [ -157.891615217493182, 21.59191045277182 ], [ -157.891445788789952, 21.591813753524924 ], [ -157.891290102007332, 21.591704053899928 ], [ -157.891128950505674, 21.59159952389572 ], [ -157.890984987057607, 21.591478733642177 ], [ -157.890858774991358, 21.591341150330869 ], [ -157.890712209428955, 21.591222822287143 ], [ -157.890556424608377, 21.59111321530877 ], [ -157.890404803199289, 21.590999670118507 ], [ -157.890230764693655, 21.590907332086342 ], [ -157.890088729087893, 21.59078471919284 ], [ -157.889966569765704, 21.590643302137813 ], [ -157.889842013375016, 21.590504152750427 ], [ -157.889725711574386, 21.590357194434887 ], [ -157.889614192928974, 21.590205712218992 ], [ -157.889509748696952, 21.590047537031158 ], [ -157.889420490186865, 21.589874995511064 ], [ -157.889313985726744, 21.589718769504167 ], [ -157.889204865283489, 21.589565018396222 ], [ -157.889100759540412, 21.589406523629012 ], [ -157.889017708665136, 21.589233365677689 ], [ -157.888922979276941, 21.589073872818332 ], [ -157.888854920463331, 21.588904780676664 ], [ -157.888788251680012, 21.588735189186632 ], [ -157.888720021726215, 21.588566159088582 ], [ -157.888666691283134, 21.588391767514153 ], [ -157.888631691910803, 21.588210778979569 ], [ -157.888573396858817, 21.588038173635749 ], [ -157.8885214130554, 21.587863296860377 ], [ -157.888460225177425, 21.58769173273113 ], [ -157.888367470285743, 21.587531529163375 ], [ -157.888265816514661, 21.587374528218916 ], [ -157.888184043493368, 21.587210371539673 ], [ -157.88809655424248, 21.587048273385292 ], [ -157.888011834271509, 21.586885178289524 ], [ -157.887925866025682, 21.586722531925233 ], [ -157.88788418392221, 21.58654394856714 ], [ -157.887836938571638, 21.586367366958022 ], [ -157.887789201301359, 21.586190962725276 ], [ -157.88774741550958, 21.586020556009601 ], [ -157.887701793517493, 21.585883132147906 ], [ -157.887630704935674, 21.585710958666301 ], [ -157.887552166623976, 21.585539929646007 ], [ -157.887492808247316, 21.585365955461686 ], [ -157.887446262927739, 21.585190013500164 ], [ -157.887405832129815, 21.585013132221079 ], [ -157.8873665134806, 21.584836080398713 ], [ -157.887324575285703, 21.584659431131698 ], [ -157.887278360108979, 21.584483438031405 ], [ -157.887231977739702, 21.584307470902672 ], [ -157.887197713030332, 21.584129642487238 ], [ -157.887161285195333, 21.583952147407128 ], [ -157.887132211513233, 21.583773521660564 ], [ -157.887113688853418, 21.583593276209211 ], [ -157.887080802388994, 21.583415236554039 ], [ -157.887038424883968, 21.583238654740477 ], [ -157.88700301180387, 21.583061002893938 ], [ -157.886970516229155, 21.58288290349503 ], [ -157.886928702741614, 21.582706235085492 ], [ -157.88691234744698, 21.58252565629115 ], [ -157.886812825314536, 21.582364740013567 ], [ -157.88673389413492, 21.582180243178001 ], [ -157.886678086903686, 21.582003559746056 ], [ -157.886660963864131, 21.581807846935412 ], [ -157.886616174234717, 21.58162574461236 ], [ -157.886561322283569, 21.581448591450183 ], [ -157.886505753027592, 21.581271791212082 ], [ -157.886443716374202, 21.581098173668924 ], [ -157.886362290913979, 21.580934093482192 ], [ -157.886275121374723, 21.580772838548604 ], [ -157.886179382659833, 21.580615799232508 ], [ -157.886076986630059, 21.580462035245738 ], [ -157.885973977120642, 21.580308573341984 ], [ -157.885889434711487, 21.580146026804979 ], [ -157.885763564038172, 21.580003810648211 ], [ -157.885617989671204, 21.579871287682259 ], [ -157.885457315755588, 21.579746192286127 ], [ -157.885313722249691, 21.579621702508913 ] ] } },
{ "type": "Feature", "properties": { "objectid": 33, "island": "Oahu", "st_lengthshape": 1981.8093419817669 }, "geometry": { "type": "LineString", "coordinates": [ [ -157.883723557165496, 21.578006060328267 ], [ -157.883587820023962, 21.577857492613795 ], [ -157.883432330266885, 21.577745066565502 ], [ -157.883278726426568, 21.577629188574434 ], [ -157.883129542620566, 21.577505225055894 ], [ -157.88298851494821, 21.577366337222383 ], [ -157.882821728848455, 21.577274580014841 ], [ -157.882669010555503, 21.577157082255841 ], [ -157.882520282286293, 21.577032285653559 ], [ -157.882359562376649, 21.5769294300705 ], [ -157.882188912784443, 21.576844742354783 ], [ -157.882011455379143, 21.576772508795543 ], [ -157.881821831832127, 21.576722535684169 ], [ -157.881622338211827, 21.576690620529359 ], [ -157.881478102708058, 21.576557605379488 ], [ -157.881318417548641, 21.576452857786428 ], [ -157.881152021517863, 21.576360388828551 ], [ -157.880983027865057, 21.576272671183052 ], [ -157.880813286994908, 21.576186321483725 ], [ -157.880647133564281, 21.576093409210102 ], [ -157.880467665831446, 21.576024855358931 ], [ -157.88029422369803, 21.575945279984747 ], [ -157.880129141592988, 21.575850406862145 ], [ -157.879983484961485, 21.575719995300357 ], [ -157.879815025683683, 21.575631302655683 ], [ -157.87964198995391, 21.57555098407628 ], [ -157.87947397779314, 21.575461472938017 ], [ -157.879315722607515, 21.575354111529396 ], [ -157.879163906533989, 21.575234970824383 ], [ -157.87900540692857, 21.575128057371849 ], [ -157.878831200674398, 21.575049881043828 ], [ -157.878655797558622, 21.574973892589316 ], [ -157.878488412663557, 21.574883235625414 ], [ -157.878309365799026, 21.574813916300332 ], [ -157.877903239283143, 21.575160037484718 ], [ -157.877729687040272, 21.575080664747336 ], [ -157.877573393817585, 21.574969716813161 ], [ -157.877431576596194, 21.57483228446916 ], [ -157.877378189386036, 21.57473014310056 ], [ -157.877234852095285, 21.574607040543185 ], [ -157.877104281348437, 21.574473748036151 ], [ -157.876981522987052, 21.574334220610886 ], [ -157.876854805818652, 21.574197853517251 ], [ -157.876709225660079, 21.57407654035638 ], [ -157.876559082262133, 21.573958869423688 ], [ -157.876414135230192, 21.573837049882112 ], [ -157.876284144122423, 21.573703296347574 ], [ -157.876151469198334, 21.57357168458174 ], [ -157.876022392047446, 21.573437200771526 ], [ -157.875908712000609, 21.57329042917058 ], [ -157.875798037884721, 21.573141259448455 ], [ -157.875665726379339, 21.573009357984219 ], [ -157.875515645180201, 21.572891637804723 ], [ -157.87538971388804, 21.572754643515061 ], [ -157.87526982047811, 21.572612831551115 ], [ -157.875183459115306, 21.572445050755633 ], [ -157.875146562709972, 21.572373135918657 ], [ -157.875127845135722, 21.572192016416455 ], [ -157.875137207106178, 21.572011499368323 ], [ -157.875176430099714, 21.571831622992921 ], [ -157.875288148338115, 21.571653301164361 ], [ -157.875280615468967, 21.57147242159073 ], [ -157.875314393924981, 21.571292427999584 ], [ -157.875337495392614, 21.57111220602766 ], [ -157.875369830072884, 21.570932180983835 ], [ -157.87538594513299, 21.570751808842839 ], [ -157.875391332110667, 21.570571207084587 ], [ -157.875366826436533, 21.570389963577295 ], [ -157.875337381687785, 21.570208613547472 ], [ -157.875363707081988, 21.570028460282352 ], [ -157.875395053592342, 21.569848414979514 ], [ -157.875405812185079, 21.569667927152103 ], [ -157.875389248741214, 21.56948685468662 ], [ -157.875336581155892, 21.5693050063994 ], [ -157.875276262192159, 21.569122995325795 ], [ -157.875204832123956, 21.568940744800901 ], [ -157.875169739940134, 21.568759274393333 ], [ -157.875170778875116, 21.568578578208193 ], [ -157.875159423291535, 21.568397616757302 ], [ -157.875157775900959, 21.568216863582816 ], [ -157.87515950521373, 21.56803618288853 ], [ -157.875171039227126, 21.567855712023501 ], [ -157.875191308010528, 21.567675429306995 ], [ -157.875214654103104, 21.567495211623168 ], [ -157.875227902872695, 21.567314777609859 ], [ -157.875250957225063, 21.567134554326636 ], [ -157.875285781151319, 21.566954583030796 ], [ -157.875325076644486, 21.566774707851632 ], [ -157.875348335466754, 21.566594488626517 ], [ -157.875346259028703, 21.566413726188745 ], [ -157.875333923188094, 21.566232743631986 ], [ -157.875354151858971, 21.566052459672097 ], [ -157.875368485555072, 21.565872049190329 ], [ -157.875362714729135, 21.565691206695004 ], [ -157.875346102302217, 21.565510132926747 ], [ -157.875341027677734, 21.565329305964383 ], [ -157.875345802004546, 21.565148690016969 ], [ -157.875331602143859, 21.56497348820885 ] ] } },
{ "type": "Feature", "properties": { "objectid": 34, "island": "Oahu", "st_lengthshape": 801.51535292730341 }, "geometry": { "type": "LineString", "coordinates": [ [ -157.876519511129601, 21.558088192472674 ], [ -157.876461114556037, 21.557902653428112 ], [ -157.876380554382536, 21.557732921301277 ], [ -157.876279696993009, 21.557577663517492 ], [ -157.876166396081516, 21.55743128146986 ], [ -157.876030399579804, 21.557301083880688 ], [ -157.875887727508058, 21.557175647131736 ], [ -157.875731069980475, 21.557060184071055 ], [ -157.875568306044187, 21.556956825582361 ], [ -157.875290312796778, 21.556788318366799 ], [ -157.875120215809289, 21.556702397552499 ], [ -157.874945128589133, 21.556626087341758 ], [ -157.874771789336364, 21.55654641192989 ], [ -157.874596298643496, 21.556470878255336 ], [ -157.874420347418322, 21.556396232021704 ], [ -157.874246790161152, 21.556316975583496 ], [ -157.874072878240895, 21.556238403141432 ], [ -157.873895475836548, 21.55616655065085 ], [ -157.873716676733494, 21.556097389636456 ], [ -157.873538211110656, 21.55602758477507 ], [ -157.873358363474097, 21.555960444382304 ], [ -157.873175674254753, 21.555898772604966 ], [ -157.872993115546819, 21.55583685308638 ], [ -157.872687610525219, 21.555753184201734 ], [ -157.872480290244567, 21.555688769563734 ], [ -157.872274565902075, 21.555633290833338 ], [ -157.872070595805297, 21.55558762536171 ], [ -157.871868944471515, 21.555554941502848 ], [ -157.871668100420464, 21.555526768006779 ], [ -157.871469359412799, 21.555510365051965 ], [ -157.871271702322503, 21.555500029051007 ], [ -157.871076187100186, 21.555501677060779 ], [ -157.870882524861059, 21.555513700023567 ], [ -157.870690380567339, 21.555534214844823 ], [ -157.870498609241395, 21.555556816058864 ], [ -157.87030734784139, 21.55558227246468 ], [ -157.870116003096342, 21.555607261037942 ], [ -157.869925253406251, 21.555635582364413 ], [ -157.869735871592695, 21.555671560727209 ] ] } },
{ "type": "Feature", "properties": { "objectid": 35, "island": "Oahu", "st_lengthshape": 885.80596884795625 }, "geometry": { "type": "LineString", "coordinates": [ [ -157.864215529650807, 21.560086963326249 ], [ -157.864029104791825, 21.56003700442243 ], [ -157.863849094392464, 21.559971537456324 ], [ -157.863671636332413, 21.559899897783907 ], [ -157.863491433371536, 21.559834896173967 ], [ -157.863307720729551, 21.559778381124527 ], [ -157.863122109602415, 21.559726457424453 ], [ -157.862939185649083, 21.559668035818802 ], [ -157.862758682161797, 21.559603760409555 ], [ -157.862573530132209, 21.559550728998758 ], [ -157.862396077216033, 21.559479077200756 ], [ -157.862228617760138, 21.559383262245259 ], [ -157.862044778278687, 21.559327055733906 ], [ -157.861868201911477, 21.559253286447898 ], [ -157.861687822477563, 21.559188714452254 ], [ -157.861506128227376, 21.55912732038777 ], [ -157.861338289852853, 21.55903242432619 ], [ -157.861176159564735, 21.558923725614164 ], [ -157.861010128811841, 21.558824457515374 ], [ -157.860849357323161, 21.558712474085993 ], [ -157.860677003969272, 21.558628495416052 ], [ -157.860502326908971, 21.558550135931746 ], [ -157.860328820358063, 21.558468947681465 ], [ -157.86015141718832, 21.558397180991573 ], [ -157.859964499971568, 21.558348420297154 ], [ -157.859778922545019, 21.558296417322133 ], [ -157.859594587434827, 21.558241412605089 ], [ -157.859413376666907, 21.558178852477539 ], [ -157.859229327309322, 21.55812315733775 ], [ -157.859038868263411, 21.558082961562377 ], [ -157.858845363891362, 21.558050126185229 ], [ -157.858648001088198, 21.558026621303863 ], [ -157.858451413983403, 21.558001243391015 ], [ -157.858259629492125, 21.557964250054731 ], [ -157.858073651625176, 21.557913219021625 ], [ -157.857893947025559, 21.557847018873758 ], [ -157.857714580227963, 21.55778000149337 ], [ -157.857532816750364, 21.557718779799128 ], [ -157.857350015936333, 21.557660067597244 ], [ -157.857166620751514, 21.557602791100834 ], [ -157.856990768706453, 21.557527277352804 ], [ -157.856819305043899, 21.557441153598802 ], [ -157.856647545311688, 21.557355744922031 ], [ -157.856465001274216, 21.55729641382446 ], [ -157.856279830695911, 21.557244106299422 ] ] } },
{ "type": "Feature", "properties": { "objectid": 36, "island": "Oahu", "st_lengthshape": 3166.4654923080116 }, "geometry": { "type": "LineString", "coordinates": [ [ -157.854819165255407, 21.557544110368188 ], [ -157.854647202166916, 21.557461870012425 ], [ -157.854482767681446, 21.557365869569228 ], [ -157.854302695605213, 21.557298449874178 ], [ -157.854120896368698, 21.557234190759313 ], [ -157.853943220134795, 21.557162393155796 ], [ -157.85376781515896, 21.557086444635786 ], [ -157.853592447592547, 21.557010429344995 ], [ -157.853421155057333, 21.556926963793934 ], [ -157.853256353636368, 21.556831635385119 ], [ -157.853098067872196, 21.556724396428589 ], [ -157.852945397649592, 21.556619629660013 ], [ -157.85287051339634, 21.556566529900145 ], [ -157.852715764205612, 21.556457981561508 ], [ -157.852566912224859, 21.556342858290648 ], [ -157.852423749939646, 21.556221392647956 ], [ -157.85229057756942, 21.556088791155396 ], [ -157.85217644075945, 21.555934971261639 ], [ -157.852047067369881, 21.555798134543952 ], [ -157.851908921347786, 21.555671077737987 ], [ -157.851767297587884, 21.555547898530644 ], [ -157.851623202169151, 21.555431682536216 ], [ -157.851557495901034, 21.555393042491058 ], [ -157.851435884088033, 21.555252232478534 ], [ -157.851316764401815, 21.555109769223431 ], [ -157.851194251234887, 21.554969557191708 ], [ -157.851069846326197, 21.554830600371112 ], [ -157.851016265869845, 21.554644659488375 ], [ -157.850861117124339, 21.554526096513364 ], [ -157.85073269695323, 21.554389803826975 ], [ -157.850623215161875, 21.554240947455593 ], [ -157.85051643709545, 21.554090297498998 ], [ -157.850395168085896, 21.553949259691631 ], [ -157.850267556507447, 21.553812430226529 ], [ -157.850150699958306, 21.553668465952796 ], [ -157.850040286401367, 21.553520228837879 ], [ -157.849931922298083, 21.553370630863668 ], [ -157.849822693486459, 21.553221606823005 ], [ -157.849714376411015, 21.553071978328706 ], [ -157.849605361595252, 21.552922812901127 ], [ -157.849493767765892, 21.552775357758421 ], [ -157.84937656623643, 21.552631622769983 ], [ -157.849257469085813, 21.552489146567098 ], [ -157.84914479162623, 21.552342410039422 ], [ -157.849035616774756, 21.552193351568665 ], [ -157.848928062297574, 21.552043217464714 ], [ -157.84881170157135, 21.551898926018428 ], [ -157.848693345258937, 21.551755957705019 ], [ -157.848572284722621, 21.551614783702728 ], [ -157.848460623985574, 21.551467373532535 ], [ -157.848349686707394, 21.551324982907129 ], [ -157.848225000892427, 21.55119065467154 ], [ -157.848084550946083, 21.551066630587464 ], [ -157.847964175847466, 21.550923177188725 ], [ -157.847845112696604, 21.550778453602501 ], [ -157.847708655041686, 21.550650565089324 ], [ -157.847566665664374, 21.550528032263511 ], [ -157.847425065764924, 21.550405121697242 ], [ -157.847287793381042, 21.550278023098507 ], [ -157.847156558971079, 21.550151584956645 ], [ -157.847123458653726, 21.550120449917234 ], [ -157.846996507984784, 21.549982415793956 ], [ -157.846939810822988, 21.549800822714605 ], [ -157.846883054303248, 21.549655226752009 ], [ -157.84683949626455, 21.549479070671254 ], [ -157.846795652095551, 21.549302964995857 ], [ -157.846760165719161, 21.549125371453705 ], [ -157.846730912644091, 21.548946666512968 ], [ -157.84670156195682, 21.548767979861655 ], [ -157.846662920521908, 21.54859094714676 ], [ -157.84662391073752, 21.548413981434237 ], [ -157.846626171425726, 21.548233886474151 ], [ -157.846587580473283, 21.548035832633285 ], [ -157.846581643975469, 21.547850123417867 ], [ -157.846603913231149, 21.547669913017103 ], [ -157.846637267048322, 21.547491865170844 ], [ -157.846675697899059, 21.547314806390929 ], [ -157.846719694564456, 21.547138834004699 ], [ -157.846758365085066, 21.546964289125679 ], [ -157.84678307468792, 21.546700050360659 ], [ -157.846766346794823, 21.546520011922095 ], [ -157.84673986893867, 21.546340978345349 ], [ -157.846716977759144, 21.546162389639104 ], [ -157.846498717595523, 21.545758071817186 ], [ -157.846421728430471, 21.545580247972644 ], [ -157.846313762370897, 21.545428256688997 ], [ -157.846189076940334, 21.54529020882395 ], [ -157.846057133725424, 21.545158213824831 ], [ -157.845944548013648, 21.545020744572358 ], [ -157.845895927903285, 21.544931496413867 ], [ -157.845826537902809, 21.544761278008185 ], [ -157.845764564370029, 21.544587332109732 ], [ -157.845701741735724, 21.544413813027596 ], [ -157.845581424923097, 21.544269197663809 ], [ -157.845466024431431, 21.54412211120928 ], [ -157.845323955538703, 21.543988432147597 ], [ -157.845220754618055, 21.543839055047805 ], [ -157.845091874389539, 21.543678761662271 ], [ -157.844970033903735, 21.543538563665606 ], [ -157.844845570260134, 21.543400424266608 ], [ -157.844708613713266, 21.543272085632779 ], [ -157.844557368663033, 21.543161427146529 ], [ -157.844278917010001, 21.54298188748368 ], [ -157.844113300219647, 21.542888614669135 ], [ -157.84394485442516, 21.542800224681919 ], [ -157.843775124436661, 21.542714050631204 ], [ -157.843601634422583, 21.542634366358392 ], [ -157.843434418843373, 21.542543853353376 ], [ -157.843275238881063, 21.542439474070225 ], [ -157.843117804668907, 21.542332081362705 ], [ -157.842941304162053, 21.542257593417617 ], [ -157.842764401488722, 21.542183799000217 ], [ -157.842586306892969, 21.54211263487603 ], [ -157.842494079800758, 21.542004201791006 ], [ -157.842388325651797, 21.541852349077665 ], [ -157.842253016081258, 21.541739237259765 ], [ -157.842159226616161, 21.54157816275233 ], [ -157.842097303920013, 21.541407033610461 ], [ -157.8420515246778, 21.541230811314772 ], [ -157.842007144298009, 21.541054147034764 ], [ -157.841951020277293, 21.540881188128697 ], [ -157.841897240866814, 21.540707489365147 ], [ -157.841843897168786, 21.540533653588888 ], [ -157.84178989535215, 21.54036002551863 ], [ -157.841732933530324, 21.540187331738249 ], [ -157.841683344067576, 21.540012310567235 ], [ -157.841637966437133, 21.539835960869084 ], [ -157.841594477452247, 21.539659015405032 ], [ -157.841565344790439, 21.539477540773902 ], [ -157.841539079378094, 21.539295160097044 ], [ -157.841499362878835, 21.539117024873594 ], [ -157.841459066777702, 21.5389476943879 ], [ -157.841364778212096, 21.53870894053993 ], [ -157.84130659520784, 21.538532941739327 ], [ -157.841231664914119, 21.538365437502549 ], [ -157.841162392553002, 21.538195062787754 ], [ -157.841042260637749, 21.538050483634116 ], [ -157.84094889197749, 21.53789887606256 ], [ -157.840923893426663, 21.53784358314336 ], [ -157.840862989432622, 21.537671466955221 ], [ -157.840844268632566, 21.537489857691984 ], [ -157.840783973276444, 21.537317604781062 ], [ -157.840666283700756, 21.537158265913668 ], [ -157.840592733127664, 21.536988994979829 ], [ -157.840512937978048, 21.536827939227773 ], [ -157.840390056132406, 21.536551676879675 ], [ -157.840316654214263, 21.536375799611928 ], [ -157.840237350329403, 21.536204269856302 ], [ -157.840139290325538, 21.536046557698445 ], [ -157.840032816817939, 21.535895042825459 ], [ -157.839935863458464, 21.535736515283112 ], [ -157.839820761062896, 21.535591356920609 ], [ -157.839655428212325, 21.535483201667201 ], [ -157.839519924783701, 21.535353072410373 ], [ -157.83939752727332, 21.535213288671081 ], [ -157.839262513820017, 21.535082798569775 ], [ -157.839092564782305, 21.534978043477718 ], [ -157.838937071189889, 21.534869377869963 ] ] } },
{ "type": "Feature", "properties": { "objectid": 37, "island": "Oahu", "st_lengthshape": 152.83201204505772 }, "geometry": { "type": "LineString", "coordinates": [ [ -157.837500674293779, 21.532308908296365 ], [ -157.837350058049935, 21.532195826213101 ], [ -157.837207084501955, 21.532073597341636 ], [ -157.837068222915804, 21.531946447449585 ], [ -157.836923348248632, 21.531833738370757 ], [ -157.836830692544822, 21.531775340772125 ], [ -157.836676868240971, 21.531646472827987 ], [ -157.836561660444801, 21.531498859909334 ], [ -157.836473880055593, 21.531338528133709 ] ] } },
{ "type": "Feature", "properties": { "objectid": 38, "island": "Oahu", "st_lengthshape": 538.32323756979724 }, "geometry": { "type": "LineString", "coordinates": [ [ -157.836470299536813, 21.530815268012514 ], [ -157.836374244570663, 21.530658535328481 ], [ -157.836264970385344, 21.530508798234315 ], [ -157.836157333080365, 21.530358196223538 ], [ -157.836053507467597, 21.530205575509829 ], [ -157.835952087614658, 21.530051682412054 ], [ -157.835858343243615, 21.529893727057065 ], [ -157.835768186552258, 21.529733872509539 ], [ -157.835648632129903, 21.529589577484721 ], [ -157.835566748369331, 21.529425344118867 ], [ -157.835490790894198, 21.529257974924974 ], [ -157.835436888751843, 21.529078932714793 ], [ -157.83538245055297, 21.528900174018698 ], [ -157.835315375894595, 21.52872810328196 ], [ -157.835250360775518, 21.528554942979152 ], [ -157.835191872055674, 21.528378328557004 ], [ -157.835113840603697, 21.528212056779143 ], [ -157.835014651527246, 21.528059114633123 ], [ -157.83492751707945, 21.527957940262777 ], [ -157.834831884461323, 21.52779238288581 ], [ -157.83474980120593, 21.527624098856958 ], [ -157.834682983745978, 21.527452744253967 ], [ -157.834635837850868, 21.527277431136106 ], [ -157.834611538217075, 21.527097521326493 ], [ -157.834577203745482, 21.526919630017019 ], [ -157.83456146341419, 21.526737997629038 ], [ -157.834522413827102, 21.526561055337734 ], [ -157.834459803656642, 21.526395386045301 ] ] } },
{ "type": "Feature", "properties": { "objectid": 39, "island": "Oahu", "st_lengthshape": 381.75795318125961 }, "geometry": { "type": "LineString", "coordinates": [ [ -157.834820786085061, 21.52612066619805 ], [ -157.834813321521608, 21.525939881143248 ], [ -157.834822304955765, 21.525759312115966 ], [ -157.834859448184119, 21.52557911406231 ], [ -157.834883694958933, 21.52539874554666 ], [ -157.834894305848593, 21.525218197800093 ], [ -157.834865674568817, 21.525037133947901 ], [ -157.834835108748791, 21.524856045741451 ], [ -157.834815739291685, 21.524675103460613 ], [ -157.83483622292448, 21.524494686069101 ], [ -157.834809069781642, 21.524313641554805 ], [ -157.834787982047999, 21.524132677328637 ], [ -157.834804331943019, 21.523952204866575 ], [ -157.834845912370554, 21.523772064845041 ], [ -157.834875193076897, 21.523591763047541 ], [ -157.834898994346844, 21.523411388654647 ], [ -157.834894485567816, 21.523230642252489 ], [ -157.834877014990383, 21.523049725854897 ], [ -157.834857899490913, 21.522868787128377 ], [ -157.834843084655148, 21.52269686516313 ] ] } },
{ "type": "Feature", "properties": { "objectid": 40, "island": "Oahu", "st_lengthshape": 484.24506784715254 }, "geometry": { "type": "LineString", "coordinates": [ [ -157.835473150655247, 21.522475007263775 ], [ -157.835501274844489, 21.522295886960325 ], [ -157.83553109035438, 21.522116895885475 ], [ -157.835558902732231, 21.521937751703021 ], [ -157.835584425429317, 21.521758431637409 ], [ -157.835606413776134, 21.521578842089031 ], [ -157.835634329164918, 21.521399705821196 ], [ -157.835663481418663, 21.521220663991745 ], [ -157.835707450840147, 21.521042755363332 ], [ -157.835744578375284, 21.520864323813409 ], [ -157.83575182052283, 21.520683606018821 ], [ -157.835738164012383, 21.520501288004997 ], [ -157.83569348764334, 21.520316598146625 ], [ -157.835681575654746, 21.520134414249686 ], [ -157.835627367737999, 21.519948994804533 ], [ -157.835685803616656, 21.519772193422156 ], [ -157.835681741614366, 21.519590609913759 ], [ -157.83569741545125, 21.519410537203026 ], [ -157.835693179747409, 21.519228940731658 ], [ -157.835689671531668, 21.519047399920453 ], [ -157.835694267956228, 21.518866479345977 ], [ -157.835685013150567, 21.518684499150382 ], [ -157.835665133581244, 21.518501705876851 ], [ -157.835650955258814, 21.51831934895058 ], [ -157.835652395562164, 21.518144383056182 ] ] } },
{ "type": "Feature", "properties": { "objectid": 41, "island": "Oahu", "st_lengthshape": 2290.0617703210337 }, "geometry": { "type": "LineString", "coordinates": [ [ -157.836983392077087, 21.517569591609192 ], [ -157.837016028182461, 21.517388196873704 ], [ -157.837025693130215, 21.517207281666522 ], [ -157.837029902550171, 21.517026479307319 ], [ -157.83702838802779, 21.51684579605752 ], [ -157.837036361207055, 21.516664916025 ], [ -157.837034652577387, 21.516484236835485 ], [ -157.837044729685431, 21.516303312732965 ], [ -157.837051210017393, 21.516122462937766 ], [ -157.837049149873167, 21.515941791224837 ], [ -157.837043588576108, 21.515761192680571 ], [ -157.837036215878754, 21.51558063210204 ], [ -157.837031769812882, 21.515400010605962 ], [ -157.83702011388641, 21.515219539425285 ], [ -157.836988172483274, 21.515039491521485 ], [ -157.836944523727027, 21.514859687257818 ], [ -157.836954915781206, 21.514681997588916 ], [ -157.837039642850613, 21.514211828568616 ], [ -157.837140250490222, 21.51400566968525 ], [ -157.837182422880204, 21.513811727437037 ], [ -157.837192976154682, 21.513624396238672 ], [ -157.837180989594344, 21.51344177811999 ], [ -157.83714356422476, 21.51326447892394 ], [ -157.83711658250823, 21.513084995841638 ], [ -157.837099437134981, 21.5129034556353 ], [ -157.837073613010944, 21.512723730372375 ], [ -157.837058643436706, 21.512541736463611 ], [ -157.837005340376095, 21.512367756737078 ], [ -157.836941814398131, 21.512195914523886 ], [ -157.836891177578849, 21.512021376986443 ], [ -157.836841588116584, 21.51184662088848 ], [ -157.836812730020796, 21.5116675302937 ], [ -157.836786676249147, 21.511487853068168 ], [ -157.836754897009996, 21.511309372663337 ], [ -157.836718830223617, 21.511131789238679 ], [ -157.836698277793772, 21.510950962391544 ], [ -157.83667584076025, 21.510770528926493 ], [ -157.836636824880259, 21.510593561811419 ], [ -157.836605694798834, 21.510414946778038 ], [ -157.837185574089233, 21.510016927505429 ], [ -157.83734136124167, 21.509849664278342 ], [ -157.837504330758037, 21.509710519610923 ], [ -157.837687468069589, 21.509650348050311 ], [ -157.837881575072146, 21.509633124029815 ], [ -157.838075982537674, 21.509617080775136 ], [ -157.838260807582628, 21.509563515846725 ], [ -157.838430235048662, 21.509449663548281 ], [ -157.838587619338909, 21.509288656106243 ], [ -157.83873199971174, 21.509076736058045 ], [ -157.838877236307212, 21.508868172431495 ], [ -157.839047144677721, 21.508756205423971 ], [ -157.839202184080619, 21.50858602172325 ], [ -157.839357236203767, 21.508415892152286 ], [ -157.83952468037424, 21.508294280233159 ], [ -157.83970358135619, 21.508217529805677 ], [ -157.839880890522238, 21.508134543871261 ], [ -157.840046486662715, 21.508005700596446 ], [ -157.840206102498996, 21.507853443508491 ], [ -157.84036725633834, 21.507707206179386 ], [ -157.84054112270934, 21.507610747961056 ], [ -157.840718293990705, 21.507527226233389 ], [ -157.840907587282345, 21.507491165926286 ], [ -157.841110241496636, 21.507507415884611 ], [ -157.841325011552556, 21.507571102756415 ], [ -157.841551619617633, 21.507681134201821 ], [ -157.841776054806161, 21.507782661268095 ], [ -157.841997803091004, 21.507873664065599 ], [ -157.84221810503783, 21.507959002327286 ], [ -157.842429871615479, 21.508010922217025 ], [ -157.842629911597783, 21.508016933264024 ], [ -157.84281731936747, 21.507973487997951 ], [ -157.84299172112884, 21.507879124913295 ], [ -157.843176617309126, 21.507825850274116 ], [ -157.843372675724993, 21.507816272204259 ], [ -157.843568847413707, 21.507807139148074 ], [ -157.843759349396493, 21.507775806810262 ], [ -157.843941708591672, 21.507712598294614 ], [ -157.844114089585219, 21.507610329022299 ], [ -157.844286426358963, 21.507507884000727 ], [ -157.844460039182707, 21.507410436059587 ], [ -157.844626575477179, 21.507285287549262 ], [ -157.844782113572194, 21.507117083786014 ], [ -157.844945694033328, 21.506980361212648 ], [ -157.845111759367086, 21.506853370550846 ], [ -157.845278731775437, 21.506729933539273 ], [ -157.845442627829954, 21.50659445205239 ], [ -157.845591613137628, 21.506400601389341 ], [ -157.845766338134041, 21.5063075148569 ], [ -157.845906205775663, 21.506077974428223 ], [ -157.846053098935442, 21.505875934191774 ], [ -157.846210578822507, 21.505715342470381 ], [ -157.846375125557728, 21.505582415605474 ], [ -157.846520997773268, 21.505376384864846 ], [ -157.846703243320889, 21.505312744170528 ], [ -157.84690650325723, 21.505331368873481 ], [ -157.847109298796141, 21.505348173435376 ], [ -157.847311159816087, 21.505361319855577 ], [ -157.847510820229132, 21.505365850704376 ], [ -157.847700411884659, 21.505330967092704 ], [ -157.84787478599722, 21.505236511722956 ], [ -157.848050123477947, 21.505145832596405 ], [ -157.848245371952373, 21.505133093893978 ], [ -157.848463543443216, 21.505210083709031 ] ] } },
{ "type": "Feature", "properties": { "objectid": 42, "island": "Oahu", "st_lengthshape": 621.30372237547328 }, "geometry": { "type": "LineString", "coordinates": [ [ -157.764079852427244, 21.461434575904793 ], [ -157.764087551674606, 21.461248115946422 ], [ -157.76405661532047, 21.46106952423737 ], [ -157.76402683615035, 21.4608906971654 ], [ -157.763976861714752, 21.460721056184237 ], [ -157.763684012986033, 21.460099856901465 ], [ -157.76353927785064, 21.459978415205775 ], [ -157.763385704318381, 21.459868759239249 ], [ -157.763204565839345, 21.459795864841585 ], [ -157.763057196214504, 21.459677936316449 ], [ -157.762928601189202, 21.459534969861796 ], [ -157.762791910475897, 21.459402800927602 ], [ -157.762639701579161, 21.459291327814281 ], [ -157.762466481563138, 21.459207872228596 ], [ -157.76228888338801, 21.459130256821471 ], [ -157.762110486058333, 21.459053707607399 ], [ -157.761935654274538, 21.458972403113531 ], [ -157.76176551240556, 21.45888484396604 ], [ -157.761598324142795, 21.458793346187917 ], [ -157.761426047191208, 21.458708634555084 ], [ -157.761244951226729, 21.458635684235723 ], [ -157.761055793603106, 21.458573485432733 ], [ -157.760874501839311, 21.458500795249517 ], [ -157.76071583127495, 21.458397940345506 ], [ -157.760572987966185, 21.458273977220653 ], [ -157.760386209673896, 21.45820860555304 ], [ -157.760208528018381, 21.458131102129361 ], [ -157.760044146707145, 21.458035862979745 ], [ -157.759884262975959, 21.457936123054697 ] ] } },
{ "type": "Feature", "properties": { "objectid": 43, "island": "Oahu", "st_lengthshape": 1482.0945459032509 }, "geometry": { "type": "LineString", "coordinates": [ [ -157.756316388443793, 21.456540879692945 ], [ -157.756143051232954, 21.456449778133649 ], [ -157.755963445843548, 21.456379919252722 ], [ -157.755780338339179, 21.456321925053107 ], [ -157.755595495201931, 21.45626981487521 ], [ -157.755408323293494, 21.456225593370071 ], [ -157.755216190547799, 21.45619818510038 ], [ -157.755020285271797, 21.456183558165929 ], [ -157.754827705585598, 21.456157661964816 ], [ -157.75464781413811, 21.456088770690037 ], [ -157.754474379200673, 21.455998006395752 ], [ -157.754305360011898, 21.455892281765955 ], [ -157.754115736845648, 21.45585636775494 ], [ -157.753925131086476, 21.455823785930473 ], [ -157.753740965010195, 21.455769382457614 ], [ -157.753564183597518, 21.455689957478235 ], [ -157.753394416283811, 21.455586769345519 ], [ -157.753219055177397, 21.455502532472373 ], [ -157.753045256224169, 21.455413006159247 ], [ -157.752861229155883, 21.455358133039127 ], [ -157.752672981270081, 21.455317565452358 ], [ -157.752483360337607, 21.455281646037729 ], [ -157.75229283429664, 21.455248794692814 ], [ -157.752106078208698, 21.45520317157256 ], [ -157.75191542320772, 21.455170756971697 ], [ -157.751731332318514, 21.455116104386228 ], [ -157.751547294255886, 21.455061271325931 ], [ -157.751362317334127, 21.455009619915025 ], [ -157.751175796416931, 21.454963198965562 ], [ -157.75099113772572, 21.454910471823347 ], [ -157.750808007471079, 21.454852562490267 ], [ -157.75062581436211, 21.454791482851064 ], [ -157.750445297772444, 21.45472471986988 ], [ -157.750272382960361, 21.454632204553096 ], [ -157.750107269745484, 21.454513258191124 ], [ -157.749941102543033, 21.454397879290156 ], [ -157.74976666316266, 21.45431052922752 ], [ -157.749588569198266, 21.454235562907414 ], [ -157.749412026582689, 21.454155340522451 ], [ -157.749237598774243, 21.454067951172416 ], [ -157.749064941914753, 21.453974566658367 ], [ -157.748886733497329, 21.453899988110738 ], [ -157.748706690857489, 21.453831627924945 ], [ -157.748520734870908, 21.453783297727789 ], [ -157.748327438431289, 21.453759839656236 ], [ -157.748132037385346, 21.453743510269192 ], [ -157.747932405132133, 21.453741515081553 ], [ -157.747731530706517, 21.453743731746645 ], [ -157.747535875385381, 21.45372826427608 ], [ -157.747348313097859, 21.453685378854757 ], [ -157.747165317173113, 21.453627022200134 ], [ -157.746983704692155, 21.453563979158506 ], [ -157.746798797079066, 21.453512103837312 ], [ -157.746609940475594, 21.453473603647069 ], [ -157.746419639077573, 21.45343999674693 ], [ -157.74623124279691, 21.453399937681535 ], [ -157.746047241035569, 21.453344992405899 ], [ -157.745858706853085, 21.45330540254491 ], [ -157.745662171970935, 21.453292913720936 ], [ -157.7454606105984, 21.453297455902021 ], [ -157.745264396751111, 21.453283882281472 ], [ -157.745073584173355, 21.453252009902705 ], [ -157.744883459401564, 21.453217806389191 ], [ -157.744688792116534, 21.453198990683454 ], [ -157.744489671677201, 21.453195262620085 ], [ -157.744290277974869, 21.453192459112774 ], [ -157.744093759359487, 21.453179917087621 ], [ -157.743896375176718, 21.453170307855924 ], [ -157.743696734091998, 21.45316834281007 ], [ -157.743497749956219, 21.453164150266577 ], [ -157.743295233778525, 21.453171924816555 ], [ -157.743098304894716, 21.453160771519535 ], [ -157.742904515567346, 21.453138982882855 ], [ -157.742723281411344, 21.453086932898827 ] ] } },
{ "type": "Feature", "properties": { "objectid": 44, "island": "Oahu", "st_lengthshape": 112.25147454254946 }, "geometry": { "type": "LineString", "coordinates": [ [ -157.740407637519979, 21.453716035794269 ], [ -157.740190193665853, 21.453774548545613 ], [ -157.739945483680543, 21.453809671049687 ], [ -157.739737561146143, 21.453876352581013 ], [ -157.739588280685695, 21.453993339928353 ], [ -157.739504691647028, 21.454158136184795 ] ] } },
{ "type": "Feature", "properties": { "objectid": 45, "island": "Oahu", "st_lengthshape": 3611.2324986442645 }, "geometry": { "type": "LineString", "coordinates": [ [ -157.744259326444762, 21.422473470825235 ], [ -157.744299984490027, 21.422296786710543 ], [ -157.744320893873976, 21.422115566922812 ], [ -157.744321812024907, 21.421929755452162 ], [ -157.744329359116023, 21.421763118694326 ], [ -157.744348016695341, 21.421563042443168 ], [ -157.744362562817486, 21.421381311506963 ], [ -157.744359194813029, 21.421200533931618 ], [ -157.744344070713822, 21.421020380983581 ], [ -157.744319041805511, 21.420840754521858 ], [ -157.744294758075995, 21.420661088473043 ], [ -157.744276868802132, 21.420481081907649 ], [ -157.744254446049609, 21.42030131688005 ], [ -157.744235726778669, 21.420121354673238 ], [ -157.744224111327753, 21.419941015714656 ], [ -157.744217627809661, 21.419760402659996 ], [ -157.744205967021372, 21.419580066065102 ], [ -157.744189455231066, 21.419399986694874 ], [ -157.744171482180377, 21.419219984896312 ], [ -157.744152999538613, 21.419040010891514 ], [ -157.744115202877623, 21.418818725085401 ], [ -157.74408202311551, 21.418661469699966 ], [ -157.744031178898496, 21.418487189051348 ], [ -157.743972571997034, 21.41831488455718 ], [ -157.743910223542429, 21.418143532138025 ], [ -157.743843396811002, 21.417973319585382 ], [ -157.743773279102868, 21.417803944138072 ], [ -157.743738927847033, 21.417625466307317 ], [ -157.743710572029897, 21.417445462483435 ], [ -157.743688257077508, 21.417263920362082 ], [ -157.743676547386912, 21.417079679929536 ], [ -157.743655801679381, 21.416897738538669 ], [ -157.743609516117061, 21.416722298618506 ], [ -157.74357487519282, 21.416543894460993 ], [ -157.74352515563848, 21.416369327610703 ], [ -157.743466182655624, 21.416197115968394 ], [ -157.743409558228649, 21.416024306733465 ], [ -157.743365515261672, 21.415848295483876 ], [ -157.74331686545878, 21.415673456559677 ], [ -157.743264725513086, 21.415499506548137 ], [ -157.743219619340039, 21.415323765523642 ], [ -157.743184415466459, 21.415145505218856 ], [ -157.743141576670695, 21.414969187674732 ], [ -157.743089653716254, 21.414795181426424 ], [ -157.743025908583462, 21.414624185001365 ], [ -157.742953458344715, 21.414455404231852 ], [ -157.742870088049756, 21.414289402447025 ], [ -157.742835439743459, 21.414110999899723 ], [ -157.742838546647278, 21.41392298882376 ], [ -157.742773679665873, 21.413752277488772 ], [ -157.742697572637809, 21.413584427649788 ], [ -157.742632624735052, 21.413413737340061 ], [ -157.742599629146781, 21.413234914438906 ], [ -157.742565903690377, 21.413056276662925 ], [ -157.742527573379277, 21.412878812116297 ], [ -157.742452564368818, 21.412710682247724 ], [ -157.742364871970153, 21.412545780620782 ], [ -157.742286863291014, 21.412378415000177 ], [ -157.742205430357274, 21.4122119206815 ], [ -157.742155429394415, 21.412037425430441 ], [ -157.742121068508567, 21.411858950829782 ], [ -157.742104119987516, 21.411769895939656 ], [ -157.74204592571067, 21.411596686968807 ], [ -157.741970731152037, 21.411430305325617 ], [ -157.741905370887849, 21.411259973918515 ], [ -157.741865157994454, 21.411079543825942 ], [ -157.741778363138025, 21.410917820364869 ], [ -157.741649718115724, 21.410772904002449 ], [ -157.741552340325057, 21.410615430774349 ], [ -157.741461768862195, 21.410455224455276 ], [ -157.741382545640846, 21.410290460955345 ], [ -157.741310842135164, 21.410122677056979 ], [ -157.741266235431624, 21.409944011526399 ], [ -157.741203344026047, 21.4097726893683 ], [ -157.741142845685289, 21.40960040592288 ], [ -157.74108907030768, 21.409425423132486 ], [ -157.741021261810147, 21.409256075760098 ], [ -157.740947694781681, 21.409089040161433 ], [ -157.740877604018749, 21.40892060966619 ], [ -157.740809936334529, 21.408751205461265 ], [ -157.740734412459318, 21.408584956357814 ], [ -157.740654517233224, 21.408420463030009 ], [ -157.740557059681208, 21.408263022115406 ], [ -157.740462854815917, 21.408104275848864 ], [ -157.740389526096777, 21.407937145165075 ], [ -157.740344148575502, 21.407758789801672 ], [ -157.740258038780524, 21.407664982687017 ], [ -157.740123118538861, 21.407531143894349 ], [ -157.739992612136916, 21.407394688629136 ], [ -157.739870634529325, 21.407253177150377 ], [ -157.739761145533862, 21.407104260703861 ], [ -157.739691736857026, 21.406931579170532 ], [ -157.739577896740371, 21.40678524241499 ], [ -157.739470675283172, 21.406634981486313 ], [ -157.739388458837283, 21.406469894723781 ], [ -157.739357418526623, 21.406274464155693 ], [ -157.739294767736709, 21.406097776316159 ], [ -157.739187598436104, 21.405947484002251 ], [ -157.739065476354398, 21.40580605853545 ], [ -157.738967635890361, 21.405650235442884 ], [ -157.738874812257961, 21.405491439147273 ], [ -157.738770706724864, 21.405339331306948 ], [ -157.738702560880284, 21.405241956668672 ], [ -157.738642012649336, 21.405164375785631 ], [ -157.738521161678449, 21.405023344355129 ], [ -157.738392306954921, 21.404888864293664 ], [ -157.738267209164661, 21.404751308476641 ], [ -157.738154801964612, 21.40460336642607 ], [ -157.738038223482363, 21.404458838316945 ], [ -157.73792708741621, 21.404309855993482 ], [ -157.737812054021816, 21.404164063830621 ], [ -157.737693895623238, 21.404020829864763 ], [ -157.737562585679058, 21.403888358771272 ], [ -157.737443408672789, 21.403745958 ], [ -157.737341113140758, 21.403589740957212 ], [ -157.737255536813194, 21.40341984105018 ], [ -157.737102863221708, 21.403304855822423 ], [ -157.736985641723834, 21.403160854280038 ], [ -157.736869157788192, 21.403016250259569 ], [ -157.736748534656641, 21.402875033285337 ], [ -157.736628025408748, 21.402733724043934 ], [ -157.736507353184948, 21.40259254809542 ], [ -157.736385406619945, 21.402452415778669 ], [ -157.736268398261046, 21.402308241036483 ], [ -157.736179658836392, 21.402140930211882 ], [ -157.73607751920116, 21.401984587176791 ], [ -157.735872661483313, 21.401922672781499 ], [ -157.735729427342051, 21.401800077212041 ], [ -157.735583832131852, 21.401680498104223 ], [ -157.735430717291479, 21.401570520873108 ], [ -157.735271234665419, 21.401468677195261 ], [ -157.735104411832225, 21.401376208157576 ], [ -157.734937862308414, 21.401283390520636 ], [ -157.734771514896352, 21.401190314987229 ], [ -157.73461378683902, 21.40108623007632 ], [ -157.734459607300494, 21.400977615269248 ], [ -157.73430559479155, 21.400868785686733 ], [ -157.734228294619157, 21.400815803612268 ], [ -157.734079241521925, 21.400691519573481 ], [ -157.733917058350698, 21.400591533269925 ], [ -157.733757218194199, 21.400487210323842 ], [ -157.733593490601976, 21.400390083836569 ], [ -157.733419998050351, 21.400311025581452 ], [ -157.73323659246509, 21.400250310835577 ], [ -157.733076969815784, 21.400145586921006 ], [ -157.732888104591069, 21.400094977075181 ], [ -157.732705578804399, 21.400032635143855 ], [ -157.732509058019446, 21.399949539140234 ], [ -157.732331949576917, 21.399876714546039 ], [ -157.732154412896392, 21.399805023861461 ], [ -157.731977430170048, 21.399731869227413 ], [ -157.731797076748308, 21.399667609581993 ], [ -157.731616990996031, 21.39960264354049 ], [ -157.731437896436859, 21.399535063265109 ], [ -157.731257848518851, 21.39946999957364 ], [ -157.731077469134959, 21.399405807637088 ], [ -157.730898068084002, 21.399339039313144 ], [ -157.730718499434488, 21.399272709470122 ], [ -157.730537414776734, 21.399210379776306 ], [ -157.730355564282831, 21.399150072132528 ], [ -157.730172685370349, 21.399092480133092 ], [ -157.729984699360557, 21.399048359878343 ], [ -157.729799508938441, 21.398996866610556 ], [ -157.729617333298592, 21.398937418431469 ], [ -157.729439921626522, 21.398865400704246 ], [ -157.729266375708221, 21.398783180662477 ], [ -157.729106650594474, 21.398664499088127 ], [ -157.728931535563333, 21.398586423171295 ], [ -157.72875655991291, 21.398507979565338 ], [ -157.728567335315034, 21.398467130274561 ], [ -157.728374229436326, 21.398436522515432 ], [ -157.728192664210013, 21.398375464972872 ], [ -157.728031990827418, 21.398259287468459 ], [ -157.727871797456061, 21.398141843340174 ], [ -157.72770856396599, 21.398032420398856 ], [ -157.727552385790915, 21.397904384772389 ], [ -157.727379914170086, 21.39781933537316 ], [ -157.72720512096771, 21.397740414625385 ], [ -157.727032730692429, 21.397655152308879 ], [ -157.726854811588652, 21.397584479522525 ], [ -157.726675086211685, 21.397518568887431 ], [ -157.726507572057301, 21.397420444945425 ] ] } },
{ "type": "Feature", "properties": { "objectid": 46, "island": "Oahu", "st_lengthshape": 446.99261979144774 }, "geometry": { "type": "LineString", "coordinates": [ [ -157.725415721060557, 21.39656225075025 ], [ -157.725221374161606, 21.396512727298909 ], [ -157.725060265295866, 21.396413246869333 ], [ -157.724907714134048, 21.396300903427058 ], [ -157.724717731541006, 21.396244821707185 ], [ -157.724528839820209, 21.396187098545745 ], [ -157.72434763593148, 21.396117821914597 ], [ -157.724168575519371, 21.396045322868964 ], [ -157.723986563735536, 21.395977261052117 ], [ -157.723803973551583, 21.39591006818803 ], [ -157.723656292997617, 21.395790405601261 ], [ -157.723505816518752, 21.395674946608061 ], [ -157.723339891517213, 21.395582707187632 ], [ -157.723162486941646, 21.395507719226501 ], [ -157.722979127603963, 21.395441684070423 ], [ -157.722800072659425, 21.39536917824157 ], [ -157.722606547376273, 21.395318421417347 ], [ -157.722018446704709, 21.395356298526533 ], [ -157.721824685225499, 21.395339859331692 ], [ -157.721631601444244, 21.3953205876387 ], [ -157.721438761934763, 21.395300297698515 ] ] } },
{ "type": "Feature", "properties": { "objectid": 47, "island": "Oahu", "st_lengthshape": 2229.0916258275483 }, "geometry": { "type": "LineString", "coordinates": [ [ -157.720300970586322, 21.395644468023146 ], [ -157.720160693955677, 21.395517889598164 ], [ -157.719993829117215, 21.395425635268527 ], [ -157.719827088379873, 21.395333221834129 ], [ -157.719664307596702, 21.395235696576634 ], [ -157.719507299343547, 21.395130719204243 ], [ -157.719351784880615, 21.39502381359668 ], [ -157.719194651246482, 21.394918997594299 ], [ -157.719023410430793, 21.394832394642709 ], [ -157.718850681144289, 21.394747712429321 ], [ -157.718681102104284, 21.394658964626316 ], [ -157.718522200682656, 21.394556431751113 ], [ -157.718349479832114, 21.39447173917198 ], [ -157.718209443096669, 21.394344853004586 ], [ -157.718069740237155, 21.394217536573699 ], [ -157.717923117058234, 21.394099153705554 ], [ -157.717796511485204, 21.393954927918799 ], [ -157.717637659257576, 21.393852333203046 ], [ -157.717449579685479, 21.393787468381991 ], [ -157.717340676723211, 21.393757709056743 ], [ -157.717151701197878, 21.393705577080127 ], [ -157.716953095983939, 21.393687118766788 ], [ -157.716755963051185, 21.393664979473535 ], [ -157.716549501739308, 21.393666173586077 ], [ -157.716332712998138, 21.393693203842027 ], [ -157.716102223038462, 21.393695416726676 ], [ -157.715863549036101, 21.393676380233607 ], [ -157.715668441425976, 21.393610778504978 ], [ -157.715498484563028, 21.39351829476017 ], [ -157.715371636631573, 21.39337973485376 ], [ -157.715102240444253, 21.393393534671635 ], [ -157.714791155236952, 21.393076213210652 ], [ -157.714731896663864, 21.392903625660882 ], [ -157.714781270709324, 21.392688712013925 ], [ -157.714732955845079, 21.392511860489414 ], [ -157.714822206353602, 21.392281410297784 ], [ -157.714908354601704, 21.392052167540552 ], [ -157.714791007610472, 21.391902213770219 ], [ -157.714736756132481, 21.391727675404692 ], [ -157.714604402504278, 21.391609677414131 ], [ -157.714515813647637, 21.391437622895708 ], [ -157.714400946087125, 21.391289915558609 ], [ -157.71435333284461, 21.391079895408755 ], [ -157.714225972941279, 21.390943762639051 ], [ -157.714096509913446, 21.39080957845157 ], [ -157.713973855070719, 21.390669087664168 ], [ -157.713849075717775, 21.390530564269273 ], [ -157.713733191370267, 21.39038380085632 ], [ -157.713580834476858, 21.390270828542921 ], [ -157.713442081080387, 21.390145253867928 ], [ -157.713266485615378, 21.390053812436797 ], [ -157.71314617379582, 21.389911151143348 ], [ -157.713031117202036, 21.389763620364963 ], [ -157.7129254680776, 21.389607373875506 ], [ -157.712792567923003, 21.389476376519941 ], [ -157.712658357187706, 21.3893465921497 ], [ -157.71258711453774, 21.389265109225121 ], [ -157.712470602574626, 21.389121100848552 ], [ -157.712358841639201, 21.388973624761476 ], [ -157.712305890316912, 21.388888233322653 ], [ -157.712201563922832, 21.388732103172437 ], [ -157.712111916484389, 21.388570745048956 ], [ -157.712049344232952, 21.388399743716988 ], [ -157.711981831810135, 21.388230501199008 ], [ -157.711884866353245, 21.388071748955873 ], [ -157.711790173868081, 21.387912187550892 ], [ -157.711723856852529, 21.387742520513029 ], [ -157.711686857619952, 21.387562410931594 ], [ -157.711638654293694, 21.387386291216757 ], [ -157.711606671944423, 21.387204395378077 ], [ -157.711582626429333, 21.387019671571899 ], [ -157.711551275040421, 21.386837551116081 ], [ -157.711510080925649, 21.386658935941824 ], [ -157.711468905287035, 21.386480313673236 ], [ -157.711435680000989, 21.386298859929774 ], [ -157.711372010239927, 21.386128250130671 ], [ -157.711186390547795, 21.385862636113654 ], [ -157.711060902094175, 21.385724109921778 ], [ -157.71097204862258, 21.385562185542874 ], [ -157.710891652254986, 21.385394860821101 ], [ -157.710800542099349, 21.385234377936509 ], [ -157.710667043785122, 21.385100967946062 ], [ -157.710505923307068, 21.384895109669678 ], [ -157.710416319615518, 21.384714689399019 ], [ -157.710382622434224, 21.384472475836276 ], [ -157.71035623538657, 21.384435391712458 ], [ -157.710329931371064, 21.384248633200713 ], [ -157.710152044218546, 21.384124981974999 ], [ -157.710051855006469, 21.383968984534977 ], [ -157.709962402504914, 21.383808516702786 ], [ -157.709891495829311, 21.383640327756964 ], [ -157.70985096915507, 21.383459490598646 ], [ -157.709751889090285, 21.383303030883077 ], [ -157.709569563179258, 21.383181228449843 ], [ -157.709420786713679, 21.383045457911091 ], [ -157.709294048744368, 21.382900513419749 ], [ -157.709226393878936, 21.382730970726918 ], [ -157.709172565542218, 21.38255567162982 ], [ -157.709137686184789, 21.382450038683412 ], [ -157.709078507870231, 21.382276292813398 ], [ -157.709045860197051, 21.382098234314153 ], [ -157.70902662270845, 21.381917996227358 ], [ -157.708996995427015, 21.381739446047995 ], [ -157.708901629396451, 21.381571583420346 ], [ -157.708804694042755, 21.381403976059264 ], [ -157.708721367589334, 21.381185058069203 ], [ -157.708647664695206, 21.381018057635071 ], [ -157.708515529346187, 21.380875052140539 ] ] } },
{ "type": "Feature", "properties": { "objectid": 48, "island": "Oahu", "st_lengthshape": 42.931171915157393 }, "geometry": { "type": "LineString", "coordinates": [ [ -157.707920068057206, 21.380724354145283 ], [ -157.707757544845748, 21.38061539454543 ], [ -157.707563453701226, 21.380530566821758 ] ] } },
{ "type": "Feature", "properties": { "objectid": 49, "island": "Oahu", "st_lengthshape": 7972.6813059167689 }, "geometry": { "type": "LineString", "coordinates": [ [ -157.706404486896929, 21.379646682896304 ], [ -157.706432647082522, 21.379467103644178 ], [ -157.706462365130562, 21.379287597819669 ], [ -157.706483462304789, 21.379107691278428 ], [ -157.706505483970346, 21.378927827086812 ], [ -157.706520808129596, 21.378747651990587 ], [ -157.706551372335497, 21.378568185168881 ], [ -157.706594645842756, 21.378389308636471 ], [ -157.706631382816255, 21.378210128758798 ], [ -157.706655750652232, 21.378030373839795 ], [ -157.706643040262065, 21.377848896770541 ], [ -157.706641855341559, 21.37766795479698 ], [ -157.706672066250945, 21.377488471641822 ], [ -157.706714825372131, 21.377309571197987 ], [ -157.706742360813763, 21.377129963508459 ], [ -157.70676320749584, 21.376950044992654 ], [ -157.70677354871745, 21.376769638087762 ], [ -157.706769453057831, 21.376588561636964 ], [ -157.706705282901282, 21.376404693319007 ], [ -157.706715929716751, 21.376224301410293 ], [ -157.706748176181861, 21.376161179624589 ], [ -157.706854370962674, 21.376004743901397 ], [ -157.707024458471238, 21.375869499902528 ], [ -157.707229953610351, 21.375745998402078 ], [ -157.707316677065393, 21.37558310510957 ], [ -157.707384879946801, 21.375414069011875 ], [ -157.707438433900791, 21.375240173812784 ], [ -157.70749199732947, 21.375066282274148 ], [ -157.707545546194666, 21.374892386080617 ], [ -157.707600624895349, 21.374718997585347 ], [ -157.707650020152727, 21.374543723352136 ], [ -157.70770220115844, 21.37436937300054 ], [ -157.70775641685168, 21.374195698644911 ], [ -157.707796468423737, 21.374017325247952 ], [ -157.707853796681633, 21.373844682955436 ], [ -157.707917727407477, 21.373674229711671 ], [ -157.707964208102823, 21.373497989790682 ], [ -157.708031471562435, 21.373328641653487 ], [ -157.708096278835256, 21.373158479618429 ], [ -157.708157295182758, 21.372987060706794 ], [ -157.708189701837028, 21.372806152210408 ], [ -157.708214013380427, 21.372622558948795 ], [ -157.708351697307194, 21.372476567818758 ], [ -157.708438185665557, 21.372313596962414 ], [ -157.708560266632759, 21.372162430376459 ], [ -157.708615409309289, 21.371989062668934 ], [ -157.708707808200984, 21.371828051330503 ], [ -157.708791269509902, 21.371664076815357 ], [ -157.708905634423218, 21.371510350978376 ], [ -157.70892668966755, 21.371325678272608 ], [ -157.708940400923154, 21.37113856962452 ], [ -157.708992994405293, 21.370964356460071 ], [ -157.70899743836091, 21.370774174656923 ], [ -157.709009593532642, 21.370586549943294 ], [ -157.709064416693906, 21.370413076569026 ], [ -157.709122636153978, 21.370240729577382 ], [ -157.709182929676388, 21.370069070604494 ], [ -157.709239127514621, 21.36989605397623 ], [ -157.709295205979515, 21.369722996654442 ], [ -157.709411792011252, 21.369570008310156 ], [ -157.709483420396452, 21.36940210848956 ], [ -157.709535861524785, 21.369227846017331 ], [ -157.70958074136928, 21.369051074582135 ], [ -157.709619121555079, 21.368872148338088 ], [ -157.709649943380782, 21.368690714972804 ], [ -157.709693869936217, 21.368513627207339 ], [ -157.709725377195952, 21.368332421308473 ], [ -157.709752782147859, 21.368149855025461 ], [ -157.709820386964992, 21.367980621419239 ], [ -157.709922397860822, 21.367822798732419 ], [ -157.709996213315094, 21.367655625445785 ], [ -157.7100563844036, 21.367483926234613 ], [ -157.710090298784962, 21.3673035183126 ], [ -157.710108380300966, 21.367117859451351 ], [ -157.710195594094614, 21.366955129626056 ], [ -157.710226438831228, 21.366777765864569 ], [ -157.710309124228019, 21.366291706150729 ], [ -157.710290651728286, 21.366111813448651 ], [ -157.710280772109229, 21.36593135170413 ], [ -157.71027941778928, 21.365750325818272 ], [ -157.710288610283698, 21.36556860317074 ], [ -157.710281927516746, 21.365387930202182 ], [ -157.710239554478278, 21.365209618108839 ], [ -157.710195853275735, 21.365032001322177 ], [ -157.710046290970553, 21.364246101734647 ], [ -157.709920989985079, 21.364077587896656 ], [ -157.709871160962365, 21.363901057655202 ], [ -157.709854352018425, 21.363721019589221 ], [ -157.709851921743564, 21.363539455138888 ], [ -157.709843324370013, 21.363358545198796 ], [ -157.709813779753659, 21.363179860038482 ], [ -157.709787971730805, 21.363000779011596 ], [ -157.709775106031969, 21.362820322264522 ], [ -157.709779851573842, 21.362637995409465 ], [ -157.709794251646258, 21.362454642457649 ], [ -157.709811231809113, 21.362271015736177 ], [ -157.709812854632759, 21.362089020791029 ], [ -157.709756641093804, 21.361913168648513 ], [ -157.709668834812106, 21.361740671752536 ], [ -157.709592920671611, 21.361566912991318 ], [ -157.70953869019678, 21.361390850187764 ], [ -157.709502091174556, 21.361212913827696 ], [ -157.709483641863329, 21.36103305099201 ], [ -157.709466189691653, 21.360853081994208 ], [ -157.709450226940817, 21.360672953706924 ], [ -157.709420306705198, 21.36049430894051 ], [ -157.709397188635023, 21.360314941375297 ], [ -157.709391186853139, 21.360139534705947 ], [ -157.709447927815148, 21.359891755482536 ], [ -157.709407646796421, 21.359713766400596 ], [ -157.709310187615046, 21.359553977650108 ], [ -157.709209295635759, 21.359395282621488 ], [ -157.709134142596923, 21.35922839414167 ], [ -157.709074848184457, 21.359056457648869 ], [ -157.709074952237586, 21.358865613464836 ], [ -157.708993268227545, 21.358700803930191 ], [ -157.708904501824918, 21.358538248882638 ], [ -157.708848525808349, 21.358365256517423 ], [ -157.708776643186098, 21.358197327084746 ], [ -157.708708849334869, 21.358028095714118 ], [ -157.708638740544842, 21.357859602625943 ], [ -157.70856209479004, 21.357693189351735 ], [ -157.70847967410154, 21.35752861422484 ], [ -157.708404532405069, 21.357361722836458 ], [ -157.708342448645425, 21.357190674342473 ], [ -157.708276374104344, 21.357020895963043 ], [ -157.708207120122381, 21.35685213015546 ], [ -157.708157980394958, 21.35667696159857 ], [ -157.708152874175255, 21.356487775642417 ], [ -157.708015311071676, 21.356340754698035 ], [ -157.707764101919906, 21.356229908514919 ], [ -157.707686389356837, 21.356063835375149 ], [ -157.70763353227369, 21.355889850383956 ], [ -157.707677627632847, 21.355685003070128 ], [ -157.707763635302456, 21.355466814085212 ], [ -157.707692894311322, 21.355298521752278 ], [ -157.707620155619821, 21.355130865339454 ], [ -157.707558008783536, 21.354959837786673 ], [ -157.707510497827911, 21.354784150424383 ], [ -157.707461696977191, 21.354608874086409 ], [ -157.707411938886935, 21.354433902929436 ], [ -157.707380776502873, 21.354253011561337 ], [ -157.70742199473375, 21.354049080713427 ], [ -157.707400887329783, 21.353864988451811 ], [ -157.707366576463613, 21.353685099958849 ], [ -157.707355333567051, 21.35349786766454 ], [ -157.707321825432047, 21.353317723366064 ], [ -157.70717154505553, 21.353174751265072 ], [ -157.707025393110598, 21.353030463918689 ], [ -157.706917991113016, 21.352873842268799 ], [ -157.706883504041031, 21.352694010150348 ], [ -157.706836765172312, 21.352518077429728 ], [ -157.706711960668144, 21.352366994748976 ], [ -157.706584124872847, 21.352216877815007 ], [ -157.70648388161672, 21.352057976774944 ], [ -157.706394808332959, 21.351895520284266 ], [ -157.706299970978591, 21.351734899238156 ], [ -157.70620058025429, 21.35157572728377 ], [ -157.706065733017255, 21.351427841474965 ], [ -157.705965035367484, 21.351269085711138 ], [ -157.705916733369946, 21.351093651125915 ], [ -157.705865672676538, 21.35092721980725 ], [ -157.705688323612605, 21.3499394137074 ], [ -157.705635402162557, 21.349757420310493 ], [ -157.705548490209225, 21.34959528090176 ], [ -157.705458835472029, 21.34943474274333 ], [ -157.705365625712545, 21.349276281963316 ], [ -157.705269498705377, 21.349119525869114 ], [ -157.705119158031437, 21.348994435423364 ], [ -157.704932166501408, 21.348890752775269 ], [ -157.704795595479652, 21.348757619041482 ], [ -157.704706832775571, 21.348596560744703 ], [ -157.704620941156321, 21.348433826236967 ], [ -157.704420913379295, 21.348337758095081 ], [ -157.704317480835869, 21.348185268626626 ], [ -157.704255524384564, 21.348008553038664 ], [ -157.704296083856065, 21.347771958786474 ], [ -157.704204864251238, 21.347612335708412 ], [ -157.704088443606651, 21.34746743349287 ], [ -157.703949995268346, 21.347335397591859 ], [ -157.703824253914377, 21.347195939191028 ], [ -157.703728069736655, 21.347039217096007 ], [ -157.703644311395237, 21.34687523661804 ], [ -157.703557358624948, 21.346713122175341 ], [ -157.703477979654622, 21.346546583692433 ], [ -157.703425227692833, 21.346364492541149 ], [ -157.703348582276817, 21.346196358094893 ], [ -157.703229929466858, 21.346052759726557 ], [ -157.703185109182328, 21.345866036799858 ], [ -157.703072329361532, 21.345719008456989 ], [ -157.702875055999186, 21.345621332061796 ], [ -157.702771138353285, 21.345469127976607 ], [ -157.702659336226702, 21.345321528782037 ], [ -157.702543881300073, 21.345176062137689 ], [ -157.702435089076829, 21.345026704635227 ], [ -157.702337044841272, 21.344871070461071 ], [ -157.702229803808422, 21.34472080701083 ], [ -157.702126682202191, 21.344568138067949 ], [ -157.70206375562185, 21.344391990624334 ], [ -157.702033766366668, 21.344196605913115 ], [ -157.701837689825766, 21.344098231221473 ], [ -157.701788022753277, 21.343914339590928 ], [ -157.701719256272582, 21.343741604053115 ], [ -157.701626227392978, 21.343583039838343 ], [ -157.701490496711585, 21.343449417841523 ], [ -157.701389312253724, 21.343295617107977 ], [ -157.701270873918446, 21.343151895388988 ], [ -157.701144084041459, 21.343013051291958 ], [ -157.701009516406884, 21.34287875047637 ], [ -157.700880164389559, 21.342741403122243 ], [ -157.700744816056812, 21.342607557689877 ], [ -157.700634971985409, 21.342458816126506 ], [ -157.70058904998362, 21.34227273812952 ], [ -157.700490596548065, 21.342117342829972 ], [ -157.700382387181293, 21.341967646269023 ], [ -157.700287608442068, 21.34181010581219 ], [ -157.700082044741265, 21.341717272910497 ], [ -157.699920008763883, 21.341599017379835 ], [ -157.699810401773021, 21.341450137142729 ], [ -157.699701301897193, 21.341300960851466 ], [ -157.699605857483419, 21.341143808759579 ], [ -157.699632469055359, 21.340915365320516 ], [ -157.699510279565345, 21.34077383479913 ], [ -157.699362263743012, 21.340647389970826 ], [ -157.699269007590431, 21.340488960139265 ], [ -157.699192463707249, 21.340320768798534 ], [ -157.699051330958099, 21.340190303775039 ], [ -157.698909495785671, 21.340060248746482 ], [ -157.698789740394574, 21.339917296646128 ], [ -157.698677959865421, 21.339769687098801 ], [ -157.698574722145281, 21.339617087566705 ], [ -157.698471542784944, 21.339464454102249 ], [ -157.698369882369235, 21.339310934411426 ], [ -157.698247657583835, 21.339169425366002 ], [ -157.698150491806331, 21.339013279089237 ], [ -157.698078326813516, 21.338842531304827 ], [ -157.698028328601907, 21.338658835808257 ], [ -157.697940046093777, 21.338497501625515 ], [ -157.697853136150002, 21.338335366824293 ], [ -157.697782576801188, 21.338163680137402 ], [ -157.697701528929429, 21.337998120905144 ], [ -157.697606087674302, 21.337840968730518 ], [ -157.697538801789904, 21.337667371433163 ], [ -157.697405732830418, 21.337532197038438 ], [ -157.697305899783373, 21.337377609623541 ], [ -157.697214650120401, 21.337218010032554 ], [ -157.697123581897131, 21.337058303401683 ], [ -157.697033157403411, 21.336898221405473 ], [ -157.696943988200957, 21.336737406541271 ], [ -157.696858386786175, 21.336574507255797 ], [ -157.696769250918635, 21.336413671790986 ], [ -157.696673683680473, 21.33625659405072 ], [ -157.696573523650642, 21.336102198837811 ], [ -157.696453154298354, 21.335959607245073 ], [ -157.69633585266007, 21.335815223626238 ], [ -157.696225499347491, 21.335666782666333 ], [ -157.69611280760509, 21.335519707439069 ], [ -157.695997177511117, 21.335374348303805 ], [ -157.695868797033256, 21.335236435884099 ], [ -157.695733860240637, 21.335102354211998 ], [ -157.695611445576162, 21.334960957597289 ], [ -157.695498195751952, 21.334814208292514 ], [ -157.695394887070393, 21.334661652533423 ], [ -157.695287237625251, 21.334511632162428 ], [ -157.695179636855357, 21.334361583199939 ], [ -157.695073181868423, 21.334210865555129 ], [ -157.694962461722696, 21.33406263960946 ], [ -157.694854963354885, 21.333912531633594 ], [ -157.694750050008679, 21.333760913387454 ], [ -157.694644445845825, 21.33360969893717 ], [ -157.694537854301416, 21.33345906122895 ], [ -157.694429559156703, 21.333309418371186 ], [ -157.694323315001839, 21.333158578177436 ], [ -157.694216808420862, 21.333007890358346 ], [ -157.694107868438266, 21.332858625326939 ], [ -157.693996529966199, 21.332710760766162 ], [ -157.69389030315125, 21.332559909620784 ], [ -157.69378497108778, 21.332408536905781 ], [ -157.69368179855644, 21.332255902667832 ], [ -157.693581399031757, 21.332101649433483 ], [ -157.693488335039206, 21.331949900357007 ], [ -157.693327084000344, 21.331721179206419 ], [ -157.693214608931839, 21.331570213157764 ], [ -157.693081219107142, 21.331439550840258 ], [ -157.692943304380009, 21.331313282389804 ], [ -157.692801692376378, 21.331190603018793 ], [ -157.692660816801947, 21.331067209290598 ], [ -157.692521742576133, 21.330942066115341 ], [ -157.69238698462118, 21.330812733225699 ], [ -157.692246984057874, 21.330688489602217 ], [ -157.692106520807954, 21.330564695754692 ], [ -157.691966137538031, 21.330440824732097 ], [ -157.691835329931934, 21.330307656717562 ], [ -157.691704777352612, 21.330174242171736 ], [ -157.691564130271473, 21.330050627144793 ], [ -157.69141802468377, 21.329932311053355 ], [ -157.69126355859035, 21.329822111437188 ], [ -157.691108083261014, 21.329712891196117 ], [ -157.690974445583663, 21.329593286082225 ], [ -157.690731441822663, 21.329379871112753 ], [ -157.690581609989806, 21.329262230839703 ], [ -157.690426317541437, 21.329153277922686 ], [ -157.690267169284937, 21.329050458418788 ], [ -157.690104082061083, 21.328953907171964 ], [ -157.689937614274015, 21.328862735104302 ], [ -157.689775670724572, 21.328764363174649 ], [ -157.689614249605285, 21.328665162276558 ], [ -157.689454512757578, 21.3285632805588 ], [ -157.689290963076189, 21.328467466612679 ], [ -157.689112815683757, 21.328394875041774 ], [ -157.688933584896517, 21.328324007473498 ], [ -157.688763829727321, 21.328238065280033 ], [ -157.688599397799806, 21.328143653947144 ], [ -157.688435633046481, 21.328048182611845 ], [ -157.688266772354183, 21.327960818715251 ], [ -157.688097289898792, 21.327874442591003 ], [ -157.687921450884488, 21.327798179427269 ], [ -157.687745026241174, 21.327722850100443 ], [ -157.687578469478183, 21.3276318205519 ], [ -157.687394176521138, 21.327569006844669 ], [ -157.687215047403441, 21.327497978416122 ], [ -157.687038214734486, 21.327423297411229 ], [ -157.68686703590086, 21.327339622332438 ], [ -157.686705225265172, 21.327241043564925 ], [ -157.686540916138512, 21.327146438857387 ], [ -157.686376769556858, 21.327056885017072 ], [ -157.686107689888388, 21.326929735383334 ], [ -157.685933969283013, 21.326846225622354 ], [ -157.685759795753114, 21.3267640138818 ], [ -157.68558669589882, 21.32667872540943 ], [ -157.685413011514271, 21.326595114240732 ], [ -157.685236340400138, 21.326520062306884 ], [ -157.685061101127019, 21.326440905714001 ], [ -157.684879732839761, 21.326379310074916 ], [ -157.68469916808499, 21.326315413367542 ], [ -157.684518753872766, 21.326251086750748 ], [ -157.684339844704908, 21.326182446467794 ], [ -157.684157832960949, 21.326122697817215 ], [ -157.683964843048841, 21.326094402723054 ], [ -157.683767500855964, 21.326078577554142 ], [ -157.683569943012628, 21.326063371973728 ], [ -157.683378461181604, 21.326030756443544 ], [ -157.68319556754102, 21.325973532870719 ], [ -157.68301520199617, 21.32590906685185 ], [ -157.6828383648417, 21.325834495376316 ], [ -157.682667578190944, 21.325742586099274 ], [ -157.682498028540579, 21.325647132559542 ], [ -157.682321054483197, 21.325572951544878 ], [ -157.682140923346537, 21.325507817075223 ], [ -157.681956241010852, 21.325455721870398 ], [ -157.681744353397931, 21.325481569445799 ], [ -157.681533710394092, 21.325503855557173 ], [ -157.681320643245073, 21.325533082721329 ], [ -157.681141361605512, 21.325465514811583 ], [ -157.680961593340839, 21.325399340386035 ], [ -157.680784069306782, 21.325326737962836 ], [ -157.680614926126992, 21.325230124070409 ], [ -157.680449142383111, 21.325123884963585 ], [ -157.680298471829246, 21.324974349206691 ], [ -157.680123358002049, 21.324894842646511 ], [ -157.67993419006919, 21.324855599100065 ], [ -157.679728075646779, 21.324864908450301 ], [ -157.679542846897618, 21.324820529130943 ], [ -157.679232308691127, 21.324810791640815 ], [ -157.679071310762822, 21.32470989512295 ], [ -157.678914352841304, 21.324601977733181 ], [ -157.67875820506768, 21.324492652825871 ], [ -157.678603816444109, 21.324380269307351 ], [ -157.678406190915013, 21.324343035321416 ], [ -157.678227636339017, 21.324272655285093 ], [ -157.678066345905847, 21.324172269561856 ], [ -157.677907854674231, 21.324067019472515 ], [ -157.677851394931281, 21.323948396244653 ], [ -157.677716305185868, 21.323818347812544 ], [ -157.677580064485056, 21.323689166479088 ], [ -157.677437162448825, 21.323565002255545 ], [ -157.677305832747066, 21.323432122180851 ], [ -157.677158072113656, 21.323311617837859 ], [ -157.67701151144098, 21.323190210430582 ], [ -157.676875152553151, 21.323061117974273 ], [ -157.676742756432787, 21.322934380928597 ] ] } },
{ "type": "Feature", "properties": { "objectid": 50, "island": "Oahu", "st_lengthshape": 79.966969757989631 }, "geometry": { "type": "LineString", "coordinates": [ [ -157.673789367864288, 21.321781039438942 ], [ -157.673624972851599, 21.321684978439205 ], [ -157.673465238367299, 21.321583240359338 ], [ -157.673299908030998, 21.321488318935366 ], [ -157.673137182129722, 21.321396161386762 ] ] } },
{ "type": "Feature", "properties": { "objectid": 51, "island": "Oahu", "st_lengthshape": 100.30425153121107 }, "geometry": { "type": "LineString", "coordinates": [ [ -157.672678704209602, 21.320945876356799 ], [ -157.672559869657391, 21.320802513218261 ], [ -157.672431943917047, 21.320664526336781 ], [ -157.67232701540533, 21.32051294123363 ], [ -157.672241279817968, 21.320350009774192 ], [ -157.672136113252861, 21.32020006949412 ] ] } },
{ "type": "Feature", "properties": { "objectid": 52, "island": "Oahu", "st_lengthshape": 233.77011712317983 }, "geometry": { "type": "LineString", "coordinates": [ [ -157.671262264354311, 21.319289890743129 ], [ -157.671114897789096, 21.319173107252848 ], [ -157.670967600659509, 21.319056240179282 ], [ -157.670822557066288, 21.318942555235729 ], [ -157.67039721551626, 21.318853110581642 ], [ -157.67022509993032, 21.318769366744224 ], [ -157.669991506426982, 21.31863902498117 ], [ -157.669904285782025, 21.318475146647305 ], [ -157.669839967870473, 21.318295723908317 ], [ -157.669745895550562, 21.318136495052446 ], [ -157.669638469349536, 21.317995230228082 ] ] } },
{ "type": "Feature", "properties": { "objectid": 53, "island": "Oahu", "st_lengthshape": 453.89630467259479 }, "geometry": { "type": "LineString", "coordinates": [ [ -157.668199061118912, 21.316520415794148 ], [ -157.66804916912983, 21.316389522965576 ], [ -157.667888749629213, 21.316281645291134 ], [ -157.667724836211704, 21.316181402914008 ], [ -157.667544757110505, 21.316116499640735 ], [ -157.667368668040837, 21.316042873432007 ], [ -157.667184317173991, 21.315987308193584 ], [ -157.666998091008253, 21.315935842654223 ], [ -157.666819178947321, 21.315868388688727 ], [ -157.666636697047721, 21.315809705768704 ], [ -157.666218550089525, 21.315738568372794 ], [ -157.66601828122046, 21.315725644743171 ], [ -157.66582131443505, 21.3157269992208 ], [ -157.665621597670196, 21.315716463440342 ], [ -157.665436873213849, 21.31577073977709 ], [ -157.66525164819177, 21.31582065417339 ], [ -157.664786501502221, 21.316057584369258 ], [ -157.664620557383898, 21.316144542100545 ], [ -157.664317859928644, 21.316154225117049 ], [ -157.664131451602799, 21.316163921669737 ] ] } },
{ "type": "Feature", "properties": { "objectid": 54, "island": "Oahu", "st_lengthshape": 19.620280271132557 }, "geometry": { "type": "LineString", "coordinates": [ [ -157.662436484667694, 21.315439675747367 ], [ -157.66227004762726, 21.315355482364321 ] ] } },
{ "type": "Feature", "properties": { "objectid": 55, "island": "Oahu", "st_lengthshape": 233.0074018664784 }, "geometry": { "type": "LineString", "coordinates": [ [ -157.660967140440732, 21.311598307385445 ], [ -157.660860694680792, 21.311447316169652 ], [ -157.660656818770889, 21.311364495425241 ], [ -157.66059468989215, 21.311182498074594 ], [ -157.660571262167224, 21.310973422056627 ], [ -157.660445544839291, 21.310835915907674 ], [ -157.660295053539841, 21.310715742749505 ], [ -157.660214784181818, 21.310546438287169 ], [ -157.660055047667072, 21.310432734249481 ], [ -157.659881822203999, 21.310328467388459 ], [ -157.659714053194904, 21.31022038472905 ], [ -157.659542588173451, 21.310117110794369 ] ] } },
{ "type": "Feature", "properties": { "objectid": 56, "island": "Oahu", "st_lengthshape": 512.79277124171176 }, "geometry": { "type": "LineString", "coordinates": [ [ -157.674691971786217, 21.285599926619991 ], [ -157.674511818783827, 21.285673540253963 ], [ -157.674350908094397, 21.285829724597448 ], [ -157.674163519731422, 21.285872292178698 ], [ -157.673976569365834, 21.285916738360687 ], [ -157.67378915018574, 21.285959173382363 ], [ -157.673599894138448, 21.285993725498788 ], [ -157.673399385367617, 21.285979991144846 ], [ -157.673218465629816, 21.286050317219445 ], [ -157.673031164005351, 21.286093254570531 ], [ -157.67284263156796, 21.286130914545332 ], [ -157.672653104140409, 21.286164301723336 ], [ -157.672460843353434, 21.286185961464078 ], [ -157.67221671212755, 21.285985019249853 ], [ -157.672018130328752, 21.285979549691682 ], [ -157.671822637234925, 21.285987333889825 ], [ -157.671640865759571, 21.286054009190664 ], [ -157.671467171207638, 21.286155343777914 ], [ -157.671302485215989, 21.286295340558546 ], [ -157.671095439137673, 21.28625354517143 ], [ -157.670878293093779, 21.286168405466096 ], [ -157.670683813210701, 21.286180536941696 ], [ -157.670509363370741, 21.286278635952492 ], [ -157.670318629835748, 21.28630684827667 ], [ -157.670125795176261, 21.286326040960411 ] ] } },
{ "type": "Feature", "properties": { "objectid": 57, "island": "Oahu", "st_lengthshape": 534.31803525805594 }, "geometry": { "type": "LineString", "coordinates": [ [ -157.697442450408118, 21.26813431342687 ], [ -157.697495863218791, 21.268308778221094 ], [ -157.697591348703241, 21.268665930139257 ], [ -157.697649669308049, 21.268880152799031 ], [ -157.697673632511879, 21.269082088811555 ], [ -157.697686083340614, 21.269279908637152 ], [ -157.697662838248164, 21.269464963535448 ], [ -157.697615463351298, 21.269641389964629 ], [ -157.697552572501394, 21.269812268113039 ], [ -157.697485862581317, 21.269981780628171 ], [ -157.697426483863694, 21.270153914437149 ], [ -157.697394107425623, 21.270335703463882 ], [ -157.697413727862681, 21.270536087344066 ], [ -157.697364997618365, 21.270712028908687 ], [ -157.697330027899909, 21.270892891778182 ], [ -157.697181190295964, 21.271033035784566 ], [ -157.697183041590023, 21.271227065306803 ], [ -157.697068120541047, 21.27137933714668 ], [ -157.696877613867144, 21.271504580998705 ], [ -157.696783582654234, 21.271664323313217 ], [ -157.696629786311291, 21.271802693946604 ], [ -157.696509763644769, 21.271953141739129 ], [ -157.696339341077504, 21.272085566677898 ], [ -157.696273548051778, 21.272255407256743 ], [ -157.696050273390881, 21.272368932812476 ] ] } },
{ "type": "Feature", "properties": { "objectid": 58, "island": "Oahu", "st_lengthshape": 231.86215800912771 }, "geometry": { "type": "LineString", "coordinates": [ [ -157.721210218947107, 21.284246933227841 ], [ -157.72101651866231, 21.284239568476714 ], [ -157.720820341435399, 21.284247902379093 ], [ -157.720788365631734, 21.284251789656242 ], [ -157.72059380505317, 21.284261651425734 ], [ -157.720401513339937, 21.284281990303096 ], [ -157.720343987789391, 21.284288198305852 ], [ -157.720175441049093, 21.284376103163943 ], [ -157.72002179560937, 21.284487144339835 ], [ -157.719858031424479, 21.284582475663601 ], [ -157.719679565321314, 21.284654978052231 ], [ -157.719484611234179, 21.284701879899217 ], [ -157.719295604078269, 21.28475801670163 ], [ -157.719112282083444, 21.284812320239972 ] ] } },
{ "type": "Feature", "properties": { "objectid": 59, "island": "Oahu", "st_lengthshape": 154.20104422009936 }, "geometry": { "type": "LineString", "coordinates": [ [ -157.713664180530998, 21.281849182182555 ], [ -157.713475591476225, 21.281794171903325 ], [ -157.713287815041895, 21.281737836969661 ], [ -157.713100676233296, 21.281680461510742 ], [ -157.712967199218156, 21.281664625324392 ], [ -157.712781947433882, 21.281614606498742 ], [ -157.712595892798248, 21.281567369123103 ], [ -157.712411275290492, 21.281515157763231 ], [ -157.71223368300457, 21.281479147589181 ] ] } },
{ "type": "Feature", "properties": { "objectid": 60, "island": "Oahu", "st_lengthshape": 539.60429924059031 }, "geometry": { "type": "LineString", "coordinates": [ [ -157.711364667193038, 21.280842449497186 ], [ -157.711206186118943, 21.280736380380461 ], [ -157.711048777541322, 21.280629259684158 ], [ -157.710916609713649, 21.280497388335188 ], [ -157.710775244740177, 21.280374537048253 ], [ -157.710690174681389, 21.280301513568666 ], [ -157.710493014105595, 21.280031490418136 ], [ -157.710312498168207, 21.279871295591423 ], [ -157.710198279300414, 21.279725130819934 ], [ -157.710090325584218, 21.279575308360585 ], [ -157.709988948959591, 21.279421644520973 ], [ -157.709892604250427, 21.279265041681231 ], [ -157.709795050726029, 21.27910914590041 ], [ -157.70968647978907, 21.278959683439716 ], [ -157.709572430776035, 21.278813420216622 ], [ -157.709441563489321, 21.278676979519073 ], [ -157.709311092665615, 21.278540306891468 ], [ -157.709189102519503, 21.278398681879569 ], [ -157.709115802828308, 21.278250837231912 ], [ -157.709033504450701, 21.277959688715885 ], [ -157.70901455142328, 21.277777499102267 ], [ -157.708975731504239, 21.277620817287296 ], [ -157.709211898569265, 21.277337320287373 ], [ -157.70913437502449, 21.277165383954571 ], [ -157.709065355966288, 21.277054793458593 ], [ -157.70895996629352, 21.27690185082081 ] ] } },
{ "type": "Feature", "properties": { "objectid": 61, "island": "Oahu", "st_lengthshape": 1164.7732835141717 }, "geometry": { "type": "LineString", "coordinates": [ [ -157.722753113120177, 21.281973427546337 ], [ -157.722773493220075, 21.281768619590881 ], [ -157.722878848999017, 21.28161730585375 ], [ -157.723072864718858, 21.281493511550941 ], [ -157.723263980212579, 21.28145299643797 ], [ -157.723456122847438, 21.281435403736399 ], [ -157.723648386013394, 21.281420482084577 ], [ -157.723840440513499, 21.281400919832073 ], [ -157.72403310371908, 21.281394925148177 ], [ -157.72422618790651, 21.281398342921381 ], [ -157.724418163131958, 21.281377011511648 ], [ -157.724609235335834, 21.281335540562814 ], [ -157.724802182191837, 21.281335877951054 ], [ -157.724995668966784, 21.281348274664857 ], [ -157.725189035420271, 21.281357973690213 ], [ -157.725382487470682, 21.281369600028547 ], [ -157.725575301057376, 21.281366957115619 ], [ -157.725768153363731, 21.281365190542584 ], [ -157.725960960341922, 21.28136242066557 ], [ -157.726154093189166, 21.281366916121232 ], [ -157.726347152573908, 21.281369759441027 ], [ -157.726539510008053, 21.281356961714398 ], [ -157.726732492602508, 21.281358090319419 ], [ -157.72692387885246, 21.281323631042039 ], [ -157.72711624028679, 21.281310919405151 ], [ -157.727303752228124, 21.281284137953907 ], [ -157.727439205584375, 21.281244547899 ], [ -157.727639787461413, 21.281245957821962 ], [ -157.72783722549778, 21.281257321474985 ], [ -157.728031007432719, 21.281280266487276 ], [ -157.728219740288523, 21.281319197121707 ], [ -157.728405831732374, 21.281366495392341 ], [ -157.728594848176641, 21.281404529806235 ], [ -157.728782770888841, 21.281446027406179 ], [ -157.728968813166119, 21.281493481883235 ], [ -157.729157316707642, 21.281533142389538 ], [ -157.729338246272476, 21.281572492595842 ], [ -157.729421582116373, 21.281575831497054 ], [ -157.729612515335532, 21.281601174253893 ], [ -157.729803937428301, 21.281622460738639 ], [ -157.729995840009934, 21.281639767672196 ], [ -157.730186593895553, 21.281666601703783 ], [ -157.730376170072788, 21.28170320291655 ], [ -157.730566904425984, 21.281730198982643 ], [ -157.730757880642983, 21.281755189369331 ], [ -157.730949560517246, 21.281774340037771 ], [ -157.731141089935392, 21.281794745041275 ], [ -157.73133255514, 21.281815676913627 ], [ -157.731521714648494, 21.28185574627296 ], [ -157.731705957989561, 21.281920514492814 ], [ -157.731846448782079, 21.281997422259931 ], [ -157.732061364698723, 21.282119786935862 ], [ -157.73227125960139, 21.282211304994494 ], [ -157.732473566705551, 21.282256219506241 ], [ -157.732668759232837, 21.282257435679441 ], [ -157.732856972522143, 21.282215786554534 ], [ -157.733040968113869, 21.282148232033791 ], [ -157.733220805396286, 21.282055142052126 ], [ -157.733390479137029, 21.281958738643805 ] ] } },
{ "type": "Feature", "properties": { "objectid": 62, "island": "Oahu", "st_lengthshape": 120.38311227289495 }, "geometry": { "type": "LineString", "coordinates": [ [ -157.736848523051265, 21.280574755194991 ], [ -157.737039476081776, 21.280540356901515 ], [ -157.737230073271689, 21.280504954782838 ], [ -157.737415439856107, 21.280454846077149 ], [ -157.737604664507273, 21.280415586675879 ], [ -157.737791281788247, 21.280368996522615 ], [ -157.737982831261945, 21.280363039772027 ] ] } },
{ "type": "Feature", "properties": { "objectid": 63, "island": "Oahu", "st_lengthshape": 616.0366435038087 }, "geometry": { "type": "LineString", "coordinates": [ [ -157.738579225994869, 21.280225312625962 ], [ -157.738768433138631, 21.280189286736075 ], [ -157.738957503250845, 21.280152366167748 ], [ -157.739142630273733, 21.280089882030584 ], [ -157.739329276132452, 21.280037240458647 ], [ -157.739519545204246, 21.280008095419124 ], [ -157.739704228850826, 21.279942738214697 ], [ -157.739881827537459, 21.279888884638293 ], [ -157.740011577912185, 21.279890448948898 ], [ -157.740206250363315, 21.279867312779398 ], [ -157.740400448435764, 21.279851323032222 ], [ -157.740593257173344, 21.279856215883854 ], [ -157.740785416003575, 21.279870883574088 ], [ -157.740976426452448, 21.279902825798331 ], [ -157.741167713194926, 21.279930626101063 ], [ -157.741358918388897, 21.279959637906849 ], [ -157.741551058604415, 21.27997459728541 ], [ -157.741743531551464, 21.27998455153319 ], [ -157.741935251889686, 21.280005827339913 ], [ -157.742127733889959, 21.280015633968816 ], [ -157.742318854266301, 21.28004593408021 ], [ -157.742512239140638, 21.280042172923054 ], [ -157.742705830766539, 21.280035291930737 ], [ -157.742896474692031, 21.280026629843128 ], [ -157.74325500839268, 21.279943032645129 ], [ -157.743441706486919, 21.279880440685453 ], [ -157.743609500991539, 21.279790810431784 ], [ -157.743746417117762, 21.279657010463019 ], [ -157.74393074732285, 21.279591032493535 ], [ -157.744053858906909, 21.279437486327573 ], [ -157.744220887089654, 21.279351511083743 ] ] } },
{ "type": "Feature", "properties": { "objectid": 64, "island": "Oahu", "st_lengthshape": 280.65708366257206 }, "geometry": { "type": "LineString", "coordinates": [ [ -157.744263530371967, 21.278968188621931 ], [ -157.744450197689048, 21.278922206483127 ], [ -157.744637142283267, 21.278877042849352 ], [ -157.744831382487234, 21.278853405679925 ], [ -157.745022835602782, 21.27882154577933 ], [ -157.745206951509147, 21.278768036729129 ], [ -157.745389655892609, 21.278710364144061 ], [ -157.745577716129844, 21.278668492421865 ], [ -157.745763910688652, 21.278621117686882 ], [ -157.745945809819517, 21.27856106712515 ], [ -157.746126597354703, 21.278497737868022 ], [ -157.74630653093277, 21.278431889767841 ], [ -157.746488475708077, 21.278371975348715 ], [ -157.746671826118956, 21.278316209546826 ], [ -157.746839787157398, 21.278228678389628 ] ] } },
{ "type": "Feature", "properties": { "objectid": 65, "island": "Oahu", "st_lengthshape": 694.73500902173191 }, "geometry": { "type": "LineString", "coordinates": [ [ -157.74706030000408, 21.277873388305654 ], [ -157.747246868101939, 21.277820774164056 ], [ -157.74743648885476, 21.277774265840268 ], [ -157.74761752076401, 21.277710578086506 ], [ -157.74779675553458, 21.277643296693718 ], [ -157.747975634726345, 21.277575305116635 ], [ -157.748157163784924, 21.277512610556091 ], [ -157.748347285277987, 21.277467104934402 ], [ -157.748534141700247, 21.277417215142517 ], [ -157.748657915187124, 21.277375749298947 ], [ -157.748840102831366, 21.27731330187909 ], [ -157.749032803238151, 21.277291488480351 ], [ -157.749240905377462, 21.277329197925308 ], [ -157.749439415804744, 21.277329833632059 ], [ -157.749631884743621, 21.277307121677318 ], [ -157.74981698113649, 21.277255921023503 ], [ -157.749996847971744, 21.277196135413678 ], [ -157.750347803970442, 21.277206408448386 ], [ -157.750548606712897, 21.277198087517874 ], [ -157.750728312171788, 21.277269478242179 ], [ -157.750917141255144, 21.277306396763453 ], [ -157.751107092442794, 21.27733907662601 ], [ -157.751297095570948, 21.277362072470343 ], [ -157.7515708830677, 21.277358401773579 ], [ -157.751761455194099, 21.277324131776719 ], [ -157.7519383002778, 21.277248984145526 ], [ -157.752111094825153, 21.277161769723175 ], [ -157.752306289735969, 21.277152910090226 ], [ -157.752540098347566, 21.27699036925139 ], [ -157.752719282576635, 21.276923710857002 ], [ -157.75289899628882, 21.276858365177745 ], [ -157.753077995177478, 21.276791247002802 ], [ -157.753257466897907, 21.276725302002991 ], [ -157.753439940800291, 21.276666787616623 ] ] } },
{ "type": "Feature", "properties": { "objectid": 66, "island": "Oahu", "st_lengthshape": 1367.8093903043571 }, "geometry": { "type": "LineString", "coordinates": [ [ -157.759804664642758, 21.276211868073378 ], [ -157.759997069023029, 21.276223706018417 ], [ -157.76018927616451, 21.276237578508155 ], [ -157.76038322065952, 21.276233556796093 ], [ -157.76057904263223, 21.276210207339133 ], [ -157.76076226155223, 21.276275954599782 ], [ -157.761090417985798, 21.276399980590831 ], [ -157.761282219425027, 21.276378776083984 ], [ -157.761470126589074, 21.276337469643231 ], [ -157.761656691198226, 21.276289236848868 ], [ -157.761828279972121, 21.276207365749382 ], [ -157.761939094696487, 21.276151250274683 ], [ -157.76211646641741, 21.276079819266052 ], [ -157.762299032428672, 21.276021699580262 ], [ -157.762478848685447, 21.275956533004617 ], [ -157.762654653561412, 21.27588108882874 ], [ -157.762831231055628, 21.275807626729797 ], [ -157.76301113554149, 21.275742686959724 ], [ -157.763189966991121, 21.275674999161762 ], [ -157.763369934381274, 21.275610222967607 ], [ -157.76354965441854, 21.275544810585981 ], [ -157.763725459243034, 21.275469368858563 ], [ -157.763895074697928, 21.275392495734568 ], [ -157.764199716531266, 21.275278377589206 ], [ -157.76437346523528, 21.275199667000638 ], [ -157.764554622970934, 21.275133721119232 ], [ -157.764727503863583, 21.275053514110876 ], [ -157.76490666217191, 21.274984123942971 ], [ -157.765061789226422, 21.274873329846454 ], [ -157.765219424444609, 21.274766856780733 ], [ -157.765392371046374, 21.274691158304872 ], [ -157.765691183622607, 21.274626332721933 ], [ -157.765844381357624, 21.274514243633046 ], [ -157.766000389806948, 21.274406603353974 ], [ -157.766156961181423, 21.274299853258963 ], [ -157.766320843673128, 21.274204672844654 ], [ -157.766488379736558, 21.274115273548055 ], [ -157.766662018863826, 21.274035532534437 ], [ -157.766838168182119, 21.273959763805681 ], [ -157.767011738467374, 21.273879913505009 ], [ -157.767176293469817, 21.273785797702754 ], [ -157.767338305542182, 21.273687658435762 ], [ -157.767495183442691, 21.273581394374627 ], [ -157.767640827644613, 21.273457354360168 ], [ -157.767834423928548, 21.273409193916631 ], [ -157.767972243191537, 21.273283926480214 ], [ -157.768053196460528, 21.273200321631744 ], [ -157.768202280894826, 21.273085507184618 ], [ -157.768366275024391, 21.272986210572569 ], [ -157.768536890710237, 21.272893803500075 ], [ -157.768695148071515, 21.272793560325916 ], [ -157.768717802510025, 21.272782616132403 ], [ -157.76890736196404, 21.272743637574955 ], [ -157.769083601767107, 21.272668494885988 ], [ -157.769262501653401, 21.272602370018689 ], [ -157.76936558985264, 21.272596237564436 ], [ -157.769554899390755, 21.272548901964591 ], [ -157.769746150869111, 21.272524174798608 ], [ -157.769938709135261, 21.272514646408808 ], [ -157.770132105774451, 21.272514874113973 ], [ -157.770319625760038, 21.272515848255448 ], [ -157.770915708256979, 21.272409815049624 ], [ -157.77110513815046, 21.272372048978848 ], [ -157.771287777137104, 21.272314191636205 ], [ -157.771475278412339, 21.272270720670942 ], [ -157.771657238910933, 21.272210856073656 ], [ -157.771834948735034, 21.272157057208151 ] ] } },
{ "type": "Feature", "properties": { "objectid": 67, "island": "Oahu", "st_lengthshape": 2579.2695713525227 }, "geometry": { "type": "LineString", "coordinates": [ [ -157.772438946247235, 21.271762050861376 ], [ -157.772623000948045, 21.271707892645761 ], [ -157.772798969871417, 21.271632631033984 ], [ -157.772984157294502, 21.271581429301708 ], [ -157.773183846241295, 21.2715680735663 ], [ -157.773374954150739, 21.271532322598489 ], [ -157.77356503747302, 21.271493896262651 ], [ -157.773764054585428, 21.271478787799339 ], [ -157.773956668881965, 21.271446966901653 ], [ -157.774131711619418, 21.271381482553164 ], [ -157.774970650486637, 21.271178496261651 ], [ -157.775156880543022, 21.271122394295645 ], [ -157.775334930595676, 21.271051643020861 ], [ -157.775505217511494, 21.27096699078206 ], [ -157.775666445874634, 21.270866113719553 ], [ -157.7758275609755, 21.270765037828617 ], [ -157.775971232200163, 21.270652210302565 ], [ -157.776270847993942, 21.270480966237219 ], [ -157.776413562920879, 21.270358065863107 ], [ -157.776561619917203, 21.270239587365683 ], [ -157.776680763553969, 21.270097172326555 ], [ -157.776815736657284, 21.269967862771171 ], [ -157.776948384420876, 21.26983662736621 ], [ -157.777143419378802, 21.269757043033689 ], [ -157.777411617901635, 21.26912112029747 ], [ -157.777407364566187, 21.268868273018224 ], [ -157.777512101350084, 21.268712366408373 ], [ -157.777648364498447, 21.268584499114077 ], [ -157.777802568243175, 21.268472590026928 ], [ -157.77795592983, 21.268359931194524 ], [ -157.778075775468324, 21.268220620526172 ], [ -157.778167017111713, 21.268083196378367 ], [ -157.778243011464241, 21.267915919502261 ], [ -157.778327567850909, 21.267753180930125 ], [ -157.778408355830436, 21.267588444702866 ], [ -157.778496232880741, 21.267427467307652 ], [ -157.778577167292411, 21.267262808827592 ], [ -157.778700529589798, 21.267120640430807 ], [ -157.778824596920686, 21.26697884652555 ], [ -157.77885618230772, 21.2667880304653 ], [ -157.778986664831535, 21.266649637175895 ], [ -157.779123803599873, 21.26651477093495 ], [ -157.779231659175309, 21.266364383666431 ], [ -157.779319322500641, 21.266203292185011 ], [ -157.77938789421907, 21.266032081759132 ], [ -157.77946674168706, 21.265866318154618 ], [ -157.779553767701316, 21.265708112733545 ], [ -157.779632913672685, 21.265628624411718 ], [ -157.779788025125015, 21.26551699087107 ], [ -157.779963761719472, 21.265423230013361 ], [ -157.780142073156981, 21.265331700894535 ], [ -157.780314897417185, 21.265246413996909 ], [ -157.780373031607297, 21.265232967819454 ], [ -157.780529920535912, 21.26512784807597 ], [ -157.780698343690432, 21.265038956026697 ], [ -157.780877901889994, 21.264965734072643 ], [ -157.781063480114142, 21.264900980434064 ], [ -157.781259380817971, 21.264850750884229 ], [ -157.781420723633772, 21.264751897640071 ], [ -157.781558173132709, 21.264619426346243 ], [ -157.781695203187155, 21.264486365598795 ], [ -157.781819133180477, 21.264334872211915 ], [ -157.781949358453005, 21.264192236747462 ], [ -157.782088337014386, 21.264061917950869 ], [ -157.782238895579013, 21.263947893959649 ], [ -157.78240479362492, 21.263855450514388 ], [ -157.782583536000715, 21.263781080671926 ], [ -157.78276859949591, 21.263715604951468 ], [ -157.782966429306299, 21.263668090185412 ], [ -157.783172292347246, 21.263631879435209 ], [ -157.783369515052613, 21.263583510619082 ], [ -157.783556008042638, 21.263520045327343 ], [ -157.783736982693597, 21.263448815142656 ], [ -157.783902971709381, 21.263356501802978 ], [ -157.784060028694626, 21.263251620982039 ], [ -157.784230653291132, 21.263165828865116 ], [ -157.784413722257085, 21.263097547226234 ], [ -157.784595255268556, 21.263027103341333 ], [ -157.784829166582455, 21.263030353955532 ], [ -157.785044349023167, 21.26300725385855 ], [ -157.785217632847264, 21.262925204537467 ], [ -157.78533041476291, 21.262758030113265 ], [ -157.785435037029345, 21.262579510788484 ], [ -157.785439023589731, 21.262479333206905 ], [ -157.785594057625531, 21.262362585661872 ], [ -157.785769513754161, 21.262287805570143 ], [ -157.785924459181928, 21.262170878190766 ], [ -157.786074400168133, 21.262043668400477 ], [ -157.786244481880459, 21.261957843115468 ], [ -157.786417062635223, 21.26187715694407 ], [ -157.786582674282471, 21.261782147804496 ], [ -157.786738744510274, 21.261667533163067 ], [ -157.786898975210846, 21.261561469056822 ], [ -157.7870605060495, 21.261458074618833 ], [ -157.787246102569753, 21.26140413384832 ], [ -157.787442489405834, 21.261372367345185 ], [ -157.787630519606864, 21.261323426732652 ], [ -157.787794713910955, 21.261225507173862 ], [ -157.787946140405154, 21.261101352505278 ], [ -157.788099515299251, 21.260981201056449 ], [ -157.788250142315292, 21.260855403404278 ], [ -157.788401527296799, 21.260731164880148 ], [ -157.78856878371036, 21.260639538743632 ], [ -157.788752231982528, 21.260581184920564 ], [ -157.788947233721757, 21.26054657181864 ], [ -157.78913685378771, 21.260500901206456 ], [ -157.789290457448345, 21.260381220908997 ], [ -157.789444846572991, 21.260263156841354 ], [ -157.789615622931422, 21.260178764831124 ], [ -157.789801964861198, 21.260126357728815 ], [ -157.789980892931482, 21.260058717565286 ], [ -157.79011277901327, 21.2599110878235 ], [ -157.790297314642146, 21.259703859951827 ], [ -157.790397615927333, 21.25954317695582 ], [ -157.790523852438497, 21.259406212351532 ], [ -157.79066753748333, 21.25928520561343 ], [ -157.790856635424774, 21.259205730772809 ], [ -157.791056950873724, 21.259136514644531 ], [ -157.791214676729567, 21.259028349503353 ], [ -157.791313674661978, 21.25886647491178 ], [ -157.791409179986601, 21.258712383189835 ] ] } },
{ "type": "Feature", "properties": { "objectid": 68, "island": "Oahu", "st_lengthshape": 1183.4186750162057 }, "geometry": { "type": "LineString", "coordinates": [ [ -157.796299657639736, 21.257519322211351 ], [ -157.796486271725911, 21.257474145561176 ], [ -157.796670339841484, 21.257419568823341 ], [ -157.796845273199011, 21.257331261862049 ], [ -157.797023933941205, 21.257256720061456 ], [ -157.797203188659523, 21.257184370311847 ], [ -157.797404089462191, 21.257191949536285 ], [ -157.797604708688937, 21.257198485808285 ], [ -157.797804168654977, 21.257200742346786 ], [ -157.798003006435636, 21.257200699602198 ], [ -157.798197498982461, 21.257184612151796 ], [ -157.79838779029555, 21.257153015841464 ], [ -157.798576604111332, 21.257115963146575 ], [ -157.798777988759667, 21.257125322955382 ], [ -157.798969715266907, 21.257099023749731 ], [ -157.799137902511092, 21.256985814905207 ], [ -157.799322319135143, 21.256932527726931 ], [ -157.799502668175933, 21.256864219609596 ], [ -157.799680840585182, 21.256787879106323 ], [ -157.799865865938955, 21.256736840573907 ], [ -157.800054901647457, 21.256700607139095 ], [ -157.800223625714295, 21.256589380304025 ], [ -157.800402887556515, 21.256517065041866 ], [ -157.800589581713609, 21.256472186042032 ], [ -157.8007753858858, 21.256424022094173 ], [ -157.800964109410074, 21.256386638989042 ], [ -157.801154519979036, 21.256355484802125 ], [ -157.8013464810183, 21.256330052658672 ], [ -157.801534034631317, 21.256288350507106 ], [ -157.801723419420085, 21.256253407682877 ], [ -157.801920670998271, 21.256247509467929 ], [ -157.802112588777476, 21.25622191623258 ], [ -157.802314200050347, 21.256232111732455 ], [ -157.802511802521309, 21.256227508972454 ], [ -157.802718677576365, 21.256257136288159 ], [ -157.802911081851732, 21.25623334243873 ], [ -157.803112113066192, 21.256241394540005 ], [ -157.803307239468865, 21.256227651723375 ], [ -157.803503736814093, 21.256218965657801 ], [ -157.803694490249654, 21.256189073040762 ], [ -157.803881509744173, 21.25614540047771 ], [ -157.804071914898515, 21.256114223945723 ], [ -157.804259276728288, 21.256071813614639 ], [ -157.804441616925033, 21.256010861477964 ], [ -157.80461736131835, 21.255925564742192 ], [ -157.804796306050349, 21.255852078863942 ], [ -157.80497580740581, 21.255780651046813 ], [ -157.805153127184298, 21.255701170090614 ], [ -157.805333289829775, 21.255632184819092 ], [ -157.805512902050481, 21.255561167332502 ], [ -157.80569069296206, 21.255483427251036 ], [ -157.805875335930125, 21.255430982609152 ], [ -157.806061340437424, 21.255383563938818 ], [ -157.80625484570831, 21.255363831133103 ], [ -157.806445762331748, 21.25533454627692 ], [ -157.806621917582049, 21.255250769779849 ], [ -157.806821392480259, 21.255253077982378 ], [ -157.807015696731753, 21.255236297715992 ], [ -157.807234780085054, 21.255310985773022 ] ] } },
{ "type": "Feature", "properties": { "objectid": 69, "island": "Oahu", "st_lengthshape": 785.69845268195752 }, "geometry": { "type": "LineString", "coordinates": [ [ -157.811322806817287, 21.25620790103121 ], [ -157.811518915042058, 21.256255512260235 ], [ -157.811713078049792, 21.256272565824354 ], [ -157.811903565080939, 21.256231887197831 ], [ -157.812095058597095, 21.256207011278661 ], [ -157.812286354338653, 21.256179030589053 ], [ -157.812478380911443, 21.256162538766464 ], [ -157.812669072292124, 21.256125061422928 ], [ -157.812861633782262, 21.25611696726035 ], [ -157.813056842774131, 21.256150456662123 ], [ -157.813248970402299, 21.25613553476612 ], [ -157.81333978703239, 21.256105858931807 ], [ -157.813537962901336, 21.256085865168242 ], [ -157.81372929012943, 21.256108180400084 ], [ -157.813919502136258, 21.256137392209325 ], [ -157.814106305650398, 21.25618766684833 ], [ -157.814294436403998, 21.256229743286724 ], [ -157.81448276907517, 21.25627056702826 ], [ -157.814616689665201, 21.256300890825113 ], [ -157.814793618427927, 21.256375279136353 ], [ -157.814975445636264, 21.256441865664385 ], [ -157.815140899237065, 21.256534538954142 ], [ -157.815305281231502, 21.256628921909503 ], [ -157.815471089599356, 21.256721030051299 ], [ -157.815638116392137, 21.256811197976752 ], [ -157.815806673967217, 21.256898928299499 ], [ -157.815979736635597, 21.256979478309137 ], [ -157.81615654589956, 21.257054059536305 ], [ -157.816315906943061, 21.257156443784442 ], [ -157.816470594489601, 21.257266274276773 ], [ -157.816624653644027, 21.257377105701103 ], [ -157.816796643596462, 21.257459366535436 ], [ -157.81728784124013, 21.257742513806484 ], [ -157.817477028536189, 21.257793136709967 ], [ -157.817664880918329, 21.257860218022515 ], [ -157.817852632910899, 21.257928549629295 ], [ -157.818040070881864, 21.258000749877375 ], [ -157.818183684566378, 21.25802061434602 ], [ -157.818320087266329, 21.258133558201351 ] ] } },
{ "type": "Feature", "properties": { "objectid": 70, "island": "Oahu", "st_lengthshape": 161.03626740536919 }, "geometry": { "type": "LineString", "coordinates": [ [ -157.820384372709015, 21.261468637787061 ], [ -157.820620048900594, 21.261463214523772 ], [ -157.820804672471127, 21.261529411726677 ], [ -157.820886673438594, 21.26161321072264 ], [ -157.820908131849563, 21.261643727573009 ], [ -157.820975235217929, 21.261813142743279 ], [ -157.821102659187517, 21.261962931714265 ], [ -157.82121935426585, 21.262116212156457 ], [ -157.821213597730065, 21.262309332202584 ], [ -157.821244516942329, 21.26245079969998 ] ] } },
{ "type": "Feature", "properties": { "objectid": 71, "island": "Oahu", "st_lengthshape": 176.6108316770183 }, "geometry": { "type": "LineString", "coordinates": [ [ -157.821248517538663, 21.26257791006395 ], [ -157.821343283453245, 21.262739641885808 ], [ -157.82135387914812, 21.262925581381499 ], [ -157.821435199280273, 21.263091179601506 ], [ -157.821526439958234, 21.263253925582024 ], [ -157.821625653847036, 21.263414378443912 ], [ -157.82173749977963, 21.263571199394466 ], [ -157.821854813284006, 21.263726446845673 ], [ -157.821961999896104, 21.263884607342884 ], [ -157.822022697287935, 21.263975050444078 ] ] } },
{ "type": "Feature", "properties": { "objectid": 72, "island": "Oahu", "st_lengthshape": 400.36717946203032 }, "geometry": { "type": "LineString", "coordinates": [ [ -157.821034323129709, 21.265490858207226 ], [ -157.821120947216144, 21.265655795357731 ], [ -157.821214328987679, 21.265818967532617 ], [ -157.821240639127154, 21.265999648933484 ], [ -157.82121831689966, 21.266193024298413 ], [ -157.82114262208475, 21.266400331512401 ], [ -157.821055966460079, 21.266610499828669 ], [ -157.821058316550875, 21.266797434923042 ], [ -157.821234193670904, 21.266939073694164 ], [ -157.821404851091415, 21.267082076043582 ], [ -157.821567035109496, 21.267227289199752 ], [ -157.821793124089652, 21.267355821622278 ], [ -157.821954277334186, 21.267501304562181 ], [ -157.822074193031199, 21.267657551203307 ], [ -157.822103554383034, 21.267837435341352 ], [ -157.822096594616085, 21.268026801443053 ], [ -157.822064281052292, 21.268222784719736 ], [ -157.822047975287546, 21.268414589678024 ], [ -157.822058042211978, 21.268599510851551 ] ] } },
{ "type": "Feature", "properties": { "objectid": 73, "island": "Oahu", "st_lengthshape": 326.82963373246542 }, "geometry": { "type": "LineString", "coordinates": [ [ -157.822625265345863, 21.268551354172377 ], [ -157.822658271676261, 21.268730737924049 ], [ -157.82266982419776, 21.268911099192628 ], [ -157.822645440589071, 21.269093096533084 ], [ -157.822669496006569, 21.269272887493234 ], [ -157.822674237893125, 21.26945355890464 ], [ -157.822683029159379, 21.269634045408154 ], [ -157.822677683275828, 21.269815175709535 ], [ -157.822666403089357, 21.269996576208392 ], [ -157.822760616233921, 21.27017317335665 ], [ -157.822805534955194, 21.27035201515675 ], [ -157.822802823751573, 21.270608332612039 ], [ -157.822644711539255, 21.270852710740915 ], [ -157.822730284909596, 21.271015953177081 ], [ -157.822822025760672, 21.271177140987305 ], [ -157.823005302472012, 21.271302960785864 ] ] } },
{ "type": "Feature", "properties": { "objectid": 74, "island": "Oahu", "st_lengthshape": 201.81728281420635 }, "geometry": { "type": "LineString", "coordinates": [ [ -157.822880469970187, 21.271600157293641 ], [ -157.822937293582612, 21.271773847967147 ], [ -157.822993597147672, 21.271947745480844 ], [ -157.823059706851211, 21.272117730227027 ], [ -157.823158383882486, 21.27227471947581 ], [ -157.82328866338932, 21.272419097603983 ], [ -157.8233991898976, 21.272571358916966 ], [ -157.823472629232185, 21.272738418930079 ], [ -157.823562010580588, 21.272899117425172 ], [ -157.82363594721815, 21.273065979390406 ], [ -157.823717082426981, 21.273229968207556 ] ] } },
{ "type": "Feature", "properties": { "objectid": 75, "island": "Oahu", "st_lengthshape": 240.67306077979296 }, "geometry": { "type": "LineString", "coordinates": [ [ -157.823830186086383, 21.273453678663724 ], [ -157.823848050333311, 21.273645180289019 ], [ -157.823919004498407, 21.273813512823622 ], [ -157.823982249497959, 21.273985209956241 ], [ -157.824038628682501, 21.274159903576631 ], [ -157.824107870426872, 21.274328982936851 ], [ -157.824209443959063, 21.274483952890126 ], [ -157.824605567055528, 21.274975681512398 ], [ -157.824785523321907, 21.275043056577303 ], [ -157.824967059347131, 21.275105227178738 ], [ -157.825033050079725, 21.275177138788543 ] ] } },
{ "type": "Feature", "properties": { "objectid": 76, "island": "Oahu", "st_lengthshape": 538.54012311261954 }, "geometry": { "type": "LineString", "coordinates": [ [ -157.825154479492824, 21.275111211347117 ], [ -157.825208295338371, 21.275364501954481 ], [ -157.825335590788683, 21.275512262715825 ], [ -157.82550009512687, 21.275606583254163 ], [ -157.825739665121091, 21.275593094577097 ], [ -157.825906966910964, 21.275683398768095 ], [ -157.826060398492757, 21.275793622651335 ], [ -157.826217058321873, 21.275899210091456 ], [ -157.826379218955623, 21.275996898493709 ], [ -157.826540811421467, 21.276095403071384 ], [ -157.826703918195676, 21.276191730930481 ], [ -157.82689795491001, 21.276243639119048 ], [ -157.827088892473938, 21.276299997313334 ], [ -157.827223755126369, 21.276436891901962 ], [ -157.827388797976795, 21.276530440212269 ], [ -157.827569468166416, 21.276601545694824 ], [ -157.827943229640994, 21.276626502339937 ], [ -157.82813493808689, 21.276648925090068 ], [ -157.828323204428727, 21.276727746133389 ], [ -157.828513902996036, 21.27676672428322 ], [ -157.828707444652366, 21.27675910950293 ], [ -157.82890072612372, 21.276755749489325 ], [ -157.829093552281989, 21.276759868009126 ], [ -157.829285467121935, 21.276778914004765 ], [ -157.829476610187953, 21.27681060647425 ], [ -157.829667043566332, 21.276853925919717 ] ] } },
{ "type": "Feature", "properties": { "objectid": 77, "island": "Oahu", "st_lengthshape": 224.78929610488913 }, "geometry": { "type": "LineString", "coordinates": [ [ -157.829730303603498, 21.27673247481103 ], [ -157.829911625928759, 21.276796258534656 ], [ -157.830089220402471, 21.27687307295302 ], [ -157.830266872538829, 21.276949688843992 ], [ -157.830444925338895, 21.277024902555741 ], [ -157.83062661015498, 21.277087421489373 ], [ -157.830811084380372, 21.277140194790295 ], [ -157.830991984446342, 21.277205460539975 ], [ -157.831161078496052, 21.277311981760789 ], [ -157.831323080704976, 21.277443294289142 ], [ -157.831501187238985, 21.277518320293503 ], [ -157.83168978669741, 21.277556680496875 ] ] } },
{ "type": "Feature", "properties": { "objectid": 78, "island": "Oahu", "st_lengthshape": 116.32603796675589 }, "geometry": { "type": "LineString", "coordinates": [ [ -157.832465951932676, 21.277634037945617 ], [ -157.832647554170478, 21.27769685320791 ], [ -157.832759091657522, 21.277746014829514 ], [ -157.832873200031344, 21.277797590001608 ], [ -157.833039410704089, 21.277890510478187 ], [ -157.833207233789693, 21.277980292728515 ], [ -157.83337532039792, 21.278069562611382 ], [ -157.833463825349213, 21.278108338701998 ] ] } },
{ "type": "Feature", "properties": { "objectid": 79, "island": "Oahu", "st_lengthshape": 891.17541776818337 }, "geometry": { "type": "LineString", "coordinates": [ [ -157.833492670344725, 21.278657509832399 ], [ -157.833651240000478, 21.278760456921987 ], [ -157.83381776386733, 21.278851750026398 ], [ -157.833994007865471, 21.278928799565627 ], [ -157.834176480088558, 21.278996722565804 ], [ -157.834354635671673, 21.279070971795878 ], [ -157.834536808900623, 21.279139332302339 ], [ -157.834737079303636, 21.279181175763039 ], [ -157.834937529248236, 21.2792227564399 ], [ -157.835055209392721, 21.27926371741157 ], [ -157.835090656611925, 21.279272831238774 ], [ -157.835210139642101, 21.279414624540578 ], [ -157.835330956128217, 21.279555410664361 ], [ -157.835460574180303, 21.279689538103941 ], [ -157.835589032787908, 21.279824542763244 ], [ -157.835714763085178, 21.279961611702877 ], [ -157.835831877476352, 21.280105197725735 ], [ -157.835946609707861, 21.280250585745865 ], [ -157.836077373086141, 21.280383847077072 ], [ -157.836232231060023, 21.28049888527211 ], [ -157.836562555723219, 21.280786615678903 ], [ -157.83672078838336, 21.28089315050482 ], [ -157.836871236080469, 21.281013790360646 ], [ -157.837006786385842, 21.281161419179735 ], [ -157.837139698859829, 21.281313829430808 ], [ -157.837120431845705, 21.281388170619497 ], [ -157.837302537157569, 21.281467793165511 ], [ -157.837430260017896, 21.281605208024633 ], [ -157.83755656594164, 21.281744130719972 ], [ -157.837913664174465, 21.281832161448776 ], [ -157.83811436566549, 21.281843406877318 ], [ -157.838296498204556, 21.281902645225738 ], [ -157.83847508808401, 21.281971041979183 ], [ -157.838682644238673, 21.28196456780897 ], [ -157.838793538551414, 21.282043176441086 ], [ -157.839503817902454, 21.28189912320742 ], [ -157.83970203099318, 21.2818593663693 ], [ -157.83990782695696, 21.281831876367708 ], [ -157.840117375814231, 21.281810455689129 ], [ -157.840217695878351, 21.28161235217873 ], [ -157.840391657468501, 21.281533367282865 ], [ -157.840473446040278, 21.281485485748043 ] ] } },
{ "type": "Feature", "properties": { "objectid": 80, "island": "Oahu", "st_lengthshape": 21.18137917707816 }, "geometry": { "type": "LineString", "coordinates": [ [ -157.840783758258937, 21.281657921571611 ], [ -157.840941964093957, 21.281778862485083 ] ] } },
{ "type": "Feature", "properties": { "objectid": 81, "island": "Oahu", "st_lengthshape": 377.3728318645455 }, "geometry": { "type": "LineString", "coordinates": [ [ -157.845955324966553, 21.282228148250315 ], [ -157.845874157780486, 21.282415463718223 ], [ -157.845834822998654, 21.282599651906864 ], [ -157.845804365796283, 21.282783176400205 ], [ -157.845963726394587, 21.283216779787359 ], [ -157.846066102346583, 21.28338752991635 ], [ -157.846179776092612, 21.283544703432494 ], [ -157.846294281017663, 21.283700878897001 ], [ -157.846408190698043, 21.283857770221157 ], [ -157.846538803218806, 21.2839945912499 ], [ -157.846682242124416, 21.284116000421012 ], [ -157.846846143535487, 21.284212822679706 ], [ -157.847011784693137, 21.284295956654205 ], [ -157.847658805312932, 21.284436259643961 ], [ -157.847850909939893, 21.284418038184768 ], [ -157.847934541753744, 21.28438810983651 ] ] } },
{ "type": "Feature", "properties": { "objectid": 82, "island": "Oahu", "st_lengthshape": 1310.5227590067332 }, "geometry": { "type": "LineString", "coordinates": [ [ -157.84588200982401, 21.285720518397234 ], [ -157.845791533662009, 21.28588020266233 ], [ -157.84571894753239, 21.286049613540701 ], [ -157.845700504201659, 21.286248464214403 ], [ -157.845662384544397, 21.286809426456532 ], [ -157.845769716181707, 21.286982120538376 ], [ -157.845938318837483, 21.28714987829412 ], [ -157.84601725955838, 21.287324859263379 ], [ -157.846117684100392, 21.28749810927243 ], [ -157.846236047104185, 21.287872895722593 ], [ -157.846318872709617, 21.288047308750667 ], [ -157.846421621768485, 21.288204408211488 ], [ -157.846498725725212, 21.288383794010382 ], [ -157.84670991433552, 21.2884466610559 ], [ -157.846923116900939, 21.28850777910581 ], [ -157.84710617131725, 21.288595094977129 ], [ -157.847320759040628, 21.288717724489718 ], [ -157.847476084976591, 21.288856482064837 ], [ -157.84763352466598, 21.288988984387771 ], [ -157.847797140206126, 21.289103212432479 ], [ -157.847967533427862, 21.289197384279067 ], [ -157.848142670778515, 21.289277515274815 ], [ -157.848320526541045, 21.289349607278048 ], [ -157.84850038248311, 21.289415775643651 ], [ -157.848681539960211, 21.289478097017579 ], [ -157.848863325129287, 21.289538558782084 ], [ -157.849045504132505, 21.289597854953257 ], [ -157.849228222972812, 21.289655555606448 ], [ -157.849410990312236, 21.289713112757362 ], [ -157.849593243775502, 21.289772189333963 ], [ -157.849776058767418, 21.28982960730071 ], [ -157.84996156152215, 21.289879069131413 ], [ -157.850148736744472, 21.28992358252431 ], [ -157.850335448371226, 21.289969468424058 ], [ -157.850520211546467, 21.290021119861279 ], [ -157.85070359062999, 21.290076867600554 ], [ -157.8508872806498, 21.290131694896697 ], [ -157.8510717324761, 21.290184268698148 ], [ -157.851256116370507, 21.290237043296592 ], [ -157.851440155084418, 21.290290840700973 ], [ -157.851628923750638, 21.290330637671453 ], [ -157.851822587041198, 21.290355951994819 ], [ -157.852018131847899, 21.290375698629582 ], [ -157.852211037595282, 21.290403253195912 ], [ -157.852398811153876, 21.29044599935764 ], [ -157.852584292010647, 21.29049552957586 ], [ -157.852769964423715, 21.290544489950936 ], [ -157.85295315272802, 21.290600805844392 ], [ -157.853133784965308, 21.290664685460246 ], [ -157.853314444001541, 21.290728486474453 ], [ -157.853495852990676, 21.290790069140883 ], [ -157.853607159884717, 21.290832399799495 ], [ -157.853686453130763, 21.290889839480261 ], [ -157.853834051290818, 21.291011887382201 ], [ -157.853978274514162, 21.291139464482345 ], [ -157.854127282988827, 21.291259202715818 ], [ -157.854284665687942, 21.291365223681108 ], [ -157.854444387898468, 21.291467412846604 ], [ -157.854595526466824, 21.291583661798299 ], [ -157.854729575618762, 21.291727907260977 ], [ -157.854859506876011, 21.291878899208502 ], [ -157.854997549722214, 21.292016603922601 ] ] } },
{ "type": "Feature", "properties": { "objectid": 83, "island": "Oahu", "st_lengthshape": 328.07724747554226 }, "geometry": { "type": "LineString", "coordinates": [ [ -157.876737282138691, 21.301355135354463 ], [ -157.876932337177379, 21.30124762401363 ], [ -157.877125138509001, 21.301249172606489 ], [ -157.87731755943426, 21.301269073806811 ], [ -157.877508780479531, 21.301347071938025 ], [ -157.877701667614616, 21.301344452140107 ], [ -157.877894934401183, 21.301323444954146 ], [ -157.878088340884233, 21.301295712629898 ], [ -157.878281613466299, 21.301274436722576 ], [ -157.878474665315252, 21.301263822002632 ], [ -157.878667543217119, 21.301261646409145 ], [ -157.878860367875234, 21.30126204223226 ], [ -157.8790536145994, 21.301241999310275 ], [ -157.879247316545701, 21.301199931480937 ], [ -157.879439824014725, 21.301215708602498 ], [ -157.879631727581284, 21.301260669587549 ], [ -157.879823443181607, 21.301314802278423 ] ] } },
{ "type": "Feature", "properties": { "objectid": 84, "island": "Oahu", "st_lengthshape": 195.68500967981052 }, "geometry": { "type": "LineString", "coordinates": [ [ -157.882048181939751, 21.30108571534354 ], [ -157.882237258322533, 21.301050060905123 ], [ -157.882413660858106, 21.300945944232456 ], [ -157.882591324596632, 21.300848642898654 ], [ -157.88276787205379, 21.300745312758895 ], [ -157.88297215407988, 21.300791797578853 ], [ -157.883187162507966, 21.300896230019024 ], [ -157.883394319830074, 21.30095824579773 ], [ -157.883596197902477, 21.300991745537839 ], [ -157.883792200756773, 21.30100044281561 ] ] } },
{ "type": "Feature", "properties": { "objectid": 85, "island": "Oahu", "st_lengthshape": 4932.5441472550419 }, "geometry": { "type": "LineString", "coordinates": [ [ -157.970647086947253, 21.325156421888671 ], [ -157.970678635658146, 21.324977423953118 ], [ -157.970690027084288, 21.324797040523457 ], [ -157.970706212976495, 21.324616987278894 ], [ -157.970738768568594, 21.324438056911173 ], [ -157.97077989055353, 21.324259716504791 ], [ -157.970787972354486, 21.324079105904591 ], [ -157.970741542487673, 21.323894752101939 ], [ -157.970647480160039, 21.323707127201985 ], [ -157.970619959584525, 21.32352407261136 ], [ -157.970659298548043, 21.323345608368371 ], [ -157.970706863643699, 21.323167709416381 ], [ -157.970775396056212, 21.322991250555901 ], [ -157.9708617848583, 21.32281601848258 ], [ -157.970943090275199, 21.322675376201598 ], [ -157.971097564762971, 21.322536613537306 ], [ -157.971264028031612, 21.322402052707901 ], [ -157.971458486637118, 21.322277305175685 ], [ -157.971760035680489, 21.322246712935012 ], [ -157.971858539575209, 21.322256020640186 ], [ -157.972174897104736, 21.322289555514303 ], [ -157.972306852387703, 21.322157793779017 ], [ -157.972363694204603, 21.321958700636074 ], [ -157.972425144728589, 21.321763738974575 ], [ -157.972509048224794, 21.321588904518407 ], [ -157.972626884671655, 21.321444486893654 ], [ -157.972807761798492, 21.321356578528356 ], [ -157.972944708774492, 21.321229291563743 ], [ -157.973105236463596, 21.321123142227147 ], [ -157.97321083880351, 21.320967757772308 ], [ -157.973350803351479, 21.320843176556362 ], [ -157.97355794513004, 21.320778811894233 ], [ -157.973779200836788, 21.320727098817823 ], [ -157.973906993799602, 21.320591606269055 ], [ -157.974119023682732, 21.320531623413558 ], [ -157.974228679578687, 21.320379873970033 ], [ -157.974289112197852, 21.32018400185245 ], [ -157.97442117102301, 21.320052333787501 ], [ -157.974631304648085, 21.319990651088609 ], [ -157.974804855424679, 21.31989617577791 ], [ -157.975005977875327, 21.319826415258945 ], [ -157.975153888992992, 21.319708957389373 ], [ -157.975313766712645, 21.319602225468849 ], [ -157.975476758308588, 21.319498286772077 ], [ -157.975631261082071, 21.319386737253037 ], [ -157.975810309602139, 21.319297189090456 ], [ -157.976002625976491, 21.319219535592971 ], [ -157.976197473698846, 21.319144151321286 ], [ -157.976382084871773, 21.319059588960585 ], [ -157.976520976591104, 21.318934047992208 ], [ -157.97664482924921, 21.318795024832717 ], [ -157.976782081994372, 21.318668013721886 ], [ -157.97692471284094, 21.318545823354679 ], [ -157.977146969331159, 21.318495007059184 ], [ -157.977395255063357, 21.318467520669852 ], [ -157.977503057415674, 21.318476498485477 ], [ -157.977674170879567, 21.318393202295159 ], [ -157.977844088315095, 21.31830772140113 ], [ -157.977978037699273, 21.318156569552777 ], [ -157.978096093220103, 21.317976400585163 ], [ -157.978160125752083, 21.317697594440325 ], [ -157.978229306072308, 21.317428187138415 ], [ -157.978386791332042, 21.317320009257646 ], [ -157.978545818776496, 21.317214648430468 ], [ -157.978687656586118, 21.317077900171299 ], [ -157.978836784439096, 21.316954465547198 ], [ -157.979016368285983, 21.316886636263813 ], [ -157.979073060817399, 21.316862157009524 ], [ -157.979164086697068, 21.316798402854122 ], [ -157.979360997423186, 21.316797837156535 ], [ -157.979562368767091, 21.316817146537844 ], [ -157.979757704463594, 21.316809556628741 ], [ -157.979934722454033, 21.316720333935468 ], [ -157.98010661084632, 21.316608246776742 ], [ -157.980280012344792, 21.316502908157151 ], [ -157.980455042975564, 21.316404831921808 ], [ -157.98063739537244, 21.316339382804358 ], [ -157.980828069524847, 21.316311020731533 ], [ -157.981020374887663, 21.316289929151583 ], [ -157.981205012030756, 21.316234663105281 ], [ -157.981385673690653, 21.316161680995361 ], [ -157.981568646500477, 21.316098999984355 ], [ -157.981752699534496, 21.316041133338569 ], [ -157.981939509991065, 21.315995551695014 ], [ -157.982126504575319, 21.315950796684966 ], [ -157.982313031379505, 21.315903953526188 ], [ -157.982499023017141, 21.315854726392082 ], [ -157.982684848949134, 21.31580476446381 ], [ -157.982870506417413, 21.31575404784974 ], [ -157.983054631541648, 21.315696503606812 ], [ -157.983238824800338, 21.315639265830217 ], [ -157.983423824284984, 21.315585618416684 ], [ -157.983606905997732, 21.31552342544467 ], [ -157.983787813581642, 21.315451547053652 ], [ -157.983968975433896, 21.315380802893582 ], [ -157.984151582411272, 21.315316496039603 ], [ -157.984335520409758, 21.315258118073373 ], [ -157.98451965840411, 21.315200640017043 ], [ -157.9847044735846, 21.315146173347234 ], [ -157.984890004253828, 21.315094898075117 ], [ -157.985076175618588, 21.315046475866023 ], [ -157.985261672380119, 21.314995049097771 ], [ -157.985447365477029, 21.314944496917711 ], [ -157.985631635557525, 21.314887606540839 ], [ -157.985812434819479, 21.314815250050685 ], [ -157.98599637439716, 21.314756885588466 ], [ -157.9861833430069, 21.314712018300636 ], [ -157.986369629523523, 21.314664112080518 ], [ -157.986554897126439, 21.314611669729462 ], [ -157.986741584762598, 21.314565549772762 ], [ -157.986928651155296, 21.314521121293712 ], [ -157.987115493862945, 21.314475694775822 ], [ -157.987301924819405, 21.314428435224485 ], [ -157.987489794558201, 21.31438758219176 ], [ -157.987676441414948, 21.314341284762648 ], [ -157.987863877762976, 21.314298506203468 ], [ -157.98805195956669, 21.314258600598659 ], [ -157.988240012270154, 21.314218566318161 ], [ -157.988428362368097, 21.314179860746538 ], [ -157.988619646357648, 21.314154223509 ], [ -157.988804025715353, 21.314097824407092 ], [ -157.988991425953373, 21.314054882637681 ], [ -157.989180177065975, 21.314017961985048 ], [ -157.989369423940104, 21.313983252975522 ], [ -157.989559437971025, 21.313951955182617 ], [ -157.989751815218625, 21.313931193583933 ], [ -157.989940769052879, 21.313895175806671 ], [ -157.990129825727053, 21.313859615565509 ], [ -157.990319365096752, 21.313826206356506 ], [ -157.990512042454554, 21.313806780945832 ], [ -157.990702765260266, 21.313778644480774 ], [ -157.990890849498498, 21.313738754636223 ], [ -157.991087427407138, 21.31373670319093 ], [ -157.991286181614669, 21.313744350214691 ], [ -157.991475690694955, 21.313710805798948 ], [ -157.991660966757109, 21.313658407453424 ], [ -157.99185196054728, 21.313631479177872 ], [ -157.992044436373277, 21.313611153683599 ], [ -157.992206911704471, 21.31345717488697 ], [ -157.992389031202549, 21.313390713018919 ], [ -157.992579466868705, 21.313361301550369 ], [ -157.99276227009193, 21.313297885204715 ], [ -157.992962525681151, 21.313312219167635 ], [ -157.993144335910756, 21.313244381400665 ], [ -157.993323836662142, 21.313166256728127 ], [ -157.993507987715475, 21.313108845477473 ], [ -157.993696048033826, 21.313068850207156 ], [ -157.993884279484604, 21.313029619143371 ], [ -157.994072022383421, 21.31298821400549 ], [ -157.99425842430108, 21.312940833492128 ], [ -157.994444493948748, 21.312891969158951 ], [ -157.994631371935213, 21.312846709609143 ], [ -157.994816759170561, 21.312794810677598 ], [ -157.995004477237359, 21.31275329411196 ], [ -157.995193540832275, 21.312717769681303 ], [ -157.995379841974426, 21.312669941907458 ], [ -157.995566714757871, 21.312624660487941 ], [ -157.995755167938881, 21.312586420580768 ], [ -157.995941194577455, 21.31253737090497 ], [ -157.996127153726349, 21.312488020677804 ], [ -157.996316365565065, 21.312453156254268 ], [ -157.996506704914538, 21.312423319598622 ], [ -157.996697253845952, 21.312394411796358 ], [ -157.996902811047221, 21.312432359383685 ], [ -157.997085342878592, 21.312367742278873 ], [ -157.997276259414207, 21.31234047392261 ], [ -157.997465826440276, 21.31230719492147 ], [ -157.997641793100968, 21.312213338338097 ], [ -157.997830274322837, 21.312175226328684 ], [ -157.998025702148482, 21.312168052761027 ], [ -157.998214862662905, 21.31213296452523 ], [ -157.998403619767714, 21.312096076750649 ], [ -157.998592744555651, 21.312060829770534 ], [ -157.998787345871079, 21.312049975240232 ], [ -157.99898228220232, 21.312040613135888 ], [ -157.99916939564045, 21.311996407772373 ], [ -157.999355362564955, 21.311947091903342 ], [ -157.999538276517541, 21.31188418454142 ], [ -157.999726289001529, 21.311843983375017 ], [ -157.999913584502508, 21.311800589529035 ], [ -158.000100303392998, 21.311754628109707 ], [ -158.000285959963065, 21.311703931614478 ], [ -158.000474503622229, 21.311666099738893 ], [ -158.000663069671333, 21.31162836535194 ], [ -158.0008504198791, 21.311585217404414 ], [ -158.001037533225883, 21.311541010824712 ], [ -158.001225382087341, 21.311500082429898 ], [ -158.001421761798639, 21.311497148520896 ], [ -158.001608945985225, 21.311453263337075 ], [ -158.001795441244099, 21.311406306707887 ], [ -158.001983928995401, 21.311368226144804 ], [ -158.002173403172151, 21.311334534661178 ], [ -158.002363224493706, 21.311302391692276 ], [ -158.002558292702076, 21.311293617026394 ], [ -158.002748142901766, 21.311261605690309 ], [ -158.002928770986898, 21.311188519223567 ], [ -158.003114687113879, 21.311138986509349 ], [ -158.003299928285003, 21.311086448390306 ], [ -158.003486084730042, 21.311037985438524 ], [ -158.003673455030366, 21.310994929269512 ], [ -158.003861033031882, 21.31095279652035 ], [ -158.004048126993496, 21.310908513238033 ], [ -158.004236407729195, 21.310869510996309 ], [ -158.004424521758096, 21.310829767644005 ], [ -158.004611348687092, 21.310784291421598 ], [ -158.0047996319432, 21.31074530210487 ], [ -158.004989262053641, 21.310712309382772 ], [ -158.005176996623561, 21.31067087712826 ], [ -158.005381995270625, 21.310706326612149 ], [ -158.00557304427798, 21.310679650272657 ], [ -158.005757559623987, 21.31062388166314 ], [ -158.005941578702163, 21.310565908252407 ], [ -158.006127563393619, 21.310516682425902 ], [ -158.006314935212089, 21.310473633210179 ], [ -158.006505995920861, 21.310447016393425 ], [ -158.006699261044616, 21.310430210987562 ], [ -158.00689024022148, 21.310403229165786 ], [ -158.007079083211096, 21.310366734033494 ], [ -158.007266654911376, 21.310324578414352 ], [ -158.007455500538583, 21.310288094612769 ], [ -158.007643686131672, 21.310248672357364 ], [ -158.007832919135836, 21.310213913254096 ], [ -158.008024005532775, 21.310187409578905 ], [ -158.008217269268329, 21.310170600595839 ], [ -158.00840750839825, 21.310140320562361 ], [ -158.008597340238339, 21.310108228337331 ], [ -158.008787599789173, 21.310078044655917 ], [ -158.008978632546871, 21.310051299255154 ], [ -158.009150713130879, 21.309940169901861 ], [ -158.009338702272714, 21.309899871846216 ], [ -158.009527668636679, 21.309863928450952 ], [ -158.009726112502875, 21.309870187530279 ], [ -158.009914040572994, 21.309829618337371 ], [ -158.010102652867062, 21.309792098425898 ], [ -158.010290737082983, 21.309752226269794 ], [ -158.01047227641115, 21.30968321495541 ], [ -158.01065852455622, 21.309635169071505 ], [ -158.010844230527312, 21.3095847112393 ], [ -158.011031671154996, 21.309541974188011 ], [ -158.011219822224859, 21.309502404919023 ], [ -158.011408408556719, 21.309464770435241 ], [ -158.011596545431502, 21.309425133800417 ], [ -158.011694339364226, 21.309406786845734 ] ] } },
{ "type": "Feature", "properties": { "objectid": 86, "island": "Oahu", "st_lengthshape": 923.10796403664824 }, "geometry": { "type": "LineString", "coordinates": [ [ -158.024261694525393, 21.306622981399087 ], [ -158.024458699209134, 21.306616481613091 ], [ -158.024652931401135, 21.306599582343559 ], [ -158.024848971729881, 21.306589468188349 ], [ -158.02504629246917, 21.306584154850558 ], [ -158.025235597652426, 21.306548771881989 ], [ -158.025437419127712, 21.30656034045402 ], [ -158.025651810737429, 21.306619058691876 ], [ -158.025855717219173, 21.306638443618667 ], [ -158.026055923515742, 21.3066439526987 ], [ -158.026261884843677, 21.306671046300714 ], [ -158.026475038856262, 21.306725119910791 ], [ -158.026659896649164, 21.306673053863395 ], [ -158.026838997336881, 21.306599397432944 ], [ -158.027016234059317, 21.306518749179141 ], [ -158.027190693224981, 21.306427684320699 ], [ -158.027372826641908, 21.306365406443707 ], [ -158.027555271351247, 21.306304293788461 ], [ -158.027755057747186, 21.306308223717942 ], [ -158.027946338790287, 21.306280253642061 ], [ -158.028139797860518, 21.306260453952849 ], [ -158.028330047599695, 21.306228615290514 ], [ -158.02853108999858, 21.306237258450341 ], [ -158.028708296271049, 21.306156497970992 ], [ -158.028885699929049, 21.306076480158143 ], [ -158.029068950996219, 21.306018394281619 ], [ -158.029256068046323, 21.305974807165608 ], [ -158.02944437332323, 21.305935679728606 ], [ -158.029635955672148, 21.305908840544088 ], [ -158.029826775823921, 21.305879143692444 ], [ -158.030015638828019, 21.305842105760295 ], [ -158.030202777070002, 21.305798597198439 ], [ -158.030391175066711, 21.305759817946079 ], [ -158.030550619978897, 21.305612449354498 ], [ -158.030731095105892, 21.305543955207188 ], [ -158.030907267230447, 21.305459321479994 ], [ -158.031083411865581, 21.30537458621772 ], [ -158.031262029079727, 21.305299124320925 ], [ -158.031442607970376, 21.305231020266646 ], [ -158.0316244993125, 21.30516783916503 ], [ -158.031806858158347, 21.305106411411622 ], [ -158.031989239434495, 21.305045069410728 ], [ -158.032171072938468, 21.304981672350994 ], [ -158.032351886303388, 21.3049144485881 ], [ -158.032528497178077, 21.30483146439791 ], [ -158.032719318310768, 21.304801775044002 ] ] } },
{ "type": "Feature", "properties": { "objectid": 87, "island": "Oahu", "st_lengthshape": 3187.6843200237217 }, "geometry": { "type": "LineString", "coordinates": [ [ -158.044109247415065, 21.303946704892592 ], [ -158.044311248686626, 21.303926256472248 ], [ -158.044502814515681, 21.303884396665993 ], [ -158.044715565081134, 21.303886001218597 ], [ -158.044922526103079, 21.303875728550725 ], [ -158.045112675019283, 21.303830960862584 ], [ -158.045303501262794, 21.30378758267468 ], [ -158.045494524353927, 21.303744608317157 ], [ -158.045627157537893, 21.303581834441058 ], [ -158.045822365730629, 21.303547448042721 ], [ -158.046019413970527, 21.303516835576243 ], [ -158.04620500368884, 21.303462714570546 ], [ -158.046345338887846, 21.303315743348964 ], [ -158.046526948276096, 21.303253455810822 ], [ -158.046708679310797, 21.30319141720641 ], [ -158.046893214171519, 21.303135132027958 ], [ -158.047085318794018, 21.303094378082985 ], [ -158.047272049406246, 21.303042597721074 ], [ -158.047445666670569, 21.302963913459266 ], [ -158.047611575858781, 21.302869413130161 ], [ -158.047776876833723, 21.302773666957833 ], [ -158.047941475405537, 21.302676480171399 ], [ -158.048111642789877, 21.302590718000975 ], [ -158.048257842131704, 21.302455782263763 ], [ -158.048395812774061, 21.30230396515077 ], [ -158.048544478767866, 21.302174091515727 ], [ -158.048698294905137, 21.302054782774519 ], [ -158.048872960731472, 21.301978252181858 ], [ -158.049059557108677, 21.301926199780329 ], [ -158.049259675989788, 21.301901887816395 ], [ -158.049449735601087, 21.301856939320835 ], [ -158.049629687344151, 21.301791254672271 ], [ -158.049802075484507, 21.301710050277659 ], [ -158.049998524742421, 21.30163715676618 ], [ -158.050187486256817, 21.301596931634226 ], [ -158.050377106901806, 21.301561686157527 ], [ -158.050563797349383, 21.301504288730122 ], [ -158.050753278967704, 21.301467994046696 ], [ -158.050942637264427, 21.301430773327848 ], [ -158.051125811515391, 21.301346790657803 ], [ -158.051315357168335, 21.301310983549012 ], [ -158.051503430731884, 21.301264045664723 ], [ -158.051693876369541, 21.301235038878652 ], [ -158.051886015505829, 21.301218846789048 ], [ -158.05208262228561, 21.301236429492722 ], [ -158.052277323054994, 21.301239602189487 ], [ -158.052470788046207, 21.301233434252467 ], [ -158.052667380226183, 21.301250905973465 ], [ -158.05286223189384, 21.301255211759013 ], [ -158.053050666326186, 21.301211005260821 ], [ -158.053241414114495, 21.301184294958858 ], [ -158.053436205048001, 21.301188141690893 ], [ -158.053627818989952, 21.301167974024803 ], [ -158.053819315168937, 21.301146919200608 ], [ -158.054012705584285, 21.301140183510704 ], [ -158.054206050957475, 21.301133103133587 ], [ -158.054399320867731, 21.301125460168961 ], [ -158.05459250528088, 21.301117165119976 ], [ -158.054784733336959, 21.301101636040471 ], [ -158.054974437946811, 21.301067038081335 ], [ -158.055162378695343, 21.301019103333644 ], [ -158.055352816095251, 21.300990039925914 ], [ -158.055547526895595, 21.300993283871769 ], [ -158.055741415551921, 21.300990314527287 ], [ -158.055934498589778, 21.300981257565695 ], [ -158.05612674663692, 21.30096587792934 ], [ -158.056320092649059, 21.300958810474036 ], [ -158.056513323762033, 21.300950863102724 ], [ -158.056705984622397, 21.300938611928405 ], [ -158.056897780039236, 21.300919818375714 ], [ -158.057089222250227, 21.300898355662742 ], [ -158.057284474769119, 21.300905690513321 ], [ -158.057478834234701, 21.300906281361129 ], [ -158.057670384906288, 21.300885637109634 ], [ -158.057859581051048, 21.30084719158252 ], [ -158.058051032264956, 21.300825798286347 ], [ -158.058244414922513, 21.300819000751829 ], [ -158.058436551318692, 21.300802780345467 ], [ -158.05862902060548, 21.300789081281241 ], [ -158.058817082305836, 21.30074206820219 ], [ -158.059000820951695, 21.300662374904533 ], [ -158.059192894499972, 21.300645688904144 ], [ -158.059384518265659, 21.30062559780443 ], [ -158.059575069503438, 21.300597398418155 ], [ -158.05976945169823, 21.300598157484725 ], [ -158.059964014214358, 21.300600275208339 ], [ -158.060160041093923, 21.300613465347908 ], [ -158.060355736912641, 21.300624146358036 ], [ -158.060546988912023, 21.300601247566156 ], [ -158.060730211362198, 21.300517665561284 ], [ -158.060915487721729, 21.300449601504084 ], [ -158.061103813294295, 21.300404587525513 ], [ -158.061308002262876, 21.300479461060618 ], [ -158.061507676591134, 21.300520211432627 ], [ -158.061705091734581, 21.300543888357122 ], [ -158.061906510457078, 21.300597817476646 ], [ -158.062099120101777, 21.300585173137716 ], [ -158.062289735266688, 21.300557461584411 ], [ -158.062479838894433, 21.300525882033266 ], [ -158.062666182580159, 21.300465891523668 ], [ -158.062858146175387, 21.300448371343826 ], [ -158.063053145661172, 21.30045379000844 ], [ -158.063239403506913, 21.30039314970308 ], [ -158.063423506593836, 21.300316227083126 ], [ -158.063611361204892, 21.300267661631192 ], [ -158.063801488157168, 21.300236261383471 ], [ -158.063990911228586, 21.300199542045384 ], [ -158.064180733477713, 21.300165844018856 ], [ -158.064369717555252, 21.300125803458876 ], [ -158.064562094601257, 21.300111410430798 ], [ -158.064753284773332, 21.300088045714539 ], [ -158.064941959432645, 21.300045676416438 ], [ -158.065135438633916, 21.300039604147244 ], [ -158.065331561195393, 21.300053507925526 ], [ -158.065523156024767, 21.300033204539556 ], [ -158.065717722756119, 21.300035350845953 ], [ -158.065915979114436, 21.300065376904676 ], [ -158.066122736530531, 21.30015963056011 ], [ -158.066322139622514, 21.300198320214051 ], [ -158.066520686182884, 21.300230537128389 ], [ -158.066717815851831, 21.300252041949012 ], [ -158.066915575849237, 21.300278315702439 ], [ -158.067106511092987, 21.300253022558071 ], [ -158.067302489766917, 21.30026583008792 ], [ -158.067498081947662, 21.300275727062267 ], [ -158.067692717227914, 21.300278383727967 ], [ -158.067879130525398, 21.300218925301593 ], [ -158.068069596217242, 21.300190093278367 ], [ -158.068249573277114, 21.300082010653544 ], [ -158.068434220190397, 21.300009214205534 ], [ -158.068618427972467, 21.29993310218774 ], [ -158.06880509169207, 21.299875545844252 ], [ -158.068990537816006, 21.299808786391722 ], [ -158.069177672438514, 21.299754786380397 ], [ -158.069368254241937, 21.299726830745751 ], [ -158.069561502950307, 21.299719021092979 ], [ -158.069754017286613, 21.29970565910493 ], [ -158.069943167874015, 21.299666894221453 ], [ -158.070128686884061, 21.299600691316812 ], [ -158.070315362548087, 21.29954322999868 ], [ -158.070499455657995, 21.299466260576818 ], [ -158.070684545331034, 21.299396814917692 ], [ -158.070870992305856, 21.29933762793139 ], [ -158.071059346994616, 21.299292855789076 ], [ -158.071244965415872, 21.299227406545793 ], [ -158.071429595179183, 21.299154495505682 ], [ -158.071612286471236, 21.299066942270994 ], [ -158.07178934940589, 21.298936881414306 ], [ -158.071973678494629, 21.298861705870191 ], [ -158.072161337408687, 21.298811680512916 ], [ -158.072348859104665, 21.298760612513448 ], [ -158.072542366085685, 21.298754760388057 ], [ -158.072738034218474, 21.298765230747929 ], [ -158.072936898134401, 21.298799837764513 ], [ -158.073122685466586, 21.298735672030624 ], [ -158.073306166878666, 21.298654097548003 ], [ -158.073460148417269, 21.298581480741596 ] ] } },
{ "type": "Feature", "properties": { "objectid": 88, "island": "Oahu", "st_lengthshape": 525.67375880947486 }, "geometry": { "type": "LineString", "coordinates": [ [ -158.075059574552398, 21.298925367147138 ], [ -158.075251883844629, 21.29890989898788 ], [ -158.075442425142114, 21.298851725853609 ], [ -158.07563293102973, 21.298792717520083 ], [ -158.075822947802124, 21.298721869331931 ], [ -158.076015806927188, 21.298719714679912 ], [ -158.07620854389279, 21.298714585895457 ], [ -158.076401070506819, 21.298704395534429 ], [ -158.07659454873459, 21.298717177578382 ], [ -158.0767875134311, 21.298717570338336 ], [ -158.076981567272526, 21.298744243773186 ], [ -158.077177370210308, 21.298813185269672 ], [ -158.077371342097535, 21.2988378864918 ], [ -158.077564973008123, 21.298854365166392 ], [ -158.077758632592861, 21.298871509616419 ], [ -158.077951137627679, 21.2988607861401 ], [ -158.078143428960885, 21.29884490801437 ], [ -158.078332819642071, 21.298758965973487 ], [ -158.078525709147016, 21.298757523237121 ], [ -158.078718231583025, 21.298747228108997 ], [ -158.078909999045493, 21.29871869617476 ], [ -158.079101169005725, 21.29867573090262 ], [ -158.079292707522967, 21.298641678119125 ], [ -158.079484006324577, 21.298601831807574 ], [ -158.07967508197936, 21.298556623906077 ], [ -158.079866134267661, 21.298510815767436 ], [ -158.080013885309938, 21.298465096865499 ] ] } },
{ "type": "Feature", "properties": { "objectid": 89, "island": "Oahu", "st_lengthshape": 998.50384790839462 }, "geometry": { "type": "LineString", "coordinates": [ [ -158.088844482377652, 21.296031939156613 ], [ -158.089037347575783, 21.296029064807477 ], [ -158.08923029002807, 21.29602773374544 ], [ -158.089422242245803, 21.29600640017123 ], [ -158.089614409656917, 21.295989406804587 ], [ -158.089807291172832, 21.295986850576458 ], [ -158.090000044141988, 21.29598168607874 ], [ -158.090193311444466, 21.295986932774195 ], [ -158.09038597862542, 21.295980043589772 ], [ -158.090579227892277, 21.295984935592859 ], [ -158.090772554455299, 21.295991369979298 ], [ -158.090965102479856, 21.295982067278619 ], [ -158.091158890227405, 21.295997852602905 ], [ -158.091352949145858, 21.296019089677344 ], [ -158.091546401796421, 21.296028084232457 ], [ -158.091739517493181, 21.296030262934195 ], [ -158.091932575798126, 21.296031272041635 ], [ -158.09212513925462, 21.296022286110251 ], [ -158.09231737602002, 21.296006684947567 ], [ -158.092507654747294, 21.295951521804302 ], [ -158.092698826155868, 21.295914400618955 ], [ -158.09289142719129, 21.295906175614842 ], [ -158.093083409915465, 21.295885437897688 ], [ -158.093274990269862, 21.295856580299052 ], [ -158.093466174228439, 21.295819723913681 ], [ -158.093658896073578, 21.295813942507568 ], [ -158.093851301450457, 21.295801755526124 ], [ -158.094043342202525, 21.295782207764255 ], [ -158.094234882003207, 21.295752527608652 ], [ -158.094426504855221, 21.295724543454433 ], [ -158.094619162217981, 21.295717465049727 ], [ -158.094811694372709, 21.295707847056764 ], [ -158.095004078085708, 21.295695231301703 ], [ -158.09519744233512, 21.295702436864744 ], [ -158.095392675311473, 21.295747383025162 ], [ -158.095587048625191, 21.29577497629877 ], [ -158.095779285644511, 21.295759400974891 ], [ -158.095972326663912, 21.295760056612881 ], [ -158.096165263788151, 21.295758628115912 ], [ -158.096357795080934, 21.295748995699544 ], [ -158.096551043795245, 21.295753841989669 ], [ -158.096747248621426, 21.29581842106899 ], [ -158.09694051017874, 21.29582355157061 ], [ -158.0971322821797, 21.295798560060021 ], [ -158.097325614128948, 21.295805108913314 ], [ -158.097517718090216, 21.295786840410667 ], [ -158.097710616789811, 21.295784613093179 ], [ -158.097903965115535, 21.295791484805196 ], [ -158.098094821949616, 21.295748028892671 ], [ -158.0982839158481, 21.295668952012047 ], [ -158.098371431175025, 21.295616529211578 ] ] } },
{ "type": "Feature", "properties": { "objectid": 90, "island": "Oahu", "st_lengthshape": 1040.5905414161043 }, "geometry": { "type": "LineString", "coordinates": [ [ -158.130206463159254, 21.356944658768956 ], [ -158.130233944238114, 21.357127066661931 ], [ -158.130261236945302, 21.35730953681437 ], [ -158.130328437795725, 21.357478939252147 ], [ -158.130450294541191, 21.35763044727495 ], [ -158.130473567786822, 21.357814232781632 ], [ -158.130461589468979, 21.358009561626062 ], [ -158.130491033568717, 21.358191327343189 ], [ -158.130523083854257, 21.358372239235948 ], [ -158.130576994898234, 21.358545994246381 ], [ -158.130639257842262, 21.358717013467551 ], [ -158.130714405638599, 21.358883815209822 ], [ -158.130798307373965, 21.359047750414664 ], [ -158.130883807566732, 21.359211161721237 ], [ -158.130985613430425, 21.359369234867604 ], [ -158.131112854703701, 21.359518979669605 ], [ -158.131214173035261, 21.359677211879685 ], [ -158.131295548851938, 21.359841973989212 ], [ -158.131339747922198, 21.36001890835437 ], [ -158.13139519110419, 21.36019216239788 ], [ -158.13144464037083, 21.360367377525467 ], [ -158.131452336219837, 21.360556264495465 ], [ -158.131493377736035, 21.360734233195917 ], [ -158.131610037557721, 21.360887442753295 ], [ -158.131758376425381, 21.361030280017122 ], [ -158.131903866876542, 21.361174049244482 ], [ -158.13203017713127, 21.361324099364779 ], [ -158.13211141556522, 21.361488906465492 ], [ -158.132169470191229, 21.361661304645594 ], [ -158.132218328452382, 21.361836714356841 ], [ -158.132277047193753, 21.362008894587532 ], [ -158.132341127225487, 21.362179320901049 ], [ -158.132409719178582, 21.362348268972237 ], [ -158.132481705019529, 21.362516106143968 ], [ -158.132551768995853, 21.362684572095798 ], [ -158.13260957331201, 21.362857052855702 ], [ -158.132669821605816, 21.363028733116806 ], [ -158.132765644530053, 21.363188764636632 ], [ -158.132883832422948, 21.363341474416906 ], [ -158.133014893067838, 21.36348996914495 ], [ -158.133078671117289, 21.363660493914139 ], [ -158.133128976682372, 21.363835429304437 ], [ -158.133224743587306, 21.363995480163265 ], [ -158.133298037589128, 21.364162889197146 ], [ -158.133372370566718, 21.364329957542495 ], [ -158.133455553424142, 21.364494129000061 ], [ -158.133566543824827, 21.364649195318336 ], [ -158.133666353912901, 21.364807921568865 ], [ -158.133741374674884, 21.364974765639527 ], [ -158.133815015670564, 21.36514206060837 ], [ -158.133941225841369, 21.36529214409331 ], [ -158.13406038112268, 21.365442711485755 ] ] } },
{ "type": "Feature", "properties": { "objectid": 91, "island": "Oahu", "st_lengthshape": 332.8457878547627 }, "geometry": { "type": "LineString", "coordinates": [ [ -158.140609950467876, 21.375405722840508 ], [ -158.140697750644222, 21.375569971468888 ], [ -158.140840261665772, 21.375695652731938 ], [ -158.140974594617461, 21.375827098487719 ], [ -158.141044647965629, 21.376003859222653 ], [ -158.141157658060365, 21.37615033661044 ], [ -158.141264619851995, 21.376301078878647 ], [ -158.141371057884413, 21.376452189720208 ], [ -158.141475353722711, 21.376604810947484 ], [ -158.141598600217776, 21.376744073073972 ], [ -158.141720805765772, 21.376884068812046 ], [ -158.141852219451437, 21.377017574192998 ], [ -158.141984982554874, 21.377150127815298 ], [ -158.142109987886954, 21.377288150009591 ], [ -158.142248408717563, 21.377416714716457 ], [ -158.142396571371563, 21.377538413194504 ], [ -158.142565982133618, 21.377645132509823 ], [ -158.142622523048374, 21.377706564176247 ] ] } },
{ "type": "Feature", "properties": { "objectid": 92, "island": "Oahu", "st_lengthshape": 2456.6128273085601 }, "geometry": { "type": "LineString", "coordinates": [ [ -158.146679758741271, 21.382398670774997 ], [ -158.146793654277616, 21.382549947281252 ], [ -158.146915107491282, 21.382693433749505 ], [ -158.146979908279434, 21.382895303042471 ], [ -158.147077313585129, 21.383063573436637 ], [ -158.147178670572202, 21.383227770333175 ], [ -158.147287158256574, 21.383384619518559 ], [ -158.147421292798214, 21.383515039352812 ], [ -158.147540472787114, 21.383660870036966 ], [ -158.147663419122722, 21.383802819582193 ], [ -158.147797910511116, 21.383932872334427 ], [ -158.147938495271092, 21.384056644429879 ], [ -158.148082888097605, 21.384176493997796 ], [ -158.148214437957023, 21.384309577926444 ], [ -158.148361188358393, 21.38442699720936 ], [ -158.148523504162114, 21.384528376016775 ], [ -158.14866123519559, 21.384655090038819 ], [ -158.148797899997589, 21.384782903461996 ], [ -158.148947406292649, 21.38489748404335 ], [ -158.149078360786092, 21.38503118226291 ], [ -158.149221251395829, 21.385152579915026 ], [ -158.149360052988555, 21.385278192090322 ], [ -158.14950982515407, 21.385392497986079 ], [ -158.149660197256566, 21.385506186123902 ], [ -158.149831239022006, 21.385598573441463 ], [ -158.149971084737274, 21.385723109896226 ], [ -158.150093200590703, 21.385865918134428 ], [ -158.150275401628477, 21.385946805520607 ], [ -158.150413753645324, 21.3860728816651 ], [ -158.150557950589786, 21.386192934181022 ], [ -158.150704874576093, 21.386310177102605 ], [ -158.150863166978695, 21.386415702780116 ], [ -158.151015864307254, 21.386526996533266 ], [ -158.151129665565691, 21.386678373657531 ], [ -158.151294266229229, 21.386777399823554 ], [ -158.151405528438033, 21.386931394770656 ], [ -158.151542842086855, 21.387058542585734 ], [ -158.15164621351704, 21.387220669177218 ], [ -158.151759194020798, 21.387372893698025 ], [ -158.151878437686094, 21.387518663944157 ], [ -158.152039065068777, 21.387621784536808 ], [ -158.152175223195371, 21.387750123991076 ], [ -158.152310351001745, 21.387879525107557 ], [ -158.152458399858233, 21.387995609500404 ], [ -158.152617090295564, 21.388100727239458 ], [ -158.152757361902218, 21.388224828155945 ], [ -158.152869701916501, 21.388377713669019 ], [ -158.153014441705068, 21.388497208569412 ], [ -158.153122986972988, 21.388654005672212 ], [ -158.15323613116928, 21.38880606383789 ], [ -158.153362990200293, 21.388943987110238 ], [ -158.153502158931616, 21.389069224729667 ], [ -158.153651349174339, 21.389184133967113 ], [ -158.153826831519382, 21.389271948431499 ], [ -158.153970355118844, 21.389392698525594 ], [ -158.154103406461843, 21.389524240707768 ], [ -158.154246537523306, 21.389645396051659 ], [ -158.154393821144424, 21.389762270885736 ], [ -158.154528080366902, 21.389892569362768 ], [ -158.154631997536711, 21.390054137723308 ], [ -158.154742519445307, 21.390208898380443 ], [ -158.154891979644475, 21.390323531462915 ], [ -158.15505156226277, 21.390427732674816 ], [ -158.155175032858409, 21.390569150182611 ], [ -158.155312976156239, 21.390695652247459 ], [ -158.155490946507967, 21.390780903632493 ], [ -158.155627961614812, 21.390908362046012 ], [ -158.155722752193867, 21.391079337524971 ], [ -158.155874978701263, 21.391191120655925 ], [ -158.156043631299269, 21.391285975238489 ], [ -158.156145103768807, 21.391450063682896 ], [ -158.15629641881236, 21.391562786869486 ], [ -158.156448465768023, 21.39167475561068 ], [ -158.15661534833805, 21.391771433837409 ], [ -158.156740899174366, 21.391910708684861 ], [ -158.156858073803562, 21.39205861717036 ], [ -158.156949195533656, 21.392233374366249 ], [ -158.157073706807722, 21.392373721567811 ], [ -158.157306417731178, 21.392671226467321 ], [ -158.157447374023661, 21.392794625989399 ], [ -158.157675550545918, 21.392828137387681 ], [ -158.1578898680431, 21.392875931107916 ], [ -158.158044779275997, 21.392984948616338 ], [ -158.158219739038913, 21.393073303511859 ], [ -158.158326359183832, 21.393232090699559 ], [ -158.158423566747246, 21.393400578823371 ], [ -158.158557861980711, 21.393530842770641 ], [ -158.158697088976282, 21.393656025955128 ], [ -158.158901799237071, 21.393713720831737 ], [ -158.159103461664415, 21.39377455774089 ], [ -158.159274624912911, 21.393866827063398 ], [ -158.159409018368592, 21.393996991467443 ], [ -158.159536131229345, 21.394134658578437 ], [ -158.159688991683765, 21.394245791068112 ], [ -158.15980035072576, 21.394399696275137 ], [ -158.159976185638271, 21.394487151236415 ], [ -158.160129962849169, 21.394597338404097 ], [ -158.160262324766791, 21.394729597018962 ], [ -158.160372334959561, 21.394884892748511 ], [ -158.160565451495955, 21.394954537177107 ], [ -158.160729573984781, 21.395054063381085 ], [ -158.160906551429889, 21.395140341401127 ], [ -158.161055506228593, 21.395255500607529 ], [ -158.161237041061753, 21.395337080556644 ], [ -158.161372875719337, 21.395465761770883 ], [ -158.161536917826311, 21.395565371731951 ], [ -158.161726677338805, 21.395638476359075 ], [ -158.161917955700574, 21.395710015458416 ], [ -158.162051740884664, 21.395840809010437 ], [ -158.162203217403658, 21.395953368859377 ], [ -158.162359528610068, 21.39606094670367 ], [ -158.162514584366903, 21.396169819106845 ], [ -158.162781854545472, 21.396163038020568 ], [ -158.162999282044382, 21.396207627322731 ], [ -158.163174351599451, 21.396295871144297 ], [ -158.163339670004547, 21.396394166721485 ], [ -158.163498105736636, 21.396499554230775 ], [ -158.163659791494723, 21.396601593352166 ], [ -158.163820747752226, 21.396704384873658 ], [ -158.163921378300671, 21.396818672738505 ] ] } },
{ "type": "Feature", "properties": { "objectid": 93, "island": "Oahu", "st_lengthshape": 512.24393096571373 }, "geometry": { "type": "LineString", "coordinates": [ [ -158.17660810915271, 21.403885506933541 ], [ -158.176722322354152, 21.404031219308735 ], [ -158.176809582048747, 21.404196524340691 ], [ -158.176914341284714, 21.404349109712129 ], [ -158.176992985853275, 21.404520677550213 ], [ -158.17708907572873, 21.404679565204336 ], [ -158.177221035449492, 21.404812376335034 ], [ -158.177365008132654, 21.404936455722837 ], [ -158.177490152625865, 21.405074221168601 ], [ -158.177601993343501, 21.405221658671788 ], [ -158.177694557032169, 21.405321415779262 ], [ -158.17778602441237, 21.405400731357819 ], [ -158.177851279270271, 21.405573591028123 ], [ -158.177893432777097, 21.405750150852469 ], [ -158.177909762761686, 21.405930847415046 ], [ -158.177981231763482, 21.406102711188062 ], [ -158.178026016881546, 21.406278849320934 ], [ -158.178064287026444, 21.406456031507567 ], [ -158.178099799428026, 21.4066336555025 ], [ -158.178120358208417, 21.406813674401626 ], [ -158.178050042218644, 21.406985908053112 ], [ -158.177967634248176, 21.407150970387114 ], [ -158.177860336089083, 21.407301200576203 ], [ -158.177776039210926, 21.407465137770529 ], [ -158.177664206861635, 21.407612665031163 ], [ -158.177505868334492, 21.407732479174893 ], [ -158.177380976521249, 21.407872225757256 ] ] } },
{ "type": "Feature", "properties": { "objectid": 94, "island": "Oahu", "st_lengthshape": 2172.1660015270277 }, "geometry": { "type": "LineString", "coordinates": [ [ -158.177140700894398, 21.409861207324212 ], [ -158.177173461398041, 21.410060179150463 ], [ -158.177161249123003, 21.410245950280199 ], [ -158.177113214326511, 21.410421207320859 ], [ -158.177004568848815, 21.410578674079986 ], [ -158.17679361254099, 21.410706111635712 ], [ -158.176650353744662, 21.410853418656291 ], [ -158.176537854995559, 21.411479058465108 ], [ -158.176506782402328, 21.411668019060404 ], [ -158.176524120205841, 21.411848722363747 ], [ -158.176563439742665, 21.412025676833924 ], [ -158.17660879512232, 21.412201601200149 ], [ -158.176634302125422, 21.412380911748297 ], [ -158.176643999340655, 21.412562918214032 ], [ -158.17665563381243, 21.412744594495898 ], [ -158.176672041882966, 21.412925456726633 ], [ -158.176688412324069, 21.413106325092294 ], [ -158.176703125608441, 21.413287476223775 ], [ -158.176719710505523, 21.41346830768952 ], [ -158.176750353561317, 21.413646741790657 ], [ -158.176772213360834, 21.413826674025422 ], [ -158.176833889371323, 21.413999815452385 ], [ -158.17690113393499, 21.414172007577619 ], [ -158.176978352756208, 21.414342497775035 ], [ -158.17705971185697, 21.414512281895867 ], [ -158.177126733817744, 21.414684511689043 ], [ -158.17718179044823, 21.414858781421891 ], [ -158.177246156915373, 21.415031464310289 ], [ -158.177270623033593, 21.415210952123346 ], [ -158.177316129800062, 21.415386850825612 ], [ -158.177400485563226, 21.415556123690099 ], [ -158.177475855274622, 21.415726929831255 ], [ -158.177550193742377, 21.415897911568557 ], [ -158.177613360638048, 21.416070798935404 ], [ -158.177670851987727, 21.416244654029409 ], [ -158.177735472614302, 21.416417292808717 ], [ -158.17778017193146, 21.416593329264934 ], [ -158.177822231948312, 21.416769817132121 ], [ -158.177889705789966, 21.416941969340471 ], [ -158.177910886479197, 21.41712201733225 ], [ -158.177842234806036, 21.417317387074458 ], [ -158.177757510854462, 21.417515498483599 ], [ -158.17769890263807, 21.417709154800285 ], [ -158.177585865152224, 21.417912094320098 ], [ -158.177512550924291, 21.418108259528349 ], [ -158.177474850825178, 21.418298349457213 ], [ -158.177458584717897, 21.418484784433218 ], [ -158.177461752593956, 21.418667905185583 ], [ -158.17745414544936, 21.418852863055985 ], [ -158.177452343491808, 21.419036830328725 ], [ -158.17745611301973, 21.419219848319472 ], [ -158.177462439901888, 21.419402429846407 ], [ -158.177505764408039, 21.419578701705611 ], [ -158.177545027954011, 21.419755665537132 ], [ -158.177605561717797, 21.419929001611344 ], [ -158.177640470797343, 21.42010670836391 ], [ -158.177669291718985, 21.420285454007828 ], [ -158.177700087718023, 21.420463861510338 ], [ -158.17770201386196, 21.420647193862159 ], [ -158.177712594325641, 21.420829049986182 ], [ -158.177752316180772, 21.421005935601446 ], [ -158.177800349609043, 21.421181404730852 ], [ -158.177831145916201, 21.421359812201548 ], [ -158.177852628293437, 21.421539809203523 ], [ -158.177852525484894, 21.421723487538703 ], [ -158.177880229505092, 21.421902422792332 ], [ -158.17795203516053, 21.422073837297372 ], [ -158.178026941153348, 21.422244722203882 ], [ -158.178092408683113, 21.42241721679698 ], [ -158.178116228695728, 21.422596815058068 ], [ -158.178116214054228, 21.422780478453543 ], [ -158.178107897473836, 21.422965557476992 ], [ -158.178092980644692, 21.423151762336541 ], [ -158.17806212433004, 21.423340685162714 ], [ -158.178011228667089, 21.423533025877592 ], [ -158.177958485294795, 21.423725681840725 ], [ -158.17788998480367, 21.423921025008063 ], [ -158.177817116784013, 21.424117112827712 ], [ -158.177757643231274, 21.424310916478646 ], [ -158.177725542236004, 21.424500051724351 ], [ -158.177724941746135, 21.42468381427976 ], [ -158.177751353786959, 21.424862970831192 ], [ -158.177781294936096, 21.425041524932173 ], [ -158.177799067004514, 21.425222154148589 ], [ -158.177856319345437, 21.425396050385334 ], [ -158.177927928543539, 21.425567498243257 ], [ -158.177970078808272, 21.425743970143714 ], [ -158.17799118320653, 21.425924031154675 ], [ -158.177999254989601, 21.426106315741031 ], [ -158.17798353497281, 21.426292656603298 ], [ -158.177965742264149, 21.426479352280765 ], [ -158.177949653204649, 21.426665756366731 ], [ -158.177976254125298, 21.426844880357653 ], [ -158.178013054133118, 21.427022264659666 ], [ -158.178079542510005, 21.427194585345564 ], [ -158.178125944887171, 21.427370332710161 ], [ -158.17811165811267, 21.427556429431267 ], [ -158.178192892986061, 21.427726235854085 ], [ -158.178378772013957, 21.427878195685473 ], [ -158.178638512755725, 21.428017558457981 ], [ -158.17876523687255, 21.428179605706333 ], [ -158.178778553108572, 21.428360995335488 ], [ -158.178857191101258, 21.428531244962375 ] ] } },
{ "type": "Feature", "properties": { "objectid": 95, "island": "Oahu", "st_lengthshape": 1116.5367419642655 }, "geometry": { "type": "LineString", "coordinates": [ [ -158.190838066513976, 21.441687060195438 ], [ -158.19069024082728, 21.441804147489524 ], [ -158.19048741634785, 21.441849277139557 ], [ -158.190217426716941, 21.44180653092117 ], [ -158.1899167645349, 21.441723652717659 ], [ -158.189659538755052, 21.441697604424146 ], [ -158.189299711804722, 21.442032795201175 ], [ -158.189173695758768, 21.44217741278629 ], [ -158.188990309886918, 21.442297323926791 ], [ -158.188889837762986, 21.44245294167661 ], [ -158.188831065083804, 21.442626518753617 ], [ -158.188713195403835, 21.443119507160635 ], [ -158.188721613913089, 21.443300167620571 ], [ -158.188703099038264, 21.443482940808323 ], [ -158.18875424532402, 21.44366024965267 ], [ -158.188845484916385, 21.443834412718374 ], [ -158.188758109195987, 21.443985215159916 ], [ -158.188593993118303, 21.444669539637388 ], [ -158.188706510646256, 21.444818409019842 ], [ -158.188823442688829, 21.444965127829239 ], [ -158.188931388651184, 21.44511622540756 ], [ -158.189047434807065, 21.445263376141519 ], [ -158.189174350519551, 21.44540522922016 ], [ -158.189307160269408, 21.4455442115819 ], [ -158.18944007574882, 21.445683141051131 ], [ -158.189579419408204, 21.445818939467255 ], [ -158.189714811543752, 21.445956662867825 ], [ -158.189858626155115, 21.446090281899835 ], [ -158.190012104713475, 21.446219192720889 ], [ -158.190158997872885, 21.446351312219956 ], [ -158.190261489757489, 21.446505067644726 ], [ -158.190273590766651, 21.446614235006976 ], [ -158.19050032329676, 21.447253291617233 ], [ -158.190652632827408, 21.44736509932892 ], [ -158.190812654799856, 21.44746611995442 ], [ -158.190983309717438, 21.447552268633558 ], [ -158.19116759003029, 21.447619360556853 ], [ -158.191360002828191, 21.447675078282824 ], [ -158.191541965936125, 21.447745411931386 ], [ -158.191704897795091, 21.447842363089293 ], [ -158.191850159987723, 21.447964028492695 ], [ -158.191990476139466, 21.448092612010587 ], [ -158.192048126071029, 21.448069901123556 ], [ -158.192340745280092, 21.448049213293576 ], [ -158.192505531481373, 21.448165340251069 ], [ -158.192652879670334, 21.448291820498326 ] ] } },
{ "type": "Feature", "properties": { "objectid": 96, "island": "Oahu", "st_lengthshape": 61.53943045945509 }, "geometry": { "type": "LineString", "coordinates": [ [ -158.193255319343876, 21.449026377083008 ], [ -158.193437066616468, 21.449094670406211 ], [ -158.193620316637691, 21.449160681432389 ], [ -158.193815346128304, 21.449208788403567 ] ] } },
{ "type": "Feature", "properties": { "objectid": 97, "island": "Oahu", "st_lengthshape": 512.15913432750119 }, "geometry": { "type": "LineString", "coordinates": [ [ -158.205360474600809, 21.459273478684487 ], [ -158.205508470220906, 21.459401423732082 ], [ -158.205674803113197, 21.459494306935465 ], [ -158.205836309866669, 21.459596420219551 ], [ -158.205977774261044, 21.459736851184363 ], [ -158.206105276784996, 21.459903977823132 ], [ -158.206241090363164, 21.460055215047063 ], [ -158.206394921272732, 21.460172004101562 ], [ -158.206539028594278, 21.460307385108639 ], [ -158.206708745206413, 21.460393802004404 ], [ -158.206885662960872, 21.460466450841022 ], [ -158.207072715253474, 21.460519720608421 ], [ -158.207255838574554, 21.46058050543558 ], [ -158.207432904096265, 21.460652872527962 ], [ -158.207601540164262, 21.460741355937486 ], [ -158.207783049074209, 21.460805226874136 ], [ -158.20796749544013, 21.460863482116636 ], [ -158.208152587545101, 21.460920501583207 ], [ -158.208341503523485, 21.460970211949434 ], [ -158.208526168783976, 21.461028048420033 ], [ -158.208702253508534, 21.461102289638173 ], [ -158.208878947899166, 21.461175367201676 ], [ -158.209064550801116, 21.461231411460385 ], [ -158.209268779871167, 21.46125184184778 ], [ -158.209459410104159, 21.461298272314753 ], [ -158.209643408607661, 21.461353382319448 ] ] } },
{ "type": "Feature", "properties": { "objectid": 98, "island": "Oahu", "st_lengthshape": 337.23861011069675 }, "geometry": { "type": "LineString", "coordinates": [ [ -158.21250322386291, 21.46147696095079 ], [ -158.212463922414855, 21.461678422922557 ], [ -158.212470234842272, 21.461866232539272 ], [ -158.212436642474046, 21.462065985837537 ], [ -158.212484363885181, 21.462241401695515 ], [ -158.212529131199574, 21.462417702567461 ], [ -158.212589065977966, 21.462589462701377 ], [ -158.212647180605245, 21.462761768966235 ], [ -158.212708187707307, 21.462933208862392 ], [ -158.212768619761619, 21.463104821299904 ], [ -158.21286058066346, 21.46326699645914 ], [ -158.213081933763533, 21.46339044584229 ], [ -158.213114399942668, 21.46357042898228 ], [ -158.213202143814641, 21.463733866122524 ], [ -158.213349997076108, 21.463879313601421 ], [ -158.213476303913694, 21.464031209668175 ], [ -158.213566650802619, 21.464193868345308 ] ] } },
{ "type": "Feature", "properties": { "objectid": 99, "island": "Oahu", "st_lengthshape": 18.699408821324845 }, "geometry": { "type": "LineString", "coordinates": [ [ -158.217281608927152, 21.468338218720803 ], [ -158.217227786502264, 21.468499469796743 ] ] } },
{ "type": "Feature", "properties": { "objectid": 100, "island": "Oahu", "st_lengthshape": 831.80803663237566 }, "geometry": { "type": "LineString", "coordinates": [ [ -158.219355002175035, 21.475355603029833 ], [ -158.219448891635864, 21.475525946413757 ], [ -158.219537993488103, 21.47570105930847 ], [ -158.219659110128589, 21.475844277945171 ], [ -158.219620242265052, 21.476146873161284 ], [ -158.219661742840231, 21.476369406440078 ], [ -158.219742578784434, 21.476552753557673 ], [ -158.219841481425817, 21.476718104159033 ], [ -158.219957199017045, 21.476866702751099 ], [ -158.220077655195183, 21.477010582055865 ], [ -158.220180822362266, 21.477171684451903 ], [ -158.220318051048338, 21.477298854781651 ], [ -158.220460824717634, 21.477420501855665 ], [ -158.220581899972643, 21.47756376483402 ], [ -158.220704641605693, 21.477705367723452 ], [ -158.220814691874892, 21.477859613911658 ], [ -158.220924888898679, 21.4780137143552 ], [ -158.221045916574212, 21.478157024672875 ], [ -158.221197070918606, 21.478270323446043 ], [ -158.221368846071442, 21.478363080574098 ], [ -158.221549714872197, 21.478446778498039 ], [ -158.221741190120355, 21.478519910948386 ], [ -158.221940823539654, 21.478584914849055 ], [ -158.22217623007711, 21.478614282055343 ], [ -158.222412687630623, 21.478642603106039 ], [ -158.22265486176471, 21.478665227939345 ], [ -158.223024007152645, 21.478561362989112 ], [ -158.223403966789419, 21.478446723182113 ], [ -158.223625127523292, 21.478490280458601 ], [ -158.22384348016152, 21.478536635048947 ], [ -158.224349119562561, 21.47871556622724 ], [ -158.224549173052907, 21.478723760797223 ], [ -158.224737949310367, 21.478685883660898 ], [ -158.224922054321667, 21.478628920895119 ], [ -158.225111068465907, 21.478592016549463 ], [ -158.225302882996857, 21.478566550028752 ] ] } },
{ "type": "Feature", "properties": { "objectid": 101, "island": "Oahu", "st_lengthshape": 1024.7589724818451 }, "geometry": { "type": "LineString", "coordinates": [ [ -158.22889810690819, 21.489183575147379 ], [ -158.228913974103591, 21.489364738133929 ], [ -158.228918689578762, 21.489545615663996 ], [ -158.22889647636498, 21.489725801560688 ], [ -158.228845421359466, 21.489905247230194 ], [ -158.228902457687695, 21.490087467504104 ], [ -158.228902513207032, 21.490268225039269 ], [ -158.228941032546146, 21.490449969555986 ], [ -158.228967967736992, 21.490631416678202 ], [ -158.228983414286688, 21.490812569561459 ], [ -158.229024529252911, 21.490994381140936 ], [ -158.229097236139438, 21.491177003405227 ], [ -158.229160273859748, 21.491359376852312 ], [ -158.229200188471026, 21.491541157552085 ], [ -158.229228085475057, 21.49172262983863 ], [ -158.22926537973936, 21.49190434241816 ], [ -158.229309918888731, 21.492086241991732 ], [ -158.229299599860838, 21.492266733008631 ], [ -158.229263872762289, 21.492446571975833 ], [ -158.229253894349569, 21.492627072682467 ], [ -158.229255120028483, 21.492807859965694 ], [ -158.229270710889836, 21.492989016166966 ], [ -158.229273069729885, 21.493169833063337 ], [ -158.22927045098379, 21.493350521290893 ], [ -158.22925729596858, 21.493530940468169 ], [ -158.229257296768537, 21.493711695881927 ], [ -158.229228767767978, 21.493891719786252 ], [ -158.22924263093023, 21.494072831860681 ], [ -158.229291523746184, 21.494254842742006 ], [ -158.229416222925266, 21.494438798759454 ], [ -158.229502234514854, 21.494621762263872 ], [ -158.229529951859689, 21.494803229112897 ], [ -158.229531856355692, 21.494984033942682 ], [ -158.229513040418283, 21.495164307747807 ], [ -158.229497413531533, 21.495344662205486 ], [ -158.229465539930203, 21.495524601124181 ], [ -158.22944966293872, 21.495704948993041 ], [ -158.22943960814348, 21.495885447482674 ], [ -158.229375879874652, 21.496064568174177 ], [ -158.22921883114293, 21.496241294199024 ], [ -158.229184643315648, 21.496421172664395 ], [ -158.229164546814928, 21.496601412468785 ], [ -158.229111939283882, 21.496780818334589 ], [ -158.22906241650395, 21.496960303460831 ], [ -158.229084226402563, 21.497141619296517 ], [ -158.229099232394077, 21.497322760984034 ], [ -158.229086436683986, 21.497503188031519 ], [ -158.229067675754749, 21.497683462868363 ], [ -158.229056216812296, 21.497863924983641 ], [ -158.229085253561664, 21.498045425934961 ], [ -158.229085147779671, 21.498226178948741 ] ] } },
{ "type": "Feature", "properties": { "objectid": 102, "island": "Oahu", "st_lengthshape": 120.30793267636811 }, "geometry": { "type": "LineString", "coordinates": [ [ -158.228606768199029, 21.510969066635901 ], [ -158.228512726106317, 21.511127122538312 ], [ -158.228445089326812, 21.5112973948826 ], [ -158.228380982169739, 21.511469301582427 ], [ -158.228321917704818, 21.511643539870725 ], [ -158.228268698211707, 21.511820482068792 ], [ -158.228240815858953, 21.511994198597396 ] ] } },
{ "type": "Feature", "properties": { "objectid": 103, "island": "Oahu", "st_lengthshape": 137.15861858787625 }, "geometry": { "type": "LineString", "coordinates": [ [ -158.228629246343758, 21.516919909001057 ], [ -158.228609488127717, 21.517106022199048 ], [ -158.228575632755252, 21.517287168128444 ], [ -158.228497696360876, 21.517452779691666 ], [ -158.228417747564407, 21.517617681735942 ], [ -158.228399846982796, 21.517804450340666 ], [ -158.228413494376895, 21.518002335348353 ], [ -158.228418972121005, 21.518122594382376 ] ] } },
{ "type": "Feature", "properties": { "objectid": 104, "island": "Oahu", "st_lengthshape": 1023.4313601446086 }, "geometry": { "type": "LineString", "coordinates": [ [ -158.228427697044566, 21.527353795919094 ], [ -158.228477051768181, 21.527529521623435 ], [ -158.228511885079001, 21.527707325863997 ], [ -158.228533824181426, 21.527886974047398 ], [ -158.228516988605747, 21.52807217081822 ], [ -158.228530964464994, 21.528252958467146 ], [ -158.228562665232687, 21.528431210770282 ], [ -158.228568177313292, 21.52861320965232 ], [ -158.228543969731987, 21.528799460077536 ], [ -158.228512279968925, 21.528986781719262 ], [ -158.228535655139353, 21.529166225113332 ], [ -158.22855745431383, 21.529345893401402 ], [ -158.228529792972722, 21.52953263828487 ], [ -158.22852632990751, 21.52971592190806 ], [ -158.228545798384744, 21.529895923625013 ], [ -158.228599149705758, 21.530071078696675 ], [ -158.2286520218627, 21.530246301101187 ], [ -158.22871677691387, 21.530419824827177 ], [ -158.228754006588247, 21.530597285907579 ], [ -158.228783678776949, 21.530775827803414 ], [ -158.228823376585467, 21.53095293618432 ], [ -158.228867306004844, 21.531129438023193 ], [ -158.22890835201332, 21.531306353854205 ], [ -158.228941596999931, 21.531484384614284 ], [ -158.228953982029537, 21.531665400624547 ], [ -158.228973492766414, 21.531845396141332 ], [ -158.229021347808015, 21.532021337867693 ], [ -158.229093842369167, 21.532193753442304 ], [ -158.229146564092133, 21.532368997571798 ], [ -158.229179984471244, 21.532547003789375 ], [ -158.229168442535524, 21.532731442603882 ], [ -158.229149856002465, 21.532916889635242 ], [ -158.229165544282722, 21.533097432106395 ], [ -158.229195249264052, 21.53327597043976 ], [ -158.2292518338962, 21.533450662298922 ], [ -158.229337628105156, 21.533621175112017 ], [ -158.22943221037832, 21.533790431123695 ], [ -158.229542839879912, 21.533957391452613 ], [ -158.2296458268587, 21.534125443923017 ], [ -158.229744392090822, 21.534294130012714 ], [ -158.229821109533077, 21.534465941394046 ], [ -158.229885313977178, 21.534639543430728 ], [ -158.229952573178764, 21.53481270872345 ], [ -158.230016048330242, 21.534986414854345 ], [ -158.230103923862885, 21.535156629722245 ], [ -158.230201460164977, 21.535325462582694 ], [ -158.230315567619442, 21.535491925311572 ], [ -158.230460137555809, 21.535654028422655 ], [ -158.230541011815376, 21.535825245219566 ], [ -158.230590097169738, 21.536001010575994 ], [ -158.23064391583037, 21.536176098479409 ] ] } },
{ "type": "Feature", "properties": { "objectid": 105, "island": "Oahu", "st_lengthshape": 72.16047769351664 }, "geometry": { "type": "LineString", "coordinates": [ [ -158.231095986193225, 21.537498420505916 ], [ -158.231305174626328, 21.537581226148472 ], [ -158.231534934472421, 21.537650402940169 ], [ -158.231745896678319, 21.537732033599116 ] ] } },
{ "type": "Feature", "properties": { "objectid": 106, "island": "Oahu", "st_lengthshape": 1086.1530892911042 }, "geometry": { "type": "LineString", "coordinates": [ [ -158.239772485942495, 21.546219321877793 ], [ -158.239794350589193, 21.546441347196787 ], [ -158.239829848080063, 21.546652233712596 ], [ -158.239890015045091, 21.546842965630351 ], [ -158.239986113149257, 21.54700434204759 ], [ -158.240055592701538, 21.547187465956455 ], [ -158.240140308372276, 21.547358142000057 ], [ -158.240194638625979, 21.547553642711655 ], [ -158.240306594175479, 21.547702064395327 ], [ -158.240455797115715, 21.547820054098388 ], [ -158.240570511318708, 21.547966222331141 ], [ -158.24061400258222, 21.548170579732503 ], [ -158.240700114060502, 21.548340116287502 ], [ -158.240783083488395, 21.548512219642955 ], [ -158.240859116878653, 21.548689990327532 ], [ -158.241051754129444, 21.548772495599678 ], [ -158.241094781731306, 21.548977231119878 ], [ -158.241217415162907, 21.549116930147196 ], [ -158.24136609365172, 21.549235350338211 ], [ -158.241490256983866, 21.549373799437632 ], [ -158.241655008979706, 21.549479086805551 ], [ -158.241807884656339, 21.549594078148758 ], [ -158.241981094057564, 21.549692457052526 ], [ -158.242151850995356, 21.549792839322251 ], [ -158.242381357596855, 21.549845221690362 ], [ -158.242563801448512, 21.549936055712248 ], [ -158.242711869922317, 21.550054974284965 ], [ -158.242860187881888, 21.55017368968419 ], [ -158.242998313175434, 21.550300731832536 ], [ -158.243124906453062, 21.550437196881166 ], [ -158.243193782423958, 21.550620817316172 ], [ -158.243330681589129, 21.550748861882166 ], [ -158.243525319894843, 21.550829732797897 ], [ -158.243676797078621, 21.550945867127471 ], [ -158.243800407380263, 21.551084769204333 ], [ -158.243917644183, 21.551228878673442 ], [ -158.244040044603508, 21.551368768885421 ], [ -158.24421807189907, 21.551463212084105 ], [ -158.244387774394312, 21.551564457371935 ], [ -158.24454688754895, 21.551674352905358 ], [ -158.244695271695917, 21.551793015529991 ], [ -158.244834735584874, 21.551918964584797 ], [ -158.24499360409672, 21.552029060969272 ], [ -158.245093812584088, 21.552187084224744 ], [ -158.245233122986662, 21.552313159649305 ], [ -158.245358386578175, 21.552450712023035 ], [ -158.245478997144971, 21.552592066639278 ], [ -158.245572756180763, 21.552755358248241 ], [ -158.245677184555348, 21.552909934637135 ], [ -158.245778702682713, 21.553066887416851 ], [ -158.245865165306242, 21.553236141138449 ], [ -158.245937358928984, 21.553417053416155 ], [ -158.246021476996162, 21.553569698307005 ] ] } },
{ "type": "Feature", "properties": { "objectid": 107, "island": "Kauai", "st_lengthshape": 5489.7413498803389 }, "geometry": { "type": "LineString", "coordinates": [ [ -159.583185865290091, 22.220099946280804 ], [ -159.583005070122027, 22.22021547576913 ], [ -159.582782554010862, 22.220310535317303 ], [ -159.582730897655523, 22.220489424352394 ], [ -159.582764494910094, 22.220710140768475 ], [ -159.582744279698403, 22.22090445565048 ], [ -159.582684220976773, 22.221079221830838 ], [ -159.582596218871998, 22.22124027778624 ], [ -159.582499674439759, 22.221397143597063 ], [ -159.582397079517591, 22.22155104075863 ], [ -159.582322332395051, 22.221718600570277 ], [ -159.582269665789624, 22.221896994387599 ], [ -159.582239510474153, 22.222086432083852 ], [ -159.58210417626205, 22.222224266344792 ], [ -159.582002369789564, 22.222378550707965 ], [ -159.581918303738433, 22.222541539044432 ], [ -159.581691105974244, 22.222659299140986 ], [ -159.581511374484109, 22.222729379546266 ], [ -159.581320639619634, 22.222780113036638 ], [ -159.581125051013174, 22.222822310262384 ], [ -159.580934516226449, 22.222873394011753 ], [ -159.580771862731609, 22.222898396270111 ], [ -159.580578495340319, 22.22291621844289 ], [ -159.580384981369207, 22.222931207850859 ], [ -159.580192773430753, 22.222971689900874 ], [ -159.580001376775243, 22.223028038841182 ], [ -159.579808221179235, 22.223050011369235 ], [ -159.579613301615666, 22.223037530705579 ], [ -159.57941556745709, 22.222970060001245 ], [ -159.579215713011394, 22.222861144139578 ], [ -159.579014434857243, 22.22272442647083 ], [ -159.578818305809392, 22.222688291838754 ], [ -159.578631244324214, 22.222829347221325 ], [ -159.578457867700791, 22.223237819474303 ], [ -159.578263534467169, 22.223236808279207 ], [ -159.578070357196339, 22.223258373204079 ], [ -159.577878026803262, 22.223296486066932 ], [ -159.57768486942544, 22.223318443444338 ], [ -159.57749079331694, 22.223322438859739 ], [ -159.57729569109037, 22.223306397581759 ], [ -159.577100890501185, 22.223296245161553 ], [ -159.576906906127135, 22.223302030091894 ], [ -159.576713704290285, 22.22332312553722 ], [ -159.57651999828974, 22.223334361034659 ], [ -159.576325687023854, 22.223333780177157 ], [ -159.57613148009176, 22.223335225946002 ], [ -159.575937507276024, 22.223341256309112 ], [ -159.575848671449535, 22.223246638844639 ], [ -159.575672126485671, 22.223167665987233 ], [ -159.575482051278897, 22.223127743252263 ], [ -159.575306585533866, 22.223045656672774 ], [ -159.57511026270052, 22.223023765760011 ], [ -159.57490652944827, 22.223037244490239 ], [ -159.574495446332406, 22.222975294153166 ], [ -159.574300467423683, 22.222954802299874 ], [ -159.574105240166716, 22.222927872559634 ], [ -159.573908957937022, 22.222873674478929 ], [ -159.573715920020589, 22.222823178594137 ], [ -159.573394695907268, 22.222833993602361 ], [ -159.573206562372292, 22.222878603290852 ], [ -159.573025180487718, 22.222944359252569 ], [ -159.57293256355635, 22.223073044054157 ], [ -159.572680503019939, 22.223149400565053 ], [ -159.572481753641654, 22.223118890259855 ], [ -159.57230378381351, 22.223046724936577 ], [ -159.572181539582317, 22.22286285230237 ], [ -159.57204456138706, 22.222708515629115 ], [ -159.571900007967741, 22.222569364508267 ], [ -159.571740519358627, 22.222460153814996 ], [ -159.571564998276386, 22.222383081720714 ], [ -159.57136701245409, 22.222351039695923 ], [ -159.571160240347751, 22.222336612951743 ], [ -159.570951439382867, 22.222326252039522 ], [ -159.570757679994585, 22.222285739517556 ], [ -159.570605218637155, 22.222162442517327 ], [ -159.570497069949596, 22.221950317672803 ], [ -159.57035967965038, 22.221796812088598 ], [ -159.570162087586823, 22.221763982140811 ], [ -159.570017778561322, 22.221624346009627 ], [ -159.569846516478833, 22.221538737130995 ], [ -159.569705178214122, 22.221393145931561 ], [ -159.569523147360798, 22.221329125922349 ], [ -159.569344632629935, 22.221258056818211 ], [ -159.569141534165141, 22.221236265458739 ], [ -159.568919222484368, 22.221252988838053 ], [ -159.568682740865398, 22.221298113755484 ], [ -159.568492230950454, 22.221251088074784 ], [ -159.56840017239341, 22.221006720081842 ], [ -159.568228605839209, 22.220855943737064 ], [ -159.568092254895276, 22.220726667146582 ], [ -159.567984273829268, 22.220567244308228 ], [ -159.567863790240636, 22.220421106165162 ], [ -159.567720890484679, 22.220302854613056 ], [ -159.567372824505213, 22.22002284726306 ], [ -159.567237668250186, 22.2198674285622 ], [ -159.566967930822784, 22.219710075671806 ], [ -159.566754142892876, 22.219763224901282 ], [ -159.566304782317275, 22.219833556265968 ], [ -159.566110841182791, 22.219810179872866 ], [ -159.565718295966803, 22.219782048141024 ], [ -159.565486458077515, 22.219662987150091 ], [ -159.564973629858486, 22.219879081411843 ], [ -159.564833735713648, 22.220017132446483 ], [ -159.564681762159296, 22.220134754218481 ], [ -159.564523858694997, 22.220242348799321 ], [ -159.56436264043424, 22.220344336476355 ], [ -159.564199780174476, 22.220437573928109 ], [ -159.563881534675602, 22.220566942864629 ], [ -159.563714462342233, 22.22066150797971 ], [ -159.563529840848759, 22.220731150151181 ], [ -159.563266713069083, 22.220883789230498 ], [ -159.563114140122821, 22.220997902830266 ], [ -159.562975491462367, 22.22112444679102 ], [ -159.562846493322866, 22.221259604607841 ], [ -159.562705141050088, 22.221383734773589 ], [ -159.562544886219939, 22.221490992307345 ], [ -159.562392298397867, 22.221605093550533 ], [ -159.562246290883365, 22.22172506841337 ], [ -159.562108162651299, 22.221852076909677 ], [ -159.561994339779886, 22.222000780533239 ], [ -159.561889817877983, 22.222157787640025 ], [ -159.561772412125521, 22.222303292797058 ], [ -159.561650136439283, 22.222444452158445 ], [ -159.561515097636629, 22.222574219324425 ], [ -159.561372412740468, 22.222697161368764 ], [ -159.561218537315114, 22.222810113236331 ], [ -159.561080684617309, 22.222937369266216 ], [ -159.560916082904527, 22.223040748366035 ], [ -159.560657451389801, 22.223060192942945 ], [ -159.560382710213702, 22.223065257150672 ], [ -159.560304436844348, 22.223245695611098 ], [ -159.560350870646317, 22.223537450768131 ], [ -159.56027272162541, 22.223717999898245 ], [ -159.560155172704469, 22.223863380638964 ], [ -159.560032364335399, 22.224004065454157 ], [ -159.559899279781462, 22.224135578080251 ], [ -159.559753691103538, 22.224255928738181 ], [ -159.559607037874486, 22.224375329841958 ], [ -159.559476583636638, 22.224509190958464 ], [ -159.559352588009688, 22.224648816954041 ], [ -159.559222497459047, 22.224783002748211 ], [ -159.559061303249564, 22.224889424501765 ], [ -159.558940756862825, 22.225032129775222 ], [ -159.558794245277284, 22.225151657957095 ], [ -159.558697090720557, 22.225315243417398 ], [ -159.55861041736506, 22.225488185492058 ], [ -159.558490116934848, 22.225630271667097 ], [ -159.558350875286976, 22.225608500652516 ], [ -159.558161996824253, 22.225562729329624 ], [ -159.557970124317507, 22.225535646774038 ], [ -159.557776765219387, 22.225517847920088 ], [ -159.557580034119979, 22.225521095183637 ], [ -159.557378481178858, 22.225554442890232 ], [ -159.557177287967619, 22.225585541454514 ], [ -159.556981257508369, 22.225584417651522 ], [ -159.556849830186593, 22.225527066143535 ], [ -159.556714701427865, 22.225394790063294 ], [ -159.556559970123629, 22.225285687219479 ], [ -159.556402421819911, 22.225179913856863 ], [ -159.556245883977112, 22.225072946198466 ], [ -159.556094687241085, 22.22495966432373 ], [ -159.555929677872911, 22.224862711504869 ], [ -159.555761015103172, 22.224770077508179 ], [ -159.555578087651526, 22.224694305248573 ], [ -159.555393762379907, 22.224631392953551 ], [ -159.555098286871697, 22.224439123137902 ], [ -159.554932556611902, 22.224339388358771 ], [ -159.554614421855575, 22.224236144744715 ], [ -159.554421858848599, 22.224213721862881 ], [ -159.55422723944028, 22.224206999650093 ], [ -159.554035017545914, 22.224181973349776 ], [ -159.55384450458115, 22.224143895883575 ], [ -159.553652360081287, 22.22411827984692 ], [ -159.553457646592022, 22.224112270717949 ], [ -159.553263887475339, 22.224098983919468 ], [ -159.553069207014602, 22.224092728487189 ], [ -159.552874484450228, 22.22410171877312 ], [ -159.552625787512085, 22.224133077007224 ], [ -159.552437952858639, 22.224181420854126 ], [ -159.552224080013161, 22.224247571287862 ], [ -159.552045288003058, 22.224312712562035 ], [ -159.551865094706812, 22.224396945469618 ], [ -159.551680118260663, 22.224465467076648 ], [ -159.551486739194473, 22.224510754360278 ], [ -159.55132724388082, 22.224593039248788 ], [ -159.551145981431631, 22.224528036611726 ], [ -159.550981371885911, 22.224416958981465 ], [ -159.550802372359158, 22.22434569584485 ], [ -159.550613633586039, 22.22430138233139 ], [ -159.550433497840089, 22.224233267370035 ], [ -159.55025912761883, 22.224149197597111 ], [ -159.550087979141693, 22.224056211905616 ], [ -159.549898570933323, 22.224013753595095 ], [ -159.549685888998681, 22.224035690507581 ], [ -159.549475583821987, 22.224051050479002 ], [ -159.549275173782775, 22.224039032595797 ], [ -159.549088937508657, 22.223987796917697 ], [ -159.54889779021488, 22.223950148500627 ], [ -159.548703956087735, 22.223919934885064 ], [ -159.548518016784072, 22.223867875448825 ], [ -159.548330918933772, 22.22381902226314 ], [ -159.548151555706085, 22.22374877101208 ], [ -159.547978142563494, 22.22366205488639 ], [ -159.547808073232602, 22.223566088216526 ], [ -159.547623471002737, 22.223510331937906 ], [ -159.547431240898447, 22.223475682911722 ], [ -159.547234902125894, 22.223452397824587 ], [ -159.547042326588695, 22.223418704393932 ], [ -159.546855597489269, 22.223368832825791 ], [ -159.546667003245119, 22.223324122122509 ], [ -159.546480248473387, 22.223274321573673 ], [ -159.546303575780286, 22.223196626923055 ], [ -159.546192545977988, 22.222945710123614 ], [ -159.546165691105244, 22.22273944052456 ], [ -159.546056847525932, 22.222589659427786 ], [ -159.545918775626802, 22.222460017408508 ], [ -159.545775206449406, 22.22233416270192 ], [ -159.545637430209069, 22.222204317077317 ], [ -159.545493573163611, 22.22207866001682 ], [ -159.545315725757376, 22.221976422731188 ], [ -159.545120296375899, 22.221886299158832 ], [ -159.544973127661336, 22.221762924773287 ], [ -159.544885102399718, 22.221598802055688 ], [ -159.544788307044797, 22.221440720794543 ], [ -159.544734996604433, 22.221252679789345 ], [ -159.544756895672009, 22.221089601860232 ], [ -159.544675974763265, 22.221006463367548 ], [ -159.544657869146846, 22.220825968943736 ], [ -159.544697374879718, 22.220647074018814 ], [ -159.544758187689723, 22.220491544735143 ], [ -159.544797373856767, 22.22031236357007 ], [ -159.544780776509896, 22.220130997732401 ], [ -159.544720297140742, 22.219724310150752 ], [ -159.544637257144529, 22.2195612862464 ], [ -159.544519283767812, 22.219369814488566 ], [ -159.54441439539616, 22.219217740540074 ], [ -159.544291803179874, 22.219076810493142 ], [ -159.544148385628603, 22.218948989710835 ], [ -159.544005235481052, 22.218821000772177 ], [ -159.543881987777382, 22.218680483636852 ], [ -159.543773711942578, 22.218532551827838 ], [ -159.543680472219592, 22.218381798063412 ], [ -159.54358080775549, 22.218217723335449 ], [ -159.543452944155575, 22.218080886375436 ], [ -159.543298414537531, 22.217969804031497 ], [ -159.543127055610455, 22.217874975729909 ], [ -159.542954479890113, 22.217781323920505 ], [ -159.54280534865768, 22.217666750397164 ], [ -159.542695498207365, 22.217514815574201 ], [ -159.542614847910556, 22.217349061511669 ], [ -159.542561650014022, 22.217175224369885 ], [ -159.542531805888132, 22.21699451123709 ], [ -159.542520831367085, 22.216810558821532 ] ] } },
{ "type": "Feature", "properties": { "objectid": 108, "island": "Kauai", "st_lengthshape": 412.5043479761548 }, "geometry": { "type": "LineString", "coordinates": [ [ -159.542489704183822, 22.214642462701043 ], [ -159.542357614449514, 22.214491919742642 ], [ -159.542207551557027, 22.214371442208435 ], [ -159.542047320284098, 22.214267975164383 ], [ -159.541886322838081, 22.214165790631821 ], [ -159.541711983345891, 22.214085924674347 ], [ -159.541512985856542, 22.214047307791539 ], [ -159.541341951446981, 22.2139619133448 ], [ -159.541209985033504, 22.213811164831686 ], [ -159.541094302535981, 22.213633177732145 ], [ -159.540957212821212, 22.21349100217255 ], [ -159.540784548253498, 22.213408335395851 ], [ -159.540618716071492, 22.213314239354879 ], [ -159.540476188956433, 22.213181158838644 ], [ -159.540327242529884, 22.213058818394359 ], [ -159.540135871489781, 22.213007443699482 ], [ -159.539970811446551, 22.212912057968335 ], [ -159.539814190925313, 22.212802554579142 ], [ -159.539620197221495, 22.212755567670424 ], [ -159.539420221683429, 22.21271858748953 ], [ -159.53925797080538, 22.212619788583499 ] ] } },
{ "type": "Feature", "properties": { "objectid": 109, "island": "Kauai", "st_lengthshape": 1442.6110007580173 }, "geometry": { "type": "LineString", "coordinates": [ [ -159.531611796009486, 22.2152253734371 ], [ -159.531425575557932, 22.215173629293897 ], [ -159.531234114834604, 22.215135501900271 ], [ -159.531042604241009, 22.215097502725751 ], [ -159.530845510266801, 22.215074006733563 ], [ -159.530649970046198, 22.215046474441618 ], [ -159.530455613675969, 22.21501586918739 ], [ -159.530259093529992, 22.214990882702562 ], [ -159.530061932556777, 22.214967561235344 ], [ -159.529866247523216, 22.214940404284608 ], [ -159.529668168083589, 22.214919467607917 ], [ -159.529468267856259, 22.214903262325702 ], [ -159.529263729529589, 22.214899103432391 ], [ -159.529056855320732, 22.214901012821567 ], [ -159.528851632851882, 22.214898630825527 ], [ -159.528659725348888, 22.214861660905097 ], [ -159.528476922350762, 22.214801043465332 ], [ -159.528300311471497, 22.214724340458368 ], [ -159.528125972333186, 22.214641737873698 ], [ -159.527951289392774, 22.214560027874565 ], [ -159.527762157640097, 22.214515849543293 ], [ -159.527554573823011, 22.214519601358894 ], [ -159.527340176211794, 22.214541051924257 ], [ -159.52711755602823, 22.214583860052016 ], [ -159.526895929281665, 22.21462408543805 ], [ -159.526683960594369, 22.21463922602516 ], [ -159.526472959492082, 22.214651849932437 ], [ -159.526265531073619, 22.214655195782434 ], [ -159.526061158395549, 22.214650605009716 ], [ -159.525860663083591, 22.214635942029627 ], [ -159.525662449064725, 22.214615352319296 ], [ -159.525474748730971, 22.21456745460188 ], [ -159.525296280286256, 22.214495578485483 ], [ -159.525144966362035, 22.21435317148649 ], [ -159.525010453902155, 22.214167126230816 ], [ -159.524830008565033, 22.214100386406443 ], [ -159.524633321411528, 22.214075831778345 ], [ -159.524459641477961, 22.213991521973121 ], [ -159.524298802987062, 22.213873856613866 ], [ -159.524116638234688, 22.213811584348946 ], [ -159.523944433986031, 22.213723438787358 ], [ -159.52377429411203, 22.213629935521766 ], [ -159.523574630695776, 22.213613111492005 ], [ -159.523184823434065, 22.214090150128158 ], [ -159.522889019955215, 22.214323026757015 ], [ -159.522712851752289, 22.214245177005274 ], [ -159.522499287810916, 22.214264453056892 ], [ -159.522478461950811, 22.213783143578695 ], [ -159.522308309478404, 22.21368967132965 ], [ -159.522116059216273, 22.213653593621597 ], [ -159.521913566754222, 22.213644117705606 ], [ -159.521321548115452, 22.213626713786109 ], [ -159.52109150938756, 22.213673035432443 ], [ -159.520753306913832, 22.213765465822171 ], [ -159.520586617455081, 22.213853222053913 ], [ -159.519917259437875, 22.214464196132344 ], [ -159.520305663268033, 22.214927802593181 ] ] } },
{ "type": "Feature", "properties": { "objectid": 110, "island": "Kauai", "st_lengthshape": 1528.0923925408486 }, "geometry": { "type": "LineString", "coordinates": [ [ -159.517974795856958, 22.213087488404184 ], [ -159.518078015190667, 22.212919964600019 ], [ -159.518153776424754, 22.212748320077853 ], [ -159.518189742313524, 22.212570701515887 ], [ -159.518166657126017, 22.212384220617384 ], [ -159.518187084070945, 22.212204270137516 ], [ -159.518286064223474, 22.212036110144229 ], [ -159.518339087531814, 22.21184908696377 ], [ -159.518358208477764, 22.21166892470022 ], [ -159.518239293796569, 22.211218888196864 ], [ -159.518158239027343, 22.211054415419682 ], [ -159.51806196121359, 22.210897428796532 ], [ -159.517967922696442, 22.210739340958444 ], [ -159.517857931929569, 22.210589098406938 ], [ -159.517734137955699, 22.210445644515254 ], [ -159.517613364855322, 22.210300704749731 ], [ -159.517502919637082, 22.210150685621993 ], [ -159.517400901202222, 22.209996522801859 ], [ -159.517306726521042, 22.209838502731269 ], [ -159.517269247385343, 22.209667694496837 ], [ -159.517289994774615, 22.209479652125303 ], [ -159.51730459521815, 22.209292744990048 ], [ -159.517315496833731, 22.209106521739503 ], [ -159.517313277658758, 22.208922724273322 ], [ -159.517294854607997, 22.208741920693356 ], [ -159.517286621440746, 22.208559234548392 ], [ -159.517278039266728, 22.208376612746143 ], [ -159.517276631670228, 22.208192664524471 ], [ -159.517268330704837, 22.208009990325213 ], [ -159.517245082500665, 22.207830079257118 ], [ -159.517188671573876, 22.20765629746251 ], [ -159.517022633843709, 22.207315956621379 ], [ -159.51691409608469, 22.20716513232205 ], [ -159.516793137705235, 22.207020510419376 ], [ -159.516701112807567, 22.206861440541779 ], [ -159.516578402087163, 22.206717694009736 ], [ -159.516482399401468, 22.206560609659711 ], [ -159.516213419827551, 22.206284112136625 ], [ -159.516064404376635, 22.206168130813989 ], [ -159.515939681137013, 22.206022610434719 ], [ -159.515827152426965, 22.205862260725237 ], [ -159.515713420485753, 22.205703374649133 ], [ -159.515585141640202, 22.205562178109368 ], [ -159.515455994720668, 22.20542203668046 ], [ -159.515257498566257, 22.205366227326902 ], [ -159.515063481372664, 22.205304970463729 ], [ -159.514886843544474, 22.205222580091036 ], [ -159.514719322931171, 22.205129102985687 ], [ -159.514560284966876, 22.205025310884281 ], [ -159.514406050601423, 22.20491567827062 ], [ -159.514256156208546, 22.204800766735424 ], [ -159.514103715982742, 22.2046889536545 ], [ -159.513954880691045, 22.204572754743825 ], [ -159.513806769103013, 22.20445567800521 ], [ -159.513652006625477, 22.204346686833311 ], [ -159.513479465218438, 22.204259316836886 ], [ -159.513317600999471, 22.204158962634573 ], [ -159.513171323631724, 22.204039655322735 ], [ -159.513014788714145, 22.203932820125971 ], [ -159.512854744940313, 22.203830252685851 ], [ -159.512686984861119, 22.203737068691048 ], [ -159.512515730389964, 22.203648134310264 ], [ -159.512344651918568, 22.203558984179953 ], [ -159.511996984212857, 22.203389797114987 ], [ -159.511820992795265, 22.203299115235545 ], [ -159.511639612372704, 22.203229045097473 ], [ -159.511453567232508, 22.203176812752179 ], [ -159.511259748337665, 22.203154311382583 ], [ -159.510929166673634, 22.20313479926596 ], [ -159.510734387237676, 22.203139056532802 ], [ -159.510541600871875, 22.203159517176527 ] ] } },
{ "type": "Feature", "properties": { "objectid": 111, "island": "Kauai", "st_lengthshape": 2085.3590201131065 }, "geometry": { "type": "LineString", "coordinates": [ [ -159.508425410608424, 22.202792173033533 ], [ -159.508230557717809, 22.202784014691016 ], [ -159.508036141244787, 22.202773112907405 ], [ -159.507846757655756, 22.202730570463107 ], [ -159.507654316502567, 22.202707254643212 ], [ -159.50746058607055, 22.20269203534993 ], [ -159.507267279786674, 22.202674158481805 ], [ -159.507074925117934, 22.202650296949141 ], [ -159.506882448101578, 22.202627198949564 ], [ -159.506491811903459, 22.202578255508797 ], [ -159.50629332377315, 22.202569433109549 ], [ -159.506098449039001, 22.202580243866052 ], [ -159.505906302063693, 22.202605868146726 ], [ -159.50572133911561, 22.202670526069216 ], [ -159.505525323405692, 22.202675138686313 ], [ -159.505330979735106, 22.202688830560241 ], [ -159.504936305735896, 22.202728231259965 ], [ -159.504725836542917, 22.202728773613128 ], [ -159.504534120328941, 22.20277055332215 ], [ -159.504342748192016, 22.202813088798067 ], [ -159.504153384416071, 22.202860043633649 ], [ -159.503971061867304, 22.202922480765245 ], [ -159.503788113341102, 22.202983541029106 ], [ -159.503594726354066, 22.203021647030919 ], [ -159.503409851216674, 22.203078471326023 ], [ -159.503234716005664, 22.20315671314879 ], [ -159.503074242043766, 22.20326719913982 ], [ -159.502885400327358, 22.203315299134101 ], [ -159.502711734184828, 22.203396773682549 ], [ -159.50258567861917, 22.203582950771121 ], [ -159.502419526465332, 22.203680949566188 ], [ -159.502240029882017, 22.203749602357753 ], [ -159.50208080409692, 22.203862835318525 ], [ -159.50191872186889, 22.203969784686009 ], [ -159.501488540451447, 22.204242538709135 ], [ -159.501336597630029, 22.204354986042659 ], [ -159.501138794122681, 22.204411220634011 ], [ -159.500989156278109, 22.204526492741461 ], [ -159.500791908763659, 22.204583407279241 ], [ -159.500593482059912, 22.204638877040544 ], [ -159.500422715554578, 22.204728252323402 ], [ -159.500284200556251, 22.204857159091247 ], [ -159.500124213385163, 22.204959745826844 ], [ -159.499968107998711, 22.205067092295263 ], [ -159.499788934408457, 22.205146159543627 ], [ -159.499624990475951, 22.205243894889488 ], [ -159.499564263500503, 22.205468151160034 ], [ -159.49943484398699, 22.205608206287824 ], [ -159.499297075555631, 22.205738027802848 ], [ -159.499164412726884, 22.205874107727119 ], [ -159.499027094939038, 22.206004483232352 ], [ -159.498885522664722, 22.206129642727625 ], [ -159.498575553657304, 22.206492811581619 ], [ -159.498436525968174, 22.206623935339053 ], [ -159.498318379772229, 22.206767844254387 ], [ -159.498014562093346, 22.206798082358755 ], [ -159.497961305547989, 22.206981715968492 ], [ -159.497983126825716, 22.207211313945507 ], [ -159.497873683588068, 22.207360550427111 ], [ -159.497788593971336, 22.207524696316192 ], [ -159.497700048648966, 22.207686727003548 ], [ -159.497597001436219, 22.207839878997053 ], [ -159.49749111686225, 22.207991294210185 ], [ -159.497398570912566, 22.208150876073258 ], [ -159.497312695643586, 22.208314541693589 ], [ -159.497252122125929, 22.208493696628341 ], [ -159.497156340220073, 22.208764074218326 ], [ -159.497092421178223, 22.208934717447967 ], [ -159.497026848685266, 22.209104786614532 ], [ -159.497006788425296, 22.20929064300304 ], [ -159.496937663306397, 22.209459479886259 ], [ -159.496944165524695, 22.209654549442725 ], [ -159.496898906291364, 22.210027332139383 ], [ -159.496898552084872, 22.210208358341493 ], [ -159.496849880217297, 22.210386532711237 ], [ -159.496825743128539, 22.210566155328312 ], [ -159.496765844359203, 22.210743667406909 ], [ -159.496770451719897, 22.210924985612426 ], [ -159.496768557322355, 22.21110592073623 ], [ -159.496774302038204, 22.211287306831544 ], [ -159.496746699364536, 22.211466724986643 ], [ -159.496647130410707, 22.211641895379472 ], [ -159.496678975407121, 22.211824821639663 ], [ -159.49666805987664, 22.21200522506188 ], [ -159.496617480266053, 22.21218328681184 ], [ -159.496579020147408, 22.212362064108849 ], [ -159.496577542804545, 22.212543023225848 ], [ -159.496498133500779, 22.212719384137134 ], [ -159.496478378074215, 22.212899265224543 ], [ -159.496426437384798, 22.213077246135658 ], [ -159.496327277298718, 22.21333295216559 ], [ -159.49621475162084, 22.213509932474317 ], [ -159.496135444512703, 22.213688041891029 ], [ -159.496084111368901, 22.213867102215193 ], [ -159.496071401875639, 22.214047474898294 ] ] } },
{ "type": "Feature", "properties": { "objectid": 112, "island": "Kauai", "st_lengthshape": 485.65597759438032 }, "geometry": { "type": "LineString", "coordinates": [ [ -159.498269187982146, 22.215630488263397 ], [ -159.498366599530499, 22.215790094179006 ], [ -159.498375149544756, 22.215978864079531 ], [ -159.498451515969805, 22.216145376792742 ], [ -159.498534181892467, 22.216309823043346 ], [ -159.498618784320314, 22.216473632733525 ], [ -159.498616175174533, 22.216665498440538 ], [ -159.498560094254202, 22.216724139741274 ], [ -159.49847173612747, 22.216897356169223 ], [ -159.498421455577216, 22.217074194234925 ], [ -159.498352793141265, 22.217245458535864 ], [ -159.498351337541663, 22.21728302851303 ], [ -159.498312513956535, 22.217464940228833 ], [ -159.498249534796514, 22.217636702926029 ], [ -159.498126200267421, 22.217783108297823 ], [ -159.498041266748345, 22.217942248843755 ], [ -159.497938532831682, 22.218219652058046 ], [ -159.497884667042001, 22.218397320308561 ], [ -159.497957156024626, 22.218583048802639 ], [ -159.497934330088299, 22.218762697204863 ], [ -159.497559152028941, 22.218919867886104 ], [ -159.497546532141229, 22.219100167101324 ], [ -159.49760099716886, 22.219284745702176 ], [ -159.497795665085704, 22.2194747242254 ] ] } },
{ "type": "Feature", "properties": { "objectid": 113, "island": "Kauai", "st_lengthshape": 447.32787990814927 }, "geometry": { "type": "LineString", "coordinates": [ [ -159.496186980155159, 22.222940076691046 ], [ -159.496009516701918, 22.223027676493349 ], [ -159.495831005743895, 22.223111041410768 ], [ -159.495646114526522, 22.223168628761222 ], [ -159.495454219120688, 22.223197918107388 ], [ -159.495255631626605, 22.223200164209995 ], [ -159.495073555222319, 22.223257849851834 ], [ -159.494666980266402, 22.223362350522329 ], [ -159.494483695597694, 22.22329887772862 ], [ -159.49416367721048, 22.223248234707611 ], [ -159.493968385348268, 22.223263957111563 ], [ -159.493782824516074, 22.223318749246697 ], [ -159.493610677237172, 22.223407175913973 ], [ -159.493376103589213, 22.223531645269798 ], [ -159.493217033512849, 22.223636727752986 ], [ -159.493051054864935, 22.223730488731672 ], [ -159.492879267495908, 22.223814729861985 ], [ -159.492709383873262, 22.223902089936246 ], [ -159.49253938781041, 22.223989265880562 ], [ -159.492372932056725, 22.22408224617293 ], [ -159.492231540472204, 22.224206781493976 ] ] } },
{ "type": "Feature", "properties": { "objectid": 114, "island": "Kauai", "st_lengthshape": 81.494294223052421 }, "geometry": { "type": "LineString", "coordinates": [ [ -159.4779700290579, 22.228878309340381 ], [ -159.477766371779524, 22.228883174417501 ], [ -159.477586338000208, 22.228951260003047 ], [ -159.47739769972182, 22.228996319261789 ], [ -159.477230790664208, 22.229095442302697 ] ] } },
{ "type": "Feature", "properties": { "objectid": 115, "island": "Kauai", "st_lengthshape": 771.75440844778052 }, "geometry": { "type": "LineString", "coordinates": [ [ -159.471886029347672, 22.226047529472844 ], [ -159.471690368926829, 22.2260279147125 ], [ -159.471495863493317, 22.226026370888647 ], [ -159.471301039579259, 22.226019826478005 ], [ -159.471106987692337, 22.226025373545706 ], [ -159.470914073206359, 22.226048707940212 ], [ -159.470719563608469, 22.226047090024274 ], [ -159.470524309745798, 22.226033829978135 ], [ -159.470328859356755, 22.226017494154473 ], [ -159.470133893208384, 22.226008729077989 ], [ -159.469941733004333, 22.226043861385858 ], [ -159.469749164286497, 22.226072612056164 ], [ -159.46955646441873, 22.226099300393081 ], [ -159.469362896486274, 22.226112420885599 ], [ -159.469169048350238, 22.226074578790499 ], [ -159.469117907745385, 22.226038713632892 ], [ -159.468948518195305, 22.225945896899781 ], [ -159.468774063153035, 22.225865142458851 ], [ -159.468593197682395, 22.225799650433483 ], [ -159.468415040461849, 22.225727710899047 ], [ -159.46823706343946, 22.225655340624389 ], [ -159.468053495193345, 22.225596284435504 ], [ -159.467866100318219, 22.225546338189115 ], [ -159.467678626638929, 22.225496582570759 ], [ -159.46750276327063, 22.22542410693319 ], [ -159.467326177466418, 22.225316867239975 ], [ -159.46720465826246, 22.225175682580705 ], [ -159.467077913967785, 22.225038830223671 ], [ -159.466978691950544, 22.22487916083163 ], [ -159.466855405571778, 22.224739441780361 ], [ -159.466715101303151, 22.224613830322014 ], [ -159.466585114414869, 22.224479666374684 ], [ -159.46646884717066, 22.224334128794791 ], [ -159.466355287661912, 22.224186346519904 ], [ -159.466243031821222, 22.224037483558433 ], [ -159.466123140468994, 22.223894950001302 ], [ -159.46599822918219, 22.223756579189221 ], [ -159.465877551615648, 22.223614697243296 ], [ -159.465778756777439, 22.223454675311149 ], [ -159.465673337948942, 22.223304357737018 ] ] } },
{ "type": "Feature", "properties": { "objectid": 116, "island": "Kauai", "st_lengthshape": 1071.6181222489372 }, "geometry": { "type": "LineString", "coordinates": [ [ -159.463958758232451, 22.223024636470431 ], [ -159.463767458964497, 22.223064438674669 ], [ -159.463575455877276, 22.223095901468156 ], [ -159.463381349636506, 22.223102425948209 ], [ -159.463187450337358, 22.223111402368357 ], [ -159.462992344515044, 22.223106064734903 ], [ -159.462791035729481, 22.223027138201349 ], [ -159.462598531739616, 22.223052671279643 ], [ -159.462402241781746, 22.223033281939138 ], [ -159.462212451597452, 22.223034229552965 ], [ -159.46188425956646, 22.223078610208983 ], [ -159.461694829137372, 22.223134052662427 ], [ -159.461508637260238, 22.223194785120054 ], [ -159.461339509840855, 22.223283387996361 ], [ -159.461162076712782, 22.223358426035187 ], [ -159.460991888494249, 22.223445296108341 ], [ -159.460794691193001, 22.223488053956132 ], [ -159.460595426677003, 22.223527436854258 ], [ -159.460412323202263, 22.22359321300695 ], [ -159.460240344181869, 22.223677159414262 ], [ -159.460081891252941, 22.223783198255145 ], [ -159.459964610062372, 22.223956481594385 ], [ -159.459801487865661, 22.224054894122169 ], [ -159.459627989062085, 22.224136359805097 ], [ -159.459458361798681, 22.224224147283714 ], [ -159.45934364991507, 22.224401629208312 ], [ -159.459222323546612, 22.224563440181971 ], [ -159.459088609349294, 22.224568583042743 ], [ -159.458848439871076, 22.2244822539481 ], [ -159.458639156772534, 22.224475059359989 ], [ -159.458437034052793, 22.224486213385735 ], [ -159.458251491209467, 22.224539847640759 ], [ -159.458099208775593, 22.224678705287417 ], [ -159.45795773990227, 22.224845273402423 ], [ -159.457802361032634, 22.224976198506553 ], [ -159.457608180536653, 22.225007701989846 ], [ -159.457405466943896, 22.22501734228992 ], [ -159.457207079005485, 22.225038066781728 ], [ -159.457015829677658, 22.225077081318606 ], [ -159.456846919865654, 22.225173338988693 ], [ -159.456688014295821, 22.225295230702912 ], [ -159.456517226375411, 22.225386673607961 ], [ -159.456327536973475, 22.225429689595078 ], [ -159.456163208217788, 22.225537684384562 ], [ -159.455975033088208, 22.22558457858003 ], [ -159.455793104056283, 22.225647476155999 ], [ -159.455610528134713, 22.225708719389033 ], [ -159.455431149497628, 22.22577815192604 ], [ -159.455262380079205, 22.225855679860139 ], [ -159.45517650434607, 22.225828738311407 ], [ -159.455003740028332, 22.225739387269247 ], [ -159.454829983644601, 22.225652852939525 ], [ -159.454640042470828, 22.225625876779432 ] ] } },
{ "type": "Feature", "properties": { "objectid": 117, "island": "Kauai", "st_lengthshape": 1653.5734311399005 }, "geometry": { "type": "LineString", "coordinates": [ [ -159.454038216204225, 22.225404747319537 ], [ -159.453870584988152, 22.225191441701746 ], [ -159.453677450902177, 22.225173390887619 ], [ -159.453486578309167, 22.225138029594913 ], [ -159.453287833304671, 22.225162937625221 ], [ -159.453095860367853, 22.225135997830819 ], [ -159.452906985245846, 22.225085345471136 ], [ -159.452717331781997, 22.22504065034531 ], [ -159.452528822461261, 22.224987194141445 ], [ -159.452341704513998, 22.224923088948483 ], [ -159.452143741868468, 22.224942009205964 ], [ -159.451951335662983, 22.224918388391696 ], [ -159.451756521077755, 22.224913206345985 ], [ -159.451559999818102, 22.224921084910349 ], [ -159.451365571655259, 22.224912944457063 ], [ -159.45117550594108, 22.224871410607744 ], [ -159.450986263364143, 22.22482356843841 ], [ -159.450793141452351, 22.224805427425693 ], [ -159.450598738534296, 22.224814847405927 ], [ -159.450275494933834, 22.2248453245689 ], [ -159.450074270559753, 22.224842563128618 ], [ -159.449879939790065, 22.224864598198902 ], [ -159.449698142638312, 22.224931719302454 ], [ -159.449528663579002, 22.22503358843187 ], [ -159.449396711116265, 22.225066925700141 ], [ -159.449318852247586, 22.224853147753386 ], [ -159.449167666068661, 22.224738933987183 ], [ -159.44907040489025, 22.224551502373565 ], [ -159.448935302465372, 22.224415450976323 ], [ -159.448732111833635, 22.22437363698225 ], [ -159.44837789383223, 22.224178944442475 ], [ -159.448192582430721, 22.224118762907423 ], [ -159.448016536366111, 22.224012674955066 ], [ -159.447836956998231, 22.22392409562698 ], [ -159.4476546610355, 22.223848978992713 ], [ -159.447471900029683, 22.223776164420752 ], [ -159.447287410122271, 22.223711915127879 ], [ -159.447099622696271, 22.223664008378712 ], [ -159.446894598799815, 22.223701503150135 ], [ -159.446684533592133, 22.223763973690879 ], [ -159.446482546381674, 22.223786415986925 ], [ -159.446285448494109, 22.223784640398122 ], [ -159.446089250522618, 22.223778402859665 ], [ -159.445889766178226, 22.223788443644473 ], [ -159.445689652244113, 22.223801609006355 ], [ -159.445511442624905, 22.223706248643158 ], [ -159.445335084721648, 22.223601712472153 ], [ -159.445130813238819, 22.223635477293843 ], [ -159.444925093284041, 22.223676409882206 ], [ -159.444735286034785, 22.223638513015668 ], [ -159.44453860008673, 22.223634688855398 ], [ -159.444339160714037, 22.223644508989057 ], [ -159.444152538582301, 22.223600265301997 ], [ -159.444029250640284, 22.223505912435073 ], [ -159.443848551630538, 22.223437038753577 ], [ -159.443660785861766, 22.223391230194373 ], [ -159.443466957873198, 22.223365207318853 ], [ -159.443269532097503, 22.223350924826672 ], [ -159.443070617658293, 22.223341502894794 ], [ -159.442882194341792, 22.223297841730446 ], [ -159.442695675724565, 22.223247960587475 ], [ -159.442503426131879, 22.223216784617989 ], [ -159.442311845113551, 22.223183428474325 ], [ -159.442114920102938, 22.223167515264411 ], [ -159.441927789125373, 22.223119632343906 ], [ -159.441744472358351, 22.223059304276404 ], [ -159.441560710074214, 22.223000428993295 ], [ -159.441380301973851, 22.222930607684802 ], [ -159.44119498208596, 22.222876817906233 ], [ -159.441032491426427, 22.222748519389675 ], [ -159.440862781954735, 22.222643784109607 ], [ -159.440671243370758, 22.222610291292277 ], [ -159.440480972736879, 22.22257265808739 ], [ -159.440296543074993, 22.222515963099383 ], [ -159.440115606959097, 22.222447869121957 ], [ -159.439927051212493, 22.222404641208257 ], [ -159.439737513919368, 22.222364615616115 ], [ -159.439550486590747, 22.222316399905075 ], [ -159.439364174984348, 22.222265849431704 ], [ -159.439177796288817, 22.222228612523356 ] ] } },
{ "type": "Feature", "properties": { "objectid": 118, "island": "Kauai", "st_lengthshape": 104.99755365716169 }, "geometry": { "type": "LineString", "coordinates": [ [ -159.437872843950686, 22.223383363459035 ], [ -159.437766070990648, 22.223199911902608 ], [ -159.43761834935691, 22.223078588823054 ], [ -159.43748274627319, 22.222938878373842 ], [ -159.437316830307935, 22.222845160743585 ], [ -159.437122378514005, 22.222796357813277 ] ] } },
{ "type": "Feature", "properties": { "objectid": 119, "island": "Kauai", "st_lengthshape": 685.34603024234252 }, "geometry": { "type": "LineString", "coordinates": [ [ -159.435472641230916, 22.22191057879115 ], [ -159.435381005879435, 22.221748411044615 ], [ -159.435243560848164, 22.221618781166029 ], [ -159.435123234267905, 22.221476992419806 ], [ -159.434985216582845, 22.221347769476008 ], [ -159.434870283195835, 22.221202150997932 ], [ -159.43470558619245, 22.221091876838116 ], [ -159.434543922722355, 22.220979449701332 ], [ -159.434406633147262, 22.220849709354948 ], [ -159.434235988489519, 22.220743660490992 ], [ -159.43411003764686, 22.220605867310155 ], [ -159.43396932829873, 22.220478556850981 ], [ -159.433862861358534, 22.220326924505223 ], [ -159.433725824769368, 22.220197004910045 ], [ -159.433616658088823, 22.220047290307946 ], [ -159.433541170272747, 22.219873654744607 ], [ -159.43345784244616, 22.219705588792522 ], [ -159.43332302490515, 22.219574093694117 ], [ -159.433188314112243, 22.219442522307599 ], [ -159.433083689286804, 22.219289582687662 ], [ -159.433055290138469, 22.219082501823475 ], [ -159.432953631211319, 22.218927455583916 ], [ -159.432834570762935, 22.218784769095127 ], [ -159.432713829826213, 22.218643275875081 ], [ -159.432592759960983, 22.218502017418423 ], [ -159.43247786720471, 22.21835637082863 ], [ -159.432374824002551, 22.218202307178036 ], [ -159.432280910781714, 22.218041760695712 ], [ -159.432196591265239, 22.217874399516145 ], [ -159.432137273671515, 22.217689279432232 ], [ -159.432080155893487, 22.217502597800333 ], [ -159.431938466875494, 22.217375984604331 ], [ -159.431738425336363, 22.21729081755317 ], [ -159.431448999361379, 22.217274712067862 ] ] } },
{ "type": "Feature", "properties": { "objectid": 120, "island": "Kauai", "st_lengthshape": 456.88993911938439 }, "geometry": { "type": "LineString", "coordinates": [ [ -159.428255937501717, 22.215584775314959 ], [ -159.428067423982839, 22.21563093436658 ], [ -159.427871899813397, 22.215637267425041 ], [ -159.427676181132597, 22.215642494980198 ], [ -159.42749278518005, 22.215717719038466 ], [ -159.427312897687727, 22.215812881080225 ], [ -159.427137805232917, 22.215908460365775 ], [ -159.426468394917748, 22.216174920093007 ], [ -159.426301445849703, 22.216267640425205 ], [ -159.42613497785743, 22.21636101972457 ], [ -159.425982963159072, 22.216474191884643 ], [ -159.425830677365809, 22.21658699331018 ], [ -159.425666339438152, 22.216683290012604 ], [ -159.425509154468898, 22.216789382548068 ], [ -159.425367033614748, 22.216916104789323 ], [ -159.425259371893503, 22.217090016180066 ], [ -159.425277529924728, 22.217436229582507 ], [ -159.425226006065969, 22.217687018477083 ], [ -159.425185885402868, 22.217948051189648 ] ] } },
{ "type": "Feature", "properties": { "objectid": 121, "island": "Kauai", "st_lengthshape": 956.75784814877636 }, "geometry": { "type": "LineString", "coordinates": [ [ -159.420068068777482, 22.22201628094599 ], [ -159.419894417230978, 22.222157184874007 ], [ -159.419680796993617, 22.222048338802423 ], [ -159.419486739842739, 22.222061730952245 ], [ -159.419280533025301, 22.221999207706883 ], [ -159.419054721482468, 22.221814177426445 ], [ -159.418861251844106, 22.221831242405909 ], [ -159.418671318478943, 22.221870401909573 ], [ -159.418570118287533, 22.222464048667092 ], [ -159.418411682586537, 22.222700045084785 ], [ -159.418232914375324, 22.222808983145892 ], [ -159.41789197412686, 22.221904508226611 ], [ -159.417670580526817, 22.221747067593189 ], [ -159.417469715237445, 22.221717916735461 ], [ -159.417278515260534, 22.221749163950673 ], [ -159.417094004795871, 22.221822217394415 ], [ -159.416917323472177, 22.221944192177443 ], [ -159.416743166618176, 22.22208195290343 ], [ -159.416567262666973, 22.222208796533423 ], [ -159.416390415317778, 22.22232974037906 ], [ -159.41621258904371, 22.222444575839248 ], [ -159.416026843416688, 22.222509914273473 ], [ -159.41583283265453, 22.222523598278535 ], [ -159.41563049273492, 22.222485233193492 ], [ -159.415418730602596, 22.222387982018443 ], [ -159.415213433425748, 22.222331128342081 ], [ -159.415024414622025, 22.222376011636165 ], [ -159.414837512994097, 22.222434127959954 ], [ -159.414640494324374, 22.222429015432049 ], [ -159.414448359594388, 22.222454424755519 ], [ -159.41424745930135, 22.222425055906267 ], [ -159.414032785260616, 22.222309592958243 ], [ -159.413825327049807, 22.222239227927655 ], [ -159.413647369252629, 22.222353246064579 ], [ -159.413466631756052, 22.222449890266073 ], [ -159.413280113847321, 22.222510408726102 ], [ -159.41309386364577, 22.222572606646697 ], [ -159.412917414208607, 22.222682507817428 ] ] } },
{ "type": "Feature", "properties": { "objectid": 122, "island": "Kauai", "st_lengthshape": 969.343746297861 }, "geometry": { "type": "LineString", "coordinates": [ [ -159.412066969751265, 22.222169638487443 ], [ -159.411903714321909, 22.222289580945269 ], [ -159.411737177377489, 22.22239965902126 ], [ -159.411558182860233, 22.222472284830054 ], [ -159.411370293055597, 22.222518171058024 ], [ -159.411197952615709, 22.222610802046781 ], [ -159.411025110763035, 22.222701926321079 ], [ -159.410848628263494, 22.222782109307854 ], [ -159.410669946032726, 22.222855677428594 ], [ -159.410488501245169, 22.222920939095324 ], [ -159.410305860120303, 22.222982606177766 ], [ -159.410132161697334, 22.223071156938321 ], [ -159.409960542151623, 22.223165959332828 ], [ -159.409787859343396, 22.223257567942063 ], [ -159.409638367274596, 22.223418895086017 ], [ -159.40947345209284, 22.223533855166995 ], [ -159.409299079017046, 22.223620382191143 ], [ -159.409121297386008, 22.223696661125135 ], [ -159.408946299389868, 22.223781311145284 ], [ -159.408774744720745, 22.223876309083195 ], [ -159.408593664784036, 22.22394267442354 ], [ -159.408402518338335, 22.223961675268281 ], [ -159.407866452988543, 22.223982072133921 ], [ -159.407692457351231, 22.224062085588518 ], [ -159.407532152687679, 22.224167984461854 ], [ -159.407363162636074, 22.224257462762264 ], [ -159.407193689424503, 22.224346026938068 ], [ -159.407018407060349, 22.224423609097453 ], [ -159.406829579757414, 22.224475579681602 ], [ -159.406654887286948, 22.224554278406071 ], [ -159.406489129447465, 22.224649869272351 ], [ -159.406331841796629, 22.224761473540831 ], [ -159.406177737374549, 22.22487909730059 ], [ -159.406019325302481, 22.22498857834038 ], [ -159.405859154897399, 22.225094732720603 ], [ -159.405711835193586, 22.225225187494793 ], [ -159.405576802224971, 22.225378870845429 ], [ -159.405421002816041, 22.225493292802792 ], [ -159.405278780891791, 22.22563338657725 ], [ -159.405164930751027, 22.225827123049857 ], [ -159.405031206876885, 22.225983284373328 ], [ -159.404891329466807, 22.226127812262192 ], [ -159.404743239974295, 22.226256813584261 ], [ -159.404577819313658, 22.22635304582089 ], [ -159.404426169263814, 22.226475314425013 ], [ -159.404324825761904, 22.226687653973862 ] ] } },
{ "type": "Feature", "properties": { "objectid": 123, "island": "Kauai", "st_lengthshape": 296.48128437837732 }, "geometry": { "type": "LineString", "coordinates": [ [ -159.395968340398923, 22.224443148261198 ], [ -159.39590193882438, 22.224203580161046 ], [ -159.395814968977049, 22.223994144027404 ], [ -159.395688265485745, 22.223842910422217 ], [ -159.395484529514391, 22.223804515507375 ], [ -159.39532354945419, 22.223703490992225 ], [ -159.39516912432515, 22.223592865142891 ], [ -159.39499234694685, 22.22351498173321 ], [ -159.394832261436136, 22.223412648207827 ], [ -159.394682926745475, 22.223294565377863 ], [ -159.394465387553936, 22.22327639130749 ], [ -159.394173307050067, 22.223367404716225 ], [ -159.393927978375444, 22.223389935645411 ], [ -159.393723081592128, 22.223354504526228 ] ] } },
{ "type": "Feature", "properties": { "objectid": 124, "island": "Kauai", "st_lengthshape": 274.77521360783101 }, "geometry": { "type": "LineString", "coordinates": [ [ -159.385852460386531, 22.218870067364403 ], [ -159.385603580460099, 22.218793012150211 ], [ -159.385479116061191, 22.218650871456937 ], [ -159.385374617826784, 22.218498286847243 ], [ -159.38528326086066, 22.218338827661082 ], [ -159.385190549595592, 22.218180076289762 ], [ -159.385121164506046, 22.218009123203366 ], [ -159.3850135143839, 22.217858187309218 ], [ -159.384900825318027, 22.217709887685945 ], [ -159.384775572952208, 22.217568160238255 ], [ -159.384682695155789, 22.217409495671664 ], [ -159.384576303579962, 22.217257902416488 ], [ -159.38448001284047, 22.21710102371534 ], [ -159.384233422893459, 22.217028665934549 ] ] } },
{ "type": "Feature", "properties": { "objectid": 125, "island": "Kauai", "st_lengthshape": 306.44366433433055 }, "geometry": { "type": "LineString", "coordinates": [ [ -159.383661103207487, 22.216438275427151 ], [ -159.383458039167465, 22.216423554005051 ], [ -159.38326785484324, 22.216379350559517 ], [ -159.383085383815597, 22.216317495814351 ], [ -159.382916971985878, 22.216223460543709 ], [ -159.382755091391658, 22.216114478938636 ], [ -159.382600188515994, 22.215989524587989 ], [ -159.38243000313264, 22.215899550222876 ], [ -159.382238658839015, 22.21585800614243 ], [ -159.38204350284758, 22.215825183351299 ], [ -159.381850793337662, 22.215786764231069 ], [ -159.381656789850069, 22.215751303901147 ], [ -159.381458495376535, 22.215725666328421 ], [ -159.381258525026055, 22.215703862030427 ], [ -159.381061032010308, 22.215676389057791 ], [ -159.380872331787572, 22.215644342940937 ] ] } },
{ "type": "Feature", "properties": { "objectid": 126, "island": "Kauai", "st_lengthshape": 162.65530005040208 }, "geometry": { "type": "LineString", "coordinates": [ [ -159.37564041993457, 22.215955502983988 ], [ -159.375480038798344, 22.21583281658318 ], [ -159.375359879109709, 22.215598960083753 ], [ -159.375148664118029, 22.215616779185481 ], [ -159.374931126750141, 22.215652073862209 ], [ -159.374708415995343, 22.21570166592598 ], [ -159.374507195778762, 22.215691859926153 ], [ -159.374284886633518, 22.215742237366356 ] ] } },
{ "type": "Feature", "properties": { "objectid": 127, "island": "Kauai", "st_lengthshape": 427.45024710738392 }, "geometry": { "type": "LineString", "coordinates": [ [ -159.373503184017153, 22.215237805030991 ], [ -159.373371594979204, 22.215059066446319 ], [ -159.373153531316092, 22.21507901627967 ], [ -159.37289276027829, 22.215197092796728 ], [ -159.372660247674645, 22.215250238694146 ], [ -159.372454452752208, 22.215241999019767 ], [ -159.372284352456887, 22.215151744536829 ], [ -159.372098855604889, 22.21509686774149 ], [ -159.371907930224694, 22.215054464000513 ], [ -159.371728445793536, 22.214985772405925 ], [ -159.371574032683668, 22.214863975491017 ], [ -159.371472504797737, 22.214739435099631 ], [ -159.371341980156359, 22.214600114911935 ], [ -159.371201715479941, 22.214472974144581 ], [ -159.371059974346963, 22.214347680496719 ], [ -159.370863982901341, 22.214290224348648 ], [ -159.37066942932239, 22.214241558573153 ], [ -159.369869796488075, 22.214108071689026 ] ] } },
{ "type": "Feature", "properties": { "objectid": 128, "island": "Kauai", "st_lengthshape": 274.70867960990682 }, "geometry": { "type": "LineString", "coordinates": [ [ -159.364186382667896, 22.21094054930041 ], [ -159.36399715390715, 22.211005186779673 ], [ -159.363808044112744, 22.211071253888885 ], [ -159.3636189761678, 22.211137817567558 ], [ -159.363427877926313, 22.211180111559234 ], [ -159.363233359012156, 22.211181495244947 ], [ -159.363040333863893, 22.211152936917905 ], [ -159.362946745226225, 22.21110777404563 ], [ -159.36275958952433, 22.211051816912473 ], [ -159.362573525706694, 22.210989153750145 ], [ -159.362383053051758, 22.210953578410063 ], [ -159.362190647246166, 22.210929883513089 ], [ -159.36199459752325, 22.21092857692776 ], [ -159.361798690118746, 22.210926394375463 ], [ -159.361605655399359, 22.210929075545696 ] ] } },
{ "type": "Feature", "properties": { "objectid": 129, "island": "Kauai", "st_lengthshape": 222.40756128616795 }, "geometry": { "type": "LineString", "coordinates": [ [ -159.360061272069458, 22.211380467421204 ], [ -159.35986354301923, 22.211394304223404 ], [ -159.359674447144954, 22.211347662994758 ], [ -159.359484497298951, 22.211307000461701 ], [ -159.359295101379217, 22.211262456291159 ], [ -159.359102746755212, 22.211238647413445 ], [ -159.358908809791217, 22.211225916830905 ], [ -159.358718983286593, 22.211184392167716 ], [ -159.358530369450875, 22.211134377876331 ], [ -159.358337471739276, 22.211114369074348 ], [ -159.358140843897644, 22.211120490661536 ], [ -159.357940572887486, 22.211153027011843 ] ] } },
{ "type": "Feature", "properties": { "objectid": 130, "island": "Kauai", "st_lengthshape": 591.33953204200543 }, "geometry": { "type": "LineString", "coordinates": [ [ -159.347871639651373, 22.211424955950214 ], [ -159.347688373018826, 22.211351240760351 ], [ -159.347497265746739, 22.211319910760864 ], [ -159.347306978177272, 22.211284153828476 ], [ -159.347100631466219, 22.211338326778652 ], [ -159.346907487011322, 22.211360345662918 ], [ -159.346777810161683, 22.211222129270244 ], [ -159.346671776586192, 22.211056486935895 ], [ -159.346535034817748, 22.210926465868088 ], [ -159.346382594953326, 22.21081971951094 ], [ -159.346089098955929, 22.210623792676497 ], [ -159.345910411449779, 22.210552315240374 ], [ -159.345746164612308, 22.210442696089462 ], [ -159.345569063267021, 22.210367031157656 ], [ -159.345369550298074, 22.210350560603967 ], [ -159.34518089386691, 22.210305412956089 ], [ -159.345012480522684, 22.210206801047683 ], [ -159.344839090281823, 22.210121332547295 ], [ -159.344656379323737, 22.21006048467358 ], [ -159.344471158252361, 22.210006266696801 ], [ -159.344282060078598, 22.209962287959943 ], [ -159.34410188490267, 22.209894741545472 ], [ -159.34391820660008, 22.20973966436279 ], [ -159.34377986737573, 22.209607486922209 ], [ -159.343713778853527, 22.209432463808589 ], [ -159.34365452645963, 22.209253387934833 ], [ -159.343587520799446, 22.209078909651723 ], [ -159.34347916828645, 22.208928948920654 ], [ -159.343366328028821, 22.208786256574431 ] ] } },
{ "type": "Feature", "properties": { "objectid": 131, "island": "Kauai", "st_lengthshape": 790.40608879013644 }, "geometry": { "type": "LineString", "coordinates": [ [ -159.34185509449722, 22.208178026361409 ], [ -159.341823467680342, 22.207928422103709 ], [ -159.341697955512387, 22.207785878029938 ], [ -159.341458233946753, 22.20777356868696 ], [ -159.341311195596205, 22.207655572076149 ], [ -159.341085540329459, 22.207627222239285 ], [ -159.340925483257848, 22.20752407138594 ], [ -159.340730436363032, 22.207460819177101 ], [ -159.340591601734502, 22.207333467861037 ], [ -159.340491745618152, 22.20716166782773 ], [ -159.340387991541917, 22.206994315295013 ], [ -159.340248450410144, 22.206867769194108 ], [ -159.340119172211644, 22.206729521178751 ], [ -159.339935662740515, 22.206653113549169 ], [ -159.339752832678357, 22.206575930962384 ], [ -159.339586139465325, 22.206480347927894 ], [ -159.339411427488443, 22.206393907811933 ], [ -159.339214897635998, 22.206332347150319 ], [ -159.339074619002787, 22.206206643541613 ], [ -159.338981495766575, 22.206027169290412 ], [ -159.338856918932663, 22.205883562186166 ], [ -159.338704119124628, 22.205772137603738 ], [ -159.338538961116058, 22.205674803056795 ], [ -159.338369292645666, 22.2055826136714 ], [ -159.338204855912494, 22.205484458778429 ], [ -159.338058078080479, 22.205366166795905 ], [ -159.337912651189583, 22.205246335150658 ], [ -159.337775384829598, 22.20511719835088 ], [ -159.337636601607272, 22.204989791017471 ], [ -159.337488860121709, 22.204872599064867 ], [ -159.337365163387489, 22.204727988858792 ], [ -159.337200162324308, 22.204630477329559 ], [ -159.337066545837928, 22.204497180218219 ], [ -159.33688644956294, 22.204416882718487 ], [ -159.33671224876457, 22.204329861295022 ], [ -159.336549261116829, 22.204230054750553 ], [ -159.336412451737345, 22.20410039815626 ], [ -159.33626015793169, 22.203988397399669 ], [ -159.336075891727774, 22.203919004687855 ] ] } },
{ "type": "Feature", "properties": { "objectid": 132, "island": "Kauai", "st_lengthshape": 66.785499241105697 }, "geometry": { "type": "LineString", "coordinates": [ [ -159.334861432849351, 22.202025483567073 ], [ -159.334803423532293, 22.201797075589276 ], [ -159.334684846876257, 22.201643425701238 ], [ -159.334551791093219, 22.201513637781172 ] ] } },
{ "type": "Feature", "properties": { "objectid": 133, "island": "Kauai", "st_lengthshape": 324.01376511056293 }, "geometry": { "type": "LineString", "coordinates": [ [ -159.333122913709047, 22.197018041775685 ], [ -159.33347757406176, 22.196935064592584 ], [ -159.333750085187717, 22.196741576538315 ], [ -159.333957862937666, 22.196420117969218 ], [ -159.334012927133955, 22.196246525043613 ], [ -159.334032892116511, 22.196069652387088 ], [ -159.334010631727438, 22.195874010061786 ], [ -159.334034410978262, 22.195694589146314 ], [ -159.33402126200437, 22.195512066622328 ], [ -159.334053815181647, 22.195335618036097 ], [ -159.334076459911245, 22.19510643431067 ], [ -159.334086073754889, 22.194918170803103 ], [ -159.334096546630263, 22.194729709485689 ], [ -159.334124536654656, 22.194544869289704 ] ] } },
{ "type": "Feature", "properties": { "objectid": 134, "island": "Kauai", "st_lengthshape": 774.62597498584523 }, "geometry": { "type": "LineString", "coordinates": [ [ -159.333848285444759, 22.193864449004629 ], [ -159.33376826228357, 22.193688793082838 ], [ -159.333678828358984, 22.193520955658393 ], [ -159.333520259905811, 22.19341056035562 ], [ -159.333439595491058, 22.193235435878936 ], [ -159.333340584763704, 22.193075555344688 ], [ -159.333211765695978, 22.192943953288133 ], [ -159.332916344670593, 22.192714859893897 ], [ -159.332752373325064, 22.192616010688074 ], [ -159.332571721679955, 22.192548620092158 ], [ -159.332403828598586, 22.192457167645934 ], [ -159.332246258852706, 22.192349756652924 ], [ -159.331766997753931, 22.192193861981242 ], [ -159.331573351997037, 22.19217165260552 ], [ -159.331384030429859, 22.192174843020513 ], [ -159.3308474942788, 22.192242146610457 ], [ -159.33063091618726, 22.192239306946679 ], [ -159.330455332736364, 22.192316191467558 ], [ -159.330294058117744, 22.192420902079913 ], [ -159.330151217454329, 22.192561461910238 ], [ -159.330002522517191, 22.192690638581027 ], [ -159.329847077728459, 22.192806687570226 ], [ -159.329688690277095, 22.192907736484027 ], [ -159.329448361871925, 22.193099053163664 ], [ -159.329319806765596, 22.193236434034624 ], [ -159.329183279883011, 22.193365417321846 ], [ -159.328997487216554, 22.193442490759832 ], [ -159.328739685245807, 22.1934436942846 ], [ -159.328433013650795, 22.193392107661438 ], [ -159.328263067728699, 22.193274869529091 ], [ -159.32806916196617, 22.193199192748704 ], [ -159.327875260563303, 22.193121126167284 ], [ -159.327686161772704, 22.193069154150251 ] ] } },
{ "type": "Feature", "properties": { "objectid": 135, "island": "Kauai", "st_lengthshape": 40.233051146628036 }, "geometry": { "type": "LineString", "coordinates": [ [ -159.313954443860865, 22.174315354639532 ], [ -159.313880039578208, 22.174145236137903 ], [ -159.313875708298895, 22.173965497581044 ] ] } },
{ "type": "Feature", "properties": { "objectid": 136, "island": "Kauai", "st_lengthshape": 215.30209112434238 }, "geometry": { "type": "LineString", "coordinates": [ [ -159.314053693708843, 22.173933665754088 ], [ -159.314066321944409, 22.173737226277645 ], [ -159.314048997793208, 22.173528711474194 ], [ -159.314086311958448, 22.173224084105009 ], [ -159.314130835411476, 22.17304811263881 ], [ -159.314173040378222, 22.172874688776187 ], [ -159.314263463529898, 22.172556967678034 ], [ -159.314282578127546, 22.172373022706552 ], [ -159.314259668484254, 22.172193600911683 ], [ -159.31422980252276, 22.172016003892629 ] ] } },
{ "type": "Feature", "properties": { "objectid": 137, "island": "Kauai", "st_lengthshape": 618.57357333792277 }, "geometry": { "type": "LineString", "coordinates": [ [ -159.311519247654076, 22.170479408825724 ], [ -159.311382492935564, 22.170343935423322 ], [ -159.311255651458652, 22.170203223867489 ], [ -159.311094521727199, 22.170080630857733 ], [ -159.311017790095661, 22.169913439745855 ], [ -159.310961297278453, 22.169735553144882 ], [ -159.310922855623971, 22.169548128023077 ], [ -159.310944593084429, 22.169328901258552 ], [ -159.310763381066806, 22.169216921734851 ], [ -159.310671481561712, 22.169057745656353 ], [ -159.310562835330842, 22.168907418888399 ], [ -159.310475976995463, 22.168745578812526 ], [ -159.310388621860113, 22.168584001625462 ], [ -159.310318625141463, 22.168413252260805 ], [ -159.31020226223157, 22.168267003543196 ], [ -159.310079744706343, 22.168124007946219 ], [ -159.309966921348263, 22.167975888544905 ], [ -159.309847569417201, 22.167831219918725 ], [ -159.309724625385314, 22.167688449804544 ], [ -159.309683188462486, 22.167502607399502 ], [ -159.309628194161604, 22.167323930525654 ], [ -159.309592036504284, 22.167135298209857 ], [ -159.309580715239292, 22.166933542491329 ], [ -159.30952628514143, 22.166754567267834 ], [ -159.309414999024739, 22.1666056368597 ], [ -159.309310972383116, 22.166452870190163 ], [ -159.309332617519289, 22.166267642454617 ], [ -159.309422868843399, 22.166096128665377 ], [ -159.309441884389258, 22.165916246068431 ], [ -159.309451122546733, 22.16573521389023 ], [ -159.309472862207627, 22.165568050006222 ] ] } },
{ "type": "Feature", "properties": { "objectid": 138, "island": "Kauai", "st_lengthshape": 19.735521879171838 }, "geometry": { "type": "LineString", "coordinates": [ [ -159.309379962815626, 22.164549480852919 ], [ -159.309390591631001, 22.164371459848834 ] ] } },
{ "type": "Feature", "properties": { "objectid": 139, "island": "Kauai", "st_lengthshape": 1712.4539763830544 }, "geometry": { "type": "LineString", "coordinates": [ [ -159.309818568174649, 22.164032119624672 ], [ -159.309932583533538, 22.163892240918987 ], [ -159.310079690546303, 22.163022560584174 ], [ -159.309969915321773, 22.162872877744693 ], [ -159.309884772240082, 22.162710098882208 ], [ -159.309781273142988, 22.162557078454579 ], [ -159.309711279081199, 22.162386245547072 ], [ -159.30960130614784, 22.162236667612643 ], [ -159.309503103951187, 22.162080831787648 ], [ -159.309416945658029, 22.161918593026279 ], [ -159.309323806649275, 22.161760065193413 ], [ -159.309175428950397, 22.161630905031572 ], [ -159.30909586762067, 22.161465160015204 ], [ -159.308999070083814, 22.161312049555974 ], [ -159.308887656787391, 22.161132825987824 ], [ -159.308729484926374, 22.161015060840946 ], [ -159.30870034658551, 22.160814099313299 ], [ -159.308552340835035, 22.160689779329644 ], [ -159.308478614092735, 22.160517567032702 ], [ -159.308374065366763, 22.160365227908962 ], [ -159.308279766703919, 22.160206279719965 ], [ -159.308175594208791, 22.160053697628516 ], [ -159.308051746499132, 22.159913802457307 ], [ -159.307908769165493, 22.159789050460635 ], [ -159.307649380092016, 22.159555139752744 ], [ -159.307491808235199, 22.159449761860245 ], [ -159.307332821628876, 22.159346198758374 ], [ -159.307193846159208, 22.159216947622934 ], [ -159.307073502646034, 22.159063775499209 ], [ -159.306945808850401, 22.158920041696941 ], [ -159.306826637113801, 22.158765366577882 ], [ -159.306685814400311, 22.15863848725926 ], [ -159.306537192611955, 22.158521619830594 ], [ -159.306376985232106, 22.158419626417608 ], [ -159.30634491669224, 22.158153131446355 ], [ -159.306272459710385, 22.158031129219982 ], [ -159.306031308773072, 22.157931635462248 ], [ -159.305853375870157, 22.157806590333756 ], [ -159.30573057061909, 22.157659264266677 ], [ -159.305837984821096, 22.157543492471255 ], [ -159.305963424173797, 22.157388461660357 ], [ -159.306033380433036, 22.157219045663844 ], [ -159.306102228328257, 22.157049342618066 ], [ -159.306160589902817, 22.15687692002691 ], [ -159.306171748165667, 22.156692258730146 ], [ -159.30620036096451, 22.156512122464523 ], [ -159.306183665831895, 22.156320239030805 ], [ -159.30620310733363, 22.156137725884722 ], [ -159.306252981346177, 22.155963102163017 ], [ -159.306288590887505, 22.155785431742633 ], [ -159.306344437815483, 22.155423901432719 ], [ -159.306353003298312, 22.155243248063918 ], [ -159.306344381031096, 22.155062526694216 ], [ -159.30633296852605, 22.154881794298706 ], [ -159.306324767228119, 22.154701074839167 ], [ -159.306306420361977, 22.154520314802276 ], [ -159.306273712040365, 22.154339498611652 ], [ -159.306235468890236, 22.154158660278124 ], [ -159.306226401698012, 22.153977937001244 ], [ -159.306232220669216, 22.15379727250096 ], [ -159.306284073220695, 22.153616789880136 ], [ -159.306312439958702, 22.153436214929222 ], [ -159.306316691544993, 22.153255544324374 ], [ -159.306337270365049, 22.153074937912535 ], [ -159.306328341817533, 22.152894215261025 ], [ -159.306354310928924, 22.15271363033667 ], [ -159.30632474041127, 22.152532826288269 ], [ -159.306291845381367, 22.152352009500408 ], [ -159.306278985245427, 22.152171270722533 ], [ -159.306292043899958, 22.151990635049007 ], [ -159.306281232086235, 22.151809905064855 ], [ -159.30626641878726, 22.151629159099581 ], [ -159.30623663720462, 22.151448354500864 ], [ -159.30622416904734, 22.151267617671675 ], [ -159.306242998165175, 22.151087004576407 ], [ -159.306249900338543, 22.150906344303465 ], [ -159.306395240860127, 22.150726230821768 ], [ -159.306453795537436, 22.150545774350888 ], [ -159.306493762355558, 22.150369663050284 ] ] } },
{ "type": "Feature", "properties": { "objectid": 140, "island": "Kauai", "st_lengthshape": 953.37090910378049 }, "geometry": { "type": "LineString", "coordinates": [ [ -159.306173070575312, 22.148683611131222 ], [ -159.306076548116835, 22.148525656581096 ], [ -159.30595467828968, 22.148384773763915 ], [ -159.305825494465182, 22.148248817420715 ], [ -159.305683585290581, 22.148121430370594 ], [ -159.30553355933742, 22.147999509697897 ], [ -159.305373098289465, 22.147884618138782 ], [ -159.305231265420701, 22.147757179947213 ], [ -159.305108049101619, 22.147617204227391 ], [ -159.304951590207452, 22.147499616144643 ], [ -159.304834505252842, 22.147355511811682 ], [ -159.304758312064365, 22.147184513553089 ], [ -159.304563885573117, 22.147111949844714 ], [ -159.304413008726669, 22.146998374691158 ], [ -159.304271194970397, 22.146878111554354 ], [ -159.304080985214853, 22.146719488458704 ], [ -159.303925303577444, 22.146596736608853 ], [ -159.303768499286377, 22.146489394719875 ], [ -159.303528286970391, 22.146383434732108 ], [ -159.303344856859894, 22.14629331619399 ], [ -159.303161069075884, 22.146205889433578 ], [ -159.302977433274066, 22.146117322953621 ], [ -159.302798401129081, 22.145994231213304 ], [ -159.302622353564772, 22.145864451052329 ], [ -159.302220924813895, 22.145922961464418 ], [ -159.30202710045964, 22.145891677692934 ], [ -159.301833316918248, 22.145850839825087 ], [ -159.301639524645424, 22.14581222508728 ], [ -159.301445629941071, 22.145797420249188 ], [ -159.301251691334016, 22.14579295774729 ], [ -159.301057726861245, 22.145794569737195 ], [ -159.300863728981909, 22.145804195900833 ], [ -159.300669696524523, 22.145821756738535 ], [ -159.300475717814635, 22.145826738766946 ], [ -159.300281783139496, 22.145821396969282 ], [ -159.300087800525688, 22.145827291009841 ], [ -159.299893825521394, 22.14583129211637 ], [ -159.299699851430859, 22.145835273115203 ], [ -159.299505811449308, 22.145854415396656 ], [ -159.299311741003947, 22.145880734365853 ], [ -159.299117810164319, 22.14587447509798 ], [ -159.298923911222118, 22.145860809206958 ], [ -159.298730035652881, 22.14584165740424 ], [ -159.298536149368999, 22.145825219299454 ], [ -159.298342251161102, 22.145811386483082 ], [ -159.298153127809258, 22.145797832001548 ] ] } },
{ "type": "Feature", "properties": { "objectid": 141, "island": "Kauai", "st_lengthshape": 442.40025775625008 }, "geometry": { "type": "LineString", "coordinates": [ [ -159.294126307632212, 22.143125120135814 ], [ -159.29419983136404, 22.14294220694849 ], [ -159.294213130573098, 22.14276104567087 ], [ -159.294210557046881, 22.14258237395887 ], [ -159.294171524877157, 22.142207345490039 ], [ -159.294015353623138, 22.142082347974281 ], [ -159.29394377606738, 22.141912357872691 ], [ -159.293807487612497, 22.141776786693459 ], [ -159.293622718001217, 22.141667616921332 ], [ -159.293536922085138, 22.141614336855838 ], [ -159.293530136769675, 22.141428608736781 ], [ -159.293498212809027, 22.141382414022363 ], [ -159.293598441949001, 22.14121096186151 ], [ -159.293702268415871, 22.141039879894546 ], [ -159.293776105548147, 22.14086570519661 ], [ -159.293836903745387, 22.140692219772244 ], [ -159.293812998133063, 22.140411561757787 ], [ -159.293683847412012, 22.140230063325639 ], [ -159.29367209071961, 22.14004929945775 ], [ -159.29362933006044, 22.139868341123218 ], [ -159.293788155197575, 22.139831852005081 ], [ -159.293903585004017, 22.13968258226312 ] ] } },
{ "type": "Feature", "properties": { "objectid": 142, "island": "Kauai", "st_lengthshape": 101.97785325631371 }, "geometry": { "type": "LineString", "coordinates": [ [ -159.294507287850649, 22.137167769532407 ], [ -159.294738477116908, 22.136972777096179 ], [ -159.294814476673707, 22.13678713430566 ], [ -159.294828852316016, 22.136605204798446 ], [ -159.294631806533658, 22.136436013346728 ] ] } },
{ "type": "Feature", "properties": { "objectid": 143, "island": "Kauai", "st_lengthshape": 48.662493386563995 }, "geometry": { "type": "LineString", "coordinates": [ [ -159.294506090277565, 22.136081460247762 ], [ -159.294524528250491, 22.135901330284753 ], [ -159.294407371643274, 22.135666799901269 ] ] } },
{ "type": "Feature", "properties": { "objectid": 144, "island": "Kauai", "st_lengthshape": 273.47604692078301 }, "geometry": { "type": "LineString", "coordinates": [ [ -159.29542993403453, 22.133824749886518 ], [ -159.295491863860974, 22.133651771230898 ], [ -159.295497584539874, 22.133469258297808 ], [ -159.295254166970295, 22.133026141888561 ], [ -159.295264270923752, 22.132803132743952 ], [ -159.295161917998712, 22.132649566125529 ], [ -159.294936519541324, 22.132572973909504 ], [ -159.294786145652353, 22.132558061538969 ], [ -159.294769413467378, 22.132377601092493 ], [ -159.294821002499589, 22.132196121954014 ], [ -159.29484491835214, 22.132015055060943 ], [ -159.294865719144383, 22.13191535340431 ], [ -159.29500464920082, 22.131780818723474 ] ] } },
{ "type": "Feature", "properties": { "objectid": 145, "island": "Kauai", "st_lengthshape": 136.15900849671522 }, "geometry": { "type": "LineString", "coordinates": [ [ -159.295059274136463, 22.129907226159574 ], [ -159.295052296765391, 22.129696450495633 ], [ -159.294925324822344, 22.129559819644765 ], [ -159.294333588857626, 22.129216536545879 ], [ -159.294136584140688, 22.12926179228511 ] ] } },
{ "type": "Feature", "properties": { "objectid": 146, "island": "Kauai", "st_lengthshape": 338.26290413270112 }, "geometry": { "type": "LineString", "coordinates": [ [ -159.29412721038895, 22.124936690357455 ], [ -159.294300399007426, 22.124810341049606 ], [ -159.294448125229536, 22.124673538667636 ], [ -159.294531816584481, 22.124511631400043 ], [ -159.294552623223211, 22.124175764695458 ], [ -159.294539078968398, 22.123995446441196 ], [ -159.294557949153671, 22.12381214980919 ], [ -159.294587920733534, 22.1236298567344 ], [ -159.294447920150475, 22.123188939576579 ], [ -159.294380986655682, 22.122998841204197 ], [ -159.294237296651119, 22.122876823026498 ], [ -159.294071764005452, 22.122774822610893 ], [ -159.293526623482421, 22.122526010097527 ] ] } },
{ "type": "Feature", "properties": { "objectid": 147, "island": "Kauai", "st_lengthshape": 395.00280482205761 }, "geometry": { "type": "LineString", "coordinates": [ [ -159.29416547711196, 22.122815891086482 ], [ -159.294354140115331, 22.122884191350295 ], [ -159.29454280139268, 22.122952507658834 ], [ -159.294733411201605, 22.122949652170274 ], [ -159.295161664786832, 22.122877999649642 ], [ -159.295334753661479, 22.122791518896083 ], [ -159.295535814526289, 22.122739229312955 ], [ -159.295696202488614, 22.122637223959789 ], [ -159.295843641938148, 22.12252920606387 ], [ -159.296173354931256, 22.122092340709948 ], [ -159.29626234943845, 22.121925744933321 ], [ -159.296340951699364, 22.121756981654826 ], [ -159.296456392048839, 22.121597326744748 ], [ -159.296635285179178, 22.121240955565945 ], [ -159.296569267068577, 22.121064810853401 ], [ -159.296457835306512, 22.120895554134254 ] ] } },
{ "type": "Feature", "properties": { "objectid": 148, "island": "Kauai", "st_lengthshape": 20.000463792592541 }, "geometry": { "type": "LineString", "coordinates": [ [ -159.295748165133233, 22.119864122804525 ], [ -159.29559721318941, 22.119977554040208 ] ] } },
{ "type": "Feature", "properties": { "objectid": 149, "island": "Kauai", "st_lengthshape": 552.97326954753794 }, "geometry": { "type": "LineString", "coordinates": [ [ -159.296470645597452, 22.116819083351881 ], [ -159.296748429129309, 22.116673534162363 ], [ -159.296810112685876, 22.116499222609015 ], [ -159.296855995295715, 22.116322808546567 ], [ -159.296896156655691, 22.116145633335066 ], [ -159.297023185249913, 22.115980019521164 ], [ -159.297233544737793, 22.115825495423852 ], [ -159.297273608508249, 22.115648307643951 ], [ -159.297312364829196, 22.115470945157959 ], [ -159.297376240972454, 22.115296925712077 ], [ -159.297440482592634, 22.115122955262336 ], [ -159.297485613875011, 22.114948547095949 ], [ -159.297488214612628, 22.114687575126968 ], [ -159.297520948773098, 22.114506215001136 ], [ -159.297539824438189, 22.114325124038704 ], [ -159.297556128876352, 22.114144082926366 ], [ -159.297577468982837, 22.11396294319459 ], [ -159.297583593345308, 22.113782099498586 ], [ -159.297526024335639, 22.113606815026895 ], [ -159.297529996458934, 22.113267512660336 ], [ -159.297534018706642, 22.113080124678895 ], [ -159.297503880091853, 22.112900830456418 ], [ -159.297449576729178, 22.112727259224815 ], [ -159.297367570621759, 22.112560252174884 ], [ -159.297310061873418, 22.112387441090871 ], [ -159.297222956332291, 22.11222508147792 ] ] } },
{ "type": "Feature", "properties": { "objectid": 150, "island": "Kauai", "st_lengthshape": 17.181090088815019 }, "geometry": { "type": "LineString", "coordinates": [ [ -159.297261908379738, 22.106330543635071 ], [ -159.297213936762176, 22.10618189999882 ] ] } },
{ "type": "Feature", "properties": { "objectid": 151, "island": "Kauai", "st_lengthshape": 1455.0335937003586 }, "geometry": { "type": "LineString", "coordinates": [ [ -159.302525637798539, 22.100604694280165 ], [ -159.302725415798449, 22.100624621829514 ], [ -159.302904233974203, 22.100522421678594 ], [ -159.30348526659759, 22.100390609171829 ], [ -159.30367348149278, 22.100330322837671 ], [ -159.303858057822396, 22.100264610689329 ], [ -159.30404651747449, 22.10020468846092 ], [ -159.304295014219406, 22.100234283270659 ], [ -159.304416864577945, 22.100075045180699 ], [ -159.304548429758256, 22.099930292665654 ], [ -159.305522752509773, 22.099141454334237 ], [ -159.305532333113717, 22.098954744866834 ], [ -159.305656540807206, 22.098801877899771 ], [ -159.305665509101118, 22.098614987973143 ], [ -159.305759394743376, 22.098453167661223 ], [ -159.305847099839383, 22.098289523980888 ], [ -159.305939278705864, 22.098127199929344 ], [ -159.306046154916231, 22.097969215515711 ], [ -159.30610473302238, 22.097796972214084 ], [ -159.306174316424801, 22.097627977809992 ], [ -159.306275950724313, 22.097468446441013 ], [ -159.30634331037183, 22.097298795716643 ], [ -159.3064048533424, 22.097127427593019 ], [ -159.306484802186333, 22.096961493432538 ], [ -159.306591199652274, 22.096803367712379 ], [ -159.306577534079054, 22.096609795879434 ], [ -159.306612315376185, 22.096430526717832 ], [ -159.306713599117842, 22.096270891828702 ], [ -159.306766613413629, 22.096097006323465 ], [ -159.306723431709401, 22.095894720221718 ], [ -159.306723940534539, 22.095705332699399 ], [ -159.30676647218786, 22.095528351805289 ], [ -159.306789000225564, 22.095180391448984 ], [ -159.306901090478135, 22.095005218713055 ], [ -159.306867095883064, 22.094822497367069 ], [ -159.306892823068409, 22.09464286295859 ], [ -159.306981305490098, 22.094466470576478 ], [ -159.307061532086863, 22.094289651873485 ], [ -159.30705511591367, 22.094108354956902 ], [ -159.307606578782242, 22.09395588668777 ], [ -159.307709393482583, 22.093780234858585 ], [ -159.307666854642122, 22.09359707170049 ], [ -159.3075737664972, 22.093411296952738 ], [ -159.307534547620975, 22.09322830638277 ], [ -159.30749280613432, 22.093045185028149 ], [ -159.307527987063025, 22.092866037728911 ], [ -159.307542734173438, 22.092685835705829 ], [ -159.307493125148767, 22.092502307234376 ], [ -159.307482153715142, 22.092320775843731 ], [ -159.30743106056542, 22.092137171535907 ], [ -159.307474677166482, 22.091958460083333 ], [ -159.307420981971859, 22.091774721527816 ], [ -159.307434933146709, 22.091594477622124 ], [ -159.307380617653706, 22.091410705879326 ], [ -159.307230342844974, 22.090842682013939 ], [ -159.307113537066925, 22.090684378947628 ], [ -159.306926088614318, 22.090543287020211 ], [ -159.306670457642156, 22.09041880600784 ] ] } },
{ "type": "Feature", "properties": { "objectid": 152, "island": "Kauai", "st_lengthshape": 794.30305223465052 }, "geometry": { "type": "LineString", "coordinates": [ [ -159.311496608925211, 22.083405830409195 ], [ -159.311634062889027, 22.083264690007312 ], [ -159.311753340447979, 22.083116128071321 ], [ -159.311851757036294, 22.082959046662264 ], [ -159.311950349990099, 22.082802038035105 ], [ -159.312017717193669, 22.082632278181826 ], [ -159.312069473428295, 22.082456142716218 ], [ -159.312109795533587, 22.082275339308932 ], [ -159.312178944590272, 22.0821063068631 ], [ -159.312215353584236, 22.081923904581775 ], [ -159.312272177725674, 22.081749839983594 ], [ -159.312348580620949, 22.081583769532667 ], [ -159.312443614319449, 22.081425307438778 ], [ -159.312506874366392, 22.081253870302675 ], [ -159.312636340432363, 22.081109469352747 ], [ -159.312759316501683, 22.080962417377144 ], [ -159.312878947037092, 22.080813999387217 ], [ -159.313011136670525, 22.080670710482583 ], [ -159.31312290898623, 22.080519082983816 ], [ -159.313146204331332, 22.080393017788797 ], [ -159.313220263180369, 22.080223686383111 ], [ -159.313359371678615, 22.080090806910107 ], [ -159.313548635976929, 22.079986032890659 ], [ -159.31376430134938, 22.079896052395593 ], [ -159.314019112831943, 22.07982800692055 ], [ -159.314194507386873, 22.079715459407961 ], [ -159.314338903866172, 22.079585543066415 ], [ -159.31456214408729, 22.079499806677038 ], [ -159.314835386806294, 22.079442088727781 ], [ -159.31493230848659, 22.079283648656084 ], [ -159.314938423821701, 22.079047905462197 ], [ -159.314956603960667, 22.078822066006712 ], [ -159.314753441304674, 22.078414554756911 ], [ -159.314851142815257, 22.078253982911157 ], [ -159.314965378763873, 22.078106982235237 ], [ -159.315094221530842, 22.077971971778375 ], [ -159.315234115961204, 22.077846031218954 ] ] } },
{ "type": "Feature", "properties": { "objectid": 153, "island": "Kauai", "st_lengthshape": 805.90409054890506 }, "geometry": { "type": "LineString", "coordinates": [ [ -159.315764466869865, 22.077301903484184 ], [ -159.315923626477485, 22.077191835594615 ], [ -159.316029868359436, 22.077038232834127 ], [ -159.316142197757387, 22.076889638644417 ], [ -159.316269009706417, 22.076752958924928 ], [ -159.316340766654349, 22.076570986013717 ], [ -159.316459732727907, 22.076427850894518 ], [ -159.316627477158704, 22.076324846863088 ], [ -159.316735675343978, 22.076172853395693 ], [ -159.316889994986042, 22.076058804359015 ], [ -159.317010187531793, 22.075916679218473 ], [ -159.317296415552505, 22.07558146532277 ], [ -159.317384310155518, 22.075419341707359 ], [ -159.317446074749938, 22.075247909135815 ], [ -159.31753900557942, 22.075087579826775 ], [ -159.317619027502161, 22.07492265173299 ], [ -159.317667408557526, 22.074746451415464 ], [ -159.317774927440581, 22.074401816569214 ], [ -159.317775368329421, 22.074221009652383 ], [ -159.317783168512506, 22.074039967995393 ], [ -159.317797876307509, 22.073858706929997 ], [ -159.317805050331884, 22.073677684549718 ], [ -159.317802864614748, 22.073496961319542 ], [ -159.317801261405549, 22.073316219788254 ], [ -159.317828588286005, 22.073134555647307 ], [ -159.317861340756934, 22.072952719240206 ], [ -159.317924623323506, 22.072769909209832 ], [ -159.317989160857167, 22.072587058768516 ], [ -159.318004345112797, 22.07240578137192 ], [ -159.317993491556336, 22.072225335158929 ], [ -159.3180317496859, 22.07204332266986 ], [ -159.317957099070156, 22.071432508247248 ], [ -159.317950176513278, 22.071237101551361 ], [ -159.317918856260349, 22.071051986359898 ], [ -159.317839870766903, 22.070886974944759 ], [ -159.31774161521372, 22.070730091211043 ] ] } },
{ "type": "Feature", "properties": { "objectid": 154, "island": "Kauai", "st_lengthshape": 1287.2403067452087 }, "geometry": { "type": "LineString", "coordinates": [ [ -159.316898725207295, 22.070440696839039 ], [ -159.316775993580762, 22.070290505611755 ], [ -159.316762883002951, 22.070238178511264 ], [ -159.316827226878985, 22.070115243116039 ], [ -159.316848219601297, 22.069933256152705 ], [ -159.316875818636134, 22.069752955756403 ], [ -159.316872968427134, 22.069564876997294 ], [ -159.316926695029565, 22.069391251178445 ], [ -159.316964122887867, 22.069213462249845 ], [ -159.317018797723591, 22.069040078487184 ], [ -159.317082647776175, 22.068869039414949 ], [ -159.317173719164231, 22.068704952812613 ], [ -159.317254319359222, 22.068538192408131 ], [ -159.317382364130395, 22.068383550815362 ], [ -159.317482611147994, 22.068221808731359 ], [ -159.317602335452563, 22.068065041960462 ], [ -159.317699679382059, 22.067902558233172 ], [ -159.317747617570149, 22.067727453594355 ], [ -159.317775658271671, 22.067547266892412 ], [ -159.317823892041957, 22.067372238444044 ], [ -159.317875323115203, 22.067198025896854 ], [ -159.31791657023868, 22.067021212242143 ], [ -159.317954632457088, 22.066843585344035 ], [ -159.317996549512401, 22.066666942918594 ], [ -159.318038235657298, 22.066490242204914 ], [ -159.318078377791323, 22.066313146062672 ], [ -159.318106519646307, 22.066132985283033 ], [ -159.318140001090597, 22.065954188244607 ], [ -159.318189030093293, 22.065779363199017 ], [ -159.318266962502662, 22.065611920838482 ], [ -159.318250712054862, 22.065420419661951 ], [ -159.31826394503463, 22.065236450025697 ], [ -159.318283014138359, 22.065053971452265 ], [ -159.318296961778685, 22.0648701847174 ], [ -159.318323656181263, 22.064689653569488 ], [ -159.318431857584386, 22.06452994349053 ], [ -159.318455296211965, 22.064348581163355 ], [ -159.318504752940328, 22.064173865385548 ], [ -159.318552268055981, 22.063998652864608 ], [ -159.318662838817431, 22.063839548739914 ], [ -159.318731922381545, 22.063669845795296 ], [ -159.318900140671815, 22.06337629676581 ], [ -159.318944487869317, 22.063197294041586 ], [ -159.318937018758788, 22.06301610750403 ], [ -159.318956110562993, 22.062836040050819 ], [ -159.31899950858292, 22.062656997594132 ], [ -159.319004985442263, 22.06247635588144 ], [ -159.318985304076961, 22.062294653783248 ], [ -159.318986239777502, 22.062113821254894 ], [ -159.318980551289656, 22.061932708920281 ], [ -159.318920686841238, 22.061749312573077 ], [ -159.318846702812237, 22.061565321239357 ], [ -159.31873586638082, 22.061379775455933 ], [ -159.318675557582992, 22.061196359991005 ], [ -159.318682569213394, 22.061015783022743 ], [ -159.318861177725097, 22.060845622731549 ], [ -159.318901613454244, 22.060661841167285 ], [ -159.318976879722925, 22.060494745999765 ], [ -159.319046129363329, 22.060324767903886 ], [ -159.319165375215789, 22.060178740949684 ], [ -159.319261389452862, 22.060021584581044 ], [ -159.319375905896749, 22.059873291836858 ], [ -159.319459148478842, 22.059710016881752 ], [ -159.31953491133109, 22.059543159892087 ] ] } },
{ "type": "Feature", "properties": { "objectid": 155, "island": "Kauai", "st_lengthshape": 1442.9934054995563 }, "geometry": { "type": "LineString", "coordinates": [ [ -159.319902528302833, 22.059271303101269 ], [ -159.32006846356569, 22.059153505258159 ], [ -159.320204268196846, 22.059018804114078 ], [ -159.320329231121491, 22.058878020436893 ], [ -159.320406692149447, 22.058710591453817 ], [ -159.32049164941796, 22.058547366818615 ], [ -159.320465503339562, 22.058321817272638 ], [ -159.320580956368616, 22.058175700041144 ], [ -159.320698735230536, 22.058030888158857 ], [ -159.320828684702491, 22.057892903121466 ], [ -159.320950353438775, 22.057750272468422 ], [ -159.321081069030981, 22.057612716669613 ], [ -159.321157538685981, 22.057444731843425 ], [ -159.321243222155914, 22.057281915546064 ], [ -159.321343202394473, 22.057127118979306 ], [ -159.321442475963551, 22.056971926224914 ], [ -159.321514435394164, 22.056801411417219 ], [ -159.321569180698702, 22.056621239193621 ], [ -159.321672245029134, 22.056468172774601 ], [ -159.321780367837334, 22.056317944892626 ], [ -159.321848492493046, 22.056145279151909 ], [ -159.321925464106812, 22.055977575743768 ], [ -159.322027770684883, 22.05582408506741 ], [ -159.322159427621813, 22.055644673775067 ], [ -159.322326686631101, 22.055548748757225 ], [ -159.322510557889444, 22.055490462493008 ], [ -159.322701643694472, 22.055448520393636 ], [ -159.322898371798971, 22.055419364173432 ], [ -159.323074031324296, 22.055342473574004 ], [ -159.323241853402322, 22.055247826690774 ], [ -159.323413024480203, 22.055160766435296 ], [ -159.323598901587019, 22.055107023813878 ], [ -159.323796968522629, 22.055080900335 ], [ -159.324004350566213, 22.055075882418954 ], [ -159.324214542154238, 22.055077227929164 ], [ -159.324411657135386, 22.055048946371294 ], [ -159.324596294530494, 22.054992397186556 ], [ -159.324771158614283, 22.054913704893981 ], [ -159.324952200884439, 22.054849010701972 ], [ -159.32514038876505, 22.054800504414217 ], [ -159.325325839002289, 22.054745798524813 ], [ -159.325511475159658, 22.054691510349461 ], [ -159.325968628677145, 22.05447501718616 ], [ -159.32612674398564, 22.054367422327783 ], [ -159.32628879375298, 22.054263600372305 ], [ -159.326458299887463, 22.054166929474601 ], [ -159.326613453980684, 22.054056494218383 ], [ -159.326746405067411, 22.053924763879543 ], [ -159.326866573702546, 22.053780771267689 ], [ -159.32697530611253, 22.053625811061345 ], [ -159.327040137887451, 22.05342874331949 ], [ -159.327101908953153, 22.053228740063602 ], [ -159.32717329560532, 22.053037959757447 ], [ -159.327213292694978, 22.052920599710603 ], [ -159.32734254482645, 22.052773259410589 ], [ -159.327533154178326, 22.052716025548104 ], [ -159.327702908578658, 22.052628166837689 ], [ -159.327862001973216, 22.052524651002127 ], [ -159.327999895095445, 22.052390002478155 ], [ -159.328152777067515, 22.052277366832769 ], [ -159.328317890088897, 22.052182691301677 ], [ -159.328485962015236, 22.052092361539842 ], [ -159.328670412503641, 22.052026085345531 ], [ -159.328865746360719, 22.051975790622475 ], [ -159.32903705397473, 22.051890214025249 ], [ -159.3292186381465, 22.05181972752569 ], [ -159.329392802396399, 22.051738346714551 ], [ -159.329543640417143, 22.051622709050058 ], [ -159.329681271421947, 22.05148767749278 ], [ -159.32982085094747, 22.051355508510607 ] ] } },
{ "type": "Feature", "properties": { "objectid": 156, "island": "Kauai", "st_lengthshape": 279.16021435859193 }, "geometry": { "type": "LineString", "coordinates": [ [ -159.330003869917789, 22.051533026164361 ], [ -159.330126400109066, 22.051700692521386 ], [ -159.330253999486246, 22.051859723410058 ], [ -159.330419568041549, 22.051954068034764 ], [ -159.331286864628424, 22.052103551953568 ], [ -159.331490261138555, 22.052097044698382 ], [ -159.331674459812604, 22.052040597782092 ], [ -159.331857068026096, 22.051980015224789 ], [ -159.332039571751665, 22.051919161644847 ], [ -159.33219982250148, 22.051800427153509 ], [ -159.332355946513616, 22.051670955368088 ] ] } },
{ "type": "Feature", "properties": { "objectid": 157, "island": "Kauai", "st_lengthshape": 742.65520169701836 }, "geometry": { "type": "LineString", "coordinates": [ [ -159.332876961533458, 22.051127797472699 ], [ -159.333096424911105, 22.051109347321628 ], [ -159.333287192724555, 22.051050570623907 ], [ -159.333418056819369, 22.050907606689016 ], [ -159.333534705137396, 22.05074466583503 ], [ -159.33369045170295, 22.050636671939461 ], [ -159.333888287505886, 22.050587827015921 ], [ -159.334437989696255, 22.05021709588403 ], [ -159.334509595117083, 22.050048750721988 ], [ -159.334534534302065, 22.049866457817732 ], [ -159.334575158068873, 22.049688852424907 ], [ -159.334655989776905, 22.049523264608883 ], [ -159.33467564035999, 22.049339390623143 ], [ -159.334719812310681, 22.049162845799525 ], [ -159.334759306812515, 22.048984903869016 ], [ -159.334795574695903, 22.048805996422647 ], [ -159.334876908984825, 22.048640559237942 ], [ -159.334989259121016, 22.048484390188246 ], [ -159.335083175136106, 22.048322713473617 ], [ -159.335155983351058, 22.048154726922515 ], [ -159.335230703832053, 22.047987312816943 ], [ -159.335288279171976, 22.047814774239633 ], [ -159.335323115669866, 22.047635439554682 ], [ -159.335363022148158, 22.047457620385433 ], [ -159.335395459212265, 22.047277568745013 ], [ -159.335434868004057, 22.047099600600873 ], [ -159.335491828875405, 22.046926877993304 ], [ -159.335604298231374, 22.046770746210512 ], [ -159.335708379665732, 22.046612106432335 ], [ -159.335795727240708, 22.046448466033301 ], [ -159.335838653689706, 22.046271549399744 ], [ -159.335893761470004, 22.046098273925093 ], [ -159.335982179160681, 22.045934952851457 ], [ -159.336061932635175, 22.045769043086068 ], [ -159.336125324779374, 22.045598243117009 ] ] } },
{ "type": "Feature", "properties": { "objectid": 158, "island": "Kauai", "st_lengthshape": 716.249522168775 }, "geometry": { "type": "LineString", "coordinates": [ [ -159.33541510084811, 22.042768241335157 ], [ -159.335328669127904, 22.04260335427594 ], [ -159.335216606972523, 22.042455909064532 ], [ -159.335070075134126, 22.042331920776178 ], [ -159.335155043073286, 22.042242065027846 ], [ -159.335504719246302, 22.041717562843132 ], [ -159.335442528933214, 22.041464939071037 ], [ -159.335335010581474, 22.041288712718099 ], [ -159.335255358701176, 22.041142433424426 ], [ -159.3350827887094, 22.041037884454543 ], [ -159.335140410278768, 22.040865055711851 ], [ -159.33520798844458, 22.040694538349001 ], [ -159.335279214050757, 22.04052486814453 ], [ -159.33533654624415, 22.040351972161091 ], [ -159.335383317546444, 22.040176624161163 ], [ -159.335438760724543, 22.040003290223108 ], [ -159.335482903245662, 22.039827332330603 ], [ -159.33556324317064, 22.039659778153869 ], [ -159.335641132768643, 22.03949165436941 ], [ -159.335713920241687, 22.039322346655659 ], [ -159.335816123683855, 22.039159867334352 ], [ -159.335872947606845, 22.038986853838427 ], [ -159.335930833083665, 22.038814086589589 ], [ -159.335984700488467, 22.038640386175164 ], [ -159.336020347467212, 22.038462456170105 ], [ -159.336023759832358, 22.038277043135722 ], [ -159.336037950955131, 22.038094132197738 ], [ -159.336062538784716, 22.037913635600564 ], [ -159.336117863940416, 22.037740273638359 ], [ -159.336185891322458, 22.037569861519369 ], [ -159.336250456205079, 22.037398644284867 ], [ -159.336312110289015, 22.037226751805022 ], [ -159.336350861086856, 22.037049542602716 ], [ -159.336396240227202, 22.036874073355069 ] ] } },
{ "type": "Feature", "properties": { "objectid": 159, "island": "Kauai", "st_lengthshape": 3847.3534464775871 }, "geometry": { "type": "LineString", "coordinates": [ [ -159.336395675198389, 22.036269938675943 ], [ -159.336497140765715, 22.036101129097855 ], [ -159.336495887063762, 22.035918361835677 ], [ -159.336526995712831, 22.035739991988123 ], [ -159.336534502856267, 22.035558415523948 ], [ -159.336542969625754, 22.035376968986444 ], [ -159.336525551253033, 22.035192005225891 ], [ -159.336519369447302, 22.035008568680411 ], [ -159.336554127423682, 22.034830695433552 ], [ -159.336579433363625, 22.034651537028605 ], [ -159.33660778584769, 22.034472792456508 ], [ -159.336593092302138, 22.034288198914982 ], [ -159.336607616841945, 22.03411601372952 ], [ -159.336621842387103, 22.033936236629419 ], [ -159.336699758253701, 22.033770790921587 ], [ -159.336782999864056, 22.033607489838108 ], [ -159.336834665998367, 22.033431474456425 ], [ -159.336955112020746, 22.033283154442412 ], [ -159.337011668236727, 22.033109108383805 ], [ -159.337049340694449, 22.032927458040032 ], [ -159.337083355448442, 22.032744335373302 ], [ -159.337143243014964, 22.032571631245599 ], [ -159.337194387493668, 22.032395406308623 ], [ -159.337264988613214, 22.032227015697281 ], [ -159.337313554755838, 22.032049752551334 ], [ -159.337363653263054, 22.031873105993956 ], [ -159.337430077432685, 22.031703033567407 ], [ -159.337517658408075, 22.031541480347851 ], [ -159.337630932464975, 22.031390272747569 ], [ -159.337650998645017, 22.031201533981427 ], [ -159.337754874719678, 22.031046541268637 ], [ -159.337864508993277, 22.030893868398074 ], [ -159.338031669007108, 22.030764357565992 ], [ -159.338188014109107, 22.030630492616812 ], [ -159.338316490220564, 22.03048540559924 ], [ -159.338418083807341, 22.03032949476475 ], [ -159.338516506510757, 22.030172306627428 ], [ -159.33858427026081, 22.030009027547482 ], [ -159.338680982798166, 22.029610012176864 ], [ -159.338709386853964, 22.029431222794777 ], [ -159.338737473899783, 22.029252397922395 ], [ -159.338752551628488, 22.029072070413299 ], [ -159.338749869814535, 22.028889693571678 ], [ -159.338767562522406, 22.028709668720929 ], [ -159.338811556603247, 22.028532679249686 ], [ -159.338745657791577, 22.028343005913868 ], [ -159.338697739561411, 22.028155407624563 ], [ -159.338677752062267, 22.027971032885361 ], [ -159.338678380336376, 22.027789037654891 ], [ -159.338719872658061, 22.027611759742808 ], [ -159.338798792932835, 22.027438802386342 ], [ -159.338890558297464, 22.027267326268195 ], [ -159.338944343015612, 22.027091467471809 ], [ -159.338967630670481, 22.026912087793757 ], [ -159.338972710275186, 22.026730607330538 ], [ -159.339008592030154, 22.026552681423642 ], [ -159.339106790336302, 22.026381948949695 ], [ -159.339195245718827, 22.026210091020026 ], [ -159.339278794661766, 22.026037667707801 ], [ -159.339311868991615, 22.025859417781945 ], [ -159.33935455117367, 22.025682277251576 ], [ -159.339385583176266, 22.025503791219005 ], [ -159.339398621482729, 22.025323229296475 ], [ -159.339407144153938, 22.025142145498453 ], [ -159.339419655149754, 22.024961522321636 ], [ -159.339436993678873, 22.024783846107749 ], [ -159.339478681587366, 22.024532029021437 ], [ -159.339488019924374, 22.024350108732584 ], [ -159.339496370081918, 22.0241682591484 ], [ -159.339549910851133, 22.023983114125748 ], [ -159.339570694207254, 22.023800357910925 ], [ -159.339532510034587, 22.023621903205548 ], [ -159.339455090562382, 22.023446309659665 ], [ -159.339394069723511, 22.02326952028168 ], [ -159.339303265083089, 22.023094902988923 ], [ -159.339234431444453, 22.022918683527134 ], [ -159.339216065114556, 22.022738782842428 ], [ -159.339203234383007, 22.022558478599116 ], [ -159.33915787826399, 22.022380546350753 ], [ -159.339109618867184, 22.022202826077503 ], [ -159.339025040562291, 22.022027754832731 ], [ -159.338948224210412, 22.02185211728796 ], [ -159.33888660213799, 22.021675371378102 ], [ -159.338852531823733, 22.021496616133909 ], [ -159.338810513880532, 22.021318440153912 ], [ -159.338768213169374, 22.02114028552187 ], [ -159.338762411521031, 22.020959467970837 ], [ -159.338789669712725, 22.020776240352209 ], [ -159.338833083783953, 22.020591833758779 ], [ -159.338774265998637, 22.020414883217011 ], [ -159.338761856517124, 22.020234548195646 ], [ -159.338814098712817, 22.020049498165832 ], [ -159.338751099084817, 22.019872852575933 ], [ -159.338780754760393, 22.019689450133917 ], [ -159.338810136206007, 22.019506067222494 ], [ -159.338823957553927, 22.019323818671815 ], [ -159.338854437434065, 22.019140355778767 ], [ -159.338854919077676, 22.018959080702547 ], [ -159.338864091324268, 22.018777171506169 ], [ -159.338868072342109, 22.018596574900453 ], [ -159.338907647140985, 22.018441207431685 ], [ -159.339007366984703, 22.018265123376604 ], [ -159.339142815301415, 22.018090778545684 ], [ -159.33924736226453, 22.017914930091205 ], [ -159.339334002505979, 22.017738210682101 ], [ -159.339262906139737, 22.017553818708844 ], [ -159.339223073455088, 22.017373871987271 ], [ -159.338935004871246, 22.016634316446446 ], [ -159.338889515467486, 22.016454767987199 ], [ -159.338781243542456, 22.016302448976493 ], [ -159.338694315903581, 22.016140873372521 ], [ -159.338611130345328, 22.015977673726308 ], [ -159.338464929220862, 22.015841805948178 ], [ -159.338328028872837, 22.015701903934005 ], [ -159.33829349007496, 22.015559136259821 ], [ -159.338306875939452, 22.015372058751172 ], [ -159.338288357323279, 22.015191124549411 ], [ -159.338268352195342, 22.015010476186571 ], [ -159.338246423795511, 22.014830198583564 ], [ -159.338253728824185, 22.014644291825107 ], [ -159.338230540563927, 22.014464256223455 ], [ -159.338197866505965, 22.014286047072353 ], [ -159.338129284794661, 22.014114751953997 ], [ -159.338127040200561, 22.013930684417303 ], [ -159.337954545592623, 22.013779395265153 ], [ -159.337961687303931, 22.013593520449721 ], [ -159.337792975019141, 22.013441504175969 ], [ -159.337668585364952, 22.013280953747067 ], [ -159.337786884968295, 22.013073676808904 ], [ -159.337821986419556, 22.012882418565304 ], [ -159.337946177394855, 22.012674007290002 ], [ -159.337872824377996, 22.012503630719809 ], [ -159.337943077510744, 22.012305604564435 ], [ -159.337815336980867, 22.012145699858465 ], [ -159.337624872869128, 22.011997870477352 ], [ -159.33782415293507, 22.011775002193872 ], [ -159.337440798262634, 22.01147981256501 ], [ -159.337299844949086, 22.011322450714861 ], [ -159.337171776767121, 22.01116260848308 ], [ -159.337122198204412, 22.010987654568154 ], [ -159.337106096971013, 22.010806254386953 ], [ -159.337166201377471, 22.010610182759507 ], [ -159.337258202276189, 22.010407969832563 ], [ -159.337341120176177, 22.010207505637119 ], [ -159.337334803595155, 22.010024221524439 ], [ -159.337264453817539, 22.009853266545377 ], [ -159.337173381221902, 22.009686301297968 ], [ -159.337069946142833, 22.009521716690386 ], [ -159.336973263039056, 22.00935583162968 ], [ -159.336878035678808, 22.009189667061101 ], [ -159.336754899097656, 22.009028874721682 ], [ -159.336637656508515, 22.00886694900753 ], [ -159.336542624518501, 22.008700745880862 ], [ -159.336513419903071, 22.008521868693421 ], [ -159.336499126806075, 22.008340121367105 ], [ -159.3364048981407, 22.00817376381374 ], [ -159.336360637149767, 22.007997785912259 ], [ -159.336369892689959, 22.007813495839372 ], [ -159.336447108220312, 22.007717485550089 ], [ -159.336556776187336, 22.007525603729299 ], [ -159.336615736611265, 22.007338475972311 ], [ -159.336636417076505, 22.00715493757388 ], [ -159.336642969238341, 22.006972723716554 ], [ -159.336627460183848, 22.006792577961011 ], [ -159.336614813430288, 22.006612164324622 ], [ -159.336594165962026, 22.006432500703973 ], [ -159.336589665320474, 22.00625132318595 ], [ -159.336643249406706, 22.006064699713011 ], [ -159.336761528748383, 22.005872010442594 ], [ -159.336643327788551, 22.005701493043755 ], [ -159.336593696787645, 22.005524546837623 ], [ -159.336512119334486, 22.005350596046473 ], [ -159.336469051894483, 22.005173034628022 ], [ -159.33640365823814, 22.004997566203343 ], [ -159.336359910117608, 22.004820068480186 ], [ -159.336350807058125, 22.0046393222657 ], [ -159.336307529858999, 22.004461780187697 ], [ -159.336219224518942, 22.004288460069031 ], [ -159.336128511461538, 22.004115366176151 ], [ -159.336045824275431, 22.003950501523768 ] ] } },
{ "type": "Feature", "properties": { "objectid": 160, "island": "Kauai", "st_lengthshape": 385.29220444031398 }, "geometry": { "type": "LineString", "coordinates": [ [ -159.341934674449362, 21.994373759554367 ], [ -159.341943920766425, 21.994180804922653 ], [ -159.341948720879628, 21.99398920839883 ], [ -159.341937188325005, 21.993802600412049 ], [ -159.341927195943583, 21.993615522128191 ], [ -159.3419021971728, 21.993433025772401 ], [ -159.341880585608408, 21.993249496034593 ], [ -159.341856342031633, 21.993066769516737 ], [ -159.341826318426939, 21.992885807719347 ], [ -159.341770902603088, 21.992712601593556 ], [ -159.34168258179588, 21.992549445251331 ], [ -159.341622981510397, 21.992377516218497 ], [ -159.341555582975758, 21.992207969519775 ], [ -159.341536469561817, 21.992023676510282 ], [ -159.341509076716648, 21.991841912309024 ], [ -159.341440152978862, 21.99167283128698 ], [ -159.341396757039945, 21.991495954577928 ], [ -159.341321221076072, 21.991328892905379 ], [ -159.341240975887871, 21.991163269336191 ], [ -159.341136769411804, 21.991027584256802 ] ] } },
{ "type": "Feature", "properties": { "objectid": 161, "island": "Kauai", "st_lengthshape": 486.69201935061864 }, "geometry": { "type": "LineString", "coordinates": [ [ -159.351873209120271, 21.960453327881737 ], [ -159.351690241809507, 21.960556324445772 ], [ -159.351504793114572, 21.960637752664791 ], [ -159.351318006177365, 21.960707548925047 ], [ -159.351130703434904, 21.960772858646916 ], [ -159.350940143582108, 21.960809847479041 ], [ -159.350749724160721, 21.960848059964238 ], [ -159.350559559966712, 21.960888495975841 ], [ -159.350363782578285, 21.960880127691926 ], [ -159.350164328830942, 21.960839788536976 ], [ -159.349982547298055, 21.960953117043047 ], [ -159.349788873670661, 21.960963033913778 ], [ -159.349594392533987, 21.960965932477482 ], [ -159.349395268397274, 21.960928460136543 ], [ -159.349195265648717, 21.960883347146506 ], [ -159.349007244051393, 21.960872530476962 ], [ -159.348664672028661, 21.960856885774664 ], [ -159.348413567520311, 21.960755286452784 ], [ -159.348112233180018, 21.960557461153282 ], [ -159.347826965445819, 21.960408605243479 ], [ -159.347725654908174, 21.96025216892043 ], [ -159.347629071693461, 21.960092061748266 ] ] } },
{ "type": "Feature", "properties": { "objectid": 162, "island": "Kauai", "st_lengthshape": 84.976083911748205 }, "geometry": { "type": "LineString", "coordinates": [ [ -159.342252324710614, 21.959407705756007 ], [ -159.342056022470814, 21.959391087366537 ], [ -159.341863891717992, 21.959414992421685 ], [ -159.341660455371994, 21.959329051361088 ], [ -159.341465888933243, 21.959258545111137 ] ] } },
{ "type": "Feature", "properties": { "objectid": 163, "island": "Kauai", "st_lengthshape": 40.398585718229839 }, "geometry": { "type": "LineString", "coordinates": [ [ -159.33755940036761, 21.958451666595199 ], [ -159.337369644205722, 21.958380524895031 ], [ -159.337248473027444, 21.958247964768482 ] ] } },
{ "type": "Feature", "properties": { "objectid": 164, "island": "Kauai", "st_lengthshape": 1043.3700367684387 }, "geometry": { "type": "LineString", "coordinates": [ [ -159.390942473492231, 21.907665567728884 ], [ -159.391026400777264, 21.907885143769771 ], [ -159.391044684972144, 21.908082958932951 ], [ -159.391125369306849, 21.908301460278874 ], [ -159.390962310084745, 21.908439157052332 ], [ -159.39089402432873, 21.908608272851783 ], [ -159.390879629554462, 21.908795253756178 ], [ -159.390872299050898, 21.908984577690507 ], [ -159.390811454202009, 21.909156159361753 ], [ -159.390719389587815, 21.909317392023674 ], [ -159.390623817802975, 21.909477462086251 ], [ -159.390524103145083, 21.909636158741218 ], [ -159.39043810121774, 21.909799401489845 ], [ -159.390396534682282, 21.909977375250573 ], [ -159.39039609439746, 21.910168982984551 ], [ -159.390397421659316, 21.910361176474119 ], [ -159.390411495808422, 21.910557595873922 ], [ -159.390342039755836, 21.910726323907408 ], [ -159.390258862739785, 21.910890503052951 ], [ -159.390218484713955, 21.911068870548064 ], [ -159.390136045782214, 21.911233294520692 ], [ -159.390055258902834, 21.911398266543401 ], [ -159.389953149708617, 21.911556168962072 ], [ -159.389857471920863, 21.911716204485334 ], [ -159.389757784930623, 21.911874910535101 ], [ -159.389645386202886, 21.91202712551754 ], [ -159.389452375709908, 21.912325566925048 ], [ -159.389296182339223, 21.912438250922246 ], [ -159.389134358873093, 21.912546361266774 ], [ -159.388978755937472, 21.912659524205235 ], [ -159.388819590681152, 21.912769794434745 ], [ -159.388693809338776, 21.912907183141996 ], [ -159.388554085096104, 21.913033245590395 ], [ -159.388422859720691, 21.913166211906926 ], [ -159.388286866517831, 21.913288744572327 ], [ -159.387997180982325, 21.913507060367312 ], [ -159.387828514635117, 21.913596787696878 ], [ -159.387637017349732, 21.913641899309738 ], [ -159.387476444181601, 21.913736792119355 ], [ -159.387168812840173, 21.913749463599064 ], [ -159.386967128401551, 21.913691225512558 ], [ -159.386774203711838, 21.913684746088663 ], [ -159.38645987134467, 21.913644955024321 ], [ -159.386271426530669, 21.913600758040459 ], [ -159.386090401454794, 21.913538368695541 ], [ -159.385836171416798, 21.913422439754818 ], [ -159.385679582113596, 21.913314412614845 ], [ -159.385449924023902, 21.91328320715391 ] ] } },
{ "type": "Feature", "properties": { "objectid": 165, "island": "Kauai", "st_lengthshape": 123.89967950859268 }, "geometry": { "type": "LineString", "coordinates": [ [ -159.385630845522201, 21.913397975956201 ], [ -159.385661523226702, 21.913587324382419 ], [ -159.385731575440388, 21.91375718609472 ], [ -159.385846894611291, 21.913904644434048 ], [ -159.385903775000628, 21.914081025540867 ], [ -159.385947642854603, 21.914263847136702 ], [ -159.385965492264319, 21.914454897861376 ] ] } },
{ "type": "Feature", "properties": { "objectid": 166, "island": "Kauai", "st_lengthshape": 553.46485512261324 }, "geometry": { "type": "LineString", "coordinates": [ [ -159.383449614948887, 21.91735806721541 ], [ -159.383591457344437, 21.9174885679898 ], [ -159.383722363474334, 21.917625405657503 ], [ -159.383849460005649, 21.917764452008772 ], [ -159.383942948674189, 21.917922975604011 ], [ -159.384021836163924, 21.918089962426624 ], [ -159.384086381514692, 21.918265260112989 ], [ -159.384100522090989, 21.918468375281925 ], [ -159.38419960423704, 21.918798787069441 ], [ -159.384157471196488, 21.918979085089696 ], [ -159.384064780258313, 21.919218391697068 ], [ -159.383966867683284, 21.919376938313381 ], [ -159.383777218516883, 21.919658354139784 ], [ -159.383669435421183, 21.919819905899207 ], [ -159.383523278988207, 21.919937761319748 ], [ -159.383193104914199, 21.920122674919895 ], [ -159.383000789685923, 21.920157935514926 ], [ -159.382830928837166, 21.920250792827499 ], [ -159.382654860431757, 21.920327728437325 ], [ -159.382494560202787, 21.920445109924458 ], [ -159.382296785793926, 21.920466368970132 ], [ -159.38210815115221, 21.920511073683986 ], [ -159.38192819017263, 21.920578023590735 ], [ -159.381764072289428, 21.92068561531228 ], [ -159.38155557260896, 21.920670690761078 ] ] } },
{ "type": "Feature", "properties": { "objectid": 167, "island": "Kauai", "st_lengthshape": 636.5915514820656 }, "geometry": { "type": "LineString", "coordinates": [ [ -159.380734588587188, 21.920801512958985 ], [ -159.380630041573312, 21.920956745563601 ], [ -159.380502377342424, 21.921092624552141 ], [ -159.380362172325903, 21.921218005433271 ], [ -159.380279853689672, 21.92139184718944 ], [ -159.380184951204143, 21.921553183512799 ], [ -159.380025373155888, 21.921715581715734 ], [ -159.379882813856227, 21.921845188553693 ], [ -159.37972514516639, 21.921951230208013 ], [ -159.379557249881032, 21.922041322300409 ], [ -159.379366024518305, 21.92208982707913 ], [ -159.379099483791009, 21.92219844922554 ], [ -159.378908957963915, 21.922232264461233 ], [ -159.37872717874049, 21.922295172141229 ], [ -159.378300211267543, 21.922245653665698 ], [ -159.378112088459091, 21.92220212794799 ], [ -159.377923498264721, 21.92218031120964 ], [ -159.377727989174048, 21.922220965717568 ], [ -159.377558495623418, 21.922310317722669 ], [ -159.377401275420198, 21.922415816780081 ], [ -159.377265920414175, 21.92255008201008 ], [ -159.377125383528295, 21.922673503143642 ], [ -159.377044972571724, 21.92276980747312 ], [ -159.376911926125416, 21.922897424949333 ], [ -159.376569873781477, 21.92307399838111 ], [ -159.376375655807493, 21.923098856015034 ], [ -159.376198288093292, 21.923175928681797 ], [ -159.376004755207106, 21.923202910133153 ], [ -159.375816341438735, 21.923245753295877 ], [ -159.375628547732646, 21.923279925310794 ] ] } },
{ "type": "Feature", "properties": { "objectid": 168, "island": "Kauai", "st_lengthshape": 61.88915221332676 }, "geometry": { "type": "LineString", "coordinates": [ [ -159.418310902787084, 21.888121504375011 ], [ -159.41822721549903, 21.888301449593982 ], [ -159.418094351483148, 21.888433241894088 ], [ -159.417925777610407, 21.888524765733912 ] ] } },
{ "type": "Feature", "properties": { "objectid": 169, "island": "Kauai", "st_lengthshape": 980.14734613655764 }, "geometry": { "type": "LineString", "coordinates": [ [ -159.416810676062823, 21.889093111174795 ], [ -159.416619436399401, 21.889122399881206 ], [ -159.416421791931555, 21.889123260292834 ], [ -159.416221557536147, 21.889112624267518 ], [ -159.416021778184103, 21.889104006063093 ], [ -159.415818002706118, 21.889077645785115 ], [ -159.415618407785615, 21.889069847862142 ], [ -159.415419540502484, 21.8890652758942 ], [ -159.415243088458624, 21.889160207541927 ], [ -159.415064247375341, 21.889244534887499 ], [ -159.41489166438862, 21.889356639158276 ], [ -159.414701811511634, 21.889392084596434 ], [ -159.414518799275498, 21.889457897485602 ], [ -159.414325102189849, 21.889476276931006 ], [ -159.414140135324487, 21.889533411245601 ], [ -159.413959500579551, 21.889609778889405 ], [ -159.413766593574024, 21.889631671025739 ], [ -159.4135758378969, 21.889663110632704 ], [ -159.413383944652537, 21.889689497159164 ], [ -159.413190758955409, 21.889710151593857 ], [ -159.412995903284127, 21.889723389037687 ], [ -159.412800219984717, 21.889732953987483 ], [ -159.412606819390817, 21.889752654232357 ], [ -159.412405382156408, 21.889736674477895 ], [ -159.412217030309932, 21.889778788007224 ], [ -159.412034988100316, 21.889848909708473 ], [ -159.411856633498559, 21.889935404280152 ], [ -159.41167136006527, 21.889991181427817 ], [ -159.411481606491435, 21.890027074649339 ], [ -159.411299663605604, 21.890097638891003 ], [ -159.411114868229703, 21.890155540948712 ], [ -159.410922925792704, 21.890181716045387 ], [ -159.41072790548597, 21.890194225754424 ], [ -159.410565306462786, 21.890197904464621 ], [ -159.41053714517372, 21.890248231002811 ], [ -159.410529491310399, 21.890410024002342 ], [ -159.410665388961519, 21.890553316820284 ], [ -159.410856224810942, 21.890675592770084 ], [ -159.410940281346939, 21.890838717174326 ], [ -159.411089930267281, 21.890976747931145 ], [ -159.411157218834973, 21.891146287025293 ], [ -159.411222761196626, 21.891316494484613 ], [ -159.411318145770025, 21.891475285433042 ], [ -159.411238461903054, 21.891693593088025 ], [ -159.411241980620986, 21.892324489035492 ], [ -159.411175291465412, 21.892495922928358 ], [ -159.411003344070309, 21.892645440744985 ] ] } },
{ "type": "Feature", "properties": { "objectid": 170, "island": "Kauai", "st_lengthshape": 39.624603789513579 }, "geometry": { "type": "LineString", "coordinates": [ [ -159.410325557722473, 21.893153528622303 ], [ -159.410153973685766, 21.893239104670393 ], [ -159.409973974572779, 21.893293006603642 ] ] } },
{ "type": "Feature", "properties": { "objectid": 171, "island": "Kauai", "st_lengthshape": 122.93696458924398 }, "geometry": { "type": "LineString", "coordinates": [ [ -159.406515664862553, 21.894577034504731 ], [ -159.406589212538506, 21.894754874452328 ], [ -159.406440172481211, 21.894941868503281 ], [ -159.406334887516238, 21.895127063170282 ], [ -159.406202532393536, 21.895313371663867 ], [ -159.406014263850437, 21.895496536619259 ] ] } },
{ "type": "Feature", "properties": { "objectid": 172, "island": "Kauai", "st_lengthshape": 123.93287808742143 }, "geometry": { "type": "LineString", "coordinates": [ [ -159.404551838557552, 21.899084289599937 ], [ -159.40473351762131, 21.899381056844859 ], [ -159.404437362836518, 21.899437268428212 ], [ -159.404227566666179, 21.899536954730216 ], [ -159.403937769660303, 21.899592764936749 ] ] } },
{ "type": "Feature", "properties": { "objectid": 173, "island": "Kauai", "st_lengthshape": 448.03951603038155 }, "geometry": { "type": "LineString", "coordinates": [ [ -159.440479843800716, 21.874440165052686 ], [ -159.44035801056674, 21.874646690811151 ], [ -159.440192736019554, 21.874748643345544 ], [ -159.44001204159369, 21.874813478856993 ], [ -159.43981437793056, 21.874837464756002 ], [ -159.439612073610334, 21.874850279882725 ], [ -159.43941213097574, 21.874868779301792 ], [ -159.439191590994852, 21.874837693260513 ], [ -159.43901179211116, 21.874904685446616 ], [ -159.438824416478838, 21.874953437966415 ], [ -159.438631804404196, 21.87498958300203 ], [ -159.438414785474919, 21.874966973568434 ], [ -159.438192860907009, 21.87493255613877 ], [ -159.437969856256416, 21.874870231861408 ], [ -159.437672143339967, 21.874960960695212 ], [ -159.437476959981211, 21.874960221489591 ], [ -159.437302408008833, 21.87511387139979 ], [ -159.437112303771187, 21.875151151779232 ], [ -159.43692203301066, 21.875187181101968 ], [ -159.436732571373454, 21.875229264799383 ], [ -159.4365174489362, 21.875070574504129 ] ] } },
{ "type": "Feature", "properties": { "objectid": 174, "island": "Kauai", "st_lengthshape": 335.43432856473106 }, "geometry": { "type": "LineString", "coordinates": [ [ -159.503846884858433, 21.88921625988316 ], [ -159.503662437548314, 21.889314135868776 ], [ -159.503477493842098, 21.889407177034983 ], [ -159.503293189724189, 21.889483105723347 ], [ -159.502433898818595, 21.889571867823474 ], [ -159.502294006585998, 21.889425504891229 ], [ -159.502153786806701, 21.889279787890658 ], [ -159.501986857735972, 21.889186622395453 ], [ -159.501825722283428, 21.889082059292619 ], [ -159.501653056009559, 21.889000184105583 ], [ -159.501497414466257, 21.888884812298272 ], [ -159.501348445315273, 21.888756311053296 ], [ -159.501300991457612, 21.888430109008446 ] ] } },
{ "type": "Feature", "properties": { "objectid": 175, "island": "Kauai", "st_lengthshape": 19.973683747379415 }, "geometry": { "type": "LineString", "coordinates": [ [ -159.492137426997829, 21.88550645407647 ], [ -159.492128358625791, 21.885686705828078 ] ] } },
{ "type": "Feature", "properties": { "objectid": 176, "island": "Kauai", "st_lengthshape": 141.2204514624859 }, "geometry": { "type": "LineString", "coordinates": [ [ -159.48733922639542, 21.885593760799566 ], [ -159.487237577355472, 21.885439086312925 ], [ -159.487141687755212, 21.885283738819794 ], [ -159.487023336667534, 21.884945508132493 ], [ -159.486975637445084, 21.884764584206906 ], [ -159.486964836797085, 21.884583841170514 ], [ -159.487047446473554, 21.884408051963071 ] ] } },
{ "type": "Feature", "properties": { "objectid": 177, "island": "Kauai", "st_lengthshape": 225.8573272376486 }, "geometry": { "type": "LineString", "coordinates": [ [ -159.47791059518778, 21.881959957295699 ], [ -159.477710068553336, 21.881996188120471 ], [ -159.47752210720455, 21.88194491144576 ], [ -159.477331776112777, 21.881910136556254 ], [ -159.47713754354973, 21.88190253397708 ], [ -159.476938803887833, 21.881926310995571 ], [ -159.476743180566103, 21.881928390606262 ], [ -159.476552947444389, 21.881906733484183 ], [ -159.476342362261363, 21.881854605718154 ], [ -159.476165235384912, 21.881777162136501 ], [ -159.475994596659234, 21.881679771374632 ], [ -159.475827616451454, 21.881582770992988 ] ] } },
{ "type": "Feature", "properties": { "objectid": 178, "island": "Kauai", "st_lengthshape": 144.99416352222562 }, "geometry": { "type": "LineString", "coordinates": [ [ -159.474121786269109, 21.88119918330661 ], [ -159.473932322230922, 21.881222416834181 ], [ -159.473662232277917, 21.88123454736688 ], [ -159.473466866719434, 21.881237928716349 ], [ -159.473172489613205, 21.881088099478582 ], [ -159.473058500876647, 21.880939565854185 ], [ -159.473012952584298, 21.880742934834107 ] ] } },
{ "type": "Feature", "properties": { "objectid": 179, "island": "Kauai", "st_lengthshape": 193.84164489411248 }, "geometry": { "type": "LineString", "coordinates": [ [ -159.472704183637688, 21.880238834703089 ], [ -159.472546167367653, 21.880117627129781 ], [ -159.472476019020093, 21.879949703076473 ], [ -159.472424724530043, 21.879903730099585 ], [ -159.472247816264343, 21.879829294589534 ], [ -159.472017301466479, 21.879848084783081 ], [ -159.471837244318749, 21.879779125516041 ], [ -159.471634540725546, 21.879749551647464 ], [ -159.471466527128939, 21.879659648091433 ], [ -159.471293609037502, 21.879578272484178 ], [ -159.471140854999845, 21.879465161429678 ] ] } },
{ "type": "Feature", "properties": { "objectid": 180, "island": "Kauai", "st_lengthshape": 60.691208424764852 }, "geometry": { "type": "LineString", "coordinates": [ [ -159.46481531316013, 21.87685186805702 ], [ -159.464627622394488, 21.876807481664237 ], [ -159.46444393354966, 21.876749443504384 ], [ -159.464276930421903, 21.87664689669035 ] ] } },
{ "type": "Feature", "properties": { "objectid": 181, "island": "Kauai", "st_lengthshape": 85.347833484879345 }, "geometry": { "type": "LineString", "coordinates": [ [ -159.463738060725802, 21.876491158350913 ], [ -159.463538891903198, 21.876485709134354 ], [ -159.463343849690688, 21.876466255454584 ], [ -159.463142035312671, 21.876480533680326 ], [ -159.462934935485379, 21.876390837736029 ] ] } },
{ "type": "Feature", "properties": { "objectid": 182, "island": "Kauai", "st_lengthshape": 660.61442297430096 }, "geometry": { "type": "LineString", "coordinates": [ [ -159.462119664048657, 21.875879375865907 ], [ -159.46194429675981, 21.875800288277571 ], [ -159.461799759144753, 21.875654372685542 ], [ -159.461719829083364, 21.875775579391476 ], [ -159.461424658799046, 21.876003464814602 ], [ -159.461242028155226, 21.876119188578198 ], [ -159.46105871364972, 21.876228220401508 ], [ -159.460876425176991, 21.876347292796826 ], [ -159.460687878781215, 21.876405181043154 ], [ -159.46049604154328, 21.876430883864497 ], [ -159.460307164915889, 21.876438706160151 ], [ -159.459926711285476, 21.876374383416131 ], [ -159.459716833036197, 21.87637001831428 ], [ -159.459540892638358, 21.876294621254257 ], [ -159.459378636426095, 21.876190585352813 ], [ -159.459204201164113, 21.876112038821798 ], [ -159.459026408536431, 21.876040519451351 ], [ -159.458857611012633, 21.875961101271564 ], [ -159.458524614226235, 21.875695319315302 ], [ -159.458397641761337, 21.875556508922291 ], [ -159.458286282783348, 21.875408462395733 ], [ -159.458194576551307, 21.875248789751023 ], [ -159.458110711700471, 21.87508698930468 ], [ -159.458090603100032, 21.87505275569556 ], [ -159.4579027334062, 21.87501585888759 ], [ -159.457607796013036, 21.874994915162937 ], [ -159.45741274521265, 21.87493546685803 ], [ -159.457304650571587, 21.87479226751708 ], [ -159.457187203524143, 21.874593900507627 ], [ -159.457249709926884, 21.874352254828853 ] ] } },
{ "type": "Feature", "properties": { "objectid": 183, "island": "Kauai", "st_lengthshape": 409.97990689124435 }, "geometry": { "type": "LineString", "coordinates": [ [ -159.456605919581563, 21.874232062840438 ], [ -159.456412785778241, 21.874216157000525 ], [ -159.456207686124486, 21.874277470297777 ], [ -159.45602231582987, 21.874218245575907 ], [ -159.455720893440912, 21.874111685612117 ], [ -159.455572204011077, 21.873994544446781 ], [ -159.45543539685201, 21.873866673450252 ], [ -159.455320304008893, 21.873719197092331 ], [ -159.4551663039787, 21.873742659676314 ], [ -159.454948567373947, 21.87373773555537 ], [ -159.454651390515778, 21.873740089938181 ], [ -159.454454635887203, 21.873723052530167 ], [ -159.454256907210066, 21.873695806780095 ], [ -159.453811569033121, 21.873592241038754 ], [ -159.453693705003957, 21.873437116212582 ], [ -159.453475207967102, 21.872982369834368 ], [ -159.453501632750061, 21.872804894727803 ] ] } },
{ "type": "Feature", "properties": { "objectid": 184, "island": "Kauai", "st_lengthshape": 124.80469423648913 }, "geometry": { "type": "LineString", "coordinates": [ [ -159.451784681914944, 21.873367848063054 ], [ -159.451552393031136, 21.87346099905961 ], [ -159.451340104826926, 21.873492245640847 ], [ -159.451101277819674, 21.873605629521055 ], [ -159.450935296327344, 21.873493548304616 ], [ -159.450808245588007, 21.873273863360552 ] ] } },
{ "type": "Feature", "properties": { "objectid": 185, "island": "Kauai", "st_lengthshape": 23.31512341506669 }, "geometry": { "type": "LineString", "coordinates": [ [ -159.628613716968573, 21.911325051240606 ], [ -159.62839206363563, 21.911285228372641 ] ] } },
{ "type": "Feature", "properties": { "objectid": 186, "island": "Kauai", "st_lengthshape": 80.601919269544055 }, "geometry": { "type": "LineString", "coordinates": [ [ -159.621571516882881, 21.907855380506483 ], [ -159.621418577497735, 21.907742229166161 ], [ -159.621266272113331, 21.907628100484551 ], [ -159.621100468534337, 21.907534786098775 ], [ -159.620951201635592, 21.907415972209581 ] ] } },
{ "type": "Feature", "properties": { "objectid": 187, "island": "Kauai", "st_lengthshape": 1124.0393236211053 }, "geometry": { "type": "LineString", "coordinates": [ [ -159.609714260865132, 21.901417651383838 ], [ -159.609519614748592, 21.901388008926698 ], [ -159.609350824064933, 21.901292925389733 ], [ -159.608938719679713, 21.901060062736224 ], [ -159.608860126307491, 21.900877452156415 ], [ -159.608787297324767, 21.900689420405651 ], [ -159.608688138255133, 21.900526153258173 ], [ -159.60847370637066, 21.900471301096729 ], [ -159.607796197424165, 21.900482936170516 ], [ -159.607580828384442, 21.900412907757115 ], [ -159.607408023963899, 21.900310842623757 ], [ -159.607184406323654, 21.899996488651052 ], [ -159.607023166632899, 21.899867961401572 ], [ -159.60691076409833, 21.899717766720922 ], [ -159.606864056990531, 21.899538424484948 ], [ -159.606634383691272, 21.899156842414591 ], [ -159.606530309085457, 21.898991448142816 ], [ -159.606530288810632, 21.898807497900858 ], [ -159.606562737330989, 21.898617757176449 ], [ -159.606694606837522, 21.89798179953624 ], [ -159.606580241643343, 21.897804071597243 ], [ -159.6065712406118, 21.897623552227905 ], [ -159.606568953340485, 21.897442855435234 ], [ -159.606626245516367, 21.897260580331949 ], [ -159.606730520954983, 21.897077060577736 ], [ -159.606809378724989, 21.896894214457284 ], [ -159.607098760371372, 21.896705791207729 ], [ -159.607092400325058, 21.896525202488217 ], [ -159.607141863709018, 21.896343134052191 ], [ -159.60714730095296, 21.89616223259522 ], [ -159.607111849327339, 21.895982414274158 ], [ -159.607084457854654, 21.895802381916649 ], [ -159.606863106422992, 21.895627487863806 ], [ -159.60684176365794, 21.895578731553449 ], [ -159.606692713452503, 21.895440195835317 ], [ -159.606291595205931, 21.894911959143489 ], [ -159.60623806199979, 21.894731469969148 ], [ -159.606098575278111, 21.894596064078343 ], [ -159.605899659015904, 21.894545713541937 ], [ -159.605709730356097, 21.894483483899332 ], [ -159.605578365857639, 21.894343861163804 ], [ -159.605427012748009, 21.894230654086549 ], [ -159.6053429139032, 21.894028569320941 ] ] } },
{ "type": "Feature", "properties": { "objectid": 188, "island": "Kauai", "st_lengthshape": 267.7181123595588 }, "geometry": { "type": "LineString", "coordinates": [ [ -159.59040811219657, 21.904512239066356 ], [ -159.590270457042919, 21.904385020929382 ], [ -159.590109888591115, 21.904277950970904 ], [ -159.589954617099465, 21.904166223639319 ], [ -159.589817150777066, 21.904038839099005 ], [ -159.589679239045211, 21.903911846316124 ], [ -159.589366649669785, 21.903514042706149 ], [ -159.589212094674537, 21.903384099772065 ], [ -159.58902259732443, 21.903270438736641 ], [ -159.588821687844643, 21.903162094352819 ], [ -159.588635593270823, 21.903046847806827 ], [ -159.588593429161165, 21.9028645386046 ] ] } },
{ "type": "Feature", "properties": { "objectid": 189, "island": "Kauai", "st_lengthshape": 140.12934735502549 }, "geometry": { "type": "LineString", "coordinates": [ [ -159.584872861900067, 21.898458932084836 ], [ -159.584681946456556, 21.898415024054447 ], [ -159.584495711236855, 21.89836125446379 ], [ -159.584360832713884, 21.898199278771632 ], [ -159.584077468751133, 21.898350156002547 ], [ -159.583913231309907, 21.898250038326246 ], [ -159.583780811682061, 21.898082883971416 ] ] } },
{ "type": "Feature", "properties": { "objectid": 190, "island": "Kauai", "st_lengthshape": 145.28255277119462 }, "geometry": { "type": "LineString", "coordinates": [ [ -159.574950725513105, 21.897563964721126 ], [ -159.574795152689973, 21.897455420952653 ], [ -159.574618290681428, 21.897369411644675 ], [ -159.574493684152884, 21.897228093079693 ], [ -159.574358787421517, 21.897097666896464 ], [ -159.574244723436948, 21.896945190059352 ], [ -159.574141557448741, 21.896781178011661 ], [ -159.574064516417167, 21.896589516403843 ] ] } },
{ "type": "Feature", "properties": { "objectid": 191, "island": "Kauai", "st_lengthshape": 41.428912732137732 }, "geometry": { "type": "LineString", "coordinates": [ [ -159.527348035631121, 21.884266845514464 ], [ -159.527155766628709, 21.884228006839638 ], [ -159.527001740788791, 21.884102735265419 ] ] } },
{ "type": "Feature", "properties": { "objectid": 192, "island": "Kauai", "st_lengthshape": 344.77778086845956 }, "geometry": { "type": "LineString", "coordinates": [ [ -159.526226279750773, 21.885221442370181 ], [ -159.526062433948368, 21.88532281611328 ], [ -159.525897519585271, 21.885421904690407 ], [ -159.525721543076429, 21.885497301328819 ], [ -159.525530734610953, 21.885540937639636 ], [ -159.52532363081599, 21.885549674260506 ], [ -159.525121136898605, 21.885568284995891 ], [ -159.524942296288771, 21.885637549248763 ], [ -159.52477487825422, 21.885731275542781 ], [ -159.524611184979506, 21.885832980746478 ], [ -159.524435167262766, 21.885908290330459 ], [ -159.524260009868328, 21.88598544362495 ], [ -159.524092576339314, 21.88607913856784 ], [ -159.523920690805653, 21.886163300836856 ], [ -159.523742263494142, 21.886233452378796 ], [ -159.52356183402452, 21.886299316035931 ], [ -159.523367153486703, 21.88633465864012 ], [ -159.523177469973518, 21.886380705382031 ] ] } },
{ "type": "Feature", "properties": { "objectid": 193, "island": "Kauai", "st_lengthshape": 208.51858352315401 }, "geometry": { "type": "LineString", "coordinates": [ [ -159.635092081702453, 21.917066876136502 ], [ -159.635166357093681, 21.917235114361027 ], [ -159.635298892162467, 21.917388159595188 ], [ -159.635745689905178, 21.917759754994993 ], [ -159.635952968137872, 21.917835865070924 ], [ -159.63631963340913, 21.917938846907344 ], [ -159.636456194400381, 21.918073855862918 ], [ -159.636623189546896, 21.918192423823839 ] ] } },
{ "type": "Feature", "properties": { "objectid": 194, "island": "Kauai", "st_lengthshape": 118.1554326083895 }, "geometry": { "type": "LineString", "coordinates": [ [ -159.63657318491525, 21.919591901922754 ], [ -159.636576878538847, 21.919775060683026 ], [ -159.636804066632379, 21.920413369830136 ], [ -159.637003166187952, 21.920514786158471 ] ] } },
{ "type": "Feature", "properties": { "objectid": 195, "island": "Kauai", "st_lengthshape": 165.36240462293617 }, "geometry": { "type": "LineString", "coordinates": [ [ -159.636570950233136, 21.92219723373432 ], [ -159.636665171071741, 21.922355731760177 ], [ -159.636875450001583, 21.922442453146704 ], [ -159.637134131324899, 21.92249924149499 ], [ -159.637758724959951, 21.922729345876267 ], [ -159.637998339433608, 21.922733688903826 ] ] } },
{ "type": "Feature", "properties": { "objectid": 196, "island": "Kauai", "st_lengthshape": 20.799328049668112 }, "geometry": { "type": "LineString", "coordinates": [ [ -159.638750352252458, 21.923004724354019 ], [ -159.638938011151197, 21.923072905905688 ] ] } },
{ "type": "Feature", "properties": { "objectid": 197, "island": "Kauai", "st_lengthshape": 502.50681925487714 }, "geometry": { "type": "LineString", "coordinates": [ [ -159.640380006109808, 21.924720344968435 ], [ -159.640544885885561, 21.924860515929176 ], [ -159.640724663546678, 21.924938412570114 ], [ -159.640902078552216, 21.925026184510987 ], [ -159.64109223460332, 21.925060696721616 ], [ -159.641147805285556, 21.925048205252704 ], [ -159.641354514512443, 21.925072770969425 ], [ -159.641551660168147, 21.925113479072394 ], [ -159.641734329818178, 21.925178623223825 ], [ -159.641895203795343, 21.925280556549026 ], [ -159.642042643620272, 21.92540516931421 ], [ -159.642168796261359, 21.925565715633976 ], [ -159.642254342719497, 21.925684813264166 ], [ -159.642335797319873, 21.925851994390428 ], [ -159.642380575694773, 21.926027797376474 ], [ -159.642430646879291, 21.926202356431244 ], [ -159.642549181916564, 21.926514003581239 ], [ -159.642747764291755, 21.926784479524763 ], [ -159.643076885253151, 21.927077632918856 ], [ -159.643189557946613, 21.927234172004972 ], [ -159.643391555360665, 21.92728957832005 ], [ -159.643610086047431, 21.92732626759275 ], [ -159.643856627319195, 21.927331242438513 ] ] } },
{ "type": "Feature", "properties": { "objectid": 198, "island": "Kauai", "st_lengthshape": 150.31739724068098 }, "geometry": { "type": "LineString", "coordinates": [ [ -159.64424178513508, 21.928287689563025 ], [ -159.644294515070413, 21.928462175187114 ], [ -159.644411662462744, 21.928624912281165 ], [ -159.644547002524234, 21.928784331970228 ], [ -159.644653309904754, 21.928949045595765 ], [ -159.644728929173198, 21.929119356932908 ], [ -159.644865342028027, 21.929278580601416 ], [ -159.644984618238738, 21.929440929457485 ] ] } },
{ "type": "Feature", "properties": { "objectid": 199, "island": "Kauai", "st_lengthshape": 3703.5427587349277 }, "geometry": { "type": "LineString", "coordinates": [ [ -159.645167324667682, 21.930023287224415 ], [ -159.645192040439326, 21.930213282157979 ], [ -159.645269799392764, 21.930378952045039 ], [ -159.645365264693595, 21.930536500180924 ], [ -159.645421719354147, 21.930711929262657 ], [ -159.645721566804639, 21.931046409599482 ], [ -159.645865392862447, 21.931170857589951 ], [ -159.646016227887372, 21.931285495647312 ], [ -159.646189095734741, 21.931369291749007 ], [ -159.646371528085808, 21.931439698379545 ], [ -159.646567417982794, 21.931491267918471 ], [ -159.646932102235468, 21.93162260663544 ], [ -159.647121009515104, 21.931662451260564 ], [ -159.647309791280577, 21.931702782201697 ], [ -159.647498096400881, 21.931744962299636 ], [ -159.647684965676149, 21.931792710207446 ], [ -159.647869136362402, 21.931850920227195 ], [ -159.648047355965048, 21.931932198894458 ], [ -159.648216665135323, 21.932048017805954 ], [ -159.648378507539775, 21.932192784529075 ], [ -159.648544678431534, 21.932267014678001 ], [ -159.648633424427402, 21.932428757483585 ], [ -159.648714179698402, 21.932593366703159 ], [ -159.648761569658376, 21.932769944181377 ], [ -159.64879362845025, 21.932952020744342 ], [ -159.648924243089994, 21.933098744966419 ], [ -159.649091535584972, 21.933232312279888 ], [ -159.649161480948038, 21.933400798950213 ], [ -159.649294580867576, 21.93354663130042 ], [ -159.649424729638469, 21.93369352225881 ], [ -159.649545475308031, 21.933843786595993 ], [ -159.649627447640029, 21.934007959559999 ], [ -159.649697677281466, 21.934176343659093 ], [ -159.649770967768944, 21.9343436306137 ], [ -159.649849224538002, 21.934509136224406 ], [ -159.649921025645881, 21.934676957487611 ], [ -159.649995265996893, 21.934843903589883 ], [ -159.649653573757433, 21.935201372297339 ], [ -159.649732010122335, 21.93537521581268 ], [ -159.649834719961262, 21.935546619853582 ], [ -159.649884060525892, 21.935723387938818 ], [ -159.649874549590521, 21.935906073005501 ], [ -159.64983786600817, 21.936023156923476 ], [ -159.64972443176481, 21.936179534079656 ], [ -159.649587123994536, 21.936329013922563 ], [ -159.649415772591823, 21.936468658895226 ], [ -159.649318833219155, 21.936629800304761 ], [ -159.649259866808649, 21.936801911894914 ], [ -159.649261732660733, 21.936991596865525 ], [ -159.649235708082642, 21.937173225061386 ], [ -159.649205277593552, 21.937353580565819 ], [ -159.649190596224315, 21.937538484926115 ], [ -159.649183433103389, 21.937725561227289 ], [ -159.649178257656445, 21.937913212381027 ], [ -159.648805409029706, 21.938524829206361 ], [ -159.6488715780294, 21.938695801610905 ], [ -159.648932732451129, 21.938867902278243 ], [ -159.648984562736786, 21.939042102243263 ], [ -159.649103414746264, 21.939298667148751 ], [ -159.649260081920431, 21.939552675865031 ], [ -159.649357335600769, 21.939709317131602 ], [ -159.649469796111532, 21.939858863302845 ], [ -159.649589293434758, 21.940005125648426 ], [ -159.649727224647364, 21.94017062475427 ], [ -159.649870753121604, 21.940336527114376 ], [ -159.650075542899458, 21.94053767252333 ], [ -159.650188302100133, 21.940695952156247 ], [ -159.650318559692977, 21.940833580728484 ], [ -159.650454980935109, 21.940963933939514 ], [ -159.650600430330712, 21.941083632481643 ], [ -159.650754959879123, 21.94119261469309 ], [ -159.650903602701419, 21.941308544788374 ], [ -159.651063348340244, 21.941411370907726 ], [ -159.651219625797438, 21.941518290456671 ], [ -159.651360654433233, 21.941643206803615 ], [ -159.651528355657405, 21.941736643289349 ], [ -159.652151985060669, 21.941937874062333 ], [ -159.652346817506356, 21.941927452296731 ], [ -159.652538494635024, 21.941961526357868 ], [ -159.652731537463751, 21.941976339262371 ], [ -159.652926194230758, 21.941968375714779 ], [ -159.6531215834232, 21.941950101901156 ], [ -159.653317786694572, 21.941920323173076 ], [ -159.653514496666219, 21.941883411499294 ], [ -159.653710405062611, 21.941857802763902 ], [ -159.653904713202024, 21.94185476037952 ], [ -159.654097057308832, 21.941879418129286 ], [ -159.654288631983093, 21.941914949573569 ], [ -159.654480565096321, 21.941945413886806 ], [ -159.654672785691275, 21.941971815050973 ], [ -159.654865198321033, 21.941995517610408 ], [ -159.655057438185452, 21.942021658059733 ], [ -159.655249790006764, 21.942046223174692 ], [ -159.655310148851868, 21.942060205962814 ], [ -159.655487511676398, 21.942138685250519 ], [ -159.655663335714479, 21.942222179042652 ], [ -159.655849331714307, 21.942272538864586 ], [ -159.656035629344302, 21.942321917961486 ], [ -159.656222947996497, 21.942367973601801 ], [ -159.656407013274674, 21.942424623779534 ], [ -159.656584572711751, 21.942502464161347 ], [ -159.656745032140094, 21.942636004383289 ], [ -159.656942152763122, 21.94265013290611 ], [ -159.657239974411425, 21.942694422101155 ], [ -159.657429602910412, 21.942731510603057 ], [ -159.657620743849662, 21.942760754760876 ], [ -159.657816705521014, 21.942764974543753 ], [ -159.658008313766942, 21.942791788888432 ], [ -159.65819804470658, 21.942828344875231 ], [ -159.658385920146458, 21.942874533108512 ], [ -159.65857476888624, 21.942915668914338 ], [ -159.658766230873965, 21.942943246343347 ], [ -159.658956017972486, 21.942979509416329 ], [ -159.659143502299912, 21.943027730132393 ], [ -159.659327926328956, 21.943091832378645 ], [ -159.65951136412977, 21.943161056243778 ], [ -159.659691742661039, 21.943246155324502 ], [ -159.65987331586453, 21.94332505827084 ], [ -159.660056828904402, 21.943393889127172 ], [ -159.660244178876439, 21.943442810158981 ], [ -159.660346788379172, 21.943464088986669 ], [ -159.66051240600035, 21.943570790299862 ], [ -159.660543699378309, 21.943614533665073 ], [ -159.660598834342665, 21.943787929377812 ], [ -159.660621352877712, 21.943968886809447 ], [ -159.660678113202437, 21.944141904644095 ], [ -159.66076353970854, 21.944308276374233 ], [ -159.660832065103648, 21.944478566390803 ], [ -159.660886102845467, 21.944652215730898 ], [ -159.660912021141627, 21.944832385190409 ], [ -159.661060820735543, 21.944984062498577 ], [ -159.661001327922435, 21.945184036052851 ], [ -159.661021831295926, 21.945365461330287 ], [ -159.661174673213822, 21.945642110285672 ], [ -159.661348288803197, 21.94588615238564 ], [ -159.661446362588919, 21.94604273754269 ], [ -159.661664241000665, 21.94637486965037 ], [ -159.66177160315695, 21.94652933571118 ], [ -159.661893308554625, 21.946670874716684 ], [ -159.662030881855372, 21.946798110909732 ], [ -159.662202832117288, 21.946894363015488 ], [ -159.662376295694116, 21.946989250996605 ], [ -159.662528402695784, 21.947103388218945 ], [ -159.662651170130232, 21.947243970141859 ], [ -159.662825759837347, 21.947337843969148 ], [ -159.663018911827464, 21.947414986376408 ], [ -159.663276050284168, 21.947651363412362 ], [ -159.66341964369289, 21.94777282562827 ], [ -159.663569318209539, 21.947888510184246 ], [ -159.663633526214454, 21.948085384020889 ], [ -159.663733970919765, 21.948247833944926 ], [ -159.663832032490006, 21.948412549263697 ], [ -159.663961892850949, 21.948547056705234 ], [ -159.664114567121572, 21.948659892775229 ], [ -159.664490252801954, 21.948818748687586 ], [ -159.664695831402554, 21.948881328991167 ], [ -159.664894445191777, 21.948950524040281 ], [ -159.665006227394457, 21.949102205479303 ], [ -159.665117399302574, 21.949188210801921 ], [ -159.664919375080927, 21.949424789999082 ], [ -159.664945119530074, 21.949605412814005 ], [ -159.665029295723713, 21.949771423930599 ], [ -159.665097994597517, 21.94994130555796 ], [ -159.66520739507925, 21.950101008877713 ], [ -159.665297865050405, 21.950265446796898 ], [ -159.66527614728767, 21.950457938391271 ], [ -159.665224458017377, 21.950657924129665 ], [ -159.665289294219775, 21.950828771680644 ] ] } },
{ "type": "Feature", "properties": { "objectid": 200, "island": "Kauai", "st_lengthshape": 2627.9345131164819 }, "geometry": { "type": "LineString", "coordinates": [ [ -159.666662599870307, 21.952466281476312 ], [ -159.666829515570669, 21.952560259634865 ], [ -159.666999191455659, 21.952650905448682 ], [ -159.667168417825991, 21.952742093150889 ], [ -159.667346951790478, 21.952822036873528 ], [ -159.667478327941183, 21.952958949987636 ], [ -159.667646465825015, 21.953051453364484 ], [ -159.667815920341468, 21.953142366617243 ], [ -159.667988808143178, 21.953229130788085 ], [ -159.66816409112289, 21.953313002225119 ], [ -159.668338007857756, 21.953401226272351 ], [ -159.668535328318313, 21.953526181791901 ], [ -159.668690054507181, 21.953637065366642 ], [ -159.668841107660711, 21.953753744710308 ], [ -159.6689780245718, 21.953892725413141 ], [ -159.669127315135427, 21.954012186051134 ], [ -159.669278037379542, 21.954129388494756 ], [ -159.669548644062672, 21.954295443239189 ], [ -159.669732968425222, 21.954351152720946 ], [ -159.669913746892661, 21.954418105022668 ], [ -159.670085768282746, 21.954512818709127 ], [ -159.670255124664493, 21.954615982804121 ], [ -159.67042152595846, 21.954728514563676 ], [ -159.670609851409665, 21.954771540805734 ], [ -159.670800355521123, 21.954807662151989 ], [ -159.670989946510701, 21.954846677938669 ], [ -159.671180293344833, 21.954883295457975 ], [ -159.671356529058102, 21.954964652514665 ], [ -159.671540320555181, 21.955022051497423 ], [ -159.671729469255723, 21.955062472136724 ], [ -159.671917356551006, 21.955106887203232 ], [ -159.67209484583671, 21.955184272324225 ], [ -159.672285977730922, 21.955218400937408 ], [ -159.672479854991963, 21.955243828123233 ], [ -159.672671724666401, 21.955275621545226 ], [ -159.672866532405124, 21.955298097516387 ], [ -159.673058419389292, 21.95532983349689 ], [ -159.673259928575419, 21.955331062998184 ], [ -159.673451535152793, 21.955363689530905 ], [ -159.673632516901364, 21.955429999021707 ], [ -159.673807919702767, 21.955514000210499 ], [ -159.673980874270399, 21.955605763467279 ], [ -159.674157856655569, 21.95568475828485 ], [ -159.674338286663129, 21.955752820968272 ], [ -159.674524942818067, 21.955801144437274 ], [ -159.674727362899006, 21.955799484678671 ], [ -159.67492632221979, 21.955808798231757 ], [ -159.675119667294439, 21.955835914750708 ], [ -159.675301565413207, 21.955899323154419 ], [ -159.675490651317944, 21.95593994113035 ], [ -159.675683946083126, 21.955967216186618 ], [ -159.675882033574794, 21.955979293000972 ], [ -159.676084242035074, 21.955978305480613 ], [ -159.676286660389877, 21.95597665102963 ], [ -159.676493660483573, 21.955960471310391 ], [ -159.676699007951669, 21.955949526207249 ], [ -159.676902620807141, 21.955944085281775 ], [ -159.677099475610135, 21.955960070269256 ], [ -159.677301090535337, 21.955960963706346 ], [ -159.677498984405275, 21.955973650978553 ], [ -159.677702225133061, 21.955969388650644 ], [ -159.677893404078532, 21.956003369556928 ], [ -159.678085435124558, 21.956034650025156 ], [ -159.678268309806811, 21.956094964105244 ], [ -159.678466969103994, 21.956105225890482 ], [ -159.678659426878227, 21.956135155119462 ], [ -159.678844482943447, 21.9561885520211 ], [ -159.679030741280485, 21.956238136747704 ], [ -159.679210107501319, 21.956309576277963 ], [ -159.679416248000592, 21.956296114804065 ], [ -159.679587593639269, 21.956392990230153 ], [ -159.67979199685891, 21.956385037270554 ], [ -159.680008614882183, 21.956338354662684 ], [ -159.680087056152502, 21.956280880757848 ], [ -159.680285594668192, 21.956260606297665 ], [ -159.680482961163989, 21.956248237724775 ], [ -159.680684465602326, 21.956207964239898 ], [ -159.680879093071866, 21.956214069642343 ], [ -159.681076935136133, 21.956198489455666 ], [ -159.681272620979428, 21.956197454829528 ], [ -159.681467819835888, 21.956199702291403 ], [ -159.681662216463366, 21.95620735888691 ], [ -159.681858847144042, 21.956199955081164 ], [ -159.682058749470258, 21.956170480574496 ], [ -159.682245317330995, 21.956230935658208 ], [ -159.682428478590055, 21.956314365877198 ], [ -159.682610879169005, 21.956402931348595 ], [ -159.682796813311228, 21.956467663386 ], [ -159.682985389643136, 21.956514577912984 ], [ -159.683191639123748, 21.956442298029998 ], [ -159.683381933362796, 21.956477622271493 ], [ -159.683570086769151, 21.956527392673284 ], [ -159.683755927659007, 21.956592756389487 ], [ -159.683938770328183, 21.956678348089348 ], [ -159.684125166945904, 21.9567399607966 ], [ -159.684317224603973, 21.95676339849734 ], [ -159.684509310454331, 21.956786644330606 ], [ -159.684712540567716, 21.956734727257885 ], [ -159.684909999104917, 21.956721731426516 ], [ -159.685087660363877, 21.95684227034738 ], [ -159.685266764770432, 21.956953082305578 ], [ -159.685453100379846, 21.957015114729188 ], [ -159.685642221390282, 21.95705836416246 ], [ -159.685832829390904, 21.957091584685472 ], [ -159.686024444950675, 21.957118003486197 ], [ -159.686213252907976, 21.957163360324724 ], [ -159.686399326544347, 21.957227169768998 ], [ -159.686589057826097, 21.957266304109201 ], [ -159.68677587746987, 21.957325075272724 ], [ -159.686965695285664, 21.957363629721872 ], [ -159.687158333831974, 21.957383148049601 ], [ -159.687350471556869, 21.957406053339376 ], [ -159.687541660964968, 21.957435348607973 ], [ -159.687740629394, 21.957412173304402 ], [ -159.687940771151375, 21.957381073517769 ], [ -159.688133927609584, 21.957397101349695 ], [ -159.688344997714552, 21.957292281862379 ], [ -159.688553858578729, 21.957202364152767 ], [ -159.688747920906678, 21.957212276776026 ], [ -159.688947300536313, 21.957186319394822 ], [ -159.68914621768775, 21.957163483202272 ], [ -159.68931101631722, 21.95737082808192 ], [ -159.689490422789561, 21.957479621267222 ], [ -159.689681075230368, 21.957512539880657 ], [ -159.689863953378506, 21.957597912420425 ], [ -159.690036829898588, 21.957750769326971 ], [ -159.690226543024011, 21.957790025979659 ], [ -159.690425048098206, 21.957769974279003 ] ] } },
{ "type": "Feature", "properties": { "objectid": 201, "island": "Kauai", "st_lengthshape": 13013.714951138201 }, "geometry": { "type": "LineString", "coordinates": [ [ -159.693421938937746, 21.960771838372803 ], [ -159.693606295374025, 21.960869948391892 ], [ -159.693789720081469, 21.960976973399514 ], [ -159.693968399201907, 21.961129407523231 ], [ -159.694146267944717, 21.961289588922394 ], [ -159.694325319828067, 21.961438454385387 ], [ -159.694506936549146, 21.961562791977467 ], [ -159.694691138341454, 21.961662399243018 ], [ -159.69487992777357, 21.961718121675482 ], [ -159.69507842961454, 21.961680919299845 ], [ -159.695280856943697, 21.961606163267319 ], [ -159.695486857896469, 21.96149720762083 ], [ -159.695692022977994, 21.961396260402335 ], [ -159.695893787886433, 21.961327825805469 ], [ -159.696090764853437, 21.961305209763921 ], [ -159.696295359175338, 21.961209709995341 ], [ -159.696500582434197, 21.961108187871009 ], [ -159.69669921340477, 21.961069731787017 ], [ -159.696894781558427, 21.961060592455905 ], [ -159.69708788927241, 21.961074983681975 ], [ -159.697287062260074, 21.961031344423084 ], [ -159.69748330018885, 21.961015792740881 ], [ -159.697678605386756, 21.961009160565276 ], [ -159.69787506710918, 21.960991460054291 ], [ -159.698076267816447, 21.960928412253732 ], [ -159.698276311830767, 21.960876434123367 ], [ -159.698472059974307, 21.96086556573513 ], [ -159.69866259364926, 21.960904588563142 ], [ -159.698852132865596, 21.960953131944748 ], [ -159.699032809048219, 21.961086490845815 ], [ -159.699225441417155, 21.961105432966686 ], [ -159.699416962785136, 21.961135019981128 ], [ -159.699608275990187, 21.961166582516181 ], [ -159.699795575197385, 21.961236569595279 ], [ -159.699981947602794, 21.961315424686134 ], [ -159.700173838462007, 21.961341470567298 ], [ -159.70036889502876, 21.961337215832351 ], [ -159.700561741576479, 21.961354114652341 ], [ -159.700755066420044, 21.961366435422097 ], [ -159.700950258063585, 21.961360892057712 ], [ -159.701142949272281, 21.961379275161693 ], [ -159.701344057402451, 21.961317104601534 ], [ -159.701547126374436, 21.961236161556688 ], [ -159.70174643492382, 21.961191199160897 ], [ -159.701944287476408, 21.961160186911147 ], [ -159.702131251926602, 21.961233376230084 ], [ -159.702328258985972, 21.961210449055216 ], [ -159.702527191732656, 21.961169088324354 ], [ -159.702720792094055, 21.961178775771497 ], [ -159.702910499384529, 21.961225717380586 ], [ -159.703102160233442, 21.961253961526008 ], [ -159.703299536183891, 21.961227503786784 ], [ -159.703497081263976, 21.961199416236127 ], [ -159.703695069319309, 21.961167095874757 ], [ -159.70389294812145, 21.96113581557151 ], [ -159.704089883484471, 21.961113567771637 ], [ -159.704287078694762, 21.961088838757838 ], [ -159.70448339887534, 21.961072472529054 ], [ -159.704675077362737, 21.961100550340113 ], [ -159.704868341039031, 21.961113451940111 ], [ -159.705056921180045, 21.961107313243755 ], [ -159.705229090405851, 21.961191447721923 ], [ -159.70541429002995, 21.961246793950473 ], [ -159.705614733003898, 21.961268463055557 ], [ -159.705777565812014, 21.961373227609492 ], [ -159.705948993288899, 21.961459000579012 ], [ -159.706133225919189, 21.961516484898421 ], [ -159.706339864867971, 21.961524464178144 ], [ -159.70653398637387, 21.961560098067743 ], [ -159.706703809846971, 21.961649418504518 ], [ -159.706863274515513, 21.961761623385954 ], [ -159.707024633426471, 21.961869644384429 ], [ -159.707211444029213, 21.961921433012218 ], [ -159.707406795395514, 21.961954352128949 ], [ -159.707591835841782, 21.962010051581675 ], [ -159.707768172973147, 21.962084979490168 ], [ -159.707962974770481, 21.962119110875808 ], [ -159.708146287410102, 21.962178629535341 ], [ -159.708341736060362, 21.962211332094753 ], [ -159.708517073675836, 21.962288470526605 ], [ -159.708678415235653, 21.962396532386943 ], [ -159.708836591842328, 21.962511587494266 ], [ -159.708966013748807, 21.962690176076286 ], [ -159.709021631382058, 21.962880323443912 ], [ -159.709250690221808, 21.96290258451079 ], [ -159.709399522140842, 21.963018272944925 ], [ -159.709566578596537, 21.963112737265043 ], [ -159.709766648123519, 21.963168756831223 ], [ -159.709927983305761, 21.96326988376061 ], [ -159.710049730113298, 21.963417113801547 ], [ -159.710186778000605, 21.963546524653893 ], [ -159.710312457883617, 21.963689174348513 ], [ -159.7104286301267, 21.963842895711693 ], [ -159.710544624487284, 21.963996825538313 ], [ -159.710659587808919, 21.96415195585174 ], [ -159.710773909114607, 21.964307834168558 ], [ -159.710884098771317, 21.964468523778244 ], [ -159.710981330633132, 21.964644303961734 ], [ -159.71109437104343, 21.964801674588553 ], [ -159.711226353349105, 21.964936984926464 ], [ -159.711401072323383, 21.965022529054039 ], [ -159.711547088747352, 21.965141497965515 ], [ -159.711665609199457, 21.965292487123953 ], [ -159.711841518113005, 21.965491344842466 ], [ -159.711969558104528, 21.965639503666985 ], [ -159.712111541276101, 21.965767501948026 ], [ -159.712274525600321, 21.965865135736383 ], [ -159.71247409339523, 21.965909877688659 ], [ -159.712669127479586, 21.965961175242573 ], [ -159.712829326718747, 21.966062838015464 ], [ -159.712978627694241, 21.966180257339655 ], [ -159.713089951532851, 21.96635258446808 ], [ -159.713230349811397, 21.966482876048303 ], [ -159.713332604630011, 21.966668316531262 ], [ -159.713420170706485, 21.966874994876857 ], [ -159.713540879643631, 21.967033754131442 ], [ -159.713634688805911, 21.967231407251937 ], [ -159.713719366152702, 21.967442263582917 ], [ -159.713799826283548, 21.967659217235344 ], [ -159.713943942996593, 21.967784133854547 ], [ -159.7140605416092, 21.967948837821147 ], [ -159.714197219144637, 21.968084511830831 ], [ -159.714361472963674, 21.968180315729764 ], [ -159.714553621249962, 21.968235787314953 ], [ -159.714764610696591, 21.968264018361438 ], [ -159.715418238879806, 21.968472623595101 ], [ -159.715612790605377, 21.968498656701591 ], [ -159.715805786203561, 21.968529181786327 ], [ -159.715997946477898, 21.968562113353052 ], [ -159.716186363398947, 21.968605848628783 ], [ -159.716372541615897, 21.968656041986815 ], [ -159.716561727291719, 21.968697556505937 ], [ -159.716747861835643, 21.96874787700332 ], [ -159.716929481697179, 21.968811222474969 ], [ -159.717111051104496, 21.968874711603931 ], [ -159.717292779163301, 21.968937746323565 ], [ -159.717474156042783, 21.969001793287003 ], [ -159.717655787977492, 21.969065103556233 ], [ -159.717836732700221, 21.969130398703758 ], [ -159.718016442216168, 21.969199257576435 ], [ -159.718192922198995, 21.969277433677696 ], [ -159.718370792384434, 21.969351598690778 ], [ -159.718550785006585, 21.969419641754605 ], [ -159.718732792157482, 21.969481872300907 ], [ -159.718915118325583, 21.96954318338134 ], [ -159.719101484791537, 21.969592835236817 ], [ -159.719288965478654, 21.969639273088983 ], [ -159.719478991415173, 21.969678368410474 ], [ -159.719668384509021, 21.969719289361642 ], [ -159.719852498453236, 21.969775440311874 ], [ -159.72003557484274, 21.969834587690809 ], [ -159.720218616044264, 21.969893834390966 ], [ -159.720400400135873, 21.969956710873305 ], [ -159.720583461690438, 21.970015901058119 ], [ -159.720766659896924, 21.970074695645597 ], [ -159.72094971888788, 21.97013389536297 ], [ -159.721138977399107, 21.970175205455131 ], [ -159.721322161703426, 21.970234041029464 ], [ -159.721503866488518, 21.970297146983814 ], [ -159.721689546471879, 21.970348781851129 ], [ -159.721878114316894, 21.970392086129401 ], [ -159.722062687185712, 21.970446914466368 ], [ -159.72225560351194, 21.970477669814567 ], [ -159.722444169765481, 21.970520977958113 ], [ -159.72263355231442, 21.970561930718414 ], [ -159.722824655158178, 21.970597919587842 ], [ -159.723017380915564, 21.970629226852989 ], [ -159.723208161275011, 21.970666145394794 ], [ -159.723400337338518, 21.970699036494519 ], [ -159.723598582757859, 21.970714415159367 ], [ -159.723797254910664, 21.970728562164496 ], [ -159.723985425752488, 21.97077301036169 ], [ -159.72417035687215, 21.970826807542085 ], [ -159.724354288697953, 21.970883490789948 ], [ -159.724536251377458, 21.970945855014595 ], [ -159.724715429734488, 21.971016253583631 ], [ -159.724893788291524, 21.971089017982894 ], [ -159.725071408193031, 21.971163913873927 ], [ -159.725249117068955, 21.971238557124096 ], [ -159.725426411829062, 21.971314391794369 ], [ -159.725603741148547, 21.971390129450789 ], [ -159.725783318595205, 21.971459375927459 ], [ -159.726135633934831, 21.971558397045168 ], [ -159.726322437192238, 21.971610690141116 ], [ -159.726498048392784, 21.97172208105356 ], [ -159.72668753917543, 21.971760181952391 ], [ -159.726875679396244, 21.971805416492309 ], [ -159.727071105890104, 21.971812171343071 ], [ -159.727266273973925, 21.971820293057036 ], [ -159.727470130657764, 21.971782533548108 ], [ -159.727675650024565, 21.971735989818864 ], [ -159.72787640156659, 21.97171462686028 ], [ -159.728075319523526, 21.971702942761326 ], [ -159.728261701076207, 21.971757464203872 ], [ -159.728447394276429, 21.971815622891658 ], [ -159.728627070360318, 21.971905552886717 ], [ -159.728811030415415, 21.971972866744441 ], [ -159.728994439846787, 21.97204308819293 ], [ -159.729176840292951, 21.972118634979402 ], [ -159.729355768378326, 21.972212521687965 ], [ -159.72953354988374, 21.972312467018806 ], [ -159.729716364987496, 21.972385830522335 ], [ -159.729890422646548, 21.972505442907991 ], [ -159.730076389969469, 21.972562156654163 ], [ -159.730289370263819, 21.972476210526839 ], [ -159.730487822171881, 21.972466990051608 ], [ -159.730675381568062, 21.972515296156679 ], [ -159.730835971296557, 21.972706045676336 ], [ -159.731030935071288, 21.972715245166899 ], [ -159.731206583249985, 21.972826464519606 ], [ -159.731392280834172, 21.972884609851505 ], [ -159.731579377087797, 21.972935367002883 ], [ -159.731770898186284, 21.972962752966435 ], [ -159.731963258659817, 21.972985708271217 ], [ -159.732156977133428, 21.973001489666988 ], [ -159.732206639293224, 21.973033310180945 ], [ -159.732399091033443, 21.973067233722318 ], [ -159.732631212208787, 21.972994891203491 ], [ -159.73282916722647, 21.973014073192491 ], [ -159.732990682549627, 21.973130869878648 ], [ -159.733168111581733, 21.973205035863913 ], [ -159.733341247166692, 21.973290705833751 ], [ -159.733492713224109, 21.97343442593721 ], [ -159.73371653091499, 21.973384323803018 ], [ -159.733884522166647, 21.973483775954417 ], [ -159.73404460001683, 21.973604424693409 ], [ -159.73421603883574, 21.973694640914815 ], [ -159.73439340612174, 21.973768975655986 ], [ -159.734560972174648, 21.973869568185965 ], [ -159.734735501371603, 21.973951506565363 ], [ -159.734916795900205, 21.974015322861948 ], [ -159.735100594650191, 21.974072428986457 ], [ -159.735288628761168, 21.974118188126191 ], [ -159.735485527028885, 21.974140201967668 ], [ -159.735676366336264, 21.974178447112294 ], [ -159.735865359951703, 21.974221636514518 ], [ -159.73605805479724, 21.974254912292114 ], [ -159.736244218814306, 21.974305682671954 ], [ -159.736426593019104, 21.974366606048918 ], [ -159.736595659158212, 21.9744631822084 ], [ -159.736767951788835, 21.974551117087319 ], [ -159.736883366313748, 21.974791427035207 ], [ -159.737068842485968, 21.974844041584586 ], [ -159.737478249365125, 21.974729651102621 ], [ -159.737662088272856, 21.97478985551831 ], [ -159.737834891094252, 21.974894041023603 ], [ -159.738022898465857, 21.974937635252104 ], [ -159.738201881734312, 21.975017192848377 ], [ -159.738390366718846, 21.975058883736551 ], [ -159.738573282072252, 21.975122770833739 ], [ -159.738753398024983, 21.975197815629887 ], [ -159.738938632128423, 21.97525246539961 ], [ -159.739108753598686, 21.975367341647555 ], [ -159.739303303320042, 21.975384861566216 ], [ -159.739494282067369, 21.975416616934364 ], [ -159.739677357765402, 21.975479866960015 ], [ -159.739857572468793, 21.975554522511398 ], [ -159.740041317524458, 21.975615106771055 ], [ -159.740227178934646, 21.975667257930652 ], [ -159.740417469262496, 21.975701753534103 ], [ -159.740609415631354, 21.975729653815346 ], [ -159.740798930828731, 21.975767239403332 ], [ -159.740992883414208, 21.97578714227366 ], [ -159.74119452626914, 21.975776392901412 ], [ -159.741389672683027, 21.975791539808991 ], [ -159.741583524768799, 21.975811841737261 ], [ -159.741778231884865, 21.975828735542905 ], [ -159.74197409103428, 21.975841038227593 ], [ -159.742167331191098, 21.975863777807177 ], [ -159.742359179363973, 21.975892068549729 ], [ -159.742551148117428, 21.975919878812878 ], [ -159.742740969552415, 21.975956243868335 ], [ -159.7429284179006, 21.976002070859114 ], [ -159.743114755205141, 21.976052325730269 ], [ -159.743300104859713, 21.976106520991465 ], [ -159.743485045664357, 21.976162343115845 ], [ -159.743670333899814, 21.976216781245455 ], [ -159.743867846609589, 21.976222492861758 ], [ -159.744073713165903, 21.97619490664324 ], [ -159.744267372517186, 21.976215977759232 ], [ -159.74445637396272, 21.976255613043847 ], [ -159.744649501132017, 21.976278805505167 ], [ -159.744832426340565, 21.976342663788056 ], [ -159.745021640654102, 21.976381455474947 ], [ -159.745241459821273, 21.976298249633491 ], [ -159.74547373496867, 21.976165390054881 ], [ -159.745699218959572, 21.976059601694821 ], [ -159.745904376087907, 21.976034838649785 ], [ -159.746098681567446, 21.976053332676791 ], [ -159.74628361285815, 21.976109193223358 ], [ -159.74646598251735, 21.976175265539776 ], [ -159.746657541460365, 21.976204707091767 ], [ -159.746844913449507, 21.976250839785223 ], [ -159.747026479906339, 21.97632011497782 ], [ -159.747210084527524, 21.976381266314672 ], [ -159.747405365940068, 21.976395869700234 ], [ -159.747506793598632, 21.976425892277543 ], [ -159.74772850452996, 21.976370738755652 ], [ -159.747919183123173, 21.976407501304674 ], [ -159.748110377801453, 21.976442735428893 ], [ -159.748298587250076, 21.976486810093078 ], [ -159.748465662254887, 21.976593490108201 ], [ -159.748647401658047, 21.976656731565704 ], [ -159.748823274615063, 21.976737349443727 ], [ -159.749007498897839, 21.976793231777222 ], [ -159.749178301091092, 21.976888870706116 ], [ -159.749381238332489, 21.976889322001224 ], [ -159.749546963124857, 21.977000003700667 ], [ -159.749738340140397, 21.977034696636423 ], [ -159.749922629986855, 21.977090385198686 ], [ -159.750106648169862, 21.97714688153075 ], [ -159.750285985529388, 21.977217239185375 ], [ -159.750464768954771, 21.977289240655431 ], [ -159.750643971232364, 21.977359999637816 ], [ -159.750825533208058, 21.977423769740373 ], [ -159.750989887286352, 21.977538513387493 ], [ -159.751192236945485, 21.977540706870336 ], [ -159.751368144792707, 21.977621227839009 ], [ -159.751539903208169, 21.977714038534845 ], [ -159.751730181984499, 21.977751990003135 ], [ -159.751911541770312, 21.977816360566717 ], [ -159.752115449203586, 21.977813940217533 ], [ -159.752298655593364, 21.97787284081523 ], [ -159.752481205983656, 21.977933684720941 ], [ -159.752641899745583, 21.97805927433706 ], [ -159.75281603895985, 21.978145037946181 ], [ -159.753021693958317, 21.978137439174795 ], [ -159.753191512325344, 21.978236000830456 ], [ -159.753369532592757, 21.97831026649088 ], [ -159.753546970343564, 21.978386258319567 ], [ -159.753710896590292, 21.978502275815131 ], [ -159.753870664135405, 21.978630614775319 ], [ -159.754038850020549, 21.978734015318221 ], [ -159.754210316751255, 21.978827694450104 ], [ -159.754399245335975, 21.978869649236302 ], [ -159.754591977221764, 21.978900336247019 ], [ -159.754773285312098, 21.978964864616817 ], [ -159.75491964088161, 21.978963624162166 ], [ -159.755101816709555, 21.979026989106664 ], [ -159.755327518737545, 21.979004735052946 ], [ -159.75550430258042, 21.979078707715583 ], [ -159.755699756553639, 21.979115954938784 ], [ -159.755822510473536, 21.979296208321234 ], [ -159.755954068603558, 21.979459144387643 ], [ -159.756210450445849, 21.979376541468863 ], [ -159.756427406492548, 21.979371490829337 ], [ -159.756601785234096, 21.979450195448763 ], [ -159.756732865078618, 21.979614073509456 ], [ -159.75687705985024, 21.979752153053969 ], [ -159.757108332127558, 21.979718942391386 ], [ -159.757287329198931, 21.979788561124611 ], [ -159.757459120704539, 21.979872357475134 ], [ -159.757640801232043, 21.979936698402536 ], [ -159.757681655117409, 21.980132958118382 ], [ -159.757806545762037, 21.980289215638336 ], [ -159.757970928176775, 21.980384835028833 ], [ -159.758260711087416, 21.980287899364292 ], [ -159.75847127157806, 21.980289566132289 ], [ -159.758688732459149, 21.980324784683049 ], [ -159.758880634511826, 21.980389987582964 ], [ -159.75903547957418, 21.980498661677924 ], [ -159.759241826743903, 21.980546918183162 ], [ -159.75939835871074, 21.980653612897044 ], [ -159.759565592097459, 21.980747754851262 ], [ -159.759692218598531, 21.980889533049158 ], [ -159.759809878772529, 21.981041830301535 ], [ -159.760000978499193, 21.981107974198679 ], [ -159.7600540288106, 21.98133606679184 ], [ -159.760179573406646, 21.981479115255258 ], [ -159.760346551252439, 21.981573557481564 ], [ -159.760501502950063, 21.981658707771118 ], [ -159.76054989948571, 21.981779233887949 ], [ -159.76071264692348, 21.981880745471418 ], [ -159.760778978041856, 21.981974641032494 ], [ -159.760938661429861, 21.982088739216472 ], [ -159.761084652557116, 21.98221243071611 ], [ -159.761223057033163, 21.982341437648156 ], [ -159.761380149162392, 21.982457350587179 ], [ -159.761499894723698, 21.982599432033236 ], [ -159.761679915021261, 21.98269928060046 ], [ -159.761793348955536, 21.982845784349486 ], [ -159.761923925560239, 21.982980276302165 ], [ -159.762039675030309, 21.983125157446576 ], [ -159.762237675457925, 21.983212407064688 ], [ -159.762332909315461, 21.983371663333397 ], [ -159.762520733261113, 21.983466043434287 ], [ -159.762630761225523, 21.983614934712058 ], [ -159.762688687485763, 21.983800330572343 ], [ -159.762835057268433, 21.983923757567918 ], [ -159.76297430262025, 21.984052176316041 ], [ -159.763037396200446, 21.984233952468582 ], [ -159.76310943562487, 21.984409460751237 ], [ -159.763213605382759, 21.984562456781866 ], [ -159.763335515221087, 21.984703021634669 ], [ -159.763439682545084, 21.984856019323519 ], [ -159.763449825707397, 21.985074896743569 ], [ -159.763557337266917, 21.985201116452092 ], [ -159.763641397022695, 21.985364016675462 ], [ -159.763738624067599, 21.985520479362844 ], [ -159.763840106077339, 21.985674862424784 ], [ -159.76391637476857, 21.985841571350964 ], [ -159.763980352784586, 21.98601428996383 ], [ -159.764075879338719, 21.986171584238033 ], [ -159.764186681312879, 21.986321411170032 ], [ -159.764292892549918, 21.986473481766776 ], [ -159.764411435488569, 21.98661952336251 ], [ -159.764498845645136, 21.986780785863484 ], [ -159.764561847108354, 21.986953982134693 ], [ -159.764640835052404, 21.98711936264041 ], [ -159.7647670073531, 21.987261674389238 ], [ -159.764794713230316, 21.987452126481262 ], [ -159.76490303308978, 21.987603166859266 ], [ -159.764977955409478, 21.987770534633476 ], [ -159.764903066439814, 21.988011145660927 ], [ -159.765011673792685, 21.988162045480241 ], [ -159.765107065792535, 21.988319406530472 ], [ -159.765229175169964, 21.988463705321127 ], [ -159.765358805095644, 21.988604326422873 ], [ -159.765430411808893, 21.988773316559666 ], [ -159.765529019954414, 21.988929104866635 ], [ -159.765577030297777, 21.989089934400166 ], [ -159.765647853467584, 21.989258124954222 ], [ -159.765714288060025, 21.989427988270293 ], [ -159.765821280083088, 21.989582385755838 ], [ -159.765889081941509, 21.989751728569399 ], [ -159.765994525774033, 21.989906716749001 ], [ -159.766056428304893, 21.990078308480996 ], [ -159.766103832596627, 21.990255428934578 ], [ -159.766170623008975, 21.990425157559958 ], [ -159.766214689589646, 21.990603551087379 ], [ -159.766285135369287, 21.990771885799209 ], [ -159.766222767403121, 21.990990867475382 ], [ -159.76629969314709, 21.991156730918359 ], [ -159.766524031280341, 21.991266379082308 ], [ -159.766675406563422, 21.991403852040065 ], [ -159.766771956983206, 21.991562231908652 ], [ -159.76685714507127, 21.991724944227631 ], [ -159.767011447357646, 21.991861301018918 ], [ -159.766898617465614, 21.992099526352415 ], [ -159.766869500553696, 21.992305828058875 ], [ -159.766950866889317, 21.992469998184884 ], [ -159.76699271657364, 21.992649237429408 ], [ -159.767091144595128, 21.992806900917472 ], [ -159.767259944986051, 21.992937729484584 ], [ -159.767269239509233, 21.993129383636525 ], [ -159.76733089374153, 21.993301070768833 ], [ -159.767421659522739, 21.993461656227108 ], [ -159.76739775081839, 21.99366597324115 ], [ -159.767254416688843, 21.993915830011169 ], [ -159.767297254250707, 21.994094693209963 ], [ -159.767268291318572, 21.994300937299482 ], [ -159.767339711839043, 21.994468900070547 ], [ -159.767435507266725, 21.994627568428321 ], [ -159.76755684834896, 21.994776495088853 ], [ -159.76765945474034, 21.994932565776136 ], [ -159.76790742932323, 21.995033201830442 ], [ -159.767865768329699, 21.99524428711997 ], [ -159.767826370318488, 21.995454510801984 ], [ -159.767938453292459, 21.995606967594572 ], [ -159.768078476646963, 21.995748769780487 ], [ -159.768371518513817, 21.995832220087529 ], [ -159.768373488070068, 21.996026668265479 ], [ -159.768421651482782, 21.996203500582574 ], [ -159.768582747554149, 21.996337266320481 ], [ -159.768869278097981, 21.996423198932973 ], [ -159.769105871983328, 21.996528174852951 ], [ -159.769180267549899, 21.996695003437733 ], [ -159.76930438190351, 21.996842872251445 ], [ -159.769402865755808, 21.997000515811301 ], [ -159.769322737583536, 21.997226272331577 ], [ -159.769408727749067, 21.997388679372385 ], [ -159.769486019498601, 21.997554403794165 ], [ -159.769682830981935, 21.99767455011056 ], [ -159.769528030744709, 21.99792878260574 ], [ -159.769334039596117, 21.998197960322241 ], [ -159.769416804407115, 21.998361597525012 ], [ -159.76954975162397, 21.998506098333532 ], [ -159.769631118007624, 21.998670269557742 ], [ -159.769515305156489, 21.998909633443589 ], [ -159.769591265749312, 21.999075866297591 ], [ -159.769612406630102, 21.999263004426179 ], [ -159.769655851231732, 21.999441636279158 ], [ -159.769600432141573, 21.999657970128482 ], [ -159.769635516475006, 21.999839790451947 ], [ -159.769810424895013, 21.999968290021062 ], [ -159.769893687283002, 22.00013173847481 ], [ -159.770016777815783, 22.000279998058648 ], [ -159.770016785454288, 22.00047519605538 ], [ -159.770161979148639, 22.000615026922329 ], [ -159.77029936084412, 22.000757836710903 ], [ -159.770267154893645, 22.000965318622981 ], [ -159.770279488962132, 22.001155815235368 ], [ -159.770313866926642, 22.001337905171273 ], [ -159.770457114778594, 22.001478479336331 ], [ -159.77085136285703, 22.001657281716515 ], [ -159.771168697322423, 22.001813857185141 ], [ -159.771335788296767, 22.001937772695985 ], [ -159.771462143337146, 22.002080773319335 ], [ -159.771749848803296, 22.002444915119913 ], [ -159.771996731725579, 22.0024980670985 ], [ -159.772272190288135, 22.00253122836504 ], [ -159.772478618758015, 22.002612681125314 ], [ -159.77259161196173, 22.00275950099519 ], [ -159.77253611043929, 22.00302419580601 ], [ -159.772750461278321, 22.003100107380853 ], [ -159.772914379372253, 22.003211300056257 ], [ -159.772897118346435, 22.003449244006351 ], [ -159.773033561622753, 22.003579658430901 ], [ -159.773280655400328, 22.00363266287188 ], [ -159.773253687035776, 22.00387739737139 ], [ -159.773321566605517, 22.004055778175296 ], [ -159.773447163146727, 22.004193781318264 ], [ -159.773513536600007, 22.00437321616727 ], [ -159.773664722268393, 22.004493316857531 ], [ -159.773689370003723, 22.004701942096577 ], [ -159.773739931787901, 22.004892439447968 ], [ -159.773834723412961, 22.005051993591948 ], [ -159.773880558442045, 22.005245796134489 ], [ -159.774099274616844, 22.005318654328672 ], [ -159.774217412793178, 22.005461875715049 ], [ -159.774317129301238, 22.005617984227097 ], [ -159.774232154764206, 22.005903301358877 ], [ -159.774176459361627, 22.006168133909529 ], [ -159.774212917301355, 22.006368498592948 ], [ -159.77444217243044, 22.006433984482594 ], [ -159.774548364815615, 22.006585563312097 ], [ -159.774594713850206, 22.006779008120848 ], [ -159.774746030409517, 22.006899018543798 ], [ -159.774818384752223, 22.007074270658986 ], [ -159.774896809829784, 22.007245275182804 ], [ -159.775011611163336, 22.007390832500619 ], [ -159.775229582266206, 22.007464212951788 ], [ -159.77541203651981, 22.007562440056819 ], [ -159.775558720131357, 22.00768569219905 ], [ -159.775710888723665, 22.00780510682366 ], [ -159.775768062547399, 22.007990979237572 ], [ -159.77621879009277, 22.008173293173808 ], [ -159.776399763329039, 22.008257047419434 ], [ -159.776696047119799, 22.008224907854682 ], [ -159.776870139282295, 22.00831557714201 ], [ -159.777054709850034, 22.008395716281893 ], [ -159.777280597843401, 22.00843432807509 ], [ -159.777437359979984, 22.008542415064245 ], [ -159.777655715589077, 22.008588597271928 ], [ -159.777845765425468, 22.008663228608501 ], [ -159.777967196432712, 22.008806826236661 ], [ -159.77813143822695, 22.008907396023808 ], [ -159.778288050245607, 22.009015634647653 ], [ -159.778443962032924, 22.009124577474282 ], [ -159.778564541332713, 22.009269031476897 ], [ -159.77873362472846, 22.009364736343606 ], [ -159.778858165497013, 22.009505209005159 ], [ -159.778981990629404, 22.009646401356513 ], [ -159.779098569482386, 22.009794876885596 ], [ -159.77922634645148, 22.009932098804565 ], [ -159.779383660884918, 22.010039631947055 ], [ -159.779526856350287, 22.010161355746103 ], [ -159.779666050629601, 22.010287102288171 ], [ -159.779741722214595, 22.010476693850382 ], [ -159.779896538304826, 22.010586738949666 ], [ -159.780046132437519, 22.010702033075727 ], [ -159.780164108428636, 22.010849105386736 ], [ -159.780277617854466, 22.011000667054891 ], [ -159.780283992372205, 22.01125990833944 ], [ -159.780376399532543, 22.011432680892074 ], [ -159.780532263527704, 22.011541674221149 ], [ -159.780625837981148, 22.011713272968102 ], [ -159.780748852645019, 22.011855281675402 ], [ -159.780913999811219, 22.011954944410114 ], [ -159.78106671989724, 22.01206709779694 ], [ -159.78112788874185, 22.012271268035089 ], [ -159.7813731464488, 22.012290412912879 ], [ -159.78161570928188, 22.012312265097261 ], [ -159.781803026830886, 22.012389645566017 ], [ -159.781993588687868, 22.012463764442 ], [ -159.782145317736195, 22.012576913437353 ], [ -159.782245135295852, 22.012652537284705 ], [ -159.782317820242895, 22.012827182433128 ], [ -159.782507700767525, 22.012920866039501 ], [ -159.782592829982377, 22.013086915471266 ], [ -159.782691653082765, 22.013243504165327 ], [ -159.782753220248793, 22.013425830433452 ], [ -159.782850737903289, 22.013583320512556 ], [ -159.782916242331794, 22.013762927654351 ], [ -159.783010817631776, 22.013922451664534 ], [ -159.783067498897111, 22.01410815271403 ], [ -159.783165860941409, 22.014265060366629 ], [ -159.783339773375332, 22.014369776491165 ], [ -159.783648005887471, 22.014381700514779 ], [ -159.78383939209877, 22.014474344517261 ], [ -159.784027370571408, 22.014569343475767 ], [ -159.784184402335029, 22.014685720024133 ], [ -159.784295450173602, 22.014833864766654 ], [ -159.784386043545908, 22.014996139726463 ], [ -159.784466949783052, 22.01516510725855 ], [ -159.784498385295194, 22.015325929837282 ], [ -159.784544870423389, 22.015501822154114 ], [ -159.784616142978933, 22.015673770828158 ], [ -159.784613919086468, 22.015857411605261 ], [ -159.784607514433645, 22.016041716511268 ], [ -159.784567946321488, 22.016231296983321 ], [ -159.784547000396003, 22.016417915515536 ], [ -159.784535646291374, 22.01660300746811 ], [ -159.784480363485699, 22.016795087840809 ], [ -159.784379262255555, 22.016994456529698 ], [ -159.784348442401836, 22.01718264540385 ], [ -159.78439332211434, 22.017358792926935 ], [ -159.784569399155941, 22.017514071010133 ] ] } },
{ "type": "Feature", "properties": { "objectid": 202, "island": "Kauai", "st_lengthshape": 312.19226108195795 }, "geometry": { "type": "LineString", "coordinates": [ [ -159.78559588703564, 22.018080525027269 ], [ -159.785615109064821, 22.018262576853395 ], [ -159.785569473830748, 22.018460415591182 ], [ -159.785665265594389, 22.018623830140637 ], [ -159.785701363989318, 22.018801774613099 ], [ -159.785702084575888, 22.018988329084046 ], [ -159.78565152340434, 22.019187366760505 ], [ -159.785628120646862, 22.019379793289019 ], [ -159.785612767009155, 22.019570260612642 ], [ -159.785619671240767, 22.019755311089195 ], [ -159.785638042139851, 22.019937570213429 ], [ -159.785661159016001, 22.020118673722987 ], [ -159.785731731393753, 22.020288227478147 ], [ -159.785809250133951, 22.020456090161161 ], [ -159.785895770379113, 22.020621761363703 ], [ -159.786013282188009, 22.020779890501014 ] ] } },
{ "type": "Feature", "properties": { "objectid": 203, "island": "Kauai", "st_lengthshape": 20.000166311986082 }, "geometry": { "type": "LineString", "coordinates": [ [ -159.78718161230816, 22.026421193834889 ], [ -159.78712411129743, 22.026248653870642 ] ] } },
{ "type": "Feature", "properties": { "objectid": 204, "island": "Kauai", "st_lengthshape": 82.490292799481324 }, "geometry": { "type": "LineString", "coordinates": [ [ -159.785580998754995, 22.0373074518299 ], [ -159.785619344135256, 22.037490893006659 ], [ -159.785645446171372, 22.037673577137692 ], [ -159.785696480128735, 22.03785780208641 ], [ -159.7857194359338, 22.038040291700458 ] ] } },
{ "type": "Feature", "properties": { "objectid": 205, "island": "Kauai", "st_lengthshape": 547.61550277802758 }, "geometry": { "type": "LineString", "coordinates": [ [ -159.785352847035682, 22.042876869112419 ], [ -159.785225282862086, 22.043027182650476 ], [ -159.785129255464398, 22.043187534226622 ], [ -159.78498875289506, 22.043333729635773 ], [ -159.784842671250857, 22.043478149405704 ], [ -159.784781030312899, 22.043649444959414 ], [ -159.784675866447799, 22.043806888691904 ], [ -159.784625020705676, 22.043981620447067 ], [ -159.784576567707404, 22.044157114023182 ], [ -159.784494797978368, 22.044322003312995 ], [ -159.784345987070992, 22.044465554930305 ], [ -159.78429540669373, 22.044640371136001 ], [ -159.784120595976049, 22.044775646463229 ], [ -159.784000929678882, 22.044928474246166 ], [ -159.783880968020128, 22.045081207599786 ], [ -159.783862439767944, 22.045266226694466 ], [ -159.783761440150414, 22.04542499507582 ], [ -159.783722070829015, 22.045603380040422 ], [ -159.783635253397051, 22.045766663361931 ], [ -159.783539166124086, 22.045926995357561 ], [ -159.783490836421578, 22.046102528683139 ], [ -159.783632864345947, 22.046338651133489 ], [ -159.78358155734918, 22.046513236616889 ], [ -159.7835375172684, 22.046690135218594 ], [ -159.783474428037977, 22.046860971068835 ], [ -159.783357825954369, 22.047014773856208 ], [ -159.783223912188475, 22.047163066490615 ] ] } },
{ "type": "Feature", "properties": { "objectid": 206, "island": "Kauai", "st_lengthshape": 62.747547317219613 }, "geometry": { "type": "LineString", "coordinates": [ [ -159.783426846688229, 22.047609490659177 ], [ -159.783380513191645, 22.04778565940277 ], [ -159.783359545503401, 22.047969901417943 ], [ -159.783384430638392, 22.04816873782379 ] ] } },
{ "type": "Feature", "properties": { "objectid": 207, "island": "Kauai", "st_lengthshape": 5786.8349226803048 }, "geometry": { "type": "LineString", "coordinates": [ [ -159.782526412094057, 22.065474073807739 ], [ -159.782410284157237, 22.065623008057084 ], [ -159.782296575810022, 22.065774369807723 ], [ -159.782183846651549, 22.065926713301682 ], [ -159.782072373463791, 22.066080317268391 ], [ -159.781966502787895, 22.066239542371317 ], [ -159.781843697911199, 22.066381778804317 ], [ -159.781713678122884, 22.066516778245898 ], [ -159.781575618942497, 22.06664371350027 ], [ -159.781431627365521, 22.066764697447262 ], [ -159.780975732159192, 22.06657278934334 ], [ -159.780723372533885, 22.066585061192249 ], [ -159.780580685192177, 22.066707353517689 ], [ -159.780415323634543, 22.066806899950915 ], [ -159.780270443054462, 22.066926991883761 ], [ -159.780086850049003, 22.06700824820599 ], [ -159.779878570455736, 22.067064740867963 ], [ -159.779877029305794, 22.067328628110253 ], [ -159.779726230249736, 22.067442783616759 ], [ -159.779519871678417, 22.067501202644944 ], [ -159.779416919762724, 22.067663357306898 ], [ -159.779309404756134, 22.067820934489923 ], [ -159.779061013013546, 22.067837186941816 ], [ -159.778937934858277, 22.067979152458662 ], [ -159.778757272123414, 22.068063348363491 ], [ -159.778654598636876, 22.068225784001164 ], [ -159.778517689870512, 22.068353874845116 ], [ -159.778371413466857, 22.068472568830362 ], [ -159.778177069014305, 22.068543040781595 ], [ -159.777930036296823, 22.068560656428488 ], [ -159.777654449250321, 22.06854962546263 ], [ -159.777391443624197, 22.068551216926448 ], [ -159.777149200639684, 22.068573636348063 ], [ -159.776948651456564, 22.068637883975232 ], [ -159.77664692610324, 22.068600629003374 ], [ -159.776449188183932, 22.068667696610401 ], [ -159.776222651453651, 22.068705872020338 ], [ -159.776057581648871, 22.068805711792436 ], [ -159.775843964022187, 22.068856847756567 ], [ -159.775682889369392, 22.068960695522147 ], [ -159.775549706708915, 22.069092525288298 ], [ -159.775367242433646, 22.06917491476537 ], [ -159.775256744553559, 22.069329503374362 ], [ -159.775161005804051, 22.069498898090433 ], [ -159.774961861574639, 22.069564554088455 ], [ -159.774850056096966, 22.069717830582746 ], [ -159.774710764532614, 22.069843532929415 ], [ -159.774521213909992, 22.069918813755798 ], [ -159.774316275164779, 22.069978656910902 ], [ -159.774095927880666, 22.070023042558145 ], [ -159.77398171400327, 22.07017390337414 ], [ -159.773792524081529, 22.070249545732381 ], [ -159.773639734731518, 22.070361707801336 ], [ -159.773488561885017, 22.07047549089981 ], [ -159.773324780285122, 22.070576624585495 ], [ -159.773192706826791, 22.07070956926259 ], [ -159.772978757759574, 22.070760372492963 ], [ -159.772841996309324, 22.070888615223865 ], [ -159.772729867854423, 22.071041569340739 ], [ -159.77268533570458, 22.071262338647173 ], [ -159.772492997830426, 22.071334825322882 ], [ -159.772429846764624, 22.071536916377244 ], [ -159.77224957114953, 22.071621503634297 ], [ -159.772143475809543, 22.071780512308145 ], [ -159.771894953182681, 22.071796630006531 ], [ -159.771792269148762, 22.071959060665378 ], [ -159.771568226382215, 22.071999738460399 ], [ -159.771437476292874, 22.072134012543437 ], [ -159.771276229948484, 22.072237691585251 ], [ -159.771125365041172, 22.072351785495176 ], [ -159.770949517798897, 22.072440815933376 ], [ -159.770831071140407, 22.072587434196873 ], [ -159.770649228104247, 22.07267044889878 ], [ -159.770475894443337, 22.072762001006737 ], [ -159.770304951073342, 22.072855951019292 ], [ -159.770135316273638, 22.072951215452306 ], [ -159.769995758102368, 22.07307665318384 ], [ -159.769825076177142, 22.073170866170457 ], [ -159.769716573782318, 22.073327461770759 ], [ -159.769535393751312, 22.073411142460493 ], [ -159.769452833775716, 22.073593765361402 ], [ -159.769296581678503, 22.073702456315363 ], [ -159.769192708289154, 22.073863696722064 ], [ -159.769102988733465, 22.074039137748048 ], [ -159.768917948285633, 22.074118945029262 ], [ -159.768696691257418, 22.074162419041606 ], [ -159.768552227775501, 22.074282937092953 ], [ -159.768465623708977, 22.074461504233092 ], [ -159.768332840427746, 22.074593742004001 ], [ -159.768274357887719, 22.074800522606214 ], [ -159.768206721426026, 22.074998119860556 ], [ -159.768079258342823, 22.075135694968807 ], [ -159.768093785216365, 22.075415724573251 ], [ -159.767984305685843, 22.07557134257657 ], [ -159.767943632865325, 22.075795992495475 ], [ -159.767864794205764, 22.075982351639777 ], [ -159.767758784323206, 22.076141451133537 ], [ -159.767676380386064, 22.076324233241575 ], [ -159.76764143620295, 22.076554630659857 ], [ -159.76759417570176, 22.076772672394075 ], [ -159.767542209012021, 22.076985992499576 ], [ -159.767413426939896, 22.077122245321469 ], [ -159.767333360924965, 22.077307374136257 ], [ -159.767088304051839, 22.077326973655847 ], [ -159.766954922389004, 22.077458613313208 ], [ -159.766778774783461, 22.077547347233331 ], [ -159.766585896081807, 22.077619294912484 ], [ -159.766452992173072, 22.077751414344252 ], [ -159.766317698451218, 22.07788113643262 ], [ -159.766168443243913, 22.07799684991101 ], [ -159.765985449315792, 22.078078715884232 ], [ -159.765790778268723, 22.078148865166263 ], [ -159.765690792970531, 22.078314012265103 ], [ -159.765581803688917, 22.078470125098161 ], [ -159.765454454856325, 22.078607817854529 ], [ -159.765375018934208, 22.078793581505941 ], [ -159.765273107998922, 22.078956796889877 ], [ -159.765160852102326, 22.079109633690095 ], [ -159.765040396188539, 22.079254242760243 ], [ -159.764887222803338, 22.079366027432336 ], [ -159.764761222246676, 22.079505074771511 ], [ -159.764642095839349, 22.079651017972203 ], [ -159.764479213358356, 22.079753063056149 ], [ -159.764307712792998, 22.079846461264101 ], [ -159.764130888093234, 22.079934517135236 ], [ -159.763940310502562, 22.080008775452196 ], [ -159.763795468690148, 22.080128919929397 ], [ -159.763595571164899, 22.080193827934625 ], [ -159.763404214270707, 22.080267303329006 ], [ -159.763307042120545, 22.080435275251951 ], [ -159.763175419886068, 22.080568683396113 ], [ -159.763047590299834, 22.080705896887274 ], [ -159.76292478712827, 22.08084815394605 ], [ -159.762804869312049, 22.080993305468933 ], [ -159.762668936688101, 22.081122388924438 ], [ -159.762521180743647, 22.081239610786596 ], [ -159.762416449372552, 22.081400000066033 ], [ -159.762303450769025, 22.081552094951796 ], [ -159.762188893634345, 22.081702625128329 ], [ -159.762029035865368, 22.081807706300459 ], [ -159.761880241771735, 22.081923887218931 ], [ -159.76177229905656, 22.082081055121233 ], [ -159.761673383244499, 22.082247278948422 ], [ -159.761528165930372, 22.082367049230317 ], [ -159.761377461722446, 22.082481314382068 ], [ -159.76126612664433, 22.08263507933086 ], [ -159.761104289790779, 22.082738174156802 ], [ -159.760983885168514, 22.08288283973198 ], [ -159.760807864418894, 22.082971705942413 ], [ -159.760660102086945, 22.083088923498352 ], [ -159.760511592035215, 22.083205390071875 ], [ -159.76035018278165, 22.08330891671449 ], [ -159.760163209252028, 22.083386792849119 ], [ -159.75999384536766, 22.083482337638706 ], [ -159.759817624422027, 22.083571002283342 ], [ -159.759682718650907, 22.083701120176215 ], [ -159.759548977190548, 22.083832404250057 ], [ -159.759396930803462, 22.083945324200567 ], [ -159.759286641040717, 22.084100139963983 ], [ -159.759179427650224, 22.084258042710339 ], [ -159.759063706324866, 22.084407409003902 ], [ -159.758903795408742, 22.084512438676693 ], [ -159.758825273574445, 22.084699128255902 ], [ -159.758682934012057, 22.084821788038617 ], [ -159.758555556256681, 22.084959459483915 ], [ -159.758398061191173, 22.085066913913817 ], [ -159.758220988443867, 22.085154726234549 ], [ -159.758053204732192, 22.085251857133379 ], [ -159.757878814423606, 22.085342360502125 ], [ -159.757738682659578, 22.085467236110784 ], [ -159.757605333408378, 22.085598917032744 ], [ -159.757427045215422, 22.085685509149922 ], [ -159.757252003949958, 22.085775359924959 ], [ -159.757107621267238, 22.085895971724327 ], [ -159.75696482195022, 22.086018171456761 ], [ -159.756806036143132, 22.086124330392643 ], [ -159.756635221457572, 22.086218423155593 ], [ -159.756473108123288, 22.086321243791023 ], [ -159.756271724844396, 22.086384664779303 ], [ -159.756122728240371, 22.086500647326428 ], [ -159.75597860404676, 22.086621518945858 ], [ -159.755853500495505, 22.086761474258541 ], [ -159.755752126535981, 22.086925238856093 ], [ -159.755608927397105, 22.087047038183734 ], [ -159.755523811077467, 22.087227115910981 ], [ -159.75534240297921, 22.087310579145058 ], [ -159.755278478346696, 22.087511919505907 ], [ -159.755134826032219, 22.087633265217978 ], [ -159.754943209935249, 22.087706486458817 ], [ -159.75472399687925, 22.087752018585523 ], [ -159.754563940547598, 22.087856905684468 ], [ -159.754482647462254, 22.08804082001561 ], [ -159.754312545167892, 22.088135628038202 ], [ -159.754164718443405, 22.08825278509406 ], [ -159.75395749584834, 22.088310348266866 ], [ -159.753765992215733, 22.088383682369393 ], [ -159.753650343713673, 22.088533127746526 ], [ -159.753484037017188, 22.088631744192774 ], [ -159.753315158304929, 22.088727779594965 ], [ -159.753155464281235, 22.088833030459796 ], [ -159.752981055636894, 22.088923517985229 ], [ -159.752822343467017, 22.089029755030186 ], [ -159.752657198206521, 22.089129537005579 ], [ -159.752541541101465, 22.089278973535581 ], [ -159.752376779316336, 22.089379141025422 ], [ -159.752243246952276, 22.089510642396274 ], [ -159.752198815342155, 22.089731546092644 ], [ -159.75206930533966, 22.089867084139705 ], [ -159.751953150989294, 22.09001602207794 ], [ -159.751820941057275, 22.090148852245314 ], [ -159.75170531344304, 22.090298319688451 ], [ -159.751534599410888, 22.090392515215463 ], [ -159.751369494528944, 22.090492339108955 ], [ -159.751224307770116, 22.090612148261783 ], [ -159.751100886832745, 22.090753797028253 ], [ -159.750978778340937, 22.09089676314284 ], [ -159.750852637980358, 22.091035683334397 ], [ -159.750721733881619, 22.091169823788213 ], [ -159.750536145873753, 22.091249095745436 ], [ -159.750439546599438, 22.091417658459445 ], [ -159.750317407633787, 22.09156059352205 ], [ -159.750269395947441, 22.091777907725586 ], [ -159.75014130116341, 22.091914867870226 ], [ -159.749958442484598, 22.091996880204427 ], [ -159.749763729439508, 22.092066999369788 ], [ -159.74969888371524, 22.092267423146005 ], [ -159.749653551807398, 22.092487427832143 ], [ -159.749423882536092, 22.092522469261681 ], [ -159.749353033032918, 22.092716868617515 ], [ -159.749290955101884, 22.092920071025254 ], [ -159.749172717679244, 22.093066922548797 ], [ -159.749052207415559, 22.093211495213467 ], [ -159.748883811372536, 22.093308019027955 ], [ -159.748824086996507, 22.093513582786461 ], [ -159.748746592830685, 22.093701317299693 ], [ -159.748582126286152, 22.093801784183825 ], [ -159.74842567015753, 22.093910288734175 ], [ -159.748195023712441, 22.093944351883579 ], [ -159.748116485737029, 22.09413103934445 ], [ -159.74798921122516, 22.094268825226717 ], [ -159.747729620535466, 22.094273846086832 ], [ -159.747621010689187, 22.094430360321347 ], [ -159.747425101235876, 22.09449927803719 ], [ -159.747164978961536, 22.09450376563397 ], [ -159.746899362277844, 22.094502739235232 ], [ -159.746733206553046, 22.094601511838309 ], [ -159.746563194396543, 22.094696414600428 ], [ -159.746463904269064, 22.094862281694674 ], [ -159.746252756931455, 22.094915909974272 ], [ -159.746094244427525, 22.095022352068376 ], [ -159.746014386527122, 22.095207718420436 ], [ -159.745881015281327, 22.095339387482245 ], [ -159.745815071218203, 22.095538716290331 ], [ -159.745680021349273, 22.095668701706462 ], [ -159.74543423106357, 22.095687569141653 ], [ -159.745327045284398, 22.095845514515769 ], [ -159.745231441503108, 22.096015081533519 ], [ -159.74511020162123, 22.096158924778752 ], [ -159.744947689365176, 22.096261354907995 ], [ -159.744901488462773, 22.096480494173971 ], [ -159.74476241402175, 22.096606442781688 ], [ -159.744643638724654, 22.096752760594232 ], [ -159.744598882436748, 22.096973349460502 ], [ -159.744503439803424, 22.097143079750172 ], [ -159.744423998714922, 22.097328866241977 ], [ -159.744283994304624, 22.097453882781799 ], [ -159.744184495967659, 22.097619544421278 ], [ -159.74410447533819, 22.097804749811431 ], [ -159.744030214955046, 22.097995734128805 ], [ -159.744125143135619, 22.098356486653444 ] ] } },
{ "type": "Feature", "properties": { "objectid": 208, "island": "Maui", "st_lengthshape": 106.66699769644838 }, "geometry": { "type": "LineString", "coordinates": [ [ -156.442308873308065, 20.625901910519254 ], [ -156.442401423151978, 20.626062045188903 ], [ -156.442442563556483, 20.626235647443426 ], [ -156.442579258959341, 20.626428403980924 ], [ -156.442652338104295, 20.626602623776225 ], [ -156.442799645824465, 20.626723173509642 ] ] } },
{ "type": "Feature", "properties": { "objectid": 209, "island": "Maui", "st_lengthshape": 48.046751379444039 }, "geometry": { "type": "LineString", "coordinates": [ [ -156.442749038588744, 20.627200000712222 ], [ -156.442864469929219, 20.62734660254549 ], [ -156.443131377950294, 20.627343921915781 ] ] } },
{ "type": "Feature", "properties": { "objectid": 210, "island": "Maui", "st_lengthshape": 1191.0552354361967 }, "geometry": { "type": "LineString", "coordinates": [ [ -156.443459113691432, 20.627765047484345 ], [ -156.44363876860632, 20.627853090056011 ], [ -156.443876545894284, 20.627888733184594 ], [ -156.444077188261673, 20.627954749548298 ], [ -156.444096807083326, 20.628007622669468 ], [ -156.444076020301878, 20.628230438202383 ], [ -156.444130137143134, 20.628410631382128 ], [ -156.444170816657646, 20.628598470217796 ], [ -156.444177651303846, 20.628805568468064 ], [ -156.444194414208397, 20.629000700981997 ], [ -156.444281332430393, 20.62922343975357 ], [ -156.444391770362614, 20.629371202079358 ], [ -156.444458080548685, 20.629550401014253 ], [ -156.444494200852887, 20.629751105803695 ], [ -156.444583375620653, 20.629914016750281 ], [ -156.44468789799194, 20.63006599381016 ], [ -156.444869514891764, 20.630163049424937 ], [ -156.445033948085154, 20.630272347004805 ], [ -156.445164896368709, 20.63040472873298 ], [ -156.445306355884298, 20.630788511805456 ], [ -156.445456477640334, 20.630901669448093 ], [ -156.445547677206719, 20.631074609881068 ], [ -156.445722581322457, 20.631162624648859 ], [ -156.445858652220323, 20.631290038929428 ], [ -156.44600682939776, 20.63140517098401 ], [ -156.446158181627482, 20.631517081318091 ], [ -156.446320500559011, 20.631617865417837 ], [ -156.446468020832128, 20.631733663703994 ], [ -156.446590360392037, 20.631875009653537 ], [ -156.446781071849216, 20.631946988410075 ], [ -156.446936390327039, 20.632054874697726 ], [ -156.447083975899602, 20.632170607583532 ], [ -156.447193425875838, 20.632325032831307 ], [ -156.447337801880451, 20.632440061642885 ], [ -156.447654261055646, 20.632691066603268 ], [ -156.447800606156136, 20.632809071350405 ], [ -156.447948099364538, 20.632925537227035 ], [ -156.448115251649426, 20.633015665474176 ], [ -156.448269101690727, 20.633123616604408 ], [ -156.448422113170921, 20.633232689293752 ], [ -156.448587465808515, 20.633325230236128 ], [ -156.448696432257123, 20.633493314258466 ], [ -156.448735550949294, 20.633754983387412 ], [ -156.448832435811681, 20.633939255206975 ], [ -156.448986517858884, 20.634046895929838 ], [ -156.449176957939898, 20.634105824683701 ], [ -156.449362240669387, 20.634171662963034 ], [ -156.449534541954932, 20.634254894618625 ], [ -156.449696144807575, 20.634352460001569 ], [ -156.449853050704689, 20.634453601867715 ], [ -156.450261217554498, 20.634655209654984 ], [ -156.450469518993486, 20.634645180799275 ], [ -156.450710332136453, 20.634562012680203 ], [ -156.450952330895831, 20.63447600484988 ] ] } },
{ "type": "Feature", "properties": { "objectid": 211, "island": "Maui", "st_lengthshape": 107.42247663986342 }, "geometry": { "type": "LineString", "coordinates": [ [ -156.451620026185083, 20.634461947073159 ], [ -156.451591138262927, 20.634659164971726 ], [ -156.451524084646564, 20.634867405671006 ], [ -156.451511900151388, 20.635059798431016 ], [ -156.451545546436279, 20.635238953819133 ], [ -156.45159392308733, 20.635411524058 ] ] } },
{ "type": "Feature", "properties": { "objectid": 212, "island": "Maui", "st_lengthshape": 550.26722268445758 }, "geometry": { "type": "LineString", "coordinates": [ [ -156.447747763374792, 20.639160194851659 ], [ -156.447574540194239, 20.639263712844961 ], [ -156.447418038401111, 20.639379006531108 ], [ -156.44727032191156, 20.639500486833036 ], [ -156.447081800383359, 20.639593232696061 ], [ -156.446829927481389, 20.63964136746068 ], [ -156.446689870509715, 20.639768240826466 ], [ -156.446537775983529, 20.639886638055959 ], [ -156.446382285351916, 20.640002642685932 ], [ -156.446276917137169, 20.640153107729645 ], [ -156.446078929703248, 20.640573425731684 ], [ -156.446029357867104, 20.640747972985523 ], [ -156.446103752375478, 20.640958146081633 ], [ -156.446084814068087, 20.64114149697825 ], [ -156.445988996424063, 20.641302754882123 ], [ -156.445936478192465, 20.641476455755701 ], [ -156.445901107674928, 20.64165508396114 ], [ -156.445854887760959, 20.641830595375911 ], [ -156.445809774140741, 20.642006423816035 ], [ -156.445757148453254, 20.64218009409921 ], [ -156.445706187498018, 20.642354242264986 ], [ -156.445676325520253, 20.642534454380581 ], [ -156.445669284746202, 20.642721224576878 ], [ -156.445609936086413, 20.642892962302142 ], [ -156.445541811373317, 20.643062178216002 ], [ -156.445486218657635, 20.643232366982339 ] ] } },
{ "type": "Feature", "properties": { "objectid": 213, "island": "Maui", "st_lengthshape": 417.50517618230492 }, "geometry": { "type": "LineString", "coordinates": [ [ -156.443601791277501, 20.644836921366256 ], [ -156.443580146740118, 20.645108092140092 ], [ -156.443465739028568, 20.645264679932762 ], [ -156.443234762562611, 20.645274543497226 ], [ -156.442939291732301, 20.645723645905065 ], [ -156.442827471530308, 20.645877785773063 ], [ -156.442717138186083, 20.646032424328858 ], [ -156.442631458145769, 20.646195354100666 ], [ -156.442584178561674, 20.646371197823008 ], [ -156.442512268155951, 20.646538757749315 ], [ -156.442442772745238, 20.646707130847535 ], [ -156.442399738391089, 20.646884401729054 ], [ -156.442363871257072, 20.64706408400836 ], [ -156.442336978025935, 20.647246783251024 ], [ -156.442310771483989, 20.647429713877614 ], [ -156.44228018467237, 20.647611171891324 ], [ -156.442218781038065, 20.647782266108152 ], [ -156.442107398169043, 20.647936551714835 ], [ -156.442046404725374, 20.648106499791055 ] ] } },
{ "type": "Feature", "properties": { "objectid": 214, "island": "Maui", "st_lengthshape": 62.047615735306671 }, "geometry": { "type": "LineString", "coordinates": [ [ -156.44205228230669, 20.649354889533139 ], [ -156.441854497401579, 20.649418795109803 ], [ -156.44171493101112, 20.649542707022022 ], [ -156.441602763786165, 20.649691870854632 ] ] } },
{ "type": "Feature", "properties": { "objectid": 215, "island": "Maui", "st_lengthshape": 19.748473210116085 }, "geometry": { "type": "LineString", "coordinates": [ [ -156.441133245800785, 20.650233372558628 ], [ -156.440991983690651, 20.650352148070375 ] ] } },
{ "type": "Feature", "properties": { "objectid": 216, "island": "Maui", "st_lengthshape": 63.074418940174382 }, "geometry": { "type": "LineString", "coordinates": [ [ -156.44050457675371, 20.652364848112477 ], [ -156.440448471768548, 20.652538215804334 ], [ -156.440404618531318, 20.652714039745359 ], [ -156.440477925863405, 20.652909841408398 ] ] } },
{ "type": "Feature", "properties": { "objectid": 217, "island": "Maui", "st_lengthshape": 117.53375166986534 }, "geometry": { "type": "LineString", "coordinates": [ [ -156.440410850478372, 20.65314962844845 ], [ -156.440341930692483, 20.653329658126843 ], [ -156.440539634904695, 20.653576032050637 ], [ -156.440685684016756, 20.653719755592252 ], [ -156.440779991094473, 20.65388019355434 ], [ -156.440822446750701, 20.654054418023115 ] ] } },
{ "type": "Feature", "properties": { "objectid": 218, "island": "Maui", "st_lengthshape": 52.083295994354813 }, "geometry": { "type": "LineString", "coordinates": [ [ -156.441319800668623, 20.658412273302446 ], [ -156.441178302695647, 20.658566973686259 ], [ -156.441341842833538, 20.658784011883633 ] ] } },
{ "type": "Feature", "properties": { "objectid": 219, "island": "Maui", "st_lengthshape": 489.87003919636021 }, "geometry": { "type": "LineString", "coordinates": [ [ -156.441265499879279, 20.66021645616323 ], [ -156.441065891260763, 20.66036038614514 ], [ -156.441066500170564, 20.660433695081711 ], [ -156.440982374447003, 20.660605023282912 ], [ -156.440941865728377, 20.660782033491866 ], [ -156.440909094263759, 20.660957242527878 ], [ -156.440941481956855, 20.661075704098845 ], [ -156.440931587988274, 20.661256030038427 ], [ -156.441003129890078, 20.661439976403031 ], [ -156.441071025371627, 20.661623761181851 ], [ -156.441118482145669, 20.661802472471138 ], [ -156.441041338349265, 20.661912430792142 ], [ -156.441037150770342, 20.662093594462295 ], [ -156.441030505799972, 20.662274903140442 ], [ -156.441048458340703, 20.662454762948421 ], [ -156.441097733147643, 20.662632731045427 ], [ -156.441107242568108, 20.662749501363852 ], [ -156.441113331775938, 20.662932756130278 ], [ -156.441174423132054, 20.663105213023943 ], [ -156.441171836383887, 20.663290171039751 ], [ -156.441185214751329, 20.663469183729639 ], [ -156.44126467466134, 20.663599851658969 ], [ -156.441262441056267, 20.663796313594428 ], [ -156.441418193785125, 20.663930871343801 ], [ -156.441663179588886, 20.664030464004437 ], [ -156.441786587744332, 20.664173839728829 ] ] } },
{ "type": "Feature", "properties": { "objectid": 220, "island": "Maui", "st_lengthshape": 355.01002177193834 }, "geometry": { "type": "LineString", "coordinates": [ [ -156.441484202690248, 20.664456430868526 ], [ -156.441506012953852, 20.664635850409809 ], [ -156.441486688380905, 20.664820365893437 ], [ -156.441455519022782, 20.665006348880649 ], [ -156.441468637745487, 20.66518684481774 ], [ -156.441505407469975, 20.665364412378928 ], [ -156.441480613753583, 20.665547649396945 ], [ -156.441558001175054, 20.665690083164737 ], [ -156.441593432989066, 20.665868209633118 ], [ -156.441625221595956, 20.666047287879675 ], [ -156.441851981953533, 20.666175520646121 ], [ -156.441987743047179, 20.666325051601309 ], [ -156.441983870324009, 20.666577120823508 ], [ -156.44225612322407, 20.666637682659633 ], [ -156.442225527461886, 20.666862804138542 ], [ -156.442303511316567, 20.667028925589978 ], [ -156.442502808933881, 20.667127384510927 ] ] } },
{ "type": "Feature", "properties": { "objectid": 221, "island": "Maui", "st_lengthshape": 41.794637161089632 }, "geometry": { "type": "LineString", "coordinates": [ [ -156.442805726368931, 20.667907554442003 ], [ -156.442739594991963, 20.668077172757975 ], [ -156.44274449035845, 20.668273766749202 ] ] } },
{ "type": "Feature", "properties": { "objectid": 222, "island": "Maui", "st_lengthshape": 41.170317484820281 }, "geometry": { "type": "LineString", "coordinates": [ [ -156.442809296632134, 20.668592926144665 ], [ -156.442759954754507, 20.668767418279444 ], [ -156.442775721295902, 20.668957964176069 ] ] } },
{ "type": "Feature", "properties": { "objectid": 223, "island": "Maui", "st_lengthshape": 345.99821210665891 }, "geometry": { "type": "LineString", "coordinates": [ [ -156.442507826115559, 20.669320124032712 ], [ -156.442377112991352, 20.669489295747869 ], [ -156.442305438755028, 20.669664018786079 ], [ -156.442272961295998, 20.669839794788821 ], [ -156.442303342090611, 20.670006306937807 ], [ -156.442328390772985, 20.670185870208257 ], [ -156.442374641885777, 20.670362968030265 ], [ -156.442386926234377, 20.670509022350803 ], [ -156.442413201684275, 20.670688323014005 ], [ -156.442517526685606, 20.670849718557115 ], [ -156.442544599544505, 20.670970036105832 ], [ -156.442614897272875, 20.671138076890202 ], [ -156.442692750505046, 20.671303472254024 ], [ -156.44283601934697, 20.671444442718464 ], [ -156.442912922887899, 20.671634881742278 ], [ -156.443032201631809, 20.671776771955308 ], [ -156.443203836633785, 20.671884519352549 ], [ -156.443454380731225, 20.671937118480216 ] ] } },
{ "type": "Feature", "properties": { "objectid": 224, "island": "Maui", "st_lengthshape": 124.97484899358005 }, "geometry": { "type": "LineString", "coordinates": [ [ -156.443662258687141, 20.673290418378734 ], [ -156.443561673927917, 20.673458323023489 ], [ -156.443519160708718, 20.673634816278156 ], [ -156.443471061159528, 20.673810483532083 ], [ -156.443386548223231, 20.673980765466553 ], [ -156.443400404947454, 20.674165595508224 ], [ -156.443462282792666, 20.674356848051424 ] ] } },
{ "type": "Feature", "properties": { "objectid": 225, "island": "Maui", "st_lengthshape": 280.92752027331079 }, "geometry": { "type": "LineString", "coordinates": [ [ -156.443320205258999, 20.67461525497842 ], [ -156.443271313061814, 20.674790148287727 ], [ -156.443137215580578, 20.674948651604797 ], [ -156.443076506994544, 20.675116896462828 ], [ -156.443193590593125, 20.675375249751468 ], [ -156.443336859193863, 20.675558847851345 ], [ -156.443315394933279, 20.675729985630717 ], [ -156.443341297473211, 20.675844228083402 ], [ -156.443295225668408, 20.676029873622383 ], [ -156.443241117758674, 20.676216255861917 ], [ -156.443131728332389, 20.676407707499866 ], [ -156.443091422370912, 20.676592824510941 ], [ -156.44313266015007, 20.676770461867818 ], [ -156.443262290723993, 20.676935556469392 ] ] } },
{ "type": "Feature", "properties": { "objectid": 226, "island": "Maui", "st_lengthshape": 472.57020411721334 }, "geometry": { "type": "LineString", "coordinates": [ [ -156.443513422285463, 20.680571918806717 ], [ -156.443461527582912, 20.680766211726809 ], [ -156.443196486208706, 20.680905542737385 ], [ -156.443038767076075, 20.681028809652418 ], [ -156.442951954121611, 20.681185957175149 ], [ -156.442925137030187, 20.681443136536295 ], [ -156.442765379308469, 20.681582425853893 ], [ -156.442817835457475, 20.681786786458861 ], [ -156.442763787008118, 20.6820031306397 ], [ -156.44275380484396, 20.682184469074116 ], [ -156.442734054884767, 20.682364346950198 ], [ -156.442733281840532, 20.682545951197358 ], [ -156.442658387382863, 20.682674852405583 ], [ -156.44260611133447, 20.682853020307949 ], [ -156.442672097317399, 20.683037207463105 ], [ -156.442703837740822, 20.683219651927409 ], [ -156.442670882049327, 20.683398802798756 ], [ -156.442740423387818, 20.683579309161452 ], [ -156.442774807401719, 20.683731409664034 ], [ -156.442825627806428, 20.683908712634281 ], [ -156.442825894080585, 20.684089839300444 ], [ -156.442827100854942, 20.684270894148451 ], [ -156.442898501697329, 20.684442496421639 ] ] } },
{ "type": "Feature", "properties": { "objectid": 227, "island": "Maui", "st_lengthshape": 1805.3678113662127 }, "geometry": { "type": "LineString", "coordinates": [ [ -156.443056178620623, 20.689648190452488 ], [ -156.443011264623124, 20.689829460669316 ], [ -156.442976625943203, 20.690008951184065 ], [ -156.442959540987033, 20.690184056808391 ], [ -156.442963636035046, 20.690365578828541 ], [ -156.442985927755331, 20.690535108505667 ], [ -156.443080513954953, 20.690804889910833 ], [ -156.443181636597046, 20.690961765444751 ], [ -156.443281595041668, 20.691116210151169 ], [ -156.443363297000644, 20.691392154008138 ], [ -156.443477203448793, 20.691538354401718 ], [ -156.443646437413292, 20.691653097658875 ], [ -156.443704557588802, 20.69171924503425 ], [ -156.443650659401101, 20.691895196571004 ], [ -156.443639708746474, 20.692084050886635 ], [ -156.443436318635946, 20.692409156309189 ], [ -156.443405350741955, 20.692587495963277 ], [ -156.443409257020164, 20.692769876566757 ], [ -156.443439185967321, 20.692951777627183 ], [ -156.443497533729982, 20.693297379777992 ], [ -156.443562859130395, 20.693470852111776 ], [ -156.443608173274072, 20.693642230532333 ], [ -156.443691423630611, 20.693908203834877 ], [ -156.443803991037726, 20.694061417123439 ], [ -156.443897072987681, 20.694221466925868 ], [ -156.443962290446535, 20.694391291583443 ], [ -156.444059049243407, 20.694550050560089 ], [ -156.444145134894711, 20.694712554383297 ], [ -156.444263389371571, 20.694863772450958 ], [ -156.444392174278676, 20.695007077374353 ], [ -156.444370035232623, 20.695125375075389 ], [ -156.444390086334522, 20.695305599012425 ], [ -156.444132473143839, 20.695484840875569 ], [ -156.444104378107937, 20.695534100567347 ], [ -156.444028879840573, 20.695708982915246 ], [ -156.443954408559534, 20.695883951788321 ], [ -156.443925562702674, 20.696062799713577 ], [ -156.443912687190078, 20.696241376379639 ], [ -156.443950854696624, 20.696497101295286 ], [ -156.443980954750657, 20.696675887989549 ], [ -156.443978656440777, 20.696857316890569 ], [ -156.443990086959417, 20.697037625027317 ], [ -156.444025926350236, 20.697215943436909 ], [ -156.444051031883419, 20.697391478610413 ], [ -156.444116381532268, 20.69770382994626 ], [ -156.444157682769543, 20.697881986545298 ], [ -156.444221050428297, 20.69805245281389 ], [ -156.444274501752346, 20.69822637540566 ], [ -156.444314215494302, 20.698405085385481 ], [ -156.44440062765986, 20.698567520049828 ], [ -156.444434938385484, 20.698748113657683 ], [ -156.444390897810422, 20.698956014975149 ], [ -156.444465746187944, 20.699122480149445 ], [ -156.444566884990365, 20.699279781786089 ], [ -156.444635347879426, 20.699448472625033 ], [ -156.444810338174563, 20.699578533190348 ], [ -156.44498407110467, 20.699733475618491 ], [ -156.445004153967545, 20.699913105877283 ], [ -156.445013390592095, 20.700093551210895 ], [ -156.445032294614691, 20.700273269612808 ], [ -156.445059740019786, 20.700452346400493 ], [ -156.4450991314514, 20.700630034826695 ], [ -156.445134722321768, 20.70080713592678 ], [ -156.445179209066879, 20.700983746941514 ], [ -156.445180787534014, 20.701165674069582 ], [ -156.44513339097017, 20.701353669678344 ], [ -156.445215769725053, 20.701525585387905 ], [ -156.445209162244822, 20.701708526888488 ], [ -156.445184752988524, 20.701893674555599 ], [ -156.445199516540271, 20.702073968051131 ], [ -156.445199870781778, 20.702256047645218 ], [ -156.445222765492417, 20.702435333173995 ], [ -156.445290070700509, 20.702607989483639 ], [ -156.445313180005968, 20.702820618444573 ], [ -156.445343057732003, 20.702999449605002 ], [ -156.445395190034503, 20.703173432821092 ], [ -156.445438344329062, 20.703349372136156 ], [ -156.445524793378979, 20.703515880129711 ], [ -156.445605649820806, 20.703683606201693 ], [ -156.445784904422908, 20.703825560455186 ], [ -156.445887950541476, 20.704050681056508 ], [ -156.446000037155528, 20.704201264420302 ], [ -156.446053163551795, 20.704376743058262 ], [ -156.4461119050425, 20.704549851776331 ], [ -156.446287616302385, 20.704672911850373 ] ] } },
{ "type": "Feature", "properties": { "objectid": 228, "island": "Maui", "st_lengthshape": 322.63514072835466 }, "geometry": { "type": "LineString", "coordinates": [ [ -156.445721487161023, 20.711751482760278 ], [ -156.445786181881886, 20.711921041308155 ], [ -156.445876481668137, 20.712285952340935 ], [ -156.445883522847822, 20.712470736917343 ], [ -156.445870596725854, 20.712660376237142 ], [ -156.445896412279239, 20.712840595348226 ], [ -156.445975042772517, 20.713007971613589 ], [ -156.446038564428733, 20.713179022384772 ], [ -156.446119749664604, 20.713345778303065 ], [ -156.446173353404987, 20.713519240699338 ], [ -156.446153333491338, 20.713710604063031 ], [ -156.446216341000849, 20.713881779898571 ], [ -156.446338161182439, 20.714035511160564 ], [ -156.446612377442875, 20.714223258832639 ], [ -156.446660214586984, 20.714406440343126 ] ] } },
{ "type": "Feature", "properties": { "objectid": 229, "island": "Maui", "st_lengthshape": 387.95345283204728 }, "geometry": { "type": "LineString", "coordinates": [ [ -156.446096489184441, 20.71524093598207 ], [ -156.445960008252598, 20.715441561619144 ], [ -156.446014076293125, 20.715616710400241 ], [ -156.446061320266494, 20.715792771845511 ], [ -156.446149900577097, 20.715963149965358 ], [ -156.446192693169706, 20.716083051566333 ], [ -156.446270456937043, 20.716250817659773 ], [ -156.446321612602048, 20.716424897442263 ], [ -156.446368500027233, 20.716599989235437 ], [ -156.446406815176914, 20.716777115363946 ], [ -156.446424800285627, 20.716959065582 ], [ -156.446504173717727, 20.7171264501021 ], [ -156.446600151265216, 20.717285618906885 ], [ -156.446642934026073, 20.717474882428064 ], [ -156.446743683004541, 20.717630872400466 ], [ -156.44681550007212, 20.717798340608354 ], [ -156.446925115376501, 20.717946408071636 ], [ -156.447001811797264, 20.718142783320975 ], [ -156.447109396085949, 20.718292324818723 ], [ -156.447245331953951, 20.718423646258469 ] ] } },
{ "type": "Feature", "properties": { "objectid": 230, "island": "Maui", "st_lengthshape": 583.14558891308411 }, "geometry": { "type": "LineString", "coordinates": [ [ -156.447188711432943, 20.72053779681594 ], [ -156.447261069427071, 20.720705146577934 ], [ -156.447313681244509, 20.72087933271256 ], [ -156.447380775674247, 20.721048504971534 ], [ -156.447408327285558, 20.721231369129665 ], [ -156.447489833054988, 20.721395551719496 ], [ -156.447558302457026, 20.721564247738684 ], [ -156.447618953917441, 20.721735651151544 ], [ -156.447678910482836, 20.721907294348934 ], [ -156.447748586902264, 20.722075573028345 ], [ -156.447780184644358, 20.72225703628483 ], [ -156.447883528653364, 20.722413657629662 ], [ -156.447920383713239, 20.72259330004918 ], [ -156.447905880982916, 20.722790723629849 ], [ -156.448023831669218, 20.72294228862631 ], [ -156.44806241679683, 20.723121332787038 ], [ -156.448133110549094, 20.723289258986082 ], [ -156.448188408498027, 20.723462516003899 ], [ -156.448217489313947, 20.723644850220087 ], [ -156.448282196475304, 20.723814849147796 ], [ -156.448256314630356, 20.724016213115132 ], [ -156.448275498049895, 20.724201974228116 ], [ -156.448347919374015, 20.724369303006441 ], [ -156.448376960848861, 20.724551651075743 ], [ -156.448418066108445, 20.724729822452556 ], [ -156.448593580402701, 20.724861456980779 ], [ -156.448821315611042, 20.724975011290201 ], [ -156.448904503225833, 20.725138612556822 ], [ -156.449093625859007, 20.725261120465703 ] ] } },
{ "type": "Feature", "properties": { "objectid": 231, "island": "Maui", "st_lengthshape": 39.952365161820858 }, "geometry": { "type": "LineString", "coordinates": [ [ -156.449916983462344, 20.726958995410186 ], [ -156.449931891571111, 20.72714548496096 ], [ -156.450023828323793, 20.727296091685801 ] ] } },
{ "type": "Feature", "properties": { "objectid": 232, "island": "Maui", "st_lengthshape": 2176.3029267385491 }, "geometry": { "type": "LineString", "coordinates": [ [ -156.449859812079978, 20.728684566423286 ], [ -156.449995047297335, 20.728816422471755 ], [ -156.450140268755575, 20.728935462415613 ], [ -156.450296699615251, 20.729040113423459 ], [ -156.450470981142217, 20.729121853770245 ], [ -156.450580214009534, 20.729287085823699 ], [ -156.450703743952687, 20.729433967592087 ], [ -156.450804303643991, 20.729610331250914 ], [ -156.450947447102635, 20.729732039546104 ], [ -156.451115017882302, 20.729822393016747 ], [ -156.451296978859858, 20.729894278250359 ], [ -156.451490090315787, 20.729951850267639 ], [ -156.451673749517937, 20.73002155537214 ], [ -156.451842001805488, 20.730111035242128 ], [ -156.451984459059105, 20.730233624696723 ], [ -156.452113107127673, 20.730360301902511 ], [ -156.452251755690014, 20.730414547838372 ], [ -156.452418669416602, 20.730519249558675 ], [ -156.452539680157344, 20.730659405886044 ], [ -156.452627163052085, 20.730860190364361 ], [ -156.452737528153961, 20.731008277220379 ], [ -156.452885645633955, 20.731134372880714 ], [ -156.453087962263936, 20.731228897112533 ], [ -156.453190102293462, 20.731381774682802 ], [ -156.453182551574912, 20.731598548701104 ], [ -156.453365860586729, 20.731704145332131 ], [ -156.453422016287334, 20.731883809417422 ], [ -156.453396227848316, 20.732111207058239 ], [ -156.453427776906267, 20.732305205310126 ], [ -156.453518622493021, 20.732464662992555 ], [ -156.453643935032829, 20.732604043646319 ], [ -156.453779870570003, 20.732737235831813 ], [ -156.4539032228152, 20.732877758389083 ], [ -156.454016382857731, 20.733024217430025 ], [ -156.454115371965116, 20.733178931443806 ], [ -156.45420460786022, 20.733339327536381 ], [ -156.454295598249217, 20.73349870128601 ], [ -156.454403427636692, 20.733643084847021 ], [ -156.454597846357871, 20.733787880894372 ], [ -156.454727525782374, 20.733934850518882 ], [ -156.454812257507001, 20.734097767465432 ], [ -156.454832432598522, 20.734283588324821 ], [ -156.454866112502941, 20.734464617773476 ], [ -156.454920228770874, 20.734638396840271 ], [ -156.454969569643765, 20.734813870411585 ], [ -156.455056777643676, 20.734975908388801 ], [ -156.455090632147403, 20.735152716541464 ], [ -156.455285341142968, 20.735284439316096 ], [ -156.455414160294822, 20.735440659805292 ], [ -156.455544203377599, 20.735596597662234 ], [ -156.45563639499801, 20.735761258137458 ], [ -156.455785042132817, 20.735912909653848 ], [ -156.455767734289878, 20.736102799594452 ], [ -156.455823544916512, 20.73627584240808 ], [ -156.455874592018262, 20.736449982188773 ], [ -156.455905080574752, 20.736628858706105 ], [ -156.45590748239303, 20.736822420891752 ], [ -156.455931286486333, 20.737002297332168 ], [ -156.455933979128133, 20.737182887943128 ], [ -156.455917906387441, 20.737364113673312 ], [ -156.455849606471929, 20.737547106318303 ], [ -156.455819818658597, 20.737728796283829 ], [ -156.455839809081169, 20.737908801377198 ], [ -156.455883290906598, 20.738088011969467 ], [ -156.455917096207429, 20.738267549758742 ], [ -156.455908608119842, 20.738448519325477 ], [ -156.455889102694897, 20.738629861249986 ], [ -156.455915280823859, 20.738809657250385 ], [ -156.455967693337101, 20.738988564813955 ], [ -156.456033758517464, 20.739167011694178 ], [ -156.456069584708843, 20.739346480964695 ], [ -156.456039949244797, 20.739528165961556 ], [ -156.456125493215325, 20.739700771199555 ], [ -156.456106680553177, 20.739877416464026 ], [ -156.456110955813386, 20.740060360006076 ], [ -156.456159597343259, 20.740235498022486 ], [ -156.456119214609203, 20.740426297843655 ], [ -156.456104314469144, 20.74061261529523 ], [ -156.456061756836363, 20.740803798233511 ], [ -156.456080149485331, 20.740984257304159 ], [ -156.456131798525746, 20.741158866497567 ], [ -156.456189153423992, 20.74133247121323 ], [ -156.456239159385973, 20.741507369384397 ], [ -156.456295385288684, 20.741681172266418 ], [ -156.456383617310451, 20.74184934509319 ], [ -156.456494576347893, 20.742013519319105 ], [ -156.456589578305852, 20.742180500184588 ], [ -156.456711934923163, 20.742342668747707 ], [ -156.456840591545784, 20.742503729586218 ], [ -156.456978967654408, 20.742663079571376 ], [ -156.457059289614449, 20.742832643886253 ], [ -156.45715121878527, 20.74300016595916 ], [ -156.457256195373702, 20.743165392595699 ], [ -156.457345872251409, 20.743333311061793 ], [ -156.45741481213588, 20.743504877485606 ], [ -156.457474106043207, 20.743678141335359 ], [ -156.457496562870858, 20.743857885808485 ], [ -156.457538836637212, 20.744034144742205 ], [ -156.457610312686683, 20.744205265582917 ], [ -156.457654003727299, 20.744381274594293 ], [ -156.457659121743347, 20.744564069945621 ], [ -156.457693552761611, 20.744741708072187 ], [ -156.457736760711953, 20.744917802026883 ], [ -156.457786034672267, 20.745092829074533 ], [ -156.457842965052436, 20.745266508455263 ], [ -156.457898686237172, 20.745438859799059 ] ] } },
{ "type": "Feature", "properties": { "objectid": 233, "island": "Maui", "st_lengthshape": 2127.6903875214161 }, "geometry": { "type": "LineString", "coordinates": [ [ -156.457083215597038, 20.745848677661179 ], [ -156.457103283416728, 20.746028331704949 ], [ -156.457117035500204, 20.746208434037246 ], [ -156.457138506430283, 20.746387988754133 ], [ -156.457154312220695, 20.746567945406206 ], [ -156.457206373176291, 20.746745331622339 ], [ -156.457263856260113, 20.746922333965859 ], [ -156.457328310661666, 20.74709884172518 ], [ -156.457380721429871, 20.747273122528227 ], [ -156.457520965058819, 20.74766264646048 ], [ -156.4575937267999, 20.747829739533216 ], [ -156.457681312062988, 20.747991210923693 ], [ -156.457782777083651, 20.748147419555451 ], [ -156.457857581435547, 20.74831373827417 ], [ -156.457949723874123, 20.748473481988221 ], [ -156.458009921509671, 20.748645338874439 ], [ -156.458065585758561, 20.748818915560744 ], [ -156.45813764335287, 20.748986275266002 ], [ -156.458216354020379, 20.749151112196554 ], [ -156.458321315301475, 20.749305995378375 ], [ -156.458428279322163, 20.749460119888379 ], [ -156.45851167569208, 20.749623179566406 ], [ -156.458590652675667, 20.749787916483982 ], [ -156.458698710816122, 20.749941625460444 ], [ -156.458803627685143, 20.750096524926029 ], [ -156.458898503942351, 20.750255232440953 ], [ -156.45902215039942, 20.750403030150792 ], [ -156.459142890339507, 20.750551929710205 ], [ -156.459277724764121, 20.750695484672452 ], [ -156.459406190456662, 20.750841454588933 ], [ -156.459518029190264, 20.75099373016236 ], [ -156.459615496615186, 20.751151454494835 ], [ -156.459725650061671, 20.751304368694509 ], [ -156.459869210830448, 20.751444613993161 ], [ -156.460018492636237, 20.751582691889823 ], [ -156.460168261614996, 20.751720583655715 ], [ -156.460368774355402, 20.751839232955561 ], [ -156.4606321822815, 20.751933705078905 ], [ -156.461195261927969, 20.752602690040231 ], [ -156.461224197930193, 20.752785249736675 ], [ -156.461110728860831, 20.752959641752366 ], [ -156.460823545922807, 20.753124070282396 ], [ -156.460547791710127, 20.753289154797219 ], [ -156.460315079366126, 20.753453104519139 ], [ -156.4599431548273, 20.753769817660334 ], [ -156.4596926038422, 20.753922340720827 ], [ -156.459515532014166, 20.754083499393435 ], [ -156.459376035096739, 20.754249072666937 ], [ -156.459269480072436, 20.754418518083881 ], [ -156.459206913264524, 20.754593133171319 ], [ -156.459148807889903, 20.754768272895809 ], [ -156.459098455808089, 20.754944323648694 ], [ -156.459035983366618, 20.755118949956508 ], [ -156.458996506732717, 20.755296278439936 ], [ -156.45902379146176, 20.75548145308424 ], [ -156.45901225325602, 20.755662065226723 ], [ -156.458980294940147, 20.755839485939266 ], [ -156.459022974824109, 20.75616889336882 ], [ -156.459070534324297, 20.756345345949885 ], [ -156.459121375497659, 20.756521422696771 ], [ -156.459183580189347, 20.756696197575916 ], [ -156.459236211434586, 20.756872069637019 ], [ -156.459303885027424, 20.757046219304954 ], [ -156.459362493979114, 20.757221405963982 ], [ -156.459393824563762, 20.757393366590968 ], [ -156.459440348436658, 20.757563361461496 ], [ -156.45946264512537, 20.757746919207698 ], [ -156.459473283382437, 20.757929381722025 ], [ -156.459470709545428, 20.758110602321572 ], [ -156.45949666657728, 20.75829450314184 ], [ -156.459527043732777, 20.758473552033532 ], [ -156.459551205342052, 20.758756577846491 ], [ -156.459609474426685, 20.758930202813914 ], [ -156.459667898620864, 20.759103801171253 ], [ -156.459712595357388, 20.759279710208784 ], [ -156.459771419266616, 20.759453241323111 ], [ -156.459851724188326, 20.759623157014168 ], [ -156.459953908725197, 20.759789390919341 ], [ -156.460066470592892, 20.75993839882862 ], [ -156.460125774687896, 20.760013696444442 ], [ -156.460213482796235, 20.760204095919804 ], [ -156.460245645016073, 20.760388916446768 ], [ -156.460195487604381, 20.760565470474518 ], [ -156.460106262768193, 20.760738099564549 ], [ -156.460000056186857, 20.760903651342627 ], [ -156.459944685329191, 20.760983070459261 ], [ -156.459855322534906, 20.761142902032542 ], [ -156.459748946927334, 20.761294011589587 ], [ -156.459615236109926, 20.761431107878284 ], [ -156.459447704594055, 20.761546952784979 ], [ -156.459350920275824, 20.761668212510227 ], [ -156.459260795312616, 20.761830674341436 ], [ -156.459146132924587, 20.76198575375356 ], [ -156.459057662834169, 20.762148713052511 ], [ -156.459018247405936, 20.762320781756589 ] ] } },
{ "type": "Feature", "properties": { "objectid": 234, "island": "Maui", "st_lengthshape": 190.19220662269686 }, "geometry": { "type": "LineString", "coordinates": [ [ -156.458341935623821, 20.762927203910643 ], [ -156.458308530704727, 20.763105856916983 ], [ -156.458323088382713, 20.763288051380702 ], [ -156.458375996919386, 20.763473077103807 ], [ -156.458311064705953, 20.763649402530742 ], [ -156.458258998422423, 20.763826677714604 ], [ -156.458285276363483, 20.764009737291161 ], [ -156.458627845128717, 20.764216149771332 ], [ -156.458754947690551, 20.764404962389559 ] ] } },
{ "type": "Feature", "properties": { "objectid": 235, "island": "Maui", "st_lengthshape": 1940.7253967063234 }, "geometry": { "type": "LineString", "coordinates": [ [ -156.458456832833349, 20.764696548989555 ], [ -156.458351532647413, 20.764865809248953 ], [ -156.458307784342452, 20.765042555610776 ], [ -156.458274018697779, 20.765220516068741 ], [ -156.458225901471025, 20.765396731807659 ], [ -156.458279600143868, 20.76558532948761 ], [ -156.458353043242852, 20.765776329552686 ], [ -156.458416335066545, 20.765966094027299 ], [ -156.458437659767895, 20.76615075518939 ], [ -156.458343852057908, 20.766321413416712 ], [ -156.458238471204112, 20.766488580211075 ], [ -156.458243606255223, 20.766695900649694 ], [ -156.458211358540126, 20.766875130431693 ], [ -156.458261170712973, 20.767058377685256 ], [ -156.458256580968055, 20.767238961364754 ], [ -156.458335262868218, 20.767423621982889 ], [ -156.458510449183166, 20.767613006793901 ], [ -156.458518151098957, 20.767794192304837 ], [ -156.458497323816999, 20.767973981247067 ], [ -156.458382526157862, 20.768149169205625 ], [ -156.458380968491042, 20.76832990069941 ], [ -156.458433841713145, 20.768512227130252 ], [ -156.458531817203749, 20.768682976727714 ], [ -156.458451474447969, 20.768874190490333 ], [ -156.458455670782797, 20.769055628369589 ], [ -156.458492995113204, 20.769233236200506 ], [ -156.458540986756219, 20.7694096096415 ], [ -156.458587927152053, 20.769586104757675 ], [ -156.458633757915152, 20.769761735600092 ], [ -156.4587031923908, 20.770037037895033 ], [ -156.458780492901951, 20.770202514423406 ], [ -156.458867832272546, 20.770364334624382 ], [ -156.458974625249056, 20.770517980580593 ], [ -156.459046899060581, 20.770601672007501 ], [ -156.459068926746738, 20.770782118780801 ], [ -156.45907860478016, 20.770965198064651 ], [ -156.459116873614818, 20.771142184158652 ], [ -156.459160328862765, 20.771318064189163 ], [ -156.459202484473792, 20.771494221136422 ], [ -156.459240710160742, 20.771671216512061 ], [ -156.459280740498116, 20.771847826862931 ], [ -156.459334530231729, 20.772021504113543 ], [ -156.459423562080133, 20.772186225900413 ], [ -156.459553366018923, 20.772423928210529 ], [ -156.459633086671573, 20.772588204226516 ], [ -156.459710488228666, 20.77275344362484 ], [ -156.459782704224239, 20.772920838280335 ], [ -156.45985347119526, 20.773088834488718 ], [ -156.459970852747375, 20.773237458488175 ], [ -156.460062802586776, 20.773391385479115 ], [ -156.460131794798514, 20.773541999422633 ], [ -156.460169847454409, 20.773720752832162 ], [ -156.460210669622853, 20.773899351283639 ], [ -156.460233678782203, 20.7740789466385 ], [ -156.460242984843973, 20.774259308970514 ], [ -156.460242141343286, 20.774440239846172 ], [ -156.460248070600386, 20.774620791482736 ], [ -156.460240377384537, 20.774802105866588 ], [ -156.460253238930392, 20.774982268886117 ], [ -156.460275170916987, 20.775161925045484 ], [ -156.460301432046464, 20.775341338268397 ], [ -156.460335813222542, 20.775517374631139 ], [ -156.460392571881187, 20.775795715169139 ], [ -156.460445431882732, 20.77596943175838 ], [ -156.460495010285427, 20.776143906994637 ], [ -156.46055169000212, 20.776316739241317 ], [ -156.460608426698514, 20.776489557874193 ], [ -156.460643834668815, 20.776667315018763 ], [ -156.460704174508834, 20.77683876665288 ], [ -156.460724109726925, 20.776967421611449 ], [ -156.460736925013492, 20.777148024565754 ], [ -156.460741580125415, 20.777328603398367 ], [ -156.460741266150109, 20.777509167398474 ], [ -156.460765050643602, 20.77768980352559 ], [ -156.460783633773644, 20.777870423190475 ], [ -156.460846481929764, 20.778046746156921 ], [ -156.460913104164092, 20.778393942060216 ], [ -156.46098092652403, 20.778565688556995 ], [ -156.461011431038486, 20.778757796370776 ], [ -156.461093050120581, 20.778922014352901 ], [ -156.461136604246406, 20.779107002467949 ], [ -156.46121866157111, 20.779270981302599 ], [ -156.461315298450899, 20.779427006169929 ], [ -156.461397129363831, 20.779591109811729 ], [ -156.461463098162312, 20.779763867132417 ], [ -156.461579933829285, 20.779908870775792 ], [ -156.461731177292052, 20.780035101431 ], [ -156.461819584078086, 20.780195617377988 ], [ -156.461897148725598, 20.780362048684992 ], [ -156.461999820443026, 20.780514781094368 ], [ -156.462140820348338, 20.78064660073046 ], [ -156.462303895648517, 20.780766375815137 ], [ -156.462367046284697, 20.780940671339636 ], [ -156.462505670717462, 20.781069271906301 ] ] } },
{ "type": "Feature", "properties": { "objectid": 236, "island": "Maui", "st_lengthshape": 5101.4121647192405 }, "geometry": { "type": "LineString", "coordinates": [ [ -156.462818821391664, 20.781530335924835 ], [ -156.462939477727303, 20.781676557401372 ], [ -156.463037677475398, 20.781848401259612 ], [ -156.463251222979551, 20.781888644891289 ], [ -156.46340159432367, 20.782000964594161 ], [ -156.463515959084646, 20.782154366665853 ], [ -156.463654245112309, 20.782280474824397 ], [ -156.463776690051048, 20.78242465728146 ], [ -156.463872132043548, 20.782599649131239 ], [ -156.464028691318305, 20.782704910506951 ], [ -156.464177418736767, 20.782819107800691 ], [ -156.464303227636464, 20.782959452594142 ], [ -156.464437106668043, 20.783090591195208 ], [ -156.464571609418556, 20.783221017492423 ], [ -156.464693514701025, 20.783365817175113 ], [ -156.464829988169896, 20.783493995257746 ], [ -156.464965234482094, 20.783623574512685 ], [ -156.465095422768883, 20.78375892446903 ], [ -156.465235531079003, 20.783882956495784 ], [ -156.465379243424309, 20.784002877390595 ], [ -156.465507142084135, 20.784140840634191 ], [ -156.465651677079933, 20.784259821809904 ], [ -156.465795945088018, 20.784379108641058 ], [ -156.46593986587564, 20.78449879113851 ], [ -156.466092170003691, 20.784608909890302 ], [ -156.466247847182871, 20.784715180421291 ], [ -156.466409876763578, 20.78481420387422 ], [ -156.466613384655858, 20.784865901688388 ], [ -156.466790180296698, 20.784948077608103 ], [ -156.466969118681675, 20.785027807376228 ], [ -156.467141211779307, 20.785115349133733 ], [ -156.467309028886575, 20.785207769310681 ], [ -156.467472205925787, 20.785305482405281 ], [ -156.467628901815061, 20.785410591252369 ], [ -156.46776499207499, 20.785539210447038 ], [ -156.467902815956393, 20.785665851551567 ], [ -156.468025218705918, 20.785810087781424 ], [ -156.468148250043157, 20.785953607268254 ], [ -156.468276531686513, 20.786091136517594 ], [ -156.46837042672837, 20.786267898643118 ], [ -156.468502065979919, 20.786401597444417 ], [ -156.468626846301476, 20.786543121725764 ], [ -156.468777124591725, 20.786655554323513 ], [ -156.46893490727868, 20.786759424940566 ], [ -156.469075621580544, 20.786882768901055 ], [ -156.469212713693054, 20.78701024709131 ], [ -156.469375810758208, 20.787108054968783 ], [ -156.469515871921686, 20.787232145639027 ], [ -156.46966211518054, 20.787349182557993 ], [ -156.469806467692848, 20.78746837746381 ], [ -156.469966562834543, 20.787569610514094 ], [ -156.470110841423207, 20.787688889887779 ], [ -156.470211312832106, 20.787858152835181 ], [ -156.470353904512848, 20.787979356579282 ], [ -156.470490781435899, 20.788107080851081 ], [ -156.470632049284063, 20.78822979714354 ], [ -156.470783506291667, 20.788340886717133 ], [ -156.47096013235867, 20.788423259514769 ], [ -156.471106613801055, 20.788540026213269 ], [ -156.471255269278601, 20.788654313818384 ], [ -156.471410427890731, 20.788761180320229 ], [ -156.4715581912196, 20.788876484785888 ], [ -156.471706727987652, 20.788990907548961 ], [ -156.471859766277248, 20.789100195695092 ], [ -156.472011522651769, 20.789210944725546 ], [ -156.472154825885895, 20.789331213218087 ], [ -156.472368770828723, 20.789483970476432 ], [ -156.47251873159135, 20.789605780582278 ], [ -156.472691766792309, 20.789684090802496 ], [ -156.4728634699363, 20.789764910332938 ], [ -156.473033223406048, 20.789849406591731 ], [ -156.473200837880341, 20.789937936161074 ], [ -156.473379379496379, 20.790005863756104 ], [ -156.473554041392532, 20.790081107328568 ], [ -156.473738914688624, 20.790137097247094 ], [ -156.473918275615773, 20.790203481547945 ], [ -156.474109187090761, 20.790248088335076 ], [ -156.474294429597393, 20.790303383357209 ], [ -156.474480090588031, 20.790357888873704 ], [ -156.47466415082809, 20.790415412592623 ], [ -156.474850139229062, 20.790469302240375 ], [ -156.475032199385026, 20.790530598367134 ], [ -156.47521684098183, 20.790587026708518 ], [ -156.475395979226136, 20.79065383156162 ], [ -156.475569940310322, 20.790730395630092 ], [ -156.475746890192028, 20.790801327721326 ], [ -156.475936236981312, 20.790848885601644 ], [ -156.476095895691913, 20.790952418628251 ], [ -156.476295168275499, 20.790981262745845 ], [ -156.476469382042751, 20.791057352039346 ], [ -156.476654732722523, 20.791112444902378 ], [ -156.476800931039861, 20.791241357447731 ], [ -156.476975573593052, 20.791316640848041 ], [ -156.477160413377135, 20.791372695435143 ], [ -156.477334138408423, 20.791449708555703 ], [ -156.477502652646336, 20.791536546389665 ], [ -156.477687507769389, 20.791592575390265 ], [ -156.477870433119364, 20.791652241714633 ], [ -156.478032401783764, 20.79175142065781 ], [ -156.478167746863789, 20.791900799094179 ], [ -156.478322534443009, 20.792013519075994 ], [ -156.478484008176309, 20.792113633028702 ], [ -156.478630141721396, 20.792242669677456 ], [ -156.478790999360001, 20.792343946321811 ], [ -156.47895194741352, 20.792445053508231 ], [ -156.479079639720197, 20.792608861430047 ], [ -156.479258050882095, 20.792677042408513 ], [ -156.479452786869928, 20.792714443002406 ], [ -156.479621064004732, 20.792801731463463 ], [ -156.479796697287128, 20.792875149622265 ], [ -156.479936320338396, 20.793016465188678 ], [ -156.480112065041027, 20.793089675214894 ], [ -156.480282368105748, 20.793173144573178 ], [ -156.480455344726636, 20.793251572269774 ], [ -156.480638255601917, 20.79331126909165 ], [ -156.480776048058317, 20.793456039779468 ], [ -156.480917822544825, 20.793593301412297 ], [ -156.481072822211701, 20.79370562594713 ], [ -156.481253810932003, 20.793768949909143 ], [ -156.481427157547671, 20.793846681482393 ], [ -156.481597783462632, 20.793929543120512 ], [ -156.481752153570852, 20.794043057859806 ], [ -156.481919426593237, 20.794132243762043 ], [ -156.482085725498735, 20.794223264416662 ], [ -156.482260604513897, 20.794298110287368 ], [ -156.482424805436722, 20.794393087185451 ], [ -156.48260181596649, 20.794463913481973 ], [ -156.482774526826887, 20.794542846215418 ], [ -156.482955552147985, 20.794606101338953 ], [ -156.48314431895264, 20.794654760251003 ], [ -156.483319254599309, 20.794729500313768 ], [ -156.483489152193869, 20.794813737352662 ], [ -156.48366489012983, 20.794886963813958 ], [ -156.483848184166391, 20.794945943463432 ], [ -156.484007388262029, 20.795050346313939 ], [ -156.484185687048523, 20.795118743957975 ], [ -156.48436110855036, 20.795192568278271 ], [ -156.484533027399863, 20.795272994757944 ], [ -156.484716080479899, 20.795332429603366 ], [ -156.484892461033525, 20.79540444537184 ], [ -156.485083811114976, 20.79543535783764 ], [ -156.48524081541666, 20.795515699493077 ], [ -156.485388552924178, 20.79566883942671 ], [ -156.485581972530042, 20.795694551034369 ], [ -156.485769645618632, 20.79573629461018 ], [ -156.48596012668537, 20.795770204684089 ], [ -156.486151628761263, 20.795801263613654 ], [ -156.486337701466908, 20.795847472509873 ], [ -156.486512170617715, 20.795926046500426 ], [ -156.486705533487935, 20.79595191767547 ], [ -156.486897428601225, 20.795981884500179 ], [ -156.487078455140676, 20.796042166729034 ], [ -156.487274517359225, 20.796060509358689 ], [ -156.487450429963189, 20.796135059368943 ], [ -156.487639878835807, 20.796152802675298 ], [ -156.488251995181884, 20.796263926468921 ], [ -156.488442428447115, 20.796290028231152 ], [ -156.488634519790509, 20.796296258842116 ], [ -156.4888255760155, 20.796314902052849 ], [ -156.489016973672733, 20.796329456154261 ], [ -156.489210537366546, 20.796318042695393 ], [ -156.489405207903928, 20.79629336306817 ], [ -156.489597142547098, 20.796301470215326 ], [ -156.489788492428943, 20.796316598830639 ], [ -156.489978009978472, 20.796353676017215 ], [ -156.490156291982231, 20.796455286485109 ], [ -156.490211809706011, 20.796473357641684 ], [ -156.490405404363401, 20.79649118751443 ], [ -156.490623202707127, 20.796422806139194 ], [ -156.490811993622458, 20.796457747194605 ], [ -156.490996384946897, 20.796508360020589 ], [ -156.49117334813505, 20.796582776401241 ], [ -156.491317033730695, 20.79656326747396 ], [ -156.491498274247874, 20.796622920826049 ], [ -156.491681940213908, 20.79667602617722 ], [ -156.491847333724223, 20.796778468625686 ], [ -156.492033479615316, 20.796824877613769 ], [ -156.492213456393443, 20.796887944735413 ], [ -156.492397812513332, 20.796939186771553 ], [ -156.49258023594362, 20.7969956509287 ], [ -156.492758088501489, 20.797064452598807 ], [ -156.492925896470894, 20.797160376800004 ], [ -156.493108046077992, 20.797217578643068 ], [ -156.493269740829561, 20.797319599185961 ], [ -156.493682154011964, 20.79739242704299 ], [ -156.493877642476775, 20.797374220260025 ], [ -156.494064884534708, 20.797423826922678 ], [ -156.494252673288429, 20.797468947467365 ], [ -156.494437907463663, 20.797535079733358 ], [ -156.494630223688006, 20.79754296032992 ], [ -156.49482024532125, 20.79756971377077 ], [ -156.495002048716941, 20.797664059047658 ], [ -156.495192187127543, 20.797689862104836 ], [ -156.495386989374708, 20.797677296876358 ], [ -156.49557745359067, 20.797700415325931 ], [ -156.495766738966097, 20.797733230145571 ], [ -156.495958230134931, 20.797747898147342 ], [ -156.496151151235466, 20.797750812520416 ], [ -156.496339275846026, 20.797793171875927 ], [ -156.496531556692617, 20.797761182479803 ], [ -156.496810854846103, 20.797707757787457 ], [ -156.496997554801396, 20.797657207777046 ], [ -156.497187357396484, 20.797629388229655 ], [ -156.497378921967822, 20.797614483609873 ], [ -156.497568449476944, 20.797584650578344 ], [ -156.497755854176461, 20.797539263052975 ], [ -156.497949025835339, 20.797536126642402 ], [ -156.498141703968912, 20.797529380994142 ], [ -156.498337628896536, 20.797546423436675 ], [ -156.498536332125752, 20.79758381958051 ], [ -156.498732377985306, 20.797601748224007 ], [ -156.49892223528505, 20.797574325711022 ], [ -156.499108457413854, 20.79752027920356 ], [ -156.49929437711674, 20.797464010454842 ], [ -156.499481451645494, 20.79741619719336 ], [ -156.49967424279518, 20.797410281247743 ], [ -156.499870211619736, 20.797427643119597 ], [ -156.500061774617791, 20.797414334531073 ], [ -156.50018939844972, 20.797402724876477 ], [ -156.500380586869738, 20.797383536847505 ], [ -156.500568666419582, 20.797345918547812 ], [ -156.500755328725404, 20.797299903715235 ], [ -156.50094207056253, 20.797254359356238 ], [ -156.501128569114513, 20.797207373758983 ], [ -156.501317971923157, 20.797177597851469 ], [ -156.501508965918333, 20.797157253539922 ], [ -156.501705788038777, 20.797178196856795 ], [ -156.501902005094394, 20.797025041638413 ], [ -156.502093747239627, 20.797034930752083 ], [ -156.502284271076121, 20.797069237271131 ], [ -156.502476964973113, 20.797060057990887 ], [ -156.502663533157744, 20.797084901465688 ], [ -156.503128814199613, 20.797032939130808 ], [ -156.503310300459788, 20.796973309163111 ], [ -156.503480156282649, 20.796886625529339 ], [ -156.503640129432085, 20.796776956163725 ], [ -156.50381557998594, 20.796703284612963 ], [ -156.503990138821223, 20.796627542086423 ], [ -156.504171755668921, 20.796568216419555 ], [ -156.504366264358879, 20.796538874301397 ], [ -156.504556036982052, 20.796498517588901 ], [ -156.504737523164124, 20.796438885095395 ], [ -156.504918020545972, 20.79637695537512 ], [ -156.505102673050857, 20.796324689583503 ], [ -156.505281039390127, 20.796257802907128 ], [ -156.505456004074745, 20.79618300373626 ], [ -156.505606968264146, 20.796052383071675 ], [ -156.505789172178936, 20.795994422132523 ] ] } },
{ "type": "Feature", "properties": { "objectid": 237, "island": "Maui", "st_lengthshape": 472.62278463332291 }, "geometry": { "type": "LineString", "coordinates": [ [ -156.506607047673384, 20.795466613465607 ], [ -156.506766646152869, 20.79536619867439 ], [ -156.506942457704184, 20.795288905372242 ], [ -156.507157855273277, 20.795268062247651 ], [ -156.507348665819933, 20.795215080631451 ], [ -156.507539710134125, 20.795103813613803 ], [ -156.507679203300285, 20.794979649048209 ], [ -156.507808590962156, 20.794845905363943 ], [ -156.50791695668596, 20.794692230642774 ], [ -156.508062620289138, 20.794573916133988 ], [ -156.508215191318214, 20.794462150653565 ], [ -156.508375517887004, 20.794357737482777 ], [ -156.508505303399545, 20.794224370956737 ], [ -156.508657265815373, 20.794112029130115 ], [ -156.508806147662426, 20.793996765625749 ], [ -156.508921099821947, 20.793849336632217 ], [ -156.50891308575271, 20.793585331330156 ], [ -156.509027810549924, 20.793437686729238 ], [ -156.509185432366451, 20.793330709638106 ], [ -156.509254926916356, 20.793288007301694 ], [ -156.509439947170819, 20.793227663959868 ], [ -156.509557833499912, 20.793059936407285 ], [ -156.509660724327233, 20.792868222832169 ], [ -156.509811088199598, 20.792764565462502 ] ] } },
{ "type": "Feature", "properties": { "objectid": 238, "island": "Maui", "st_lengthshape": 9.1096349968292092 }, "geometry": { "type": "LineString", "coordinates": [ [ -156.515846358974613, 20.78657225789452 ], [ -156.51586426561073, 20.786491754798263 ] ] } },
{ "type": "Feature", "properties": { "objectid": 239, "island": "Maui", "st_lengthshape": 9.5030072223638342 }, "geometry": { "type": "LineString", "coordinates": [ [ -156.516168850216616, 20.786040781714206 ], [ -156.516159495458083, 20.785955436879817 ] ] } },
{ "type": "Feature", "properties": { "objectid": 240, "island": "Maui", "st_lengthshape": 85.548541126709608 }, "geometry": { "type": "LineString", "coordinates": [ [ -156.516478873089852, 20.785590104241237 ], [ -156.516670594858198, 20.785464109819944 ], [ -156.516790124974221, 20.785313093449719 ], [ -156.516903396545985, 20.785159908713926 ], [ -156.517004569447892, 20.785009985417876 ] ] } },
{ "type": "Feature", "properties": { "objectid": 241, "island": "Maui", "st_lengthshape": 13.403539508725011 }, "geometry": { "type": "LineString", "coordinates": [ [ -156.516916171818082, 20.784620235996677 ], [ -156.517031388673672, 20.784566350341308 ] ] } },
{ "type": "Feature", "properties": { "objectid": 242, "island": "Maui", "st_lengthshape": 124.7840094826216 }, "geometry": { "type": "LineString", "coordinates": [ [ -156.520573026732734, 20.781155694058739 ], [ -156.520804071476505, 20.781153283969083 ], [ -156.52095543661099, 20.781041580588546 ], [ -156.521086685361098, 20.780902283934921 ], [ -156.521231050094258, 20.780780978293404 ], [ -156.521378635664178, 20.780664091118936 ], [ -156.52153453767005, 20.780561898444248 ] ] } },
{ "type": "Feature", "properties": { "objectid": 243, "island": "Maui", "st_lengthshape": 6715.0358989917386 }, "geometry": { "type": "LineString", "coordinates": [ [ -156.566582109534409, 20.79278067362538 ], [ -156.566767257265326, 20.792934986097638 ], [ -156.566960080064376, 20.792921465958941 ], [ -156.567151139762046, 20.792946508261657 ], [ -156.567342345869122, 20.792968354100317 ], [ -156.567534572364565, 20.792967890885393 ], [ -156.567724158102692, 20.793025164075129 ], [ -156.567914939905165, 20.79305630029112 ], [ -156.568105696732204, 20.793087982246064 ], [ -156.568296605947324, 20.793116334181168 ], [ -156.568487795236052, 20.793138541528585 ], [ -156.568679155786413, 20.793157018199185 ], [ -156.56887130255646, 20.79315831768697 ], [ -156.56906363039559, 20.79315563018444 ], [ -156.569256444372485, 20.79314232134427 ], [ -156.569448511455846, 20.793145360891415 ], [ -156.569641386346973, 20.793130707044291 ], [ -156.569833524530623, 20.793132187728546 ], [ -156.570023775063106, 20.793174957975019 ], [ -156.570212935093963, 20.793241573685243 ], [ -156.570403285084581, 20.793282168768862 ], [ -156.570594282492209, 20.79330860875028 ], [ -156.570786732866367, 20.793303268118457 ], [ -156.570979717176982, 20.793286232269459 ], [ -156.571172738073926, 20.793268409322504 ], [ -156.571365789077419, 20.793249903930686 ], [ -156.571554257192304, 20.793269104002444 ], [ -156.571662028672705, 20.793293814578696 ], [ -156.571847740330725, 20.793339752155507 ], [ -156.572034213283871, 20.793382948948658 ], [ -156.57221993339175, 20.793428854655268 ], [ -156.572406119291855, 20.79347308361449 ], [ -156.572589800595068, 20.793526340107015 ], [ -156.572771451185133, 20.79358691519435 ], [ -156.572948492061471, 20.793664100137743 ], [ -156.573125530037402, 20.793741298416187 ], [ -156.573302969710653, 20.793817048417118 ], [ -156.573479530157698, 20.793895969705503 ], [ -156.573656503512638, 20.7939734022412 ], [ -156.57383036107845, 20.79406206149147 ], [ -156.57401112639397, 20.794125832012906 ], [ -156.574194646215886, 20.79417967244742 ], [ -156.574377225674112, 20.794236902717628 ], [ -156.574561732167552, 20.794287187265102 ], [ -156.574745193322968, 20.79434124122017 ], [ -156.574919427946696, 20.794428550315573 ], [ -156.575124722518837, 20.794403916514945 ], [ -156.575356992562547, 20.794282063668749 ], [ -156.575508401261203, 20.794451636744665 ], [ -156.575695781929937, 20.79449156386487 ], [ -156.575885011003322, 20.794524833070795 ], [ -156.576072454016185, 20.79456453854273 ], [ -156.576257642285384, 20.794612369457898 ], [ -156.576441400130108, 20.794665355840131 ], [ -156.57662471386223, 20.794719943964648 ], [ -156.576807283646531, 20.794743272930642 ], [ -156.577054014797511, 20.794749304052729 ], [ -156.577247002757332, 20.794753194128962 ], [ -156.577437433849752, 20.794776488098229 ], [ -156.577624907440736, 20.794822209809883 ], [ -156.577810957471542, 20.794878732517962 ], [ -156.577997374806216, 20.794932468211542 ], [ -156.578184418401804, 20.79498145114826 ], [ -156.57837199186784, 20.795026424921378 ], [ -156.57856038501123, 20.795065174999984 ], [ -156.578750442267477, 20.795091300342602 ], [ -156.578941635811532, 20.795108809037799 ], [ -156.579131793690209, 20.795134175078569 ], [ -156.579319635493448, 20.795177111808638 ], [ -156.579501628086177, 20.795264422183106 ], [ -156.57967986156342, 20.795380252316221 ], [ -156.579851927129852, 20.79554287163409 ], [ -156.58004125003265, 20.795574578304858 ], [ -156.580244246548745, 20.795502551931634 ], [ -156.580459334326292, 20.795338794185735 ], [ -156.58065794477065, 20.795242998564294 ], [ -156.58103719727302, 20.795199367425479 ], [ -156.581227878159979, 20.795176025470745 ], [ -156.581411098775703, 20.795114390153174 ], [ -156.581579385548338, 20.795102794922791 ], [ -156.581765664874666, 20.795156759473691 ], [ -156.581954758137528, 20.795205528021853 ], [ -156.582138984876082, 20.795263279246676 ], [ -156.582316232755716, 20.7953339167751 ], [ -156.582497171151715, 20.795397740787216 ], [ -156.582674827025158, 20.79546762431411 ], [ -156.582858209497857, 20.795526935906782 ], [ -156.583040838257659, 20.795587638120129 ], [ -156.583228157681361, 20.795639683447028 ], [ -156.583421590481635, 20.795680442568298 ], [ -156.583611602240069, 20.795727516591825 ], [ -156.583801306448152, 20.79577515857164 ], [ -156.583993996636991, 20.795817289075909 ], [ -156.584180912173139, 20.795870078098254 ], [ -156.584362080715465, 20.795933479094728 ], [ -156.584541508212368, 20.796000092581934 ], [ -156.584720989293913, 20.796066608223363 ], [ -156.58489981366148, 20.796134334370617 ], [ -156.585074381049935, 20.796209921363339 ], [ -156.585249806383615, 20.796283924701807 ], [ -156.585413559689755, 20.796379477565207 ], [ -156.585582189694236, 20.796466024870686 ], [ -156.585752343440589, 20.796549761721597 ], [ -156.585925969979741, 20.796627085557297 ], [ -156.586092899924381, 20.796716772526484 ], [ -156.58625147517867, 20.796821883903867 ], [ -156.58641904561108, 20.796910391276164 ], [ -156.586589881081721, 20.796992868274149 ], [ -156.586758344322874, 20.797079726420179 ], [ -156.58692484889707, 20.797170201296407 ], [ -156.587083749759302, 20.797274712471694 ], [ -156.587251165929956, 20.797363504989082 ], [ -156.587419043351218, 20.797451445109914 ], [ -156.587588422757335, 20.797536613281917 ], [ -156.587757171185473, 20.797622946304823 ], [ -156.58793075758183, 20.797700348087666 ], [ -156.588093985044111, 20.797796873692825 ], [ -156.588255327068254, 20.797896881638515 ], [ -156.588434720381883, 20.797963562223416 ], [ -156.588615305980312, 20.798028042572305 ], [ -156.588792966351036, 20.798097923898727 ], [ -156.588987066250894, 20.798137455718436 ], [ -156.589176931049508, 20.798184806326788 ], [ -156.589385831069876, 20.798190922247379 ], [ -156.589535877966796, 20.798168225423797 ], [ -156.589746525055205, 20.798212505712133 ], [ -156.589914190685874, 20.798305353739025 ], [ -156.590019388640343, 20.798468789583836 ], [ -156.590144936495705, 20.798609231499462 ], [ -156.590243850351413, 20.798779768496754 ], [ -156.59035575690865, 20.798935623986601 ], [ -156.590484340649567, 20.799072635484372 ], [ -156.5906182372008, 20.79920364355711 ], [ -156.59075868059881, 20.799327253261247 ], [ -156.590906358233013, 20.799442689543344 ], [ -156.591056982316417, 20.799554796262953 ], [ -156.591214320437729, 20.799659316386631 ], [ -156.591390479159401, 20.799742569051929 ], [ -156.591581655641534, 20.799808852273998 ], [ -156.591788307504657, 20.799857646888192 ], [ -156.592161650677809, 20.800000394268167 ], [ -156.592278828647153, 20.800150296214866 ], [ -156.59237592513054, 20.800322889909644 ], [ -156.592504243011319, 20.800460203404604 ], [ -156.592641438844623, 20.800587485577587 ], [ -156.592747298349252, 20.800750177188256 ], [ -156.592879003146237, 20.800883664192796 ], [ -156.593020439555431, 20.801006154803005 ], [ -156.593162856952432, 20.80112753757474 ], [ -156.593303753083291, 20.801250638948005 ], [ -156.593445912809131, 20.801372312276342 ], [ -156.593608123188972, 20.80147132923787 ], [ -156.593774526755197, 20.801565606436007 ], [ -156.593916292104865, 20.801687727190892 ], [ -156.594075147252937, 20.801790535274314 ], [ -156.594221817887501, 20.801907111675064 ], [ -156.594375420572135, 20.802015856097299 ], [ -156.594519678373473, 20.802135159759253 ], [ -156.594672548144302, 20.802244732542093 ], [ -156.594818031636265, 20.802362650843314 ], [ -156.594946592028833, 20.80249969441147 ], [ -156.595082676092289, 20.802628235253355 ], [ -156.59523035451312, 20.802743674642286 ], [ -156.595382633839762, 20.802853915837492 ], [ -156.595535508928492, 20.802963481707895 ], [ -156.595670719730606, 20.803093010416283 ], [ -156.595804785721043, 20.803223833217302 ], [ -156.595951652722476, 20.803340189867381 ], [ -156.596055611809078, 20.803505033913336 ], [ -156.596148695659366, 20.803682168604247 ], [ -156.596296822813628, 20.803797101511879 ], [ -156.596552229802455, 20.80379080684375 ], [ -156.596697042556343, 20.803909485524358 ], [ -156.596834992156403, 20.804035920283354 ], [ -156.596962398056775, 20.804174270183271 ], [ -156.597084768369854, 20.80431831049308 ], [ -156.597208405194237, 20.804460920089905 ], [ -156.597251475914618, 20.804694571224552 ], [ -156.597371269309889, 20.804841525327269 ], [ -156.597502106586887, 20.804975997710311 ], [ -156.597677309243011, 20.80506033652339 ], [ -156.597896939779559, 20.805094471162683 ], [ -156.598145339834957, 20.80509253507671 ], [ -156.598458841588524, 20.805170028060473 ], [ -156.598616717889627, 20.805273288296483 ], [ -156.598783952830502, 20.805362357180051 ], [ -156.598908074975697, 20.80551680077912 ], [ -156.599003080114585, 20.805715397210847 ], [ -156.599134356110994, 20.805858993941239 ], [ -156.599286330853204, 20.805971204502583 ], [ -156.599444088527122, 20.806074646632062 ], [ -156.599609746610724, 20.806166108230752 ], [ -156.599756747152895, 20.806285862781241 ], [ -156.599905083157523, 20.806403592455801 ], [ -156.600068561472284, 20.806498359688039 ], [ -156.600235915780701, 20.806587250204423 ], [ -156.600399097349765, 20.806682469008447 ], [ -156.600548979070652, 20.806797855803985 ], [ -156.600708914061556, 20.806897997152301 ], [ -156.600893453894116, 20.806960828947275 ], [ -156.601070897677289, 20.807034420608662 ], [ -156.601240031226951, 20.807120614426584 ], [ -156.601406022234045, 20.807211575252023 ], [ -156.601567664439216, 20.807309129220382 ], [ -156.601749036921291, 20.807376763999475 ], [ -156.601931097364428, 20.807443355336723 ], [ -156.602099128920258, 20.807531221556061 ], [ -156.60224054210525, 20.80765945280843 ], [ -156.602412395755891, 20.807741521740105 ], [ -156.602571095285214, 20.807843539620396 ], [ -156.60273789778293, 20.807933269919566 ], [ -156.602919249989867, 20.808000936686305 ], [ -156.60309130809415, 20.808082698129116 ], [ -156.603253635275649, 20.808179215481058 ], [ -156.603435257654951, 20.808246472853359 ], [ -156.603593363187542, 20.808349392694627 ], [ -156.603768716327863, 20.808426157279282 ], [ -156.603926383471759, 20.808529741639408 ], [ -156.604098927891556, 20.808610765795564 ], [ -156.604298394697196, 20.808641311408625 ], [ -156.60459078133556, 20.808743767303223 ], [ -156.604768020414326, 20.808813317112353 ], [ -156.604927454924308, 20.808923455761239 ], [ -156.605101575183909, 20.809000116076934 ], [ -156.605276452770028, 20.809075050357073 ], [ -156.605459018494543, 20.809132456446317 ], [ -156.605642242860426, 20.809188362652993 ], [ -156.605826727635531, 20.809241393996363 ], [ -156.606010786176142, 20.809295397138364 ], [ -156.606190504287781, 20.809359297672312 ], [ -156.606353206094781, 20.809461992236386 ], [ -156.606503901681691, 20.809592058464769 ], [ -156.60667119358888, 20.809684287065913 ], [ -156.606866775291707, 20.809712021472198 ], [ -156.607065353703746, 20.809732923918517 ], [ -156.607216196672994, 20.80986265483039 ], [ -156.607391257794518, 20.809937174296817 ], [ -156.607549407461136, 20.810050248305842 ], [ -156.607714407255202, 20.810147708431195 ], [ -156.607892070139656, 20.810216294058471 ], [ -156.608063552109257, 20.81029876707322 ], [ -156.608395727097417, 20.81037358160275 ], [ -156.60858440217325, 20.810415262025277 ], [ -156.608777897745938, 20.810409873272139 ], [ -156.608971320811946, 20.810405184912948 ], [ -156.609164359982742, 20.810404255557113 ], [ -156.609347173228002, 20.81050316997916 ], [ -156.609533975923739, 20.8105631278485 ], [ -156.609728201778807, 20.810550605540822 ], [ -156.609927761646077, 20.810486007713624 ], [ -156.610113647346708, 20.810554925226636 ], [ -156.610306992286354, 20.810551007241731 ], [ -156.610509008385037, 20.810462423328186 ], [ -156.610704537064748, 20.810437187649867 ], [ -156.610893438040051, 20.810476660912499 ], [ -156.611081106397222, 20.810528173570422 ], [ -156.611266234684564, 20.810604487484774 ], [ -156.611457578639687, 20.810620112713227 ], [ -156.611645329367093, 20.810587633928581 ], [ -156.611929099795333, 20.810604159022986 ], [ -156.612129243245533, 20.810672411608106 ], [ -156.612320129361478, 20.810652379285681 ], [ -156.612512767210006, 20.810649045842318 ], [ -156.612696446165756, 20.810560281502916 ], [ -156.612879564732225, 20.810466170638499 ], [ -156.613070719377362, 20.810448704789923 ], [ -156.613264058411374, 20.810452058791931 ], [ -156.613451382962637, 20.810442347381773 ], [ -156.61378328175482, 20.810378447779168 ], [ -156.614020556858662, 20.81040251049998 ], [ -156.614226961857042, 20.810376815315681 ], [ -156.614354529582357, 20.810224053012089 ], [ -156.614513995693528, 20.81012270498783 ], [ -156.614674349512796, 20.810022786852105 ], [ -156.6148435820987, 20.809937179958602 ], [ -156.615009099956211, 20.809845584902444 ], [ -156.615178308773011, 20.809759939387583 ], [ -156.61531214557678, 20.80961728400095 ], [ -156.61547194111165, 20.809516466000865 ], [ -156.615710890049428, 20.809543226052945 ], [ -156.615936055955558, 20.80954777000801 ], [ -156.616041429250544, 20.809359237794986 ], [ -156.616185925455682, 20.809233762180689 ], [ -156.616355025279262, 20.80914794320266 ], [ -156.616487660696748, 20.809003351177946 ], [ -156.616626515903107, 20.808868784787887 ], [ -156.61678810157639, 20.808770854607378 ], [ -156.61695607479129, 20.808683218721942 ], [ -156.617119347867344, 20.808588007998587 ], [ -156.617295315681474, 20.808513258474918 ], [ -156.617477702012053, 20.808448853299417 ], [ -156.617668527171531, 20.808398049648638 ], [ -156.617872358206796, 20.808368207179441 ], [ -156.61807414265391, 20.808335066270278 ], [ -156.618194979725843, 20.80826320055592 ], [ -156.618378895770178, 20.808323136723526 ], [ -156.618582288159359, 20.808349317403177 ], [ -156.618795216301692, 20.808358972699331 ], [ -156.619000138061978, 20.808382503970222 ], [ -156.619215208834419, 20.808381829314577 ], [ -156.619317896163381, 20.808429469929454 ], [ -156.619466780841634, 20.808543542652163 ], [ -156.619605757163072, 20.808669027929017 ], [ -156.619708340561459, 20.808836433360913 ], [ -156.619819325607438, 20.808994161481504 ], [ -156.619933551162092, 20.809148156393 ], [ -156.620021290384358, 20.809332660648227 ], [ -156.620140352821863, 20.809481085189233 ], [ -156.620226654883396, 20.809659467856967 ], [ -156.620899775927313, 20.810010710940347 ], [ -156.621099708230588, 20.809939733226738 ], [ -156.621511993636318, 20.809753474880285 ], [ -156.621694030547388, 20.809690723666971 ], [ -156.621859139018312, 20.809554714555514 ], [ -156.621894143567886, 20.809449910451761 ], [ -156.622093875871116, 20.809446940807589 ], [ -156.622297686732111, 20.809429714958505 ], [ -156.622479541220173, 20.80948923459086 ], [ -156.622658120171423, 20.809540421786913 ] ] } },
{ "type": "Feature", "properties": { "objectid": 244, "island": "Maui", "st_lengthshape": 3205.5649657847039 }, "geometry": { "type": "LineString", "coordinates": [ [ -156.622900834506538, 20.809772943725722 ], [ -156.623005650014221, 20.809927759957944 ], [ -156.623103188750491, 20.810088901891362 ], [ -156.623227450169395, 20.810226815307502 ], [ -156.623334058751965, 20.810380074191087 ], [ -156.623506276170048, 20.810476306152381 ], [ -156.623576744722044, 20.810660976794111 ], [ -156.623736265393404, 20.810768245088827 ], [ -156.623886335190576, 20.810883727772925 ], [ -156.624037937719976, 20.810997878893904 ], [ -156.624149039060768, 20.811147231862098 ], [ -156.624283776681125, 20.811276041323488 ], [ -156.624419852308506, 20.811403688115043 ], [ -156.624583851221956, 20.811501976949081 ], [ -156.624737500481643, 20.811580224607649 ], [ -156.624871773417993, 20.811710675210133 ], [ -156.625014485429858, 20.811831688005554 ], [ -156.625177263979424, 20.811930260126424 ], [ -156.625326071210623, 20.812044457316677 ], [ -156.625480135723024, 20.812152774643867 ], [ -156.625630725405955, 20.812264978992292 ], [ -156.625845646114101, 20.81230523824323 ], [ -156.626006238118435, 20.812406255399441 ], [ -156.626152452175177, 20.812523353501497 ], [ -156.626295971475287, 20.812643465417761 ], [ -156.626445961133413, 20.812756340783231 ], [ -156.626597105449378, 20.812867925380115 ], [ -156.62666091819969, 20.813035931968415 ], [ -156.626665501145055, 20.813236438246797 ], [ -156.626670322130224, 20.813436829525148 ], [ -156.626737170745315, 20.813607484202048 ], [ -156.626776263277037, 20.813783104820121 ], [ -156.626914828383264, 20.814068734718571 ], [ -156.627013266396489, 20.814224631903276 ], [ -156.6271225153275, 20.814373197355078 ], [ -156.627238471995696, 20.814517215995021 ], [ -156.627354012433699, 20.81466151777078 ], [ -156.627465195623955, 20.814808772482984 ], [ -156.627590756102592, 20.814946279593563 ], [ -156.627707990105762, 20.815089432525863 ], [ -156.627828425709737, 20.815230414644947 ], [ -156.627940705668948, 20.815376926674492 ], [ -156.628041971810291, 20.81552424520142 ], [ -156.628125612420149, 20.815634658778968 ], [ -156.628222397548313, 20.815800573032625 ], [ -156.628273996732077, 20.815975019264219 ], [ -156.628318844577393, 20.81615074010416 ], [ -156.628378952366859, 20.816323580236691 ], [ -156.628379613961641, 20.816507643753305 ], [ -156.628316247866195, 20.816703797324035 ], [ -156.628236186407378, 20.816903102439582 ], [ -156.628209271569176, 20.817092372953876 ], [ -156.628201189334618, 20.817278088017282 ], [ -156.62819518866138, 20.817463410183027 ], [ -156.628180695835994, 20.817650335026823 ], [ -156.628199930656308, 20.817830892756739 ], [ -156.628222102506953, 20.818010895153872 ], [ -156.628248677475227, 20.818190066324618 ], [ -156.628287198925165, 20.818366981888722 ], [ -156.62832603254202, 20.81854383855886 ], [ -156.628359616411132, 20.818721686303995 ], [ -156.628422075338392, 20.818894082221458 ], [ -156.628515134638462, 20.819060700702924 ], [ -156.628597190669836, 20.819229396386238 ], [ -156.628668302139516, 20.819400159260777 ], [ -156.628610956230403, 20.819595175270241 ], [ -156.628669393061358, 20.819768330884223 ], [ -156.628722768944698, 20.819942442260093 ], [ -156.628779553986647, 20.820115909104217 ], [ -156.628844716765627, 20.82028779512871 ], [ -156.628943931643221, 20.820453251599197 ], [ -156.629071164734, 20.820613417639255 ], [ -156.629172858585065, 20.820778405339066 ], [ -156.629247541548239, 20.820948471597717 ], [ -156.629382245909852, 20.821244909917869 ], [ -156.629441726130381, 20.821419785571749 ], [ -156.62950375728397, 20.821593379928345 ], [ -156.629575090648189, 20.821762297186943 ], [ -156.62966737973278, 20.821920680046127 ], [ -156.629754604110957, 20.822081608802353 ], [ -156.629827907943337, 20.822249535565131 ], [ -156.629922122058048, 20.822406950749933 ], [ -156.629975662223046, 20.822584813422647 ], [ -156.630074049016315, 20.822740131704901 ], [ -156.630141617674326, 20.822910941797307 ], [ -156.630237921556642, 20.823067306676627 ], [ -156.630318695910404, 20.823231478096037 ], [ -156.630417444535141, 20.82338661341446 ], [ -156.630497109799961, 20.823551343744569 ], [ -156.630581849857663, 20.823713521913618 ], [ -156.630674495341452, 20.823871726003023 ], [ -156.630810524132613, 20.824008120180078 ], [ -156.630906742193588, 20.824164528743463 ], [ -156.63099386928198, 20.824325507172837 ], [ -156.631134863033282, 20.824459405269874 ], [ -156.631183826130552, 20.824639570285079 ], [ -156.63128019305023, 20.824795903996389 ], [ -156.631359587852785, 20.82496077026607 ], [ -156.631468265195963, 20.825110915156678 ], [ -156.631599191976989, 20.825245090059109 ], [ -156.63183426382389, 20.825540080022044 ], [ -156.631976421164438, 20.825661535820672 ], [ -156.632090112720959, 20.825811836395665 ], [ -156.632227271789503, 20.825938357408148 ], [ -156.632358144127124, 20.826071248815701 ], [ -156.632498343703077, 20.826194688179566 ], [ -156.632631666087775, 20.826325097505006 ], [ -156.632771199549808, 20.82644921285382 ], [ -156.632873417431227, 20.826611140457889 ], [ -156.632993647374263, 20.826754816164929 ], [ -156.63311803892077, 20.826894275388998 ], [ -156.633248866984189, 20.827027212578695 ], [ -156.633414057931304, 20.827125330525579 ], [ -156.633559107777558, 20.827243857003243 ], [ -156.633696594361936, 20.827370047439402 ], [ -156.633889310263839, 20.827440274859558 ], [ -156.634119129380679, 20.827472905954398 ], [ -156.634284106736544, 20.827571240525238 ], [ -156.634411150798456, 20.827708013024992 ], [ -156.634546474904795, 20.827836395294273 ], [ -156.634682670744695, 20.82796389463368 ], [ -156.634835400086189, 20.828074641174069 ], [ -156.634971401214983, 20.828202337193449 ], [ -156.635118722397237, 20.828318564128377 ], [ -156.635208445217017, 20.828493155218688 ], [ -156.635364782553921, 20.82860024523583 ], [ -156.635450644025099, 20.828778749824796 ], [ -156.635571436347135, 20.82892185838551 ], [ -156.635690035956912, 20.829067189607937 ], [ -156.635802670882015, 20.829218564420877 ], [ -156.635970161406959, 20.829314353299726 ], [ -156.636105380893952, 20.829442844166458 ], [ -156.636289332946092, 20.829521953892449 ], [ -156.636457450686464, 20.829617108059583 ], [ -156.63661079298484, 20.829727235914433 ], [ -156.636759312473743, 20.829842249187209 ], [ -156.63686466270704, 20.830001007020634 ], [ -156.637039270359992, 20.830089585142609 ], [ -156.637140120033337, 20.830252904138295 ], [ -156.637240005698146, 20.830417199485211 ], [ -156.63737446798811, 20.830546458351282 ], [ -156.637501199143713, 20.830683551519733 ], [ -156.637675307322041, 20.830772636904602 ], [ -156.637833396729008, 20.830877953965992 ], [ -156.637984239047, 20.83099061623669 ], [ -156.63812746834833, 20.831110991631363 ], [ -156.638278718107472, 20.831223240300496 ], [ -156.638478644777223, 20.83128616419895 ], [ -156.638609737073608, 20.831418838793677 ], [ -156.638800491377992, 20.831491056945051 ], [ -156.638919321529016, 20.831636157414763 ], [ -156.639084921588221, 20.83173386532161 ], [ -156.639240795715466, 20.831841428980947 ], [ -156.63938365600589, 20.831962179442666 ], [ -156.639523703888585, 20.832085779757666 ], [ -156.639705446660628, 20.832162210841979 ] ] } },
{ "type": "Feature", "properties": { "objectid": 245, "island": "Maui", "st_lengthshape": 1504.1003962497123 }, "geometry": { "type": "LineString", "coordinates": [ [ -156.640223633932607, 20.832963093720672 ], [ -156.64042843415902, 20.832979033391684 ], [ -156.640588325065863, 20.833083298469212 ], [ -156.640759772998251, 20.83316483501449 ], [ -156.640912976770636, 20.833282254808946 ], [ -156.641117383240243, 20.833298967565817 ], [ -156.64129578088469, 20.833366834804181 ], [ -156.641468005436195, 20.833446845375274 ], [ -156.641654573324757, 20.833498642897229 ], [ -156.64183554643725, 20.833549445734509 ], [ -156.642202205176744, 20.833586566080623 ], [ -156.64236346880503, 20.833720611660009 ], [ -156.642557263264166, 20.83373769950763 ], [ -156.642736956251696, 20.833805490154262 ], [ -156.642920753053062, 20.833858521462165 ], [ -156.6431053995544, 20.833908501274525 ], [ -156.643290194796322, 20.833957943848304 ], [ -156.643473292952592, 20.834013492496549 ], [ -156.643655082810511, 20.834073743883376 ], [ -156.643837318524476, 20.834132390256169 ], [ -156.644018634552765, 20.834194346863214 ], [ -156.644199213075098, 20.834258956115359 ], [ -156.644382088246573, 20.834315304454943 ], [ -156.644572799003356, 20.834343481772052 ], [ -156.644778511180363, 20.834317722615587 ], [ -156.644980960409669, 20.834303691760063 ], [ -156.645173334828939, 20.834325888994531 ], [ -156.645353214154198, 20.834393012277172 ], [ -156.645525430292935, 20.83448769099061 ], [ -156.645710009596542, 20.834537911909422 ], [ -156.645888206609328, 20.834611086983958 ], [ -156.646069726757418, 20.834672311992328 ], [ -156.646259261928094, 20.834694736319214 ], [ -156.646347738818037, 20.834707258001227 ], [ -156.646488062043886, 20.83483105749939 ], [ -156.646635767296999, 20.834946511595376 ], [ -156.646761140614842, 20.835087214776831 ], [ -156.646833483424871, 20.835287875035341 ], [ -156.646989472654838, 20.8353939638199 ], [ -156.64715750866344, 20.835486430845087 ], [ -156.64734220037758, 20.835560067622822 ], [ -156.647482182025726, 20.835684255444555 ], [ -156.647627821719652, 20.835799591029524 ], [ -156.647838052003152, 20.83582433881887 ], [ -156.647939622429703, 20.835977626463947 ], [ -156.647956456317075, 20.836179404032414 ], [ -156.648036822764254, 20.836344824916694 ], [ -156.64813767845672, 20.83649852166111 ], [ -156.648278617043474, 20.836629281549271 ], [ -156.648450358827802, 20.836742414980186 ], [ -156.648488508247681, 20.836931994823637 ], [ -156.648619447676168, 20.837068476802813 ], [ -156.648740241131208, 20.837210764804087 ], [ -156.648826383189203, 20.837372882044001 ], [ -156.648941945494158, 20.837518163826669 ], [ -156.64906314082171, 20.837660222382439 ], [ -156.649173101776142, 20.837808708677208 ], [ -156.649310251046018, 20.837941638155598 ], [ -156.649400892978207, 20.838101180162418 ], [ -156.649452094630874, 20.83828329237523 ], [ -156.649521056484474, 20.838455241181233 ], [ -156.649568108370147, 20.838639727313979 ], [ -156.649605050868928, 20.838829999322069 ], [ -156.649769763778949, 20.838947155639136 ], [ -156.649819239001857, 20.839130255461264 ], [ -156.649909867532216, 20.83928980612751 ], [ -156.650052717497402, 20.83941947316044 ], [ -156.650228130144427, 20.839530507258097 ], [ -156.650349743968718, 20.839672327033398 ], [ -156.650457445460006, 20.839822107307633 ], [ -156.65056921643864, 20.840180972278514 ], [ -156.650647079282976, 20.84034782802371 ], [ -156.650740728330902, 20.840505650808897 ] ] } },
{ "type": "Feature", "properties": { "objectid": 246, "island": "Maui", "st_lengthshape": 1738.3477218246526 }, "geometry": { "type": "LineString", "coordinates": [ [ -156.651568069748009, 20.841607872422987 ], [ -156.651727988466519, 20.841715473491686 ], [ -156.651936519318667, 20.841781866700916 ], [ -156.652091957022407, 20.841893267283446 ], [ -156.652243566646035, 20.842007912141849 ], [ -156.652351779001691, 20.842159346476866 ], [ -156.652440913144829, 20.842326954869403 ], [ -156.652491497369311, 20.842527242887893 ], [ -156.652557622858382, 20.842714355946796 ], [ -156.652699516243757, 20.843005211853004 ], [ -156.652721817385952, 20.843189893593784 ], [ -156.652811544414277, 20.843351294559927 ], [ -156.652906944525995, 20.843510736978679 ], [ -156.653003542362256, 20.843669766847675 ], [ -156.653080318026156, 20.84383563976164 ], [ -156.653146879865886, 20.84400503976331 ], [ -156.653228046208568, 20.844169397068022 ], [ -156.653313262191205, 20.84433235600962 ], [ -156.653343844642791, 20.844514178528648 ], [ -156.653244990367, 20.844740692063109 ], [ -156.6532274665648, 20.844939124307306 ], [ -156.653246894303749, 20.845124237098183 ], [ -156.653432033232519, 20.845639461667592 ], [ -156.653537018867297, 20.845792361109542 ], [ -156.653673662940463, 20.845920336968476 ], [ -156.653949079638693, 20.845939060266296 ], [ -156.654075937150907, 20.84607474075943 ], [ -156.654197487061026, 20.846214600723663 ], [ -156.654302684870146, 20.846367334729102 ], [ -156.654431760314225, 20.846501269175793 ], [ -156.654597452921905, 20.846606377238064 ], [ -156.654768172557709, 20.846707526597303 ], [ -156.65491205672069, 20.846829803462576 ], [ -156.6550392746787, 20.846965201139472 ], [ -156.655075775492975, 20.847172019602212 ], [ -156.655002087628304, 20.847465588950193 ], [ -156.655118211988309, 20.84760972117201 ], [ -156.655242578417813, 20.847747364312625 ], [ -156.65543609392941, 20.847830568298701 ], [ -156.655639134251373, 20.8479062720819 ], [ -156.655854377554874, 20.847972370359159 ], [ -156.656062187400209, 20.848044319246405 ], [ -156.656185939479798, 20.848182447328 ], [ -156.656298059866344, 20.848329731547164 ], [ -156.656374575659612, 20.8485050480548 ], [ -156.656428252658401, 20.848698345965484 ], [ -156.65656925951933, 20.848822889474725 ], [ -156.656705582125909, 20.848951120773062 ], [ -156.656806974029934, 20.849106852730454 ], [ -156.656928517134759, 20.849246720952518 ], [ -156.65691067588844, 20.849496324137572 ], [ -156.657050397256796, 20.849621880072167 ], [ -156.657197142204808, 20.849741907181627 ], [ -156.657355316157208, 20.849852935868324 ], [ -156.657512849467395, 20.849964469472514 ], [ -156.657654528446216, 20.850088484144585 ], [ -156.657759194464717, 20.850241639924729 ], [ -156.657866170368493, 20.850392976991245 ], [ -156.657983743777265, 20.850535970696988 ], [ -156.658215445729496, 20.850589111203419 ], [ -156.658375112005984, 20.850691532096647 ], [ -156.658588240647674, 20.85083971123025 ], [ -156.658754632973228, 20.850936543868681 ], [ -156.658922912158062, 20.851031457079618 ], [ -156.659044683741627, 20.851173668693466 ], [ -156.659221441962586, 20.851259960059373 ], [ -156.659364114275576, 20.851380915944908 ], [ -156.659501934084005, 20.851506808064865 ], [ -156.659655715789654, 20.851616466353924 ], [ -156.659777594910508, 20.851758569736898 ], [ -156.659878547600584, 20.851921957209132 ], [ -156.659969520781118, 20.852095494419629 ], [ -156.660036926410015, 20.852292999538925 ], [ -156.660033302808813, 20.85256274263514 ], [ -156.660092392063348, 20.852768704543124 ], [ -156.660298479078676, 20.852825169390766 ], [ -156.66051032767956, 20.852875774542987 ], [ -156.660695365393082, 20.852953646101888 ], [ -156.6609746889728, 20.852935626464273 ] ] } },
{ "type": "Feature", "properties": { "objectid": 247, "island": "Maui", "st_lengthshape": 882.32940798302207 }, "geometry": { "type": "LineString", "coordinates": [ [ -156.661828053532645, 20.853888914002436 ], [ -156.66196878041336, 20.854011909373416 ], [ -156.662098168864617, 20.854145897462367 ], [ -156.662241388072658, 20.854266475909736 ], [ -156.662364876494934, 20.854406185101332 ], [ -156.66251336075598, 20.854521659194738 ], [ -156.662678130590081, 20.85462134244737 ], [ -156.66280957512754, 20.854753337217677 ], [ -156.662930271239276, 20.854895754903399 ], [ -156.663058752309126, 20.855030624878729 ], [ -156.663185928697601, 20.855166758336281 ], [ -156.663330222552361, 20.855286296863039 ], [ -156.663470430205592, 20.855409796103178 ], [ -156.663579626860439, 20.855563363954385 ], [ -156.663718605135756, 20.855688055376689 ], [ -156.663861465280831, 20.855808983555388 ], [ -156.663996423870287, 20.855937573309905 ], [ -156.664147961615072, 20.856050088053621 ], [ -156.664293408914148, 20.856168508346318 ], [ -156.664421863999394, 20.856303404200645 ], [ -156.664535941606971, 20.856452240455592 ], [ -156.664658027536944, 20.856593311649686 ], [ -156.664777869542519, 20.85673655912019 ], [ -156.66490685119004, 20.8568709462402 ], [ -156.665038277165934, 20.857002961903156 ], [ -156.665178078187324, 20.85712685715794 ], [ -156.665325830004576, 20.857243043388866 ], [ -156.665461021274979, 20.857371409592492 ], [ -156.665594299276648, 20.857501629683092 ], [ -156.665735022848565, 20.857624632313897 ], [ -156.665883298358494, 20.857740310555631 ], [ -156.666028488266875, 20.857858981634227 ], [ -156.666170760328185, 20.857980482593664 ], [ -156.666290925275831, 20.858114609511539 ], [ -156.666548623516434, 20.858364671244779 ], [ -156.666685796664268, 20.858501885230012 ], [ -156.666833210299274, 20.858622654862884 ], [ -156.666992465295323, 20.858724403964619 ], [ -156.6671613155047, 20.858810743741934 ], [ -156.667333330094351, 20.858892001887277 ], [ -156.667510768907476, 20.858964548366338 ], [ -156.667677359870396, 20.859054517708906 ], [ -156.667855995992966, 20.859125140496928 ], [ -156.66800807868654, 20.859238411910802 ] ] } },
{ "type": "Feature", "properties": { "objectid": 248, "island": "Maui", "st_lengthshape": 1546.3263408069697 }, "geometry": { "type": "LineString", "coordinates": [ [ -156.669114050232338, 20.859578689280045 ], [ -156.669224748906487, 20.859726371598786 ], [ -156.669342396210567, 20.859869715603608 ], [ -156.669488882151313, 20.859995055190943 ], [ -156.669591061392396, 20.860141650525481 ], [ -156.66968368416326, 20.860289150505544 ], [ -156.669698002176261, 20.860469456107211 ], [ -156.669784290980175, 20.86064134066768 ], [ -156.669744155462098, 20.860825854927274 ], [ -156.66959861683759, 20.861086846735947 ], [ -156.669573624933378, 20.861275580213736 ], [ -156.669519477162083, 20.861469733752614 ], [ -156.669647589503086, 20.861630000997067 ], [ -156.669783185154188, 20.861781854634536 ], [ -156.669962563944722, 20.862080964592192 ], [ -156.670004171502228, 20.862272861863268 ], [ -156.670100017899188, 20.862420371315661 ], [ -156.670319972805004, 20.862733778457049 ], [ -156.670427787163419, 20.862902191274927 ], [ -156.670804067821223, 20.863028976838127 ], [ -156.670971587407479, 20.863119330845652 ], [ -156.671144322419565, 20.863202863867841 ], [ -156.671317099773773, 20.863286343125154 ], [ -156.671499608601266, 20.863357098407093 ], [ -156.671686397390118, 20.863422258862574 ], [ -156.671848938164516, 20.86351912281037 ], [ -156.672023177234962, 20.86360069155295 ], [ -156.672182535840705, 20.863701714559074 ], [ -156.672364477951334, 20.863773211683291 ], [ -156.672572695985821, 20.863810354073209 ], [ -156.672769848006567, 20.863858379662112 ], [ -156.6728938208486, 20.863888830995162 ], [ -156.673034289042533, 20.864013780955876 ], [ -156.67316101255642, 20.864137712176568 ], [ -156.673236867331696, 20.864229752985214 ], [ -156.67333066321433, 20.864387425439418 ], [ -156.673391829562263, 20.864563270705244 ], [ -156.673450289471106, 20.864740624213585 ], [ -156.673501154095533, 20.864922207998543 ], [ -156.673587257338284, 20.86508416530873 ], [ -156.673660186526291, 20.865253459251939 ], [ -156.673719258407658, 20.865430472460435 ], [ -156.67379741396033, 20.865596856575021 ], [ -156.673876819764274, 20.86576254337869 ], [ -156.673965541231524, 20.865923042566827 ], [ -156.67406507151378, 20.866069857148698 ], [ -156.674260217808666, 20.8662876912658 ], [ -156.674390360477645, 20.866420553986906 ], [ -156.674521416957333, 20.866552610913395 ], [ -156.674635691369417, 20.866699456823717 ], [ -156.674734524819968, 20.866859910771158 ], [ -156.674889136246492, 20.866971209392201 ], [ -156.675028608652724, 20.867095850115863 ], [ -156.675167900127008, 20.867220650826862 ], [ -156.67531727137856, 20.867336567268882 ], [ -156.675469686490828, 20.867449801456253 ], [ -156.675639179126961, 20.867541000025614 ], [ -156.675701427876618, 20.867556593185085 ], [ -156.675748119038758, 20.867739514995517 ], [ -156.675933407597171, 20.867847980602704 ], [ -156.675968997043498, 20.868036866778404 ], [ -156.676091287269998, 20.868179176581442 ], [ -156.676159018711161, 20.868350795743297 ], [ -156.676211995927986, 20.868530342512074 ], [ -156.676314270052984, 20.868683405217517 ], [ -156.676381435187494, 20.868855329072179 ], [ -156.676442182359835, 20.869030700139263 ], [ -156.676512417788103, 20.869200975218771 ], [ -156.67659531910067, 20.869364445609598 ], [ -156.676659989228767, 20.869537709895493 ], [ -156.676710080387863, 20.869718806679611 ], [ -156.676821871042506, 20.869866757314991 ], [ -156.676928448918829, 20.870017508690886 ], [ -156.677046153396958, 20.870156284480487 ] ] } },
{ "type": "Feature", "properties": { "objectid": 249, "island": "Maui", "st_lengthshape": 383.57545850771845 }, "geometry": { "type": "LineString", "coordinates": [ [ -156.677725883721536, 20.874018486882328 ], [ -156.677644840063692, 20.87426821286769 ], [ -156.677804004006077, 20.874388857141788 ], [ -156.678119778880841, 20.874649831708396 ], [ -156.678298688484347, 20.87474607678363 ], [ -156.678562248931172, 20.874777945049971 ], [ -156.678785668725567, 20.874840340966816 ], [ -156.679016438328006, 20.874897146433572 ], [ -156.679200270970881, 20.874989646704798 ], [ -156.679350339513348, 20.875107825605326 ], [ -156.679478983704342, 20.875242295819927 ], [ -156.679597288124171, 20.875384630922433 ], [ -156.679743054577983, 20.875506080587279 ], [ -156.679949520514214, 20.875581368651368 ], [ -156.679984282358163, 20.87578723713262 ], [ -156.680187293724089, 20.875865152823799 ], [ -156.680298431490286, 20.876012938455869 ] ] } },
{ "type": "Feature", "properties": { "objectid": 250, "island": "Maui", "st_lengthshape": 20.000397744153283 }, "geometry": { "type": "LineString", "coordinates": [ [ -156.680778801355416, 20.876916836713114 ], [ -156.680657932994791, 20.876776451424558 ] ] } },
{ "type": "Feature", "properties": { "objectid": 251, "island": "Maui", "st_lengthshape": 1061.6731656269324 }, "geometry": { "type": "LineString", "coordinates": [ [ -156.681633205773579, 20.878548183564675 ], [ -156.6817596128123, 20.878684803776789 ], [ -156.681873986326366, 20.87883277157303 ], [ -156.681993252346075, 20.87897612527885 ], [ -156.682656018547362, 20.879630254879363 ], [ -156.68283327961268, 20.879718923336959 ], [ -156.682947405862421, 20.879866340865185 ], [ -156.683157838028137, 20.879989606412014 ], [ -156.683327307764046, 20.880077500582278 ], [ -156.683508142961671, 20.880150586417134 ], [ -156.683637842742399, 20.880290288749809 ], [ -156.683781772803286, 20.880411453300447 ], [ -156.683958238837107, 20.880490232668663 ], [ -156.684158560009962, 20.880537935103685 ], [ -156.684336408832309, 20.880614913247438 ], [ -156.684558032147919, 20.880634865811917 ], [ -156.684824746482775, 20.88059607572934 ], [ -156.685070037400607, 20.880585195644731 ], [ -156.685315455806119, 20.880574147162207 ], [ -156.685536521467782, 20.880594825068698 ], [ -156.685713950609085, 20.88067234970886 ], [ -156.68586065646943, 20.880789899314713 ], [ -156.686003452643746, 20.880912542223925 ], [ -156.686149456030591, 20.881031005900212 ], [ -156.686294194872687, 20.881151119336209 ], [ -156.686433976974484, 20.881277688127557 ], [ -156.686583870359556, 20.881391086690446 ], [ -156.686739895529257, 20.881496496882026 ], [ -156.686890966893714, 20.88160835884981 ], [ -156.687049857290475, 20.881710037433454 ], [ -156.687207360633295, 20.88181352213174 ], [ -156.687355877280254, 20.881923470881425 ], [ -156.6874352834474, 20.881963171110577 ], [ -156.68754639136634, 20.882110575893602 ], [ -156.687641175974932, 20.882268300819195 ], [ -156.687462375091343, 20.882513507671661 ], [ -156.687364426974369, 20.882675920794998 ], [ -156.687233499131651, 20.882830108977831 ], [ -156.687165748453225, 20.883000051767244 ], [ -156.687042188682767, 20.883156076872414 ], [ -156.686997344495182, 20.883261678384031 ], [ -156.686870094918646, 20.883398053256784 ], [ -156.686713683971021, 20.883514602089086 ], [ -156.686557817687401, 20.883631521144686 ], [ -156.686396464155195, 20.883744708517934 ], [ -156.686262070974493, 20.883876227226281 ], [ -156.686153594023693, 20.884025366065842 ], [ -156.686138158528024, 20.884229623408359 ] ] } },
{ "type": "Feature", "properties": { "objectid": 252, "island": "Maui", "st_lengthshape": 968.15192270943771 }, "geometry": { "type": "LineString", "coordinates": [ [ -156.685499998619434, 20.885774787113547 ], [ -156.685398750054304, 20.885929124340151 ], [ -156.685311061641926, 20.886089825424452 ], [ -156.685257637470073, 20.886266606484085 ], [ -156.685200357027611, 20.886441577099209 ], [ -156.685116775102131, 20.886604205619648 ], [ -156.684972946247427, 20.886737214302272 ], [ -156.684861843350035, 20.887014353376149 ], [ -156.684818087047006, 20.887190295329255 ], [ -156.684758256048468, 20.887363221934034 ], [ -156.68469896336137, 20.88753624971098 ], [ -156.684646601668135, 20.887710576888157 ], [ -156.684608842739493, 20.887887644787842 ], [ -156.684560948539058, 20.888062811749315 ], [ -156.684532234191408, 20.888241576119544 ], [ -156.684538003651653, 20.888423643182048 ], [ -156.684565793334627, 20.888680914327697 ], [ -156.684599471972319, 20.8888611714933 ], [ -156.684611856711996, 20.889041644944225 ], [ -156.684625198994581, 20.889217765251779 ], [ -156.684647990895513, 20.889438851375811 ], [ -156.684684740935865, 20.889616403150768 ], [ -156.684733005444286, 20.889791205898987 ], [ -156.684802144336089, 20.889961024114264 ], [ -156.684877716179471, 20.890129305827347 ], [ -156.684964644435638, 20.890294876977034 ], [ -156.685021138029583, 20.890467714204323 ], [ -156.68503072995307, 20.890651751067999 ], [ -156.685031877501501, 20.890833087275929 ], [ -156.685009799943771, 20.890875537287727 ], [ -156.685044390971171, 20.891053995304961 ], [ -156.685099778964428, 20.891230770979444 ], [ -156.685144826335375, 20.891408382729747 ], [ -156.685105011158925, 20.891591967901618 ], [ -156.685102656930979, 20.891590400870044 ], [ -156.68514258119626, 20.89177468699414 ], [ -156.685133014519096, 20.891955145695277 ], [ -156.685111504321867, 20.892126848521432 ], [ -156.685082048887182, 20.892220082097595 ], [ -156.685037977019959, 20.892395924824974 ], [ -156.684992647091804, 20.892571522923536 ], [ -156.684946226754363, 20.892746909366185 ], [ -156.684889363414186, 20.892920262460205 ], [ -156.684874022412288, 20.893101697589888 ], [ -156.684857671542943, 20.893282936618384 ], [ -156.684817748364139, 20.893459586752098 ], [ -156.684787154714144, 20.89363805373927 ], [ -156.684771092965718, 20.893819348126883 ], [ -156.684756198070545, 20.894000870528227 ], [ -156.684739935271551, 20.894181670028882 ] ] } },
{ "type": "Feature", "properties": { "objectid": 253, "island": "Maui", "st_lengthshape": 100.29084945126797 }, "geometry": { "type": "LineString", "coordinates": [ [ -156.684672869351658, 20.895342896752243 ], [ -156.684670470968939, 20.895525800301414 ], [ -156.684662202089726, 20.895709522798136 ], [ -156.684712248883187, 20.8958851082938 ], [ -156.684757984408236, 20.896061294563403 ], [ -156.684808323572241, 20.896230426493112 ] ] } },
{ "type": "Feature", "properties": { "objectid": 254, "island": "Maui", "st_lengthshape": 527.71124071082249 }, "geometry": { "type": "LineString", "coordinates": [ [ -156.684428239460743, 20.900579031009809 ], [ -156.68431879794764, 20.900744920660923 ], [ -156.684255263523937, 20.900918030061586 ], [ -156.684198681588668, 20.90108932469413 ], [ -156.684186823359482, 20.901477992338698 ], [ -156.684206031021603, 20.9016587116568 ], [ -156.684308588955219, 20.901823057718072 ], [ -156.684385653847158, 20.901987237833161 ], [ -156.684465886810614, 20.902270376166484 ], [ -156.684504403710093, 20.902451919819278 ], [ -156.684576361267517, 20.902619491022207 ], [ -156.684644895108136, 20.902788493137368 ], [ -156.684728313221171, 20.9029512747056 ], [ -156.684753755041413, 20.903138282267197 ], [ -156.684759672128706, 20.903333449453051 ], [ -156.684816926036433, 20.903507164105957 ], [ -156.684899234310876, 20.903670410086139 ], [ -156.684994062151958, 20.903828424758373 ], [ -156.685090898079977, 20.903985600610451 ], [ -156.685191975363978, 20.904141004383035 ], [ -156.685301816646472, 20.904292745933038 ], [ -156.685395520407013, 20.904451230125538 ], [ -156.685480358973393, 20.904613419341761 ], [ -156.685640405420287, 20.904744183003572 ], [ -156.685828520273304, 20.904857901244981 ] ] } },
{ "type": "Feature", "properties": { "objectid": 255, "island": "Maui", "st_lengthshape": 44.261956662662762 }, "geometry": { "type": "LineString", "coordinates": [ [ -156.686914351546477, 20.907271844418879 ], [ -156.686879201460414, 20.907493980456287 ], [ -156.686969813060671, 20.907646957952856 ] ] } },
{ "type": "Feature", "properties": { "objectid": 256, "island": "Maui", "st_lengthshape": 2528.8010230777099 }, "geometry": { "type": "LineString", "coordinates": [ [ -156.68749102667806, 20.908827889987368 ], [ -156.68749973722862, 20.909032918177207 ], [ -156.687505921777813, 20.909239351574193 ], [ -156.687547599281686, 20.909426036115665 ], [ -156.687652241824026, 20.909577689008017 ], [ -156.687822987755197, 20.909688829755968 ], [ -156.688034452661981, 20.909932282596788 ], [ -156.688090257832044, 20.910136285069548 ], [ -156.688249125197132, 20.910242108372156 ], [ -156.688383160134379, 20.910371588683294 ], [ -156.688439767575773, 20.910574827150885 ], [ -156.688542554360396, 20.910730534348556 ], [ -156.688780377570538, 20.911012527581523 ], [ -156.688905828099848, 20.911159846169113 ], [ -156.68905204293705, 20.911278780153818 ], [ -156.68923462873812, 20.911347993658353 ], [ -156.689424876201173, 20.911406733549722 ], [ -156.689629574101929, 20.911445720084497 ], [ -156.68981542526808, 20.91151046929415 ], [ -156.689995280942099, 20.911583415215961 ], [ -156.690203700579474, 20.911617313238736 ], [ -156.690368903191626, 20.911710291002546 ], [ -156.690582175203673, 20.911737555590431 ], [ -156.690773428003524, 20.91179492151084 ], [ -156.690952392298783, 20.911869086152972 ], [ -156.691141256238296, 20.911929717221561 ], [ -156.691321894512981, 20.912001595105696 ], [ -156.691489620064175, 20.912091123920614 ], [ -156.691654645454889, 20.912184343764057 ], [ -156.691823768223401, 20.91227196411646 ], [ -156.692002644376487, 20.912346249357647 ], [ -156.692172188649351, 20.912433294446366 ], [ -156.692331434263707, 20.912534416500499 ], [ -156.692469965487902, 20.912663857252511 ], [ -156.692597233138258, 20.912808696674741 ], [ -156.69273831697717, 20.912934649041507 ], [ -156.692872393467468, 20.91307017981902 ], [ -156.693021138155046, 20.913185659281503 ], [ -156.693187744165272, 20.913276721062115 ], [ -156.693411497745046, 20.913289657479901 ], [ -156.693573724280128, 20.91338670639858 ], [ -156.693706813477377, 20.913523588641379 ], [ -156.693843654547265, 20.913655342627468 ], [ -156.693988837431647, 20.913775692009697 ], [ -156.69413613357429, 20.913881866144404 ], [ -156.694140145691023, 20.913876044346971 ], [ -156.694321655212661, 20.91396605301215 ], [ -156.694455019324096, 20.914096286785842 ], [ -156.694579995956872, 20.914233527566655 ], [ -156.694718594098617, 20.914359388057026 ], [ -156.694859974740723, 20.914482924609143 ], [ -156.695001550316874, 20.914606298438997 ], [ -156.69512151917499, 20.914747723624643 ], [ -156.695242016853825, 20.914888707980062 ], [ -156.695357386326151, 20.915033976525486 ], [ -156.695488975607077, 20.915165694618846 ], [ -156.695620442473057, 20.915297513919697 ], [ -156.695750262197009, 20.915430030615319 ], [ -156.695841119633968, 20.915562710377426 ], [ -156.695910842986592, 20.915731048908274 ], [ -156.695962044116584, 20.915905706954092 ], [ -156.696015357283017, 20.916079643983561 ], [ -156.696065915175524, 20.916254521795523 ], [ -156.696082302518676, 20.916441057953325 ], [ -156.696086165090549, 20.916631867964124 ], [ -156.696078573312064, 20.916826586097333 ], [ -156.696116424046807, 20.917005798508232 ], [ -156.696159085160559, 20.917183370921663 ], [ -156.696203166389836, 20.917320924136657 ], [ -156.696186273481288, 20.917502235042608 ], [ -156.696162934249713, 20.917682241662401 ], [ -156.696179022739642, 20.917870226741709 ], [ -156.696126659828082, 20.918044361173749 ], [ -156.696149442713249, 20.918233699932202 ], [ -156.696179241997555, 20.918424459025687 ], [ -156.696149499303118, 20.918603170943484 ], [ -156.696122292707571, 20.918782394777129 ], [ -156.696106682296204, 20.918963964949043 ], [ -156.696075291359506, 20.919142343038875 ], [ -156.696038296215562, 20.919319586221867 ], [ -156.69600826946953, 20.919498240056473 ], [ -156.695994084451627, 20.919680099433013 ], [ -156.695973270033932, 20.919860616821055 ], [ -156.695953291036574, 20.920041303505737 ], [ -156.695939668255193, 20.920223277005103 ], [ -156.695942721860064, 20.920408624457373 ], [ -156.695942008998117, 20.920593209480074 ], [ -156.695922005820336, 20.92077389129588 ], [ -156.695854115498236, 20.92094488376096 ], [ -156.695817924278884, 20.921122289369904 ], [ -156.695781877622835, 20.921299724906721 ], [ -156.695737080105829, 20.921475389749499 ], [ -156.69568084313417, 20.921648740090607 ], [ -156.695608187183382, 20.921818767733228 ], [ -156.695549450088635, 20.921991611965652 ], [ -156.695534549394011, 20.922168851590982 ], [ -156.695458928796995, 20.922298544317471 ], [ -156.695369480918231, 20.922464273327417 ], [ -156.695332991779082, 20.9226417297943 ], [ -156.695258357067075, 20.922810738960393 ], [ -156.69522180252315, 20.922988181854791 ], [ -156.69518062038631, 20.923164598710173 ], [ -156.695129482883942, 20.923338812268181 ], [ -156.695069419619216, 20.923504271432982 ], [ -156.695011080854272, 20.92366970509099 ], [ -156.694926043063163, 20.923839456679492 ], [ -156.694880879800195, 20.924015461129613 ], [ -156.694837907328974, 20.924191809400277 ], [ -156.694805275709058, 20.924369779191114 ], [ -156.694784931398601, 20.924549675837486 ], [ -156.694760207074836, 20.924728885707662 ], [ -156.69474567981095, 20.924905928791084 ], [ -156.694749911447303, 20.925225451612189 ], [ -156.69476083362153, 20.925405910549678 ], [ -156.694780517553539, 20.925585551405135 ], [ -156.694801340167515, 20.925765085732124 ], [ -156.694833841628082, 20.925939092375366 ], [ -156.694925844190919, 20.926298911677815 ], [ -156.694989056867399, 20.926469991952125 ], [ -156.695051903108777, 20.926641221679148 ], [ -156.695132918739176, 20.926805054506961 ], [ -156.695244123860107, 20.926956594017213 ], [ -156.6953899024995, 20.927092186127823 ] ] } },
{ "type": "Feature", "properties": { "objectid": 257, "island": "Maui", "st_lengthshape": 3972.3880712531304 }, "geometry": { "type": "LineString", "coordinates": [ [ -156.694639514757171, 20.928710278500493 ], [ -156.694432101283724, 20.928801732809546 ], [ -156.694227545468294, 20.928894858128366 ], [ -156.694039514787448, 20.928997640397021 ], [ -156.69389457435787, 20.929125608601353 ], [ -156.69378954145381, 20.929276902049278 ], [ -156.693705048112548, 20.929440199702611 ], [ -156.693715571485512, 20.929659032569997 ], [ -156.693618627793882, 20.92981505326204 ], [ -156.693510623750683, 20.929964610427586 ], [ -156.693483104680581, 20.930157217228395 ], [ -156.693464753319603, 20.930348932950846 ], [ -156.693431715794901, 20.930532390642977 ], [ -156.693369786763554, 20.930704024553634 ], [ -156.693294130642187, 20.930870040253978 ], [ -156.693230052118281, 20.931040794376088 ], [ -156.693193296489795, 20.931222730680197 ], [ -156.693150901341596, 20.931402358441925 ], [ -156.693045450485783, 20.931554667782649 ], [ -156.693018207615495, 20.931753956900874 ], [ -156.692957053573338, 20.931926127505299 ], [ -156.692909136093618, 20.932101099446026 ], [ -156.692857824034348, 20.932275352704401 ], [ -156.692836269577782, 20.932455905999237 ], [ -156.692814052052796, 20.93263631937873 ], [ -156.692782693469809, 20.93281479675997 ], [ -156.692738651772771, 20.932990589486746 ], [ -156.692695187669955, 20.933166504686479 ], [ -156.692674139606794, 20.933347165003646 ], [ -156.692620129362979, 20.933514032823052 ], [ -156.692582547278647, 20.933713727346095 ], [ -156.692505694479905, 20.933892863444907 ], [ -156.692530874213588, 20.934073979209945 ], [ -156.692488979859206, 20.934253793105395 ], [ -156.692485052738476, 20.934434344491361 ], [ -156.692470361502444, 20.934614686157904 ], [ -156.692494460198702, 20.93479578097773 ], [ -156.69249448908181, 20.934976408440441 ], [ -156.692509165126751, 20.935157319813879 ], [ -156.692518498496952, 20.935338128214578 ], [ -156.692518273664064, 20.935518750431982 ], [ -156.692525702482271, 20.935699522229701 ], [ -156.692535460573254, 20.935880338175284 ], [ -156.692555957865721, 20.936061363500826 ], [ -156.692567298608481, 20.936242209881478 ], [ -156.692577048053437, 20.936423026607866 ], [ -156.692507010304411, 20.936602294469107 ], [ -156.692475600473074, 20.936782312395763 ], [ -156.692489020513705, 20.936963199535988 ], [ -156.692548624515268, 20.937144983239513 ], [ -156.692548566689993, 20.937325608589827 ], [ -156.69253782428811, 20.937506027091459 ], [ -156.692492585475549, 20.937685776645655 ], [ -156.692548822581301, 20.937867494945014 ], [ -156.692577224542703, 20.938048672339765 ], [ -156.692556680519687, 20.938228901343333 ], [ -156.692543355925721, 20.938409269541644 ], [ -156.692532371140288, 20.938589683835072 ], [ -156.69251869281166, 20.938770045428747 ], [ -156.69250229786573, 20.938950354009037 ], [ -156.69247152050238, 20.939130384022729 ], [ -156.692444373476917, 20.939310483906777 ], [ -156.692409794666361, 20.939486036749848 ], [ -156.692388767449188, 20.939621250715817 ], [ -156.692357022131063, 20.939799564479671 ], [ -156.692297095651952, 20.939974728264076 ], [ -156.69226976803327, 20.940153536117922 ], [ -156.692198719668369, 20.940327456698522 ], [ -156.692177846973408, 20.940506985781287 ], [ -156.69218232845563, 20.940689348468368 ], [ -156.692169537311742, 20.94086978064977 ], [ -156.692156401614852, 20.941050174750384 ], [ -156.692113638479299, 20.941227256583197 ], [ -156.692099306024716, 20.941407517077703 ], [ -156.692081744489315, 20.941587416004012 ], [ -156.692066432176205, 20.941767566600291 ], [ -156.692068661227296, 20.941949677538133 ], [ -156.692061533227246, 20.942130742569478 ], [ -156.692035514516078, 20.942309697140146 ], [ -156.691969012161621, 20.942484125100592 ], [ -156.691926491956877, 20.942661234481015 ], [ -156.691853472614923, 20.942834934827403 ], [ -156.691799382210462, 20.943010750649282 ], [ -156.691785880259744, 20.943188016125109 ], [ -156.691792695878064, 20.943388868093333 ], [ -156.691794796316429, 20.943569741907403 ], [ -156.69180658739262, 20.943751036753781 ], [ -156.691835693510114, 20.943933085198324 ], [ -156.691884825598237, 20.944116004298397 ], [ -156.691919624439066, 20.944298300457476 ], [ -156.69191566345205, 20.944478909815501 ], [ -156.691919119346522, 20.94465984260377 ], [ -156.691894579938065, 20.944839556657399 ], [ -156.691847936601022, 20.945018308692337 ], [ -156.691806281628345, 20.945197278126635 ], [ -156.691784338494244, 20.945377104940452 ], [ -156.691782869992863, 20.945557822950963 ], [ -156.691786227642268, 20.945738750770108 ], [ -156.691793153991398, 20.945919834353695 ], [ -156.691781786179547, 20.946100121258276 ], [ -156.691777620141551, 20.946280721467414 ], [ -156.691773992006858, 20.946461346111395 ], [ -156.691764022745559, 20.946641693471189 ], [ -156.691755814252332, 20.94682211884237 ], [ -156.691741137800307, 20.947002261597142 ], [ -156.691716600388332, 20.947181975563694 ], [ -156.691694580770076, 20.947354777566751 ], [ -156.691661983680717, 20.947398467809592 ], [ -156.69162768423692, 20.947577120375591 ], [ -156.691562355679736, 20.947747371933144 ], [ -156.691501261118816, 20.947918768916225 ], [ -156.691306242026911, 20.94800401218556 ], [ -156.691195975253834, 20.948151941927723 ], [ -156.691117886505111, 20.948320835694346 ], [ -156.691076015137952, 20.948513325456616 ], [ -156.690993029193578, 20.948679028364847 ], [ -156.690896979080037, 20.948836220308539 ], [ -156.690788346375854, 20.948985214813391 ], [ -156.690678691246404, 20.949133543400503 ], [ -156.690653438798989, 20.949336860441459 ], [ -156.690598708007713, 20.949520972779354 ], [ -156.690487072579913, 20.949668011040057 ], [ -156.690407931355793, 20.949836219129093 ], [ -156.690340917414971, 20.950012328531134 ], [ -156.690283446713551, 20.950194656243532 ], [ -156.690198170056078, 20.950354154515207 ], [ -156.690126112465805, 20.950553064433947 ], [ -156.690005029242258, 20.950696272781329 ], [ -156.689861854513055, 20.950816800329253 ], [ -156.689720577066652, 20.950939274170576 ], [ -156.689575487350737, 20.951057836704319 ], [ -156.689428452636008, 20.951174400539244 ], [ -156.689285122753375, 20.95129476829506 ], [ -156.689129679037762, 20.951402699674272 ], [ -156.688969192836453, 20.951505453253478 ], [ -156.688810959726936, 20.951610520943543 ], [ -156.688686528022089, 20.951750291938083 ], [ -156.688544155697286, 20.951871642699977 ], [ -156.688363291312271, 20.951953475410722 ], [ -156.68822271686895, 20.952071653557095 ], [ -156.688036897621004, 20.952311288960555 ], [ -156.687922123095518, 20.952456984924268 ], [ -156.687808799693528, 20.9526038834274 ], [ -156.687697211262019, 20.952752217689749 ], [ -156.68758240093274, 20.952897883982839 ], [ -156.687457726015452, 20.953035382203986 ], [ -156.687324485079927, 20.953165785576868 ], [ -156.687187374871911, 20.953292984795556 ], [ -156.687063050482266, 20.953430772776908 ], [ -156.686945737771538, 20.953574368281636 ], [ -156.686831122548199, 20.953720196429806 ], [ -156.686643597291976, 20.953803947681241 ], [ -156.686483837119226, 20.954087538648512 ], [ -156.686388708246369, 20.954244592625997 ], [ -156.686310550608169, 20.954409998627469 ], [ -156.686231332785468, 20.954574882690128 ], [ -156.686154767157262, 20.954741072343747 ], [ -156.686035919656888, 20.954883698953246 ], [ -156.685917362711052, 20.955087090747021 ], [ -156.685982964569405, 20.955303704103791 ], [ -156.685934937327119, 20.955479748254273 ], [ -156.685838807023629, 20.955638618608276 ], [ -156.685672634540452, 20.955772481516718 ], [ -156.685612691179642, 20.955944271259224 ], [ -156.685618105935532, 20.956139396524719 ], [ -156.685501975622088, 20.95629112580092 ], [ -156.685392078686363, 20.956445080677437 ], [ -156.685399918682378, 20.956641071434763 ], [ -156.685326657343381, 20.956808106372822 ], [ -156.685245977596253, 20.956972493105354 ], [ -156.685124387924901, 20.957122274127578 ], [ -156.684990578340546, 20.957267691843775 ], [ -156.684918783773952, 20.957435250341252 ], [ -156.684865723459438, 20.957609498164558 ], [ -156.684875730113959, 20.957806262390431 ], [ -156.684817428518642, 20.95797319317672 ], [ -156.684732147399927, 20.958192969499276 ], [ -156.684644284141797, 20.958360964209426 ], [ -156.684595367533319, 20.95853601677462 ], [ -156.6845732015029, 20.958715917118386 ], [ -156.684577127545055, 20.95890054524115 ], [ -156.684549482583236, 20.959079452766066 ], [ -156.684471320984812, 20.959150642105474 ], [ -156.68432844631505, 20.959282503545772 ], [ -156.68421065583513, 20.959427538457827 ], [ -156.684139846975796, 20.959597247273514 ], [ -156.684079904629215, 20.959772663581145 ], [ -156.684032074283209, 20.959954440946298 ], [ -156.683962395945457, 20.960124742937158 ], [ -156.683893348723331, 20.960295377643995 ], [ -156.68384720205529, 20.960478039276079 ], [ -156.683755363213606, 20.960843600718501 ], [ -156.683698438062521, 20.961020601960893 ], [ -156.68361802039297, 20.961183474930465 ] ] } },
{ "type": "Feature", "properties": { "objectid": 258, "island": "Maui", "st_lengthshape": 122.65401745743344 }, "geometry": { "type": "LineString", "coordinates": [ [ -156.68344636790917, 20.963628404596836 ], [ -156.683333392912402, 20.963777507937902 ], [ -156.683223462881443, 20.963928012525425 ], [ -156.683122846722227, 20.964082803854552 ], [ -156.683045751855701, 20.964248422423982 ], [ -156.683034688971446, 20.964444434024053 ], [ -156.683003824456051, 20.964625662191988 ] ] } },
{ "type": "Feature", "properties": { "objectid": 259, "island": "Maui", "st_lengthshape": 243.63863326056457 }, "geometry": { "type": "LineString", "coordinates": [ [ -156.682231512263172, 20.96537647152077 ], [ -156.682090987687019, 20.965500344473472 ], [ -156.681990845977253, 20.965670664210279 ], [ -156.681876033882816, 20.965824109205418 ], [ -156.681734025489163, 20.965946277491067 ], [ -156.681585599019996, 20.966061064659275 ], [ -156.681480100267265, 20.966225222993227 ], [ -156.681408998042002, 20.966426336519898 ], [ -156.681256514189641, 20.966634581577427 ], [ -156.681090692182181, 20.966746998560986 ], [ -156.681036424384672, 20.966930771035781 ], [ -156.681063349927058, 20.967165475107929 ] ] } },
{ "type": "Feature", "properties": { "objectid": 260, "island": "Maui", "st_lengthshape": 1467.6774131261529 }, "geometry": { "type": "LineString", "coordinates": [ [ -156.68091973540723, 20.967831226123611 ], [ -156.680812016964069, 20.967981089634659 ], [ -156.680722555506549, 20.968143839274504 ], [ -156.680607560955451, 20.96828184993786 ], [ -156.680468089419463, 20.968449351092755 ], [ -156.680340208633936, 20.96859465220578 ], [ -156.680203964588458, 20.968736634527037 ], [ -156.680137904905365, 20.968906461467252 ], [ -156.680064792678934, 20.969072019503418 ], [ -156.679986496656369, 20.969243101067857 ], [ -156.679910230057459, 20.969413367705606 ], [ -156.679800209015298, 20.969577658976355 ], [ -156.679785590476143, 20.969758836431389 ], [ -156.679777320061703, 20.969941136997988 ], [ -156.679728774599653, 20.970111380111106 ], [ -156.67971090560718, 20.970294842138731 ], [ -156.679687301307553, 20.970475526933509 ], [ -156.679662987355698, 20.970656214693513 ], [ -156.679639784796848, 20.970836897714168 ], [ -156.679596721264289, 20.971013275529927 ], [ -156.679610547843225, 20.971117049405184 ], [ -156.679556385042616, 20.971291153025287 ], [ -156.679491777757761, 20.971461359610753 ], [ -156.679449930693551, 20.971640058410703 ], [ -156.679403460711455, 20.971817030862045 ], [ -156.679376129055498, 20.972001144069427 ], [ -156.679335879954721, 20.972180437991536 ], [ -156.679270123864029, 20.972350217002944 ], [ -156.679205399055206, 20.972520380260125 ], [ -156.679140747692173, 20.972690570666209 ], [ -156.679059312036657, 20.972854500215647 ], [ -156.678983087897876, 20.973020373569646 ], [ -156.678908123478038, 20.973186717351268 ], [ -156.678825481603269, 20.973348157854048 ], [ -156.678769130994965, 20.973507854372947 ], [ -156.678811041108418, 20.973701779442983 ], [ -156.678783421646727, 20.973881037530823 ], [ -156.678741096719989, 20.974057193822109 ], [ -156.678686220576225, 20.974230702979767 ], [ -156.678629866560044, 20.974403900292053 ], [ -156.678603381538863, 20.97449545244373 ], [ -156.678517060952402, 20.974658386706057 ], [ -156.678442358831319, 20.974828564302438 ], [ -156.678337152397177, 20.974979724002711 ], [ -156.678244176738275, 20.97513850831934 ], [ -156.678053826268041, 20.975236583048559 ], [ -156.678002461571111, 20.975421311802602 ], [ -156.677923914089206, 20.975589092438565 ], [ -156.677898168092014, 20.975788861507649 ], [ -156.677788139469953, 20.975983264361815 ], [ -156.677713653269137, 20.976150440121422 ], [ -156.677692441218142, 20.97633377652701 ], [ -156.677634443306886, 20.976502405143442 ], [ -156.677602820058326, 20.976717671819799 ], [ -156.677620963569638, 20.976894009210231 ], [ -156.677676146381543, 20.977059769904301 ], [ -156.677659458225833, 20.977194185901528 ], [ -156.677452960039005, 20.977137702191435 ], [ -156.677270126497632, 20.977158883920268 ], [ -156.677119442285431, 20.977247651867778 ], [ -156.676916847624739, 20.977264300558975 ], [ -156.67671587123786, 20.977284358275803 ], [ -156.67656909886972, 20.97740774813353 ], [ -156.676397559312335, 20.977728608108283 ], [ -156.676364048671331, 20.977932794858077 ], [ -156.676265352236385, 20.978089449845097 ], [ -156.676166223947291, 20.978245790033505 ], [ -156.676054893614463, 20.97839323332791 ], [ -156.675940727936023, 20.978538609674473 ], [ -156.675822042223416, 20.978680688750156 ], [ -156.675709100197736, 20.978822388288286 ], [ -156.67558047754099, 20.978962707919763 ], [ -156.675482044363747, 20.979115918216369 ] ] } },
{ "type": "Feature", "properties": { "objectid": 261, "island": "Maui", "st_lengthshape": 184.54205864586245 }, "geometry": { "type": "LineString", "coordinates": [ [ -156.675751594862305, 20.97963327666697 ], [ -156.675575022514806, 20.979708679043252 ], [ -156.675429699400041, 20.979831019144648 ], [ -156.675250336896511, 20.979902231925362 ], [ -156.67503020171938, 20.979912206463233 ], [ -156.674901672050993, 20.980059767948429 ], [ -156.674735208295743, 20.980150355153103 ], [ -156.674575246578826, 20.980250708525144 ], [ -156.674414187173795, 20.980349413192982 ], [ -156.674255101461, 20.980446690800733 ] ] } },
{ "type": "Feature", "properties": { "objectid": 262, "island": "Maui", "st_lengthshape": 145.12703803891262 }, "geometry": { "type": "LineString", "coordinates": [ [ -156.67335641402849, 20.981148123166133 ], [ -156.67328608158769, 20.981316017672668 ], [ -156.673137246191885, 20.981688129514488 ], [ -156.673108127789845, 20.981866731488051 ], [ -156.673091854454299, 20.982047588611003 ], [ -156.673084138101331, 20.982229948780812 ], [ -156.673113644001972, 20.982415653056641 ] ] } },
{ "type": "Feature", "properties": { "objectid": 263, "island": "Maui", "st_lengthshape": 329.71328485999896 }, "geometry": { "type": "LineString", "coordinates": [ [ -156.67246782623738, 20.983662067170659 ], [ -156.672311759573915, 20.983779755689238 ], [ -156.672220543897936, 20.983939626145098 ], [ -156.671959900626291, 20.984250177615333 ], [ -156.671789059847271, 20.984394013335031 ], [ -156.671736868777117, 20.984567833072195 ], [ -156.671630755164614, 20.984728025839296 ], [ -156.671533927674716, 20.984890566014034 ], [ -156.671634806304951, 20.985103065283035 ], [ -156.671800935190419, 20.985332054460361 ], [ -156.671667045100122, 20.985485228445402 ], [ -156.671568555378144, 20.985647347633357 ], [ -156.671490882302692, 20.985814727927558 ], [ -156.671401161395494, 20.985979062791891 ], [ -156.671373037122351, 20.986156519200176 ] ] } },
{ "type": "Feature", "properties": { "objectid": 264, "island": "Maui", "st_lengthshape": 20.000360000143516 }, "geometry": { "type": "LineString", "coordinates": [ [ -156.669382021024347, 20.988040353590076 ], [ -156.669537516757316, 20.987934119689683 ] ] } },
{ "type": "Feature", "properties": { "objectid": 265, "island": "Maui", "st_lengthshape": 20.000515992831712 }, "geometry": { "type": "LineString", "coordinates": [ [ -156.669052612228256, 20.990798884363858 ], [ -156.668933540448336, 20.990657084630591 ] ] } },
{ "type": "Feature", "properties": { "objectid": 266, "island": "Maui", "st_lengthshape": 41.906719872351246 }, "geometry": { "type": "LineString", "coordinates": [ [ -156.668052239821606, 20.990864275934012 ], [ -156.667888008752129, 20.990966074779326 ], [ -156.667807641969659, 20.991144335897058 ] ] } },
{ "type": "Feature", "properties": { "objectid": 267, "island": "Maui", "st_lengthshape": 415.71469459400623 }, "geometry": { "type": "LineString", "coordinates": [ [ -156.667472241071039, 20.993842187053815 ], [ -156.667269948730251, 20.993838975721395 ], [ -156.667083702004476, 20.993875048990397 ], [ -156.666657380729589, 20.99413142485901 ], [ -156.666548577471957, 20.994282811889764 ], [ -156.666381889217035, 20.99455347317916 ], [ -156.666266093653235, 20.994699427343051 ], [ -156.666167682563753, 20.99485462275587 ], [ -156.666090660508473, 20.995021187664971 ], [ -156.665985202231155, 20.995172636349835 ], [ -156.665904330698794, 20.995337155416628 ], [ -156.665826849334678, 20.995503476365592 ], [ -156.665731509852037, 20.995656418126092 ], [ -156.665658362298444, 20.99593214228889 ], [ -156.665607687598481, 20.996099851169351 ], [ -156.665499535552556, 20.996382479824231 ], [ -156.665531829474929, 20.996563957990261 ], [ -156.665641037943999, 20.996742918922298 ] ] } },
{ "type": "Feature", "properties": { "objectid": 268, "island": "Maui", "st_lengthshape": 20.000300001603026 }, "geometry": { "type": "LineString", "coordinates": [ [ -156.667071986652161, 20.998097235581564 ], [ -156.6670747927067, 20.997916670392421 ] ] } },
{ "type": "Feature", "properties": { "objectid": 269, "island": "Maui", "st_lengthshape": 276.7273967473447 }, "geometry": { "type": "LineString", "coordinates": [ [ -156.66667159242283, 20.998474267737471 ], [ -156.666472224879129, 20.998526771606425 ], [ -156.666141512226716, 20.99885387805795 ], [ -156.666033117863435, 20.999007130170167 ], [ -156.665947103703218, 20.999167473441958 ], [ -156.665865155701397, 20.999467172541159 ], [ -156.66588523615286, 20.999650812888657 ], [ -156.66588792931401, 20.999832702199001 ], [ -156.665915466093139, 21.000014855535781 ], [ -156.665934047993346, 21.000267699609186 ], [ -156.666014067937056, 21.000439358441898 ], [ -156.666099812216032, 21.000610168380526 ] ] } },
{ "type": "Feature", "properties": { "objectid": 270, "island": "Maui", "st_lengthshape": 19.999980301465655 }, "geometry": { "type": "LineString", "coordinates": [ [ -156.6663765782572, 21.001127855912486 ], [ -156.666472413051082, 21.000971297133677 ] ] } },
{ "type": "Feature", "properties": { "objectid": 271, "island": "Maui", "st_lengthshape": 40.833178783755031 }, "geometry": { "type": "LineString", "coordinates": [ [ -156.665896165947231, 21.004164950756639 ], [ -156.665752580718646, 21.004285093057334 ], [ -156.665653791152863, 21.004448718148147 ] ] } },
{ "type": "Feature", "properties": { "objectid": 272, "island": "Maui", "st_lengthshape": 405.49013972291363 }, "geometry": { "type": "LineString", "coordinates": [ [ -156.661493851778403, 21.003719023273433 ], [ -156.661305975070405, 21.003655604674151 ], [ -156.661117114447052, 21.003604791797454 ], [ -156.660927093927228, 21.003568864101375 ], [ -156.660735489770161, 21.003553223825758 ], [ -156.660544252352878, 21.003532877423094 ], [ -156.660355113750967, 21.00352211884017 ], [ -156.66015650029388, 21.003529183207132 ], [ -156.659962137802523, 21.003523940114608 ], [ -156.659775566579754, 21.003579591271645 ], [ -156.65958662538398, 21.003616715253987 ], [ -156.659397128672396, 21.003649500585276 ], [ -156.659207816164013, 21.003683726712342 ], [ -156.6590232379329, 21.003722802762173 ], [ -156.658806806490759, 21.003728384146022 ], [ -156.658623450794892, 21.003784314815579 ], [ -156.65843666157383, 21.003827272476624 ], [ -156.658249805081482, 21.003869975254414 ], [ -156.658061602793367, 21.003907590754022 ], [ -156.657875687815277, 21.003953849434598 ], [ -156.657710651077423, 21.004058767051884 ] ] } },
{ "type": "Feature", "properties": { "objectid": 273, "island": "Maui", "st_lengthshape": 514.58750037397272 }, "geometry": { "type": "LineString", "coordinates": [ [ -156.654090322393159, 21.00437826766532 ], [ -156.653921987386354, 21.004238145323573 ], [ -156.653741239866207, 21.004185471339571 ], [ -156.653509124568842, 21.004148911547453 ], [ -156.653317099244703, 21.00413909948626 ], [ -156.653124278809258, 21.004143541795887 ], [ -156.652931765867208, 21.004142467201557 ], [ -156.652743771099665, 21.004136937933065 ], [ -156.652358452504245, 21.004166037258891 ], [ -156.652188731481914, 21.004259370422311 ], [ -156.651997664755044, 21.00429190439484 ], [ -156.651825316105459, 21.004377751175582 ], [ -156.651642194642193, 21.004432917840095 ], [ -156.651456912493387, 21.004481929442338 ], [ -156.651265594107059, 21.004513745713172 ], [ -156.651074125637592, 21.004545132572236 ], [ -156.650884914250696, 21.004582953521737 ], [ -156.650691325597251, 21.004608302122566 ], [ -156.650496141539236, 21.004629108968395 ], [ -156.650303303043756, 21.004656594935113 ], [ -156.650114224918042, 21.004694793387994 ], [ -156.649931852005352, 21.004752088697558 ], [ -156.649755673241941, 21.004827031735665 ], [ -156.64958225503338, 21.004909837173333 ], [ -156.649446274518141, 21.005086849997515 ] ] } },
{ "type": "Feature", "properties": { "objectid": 274, "island": "Maui", "st_lengthshape": 196.37856077198452 }, "geometry": { "type": "LineString", "coordinates": [ [ -156.642982951333096, 21.010638726730459 ], [ -156.642754644563354, 21.010574360681801 ], [ -156.642541085883693, 21.010549090611157 ], [ -156.642324858426804, 21.010516742657874 ], [ -156.642124604854615, 21.010526738630524 ], [ -156.641927104223782, 21.010544029873866 ], [ -156.641739774182696, 21.010588280744003 ], [ -156.641565660184597, 21.010667563797142 ], [ -156.641402901915683, 21.010776949122519 ], [ -156.641267646224065, 21.010951609137141 ] ] } },
{ "type": "Feature", "properties": { "objectid": 275, "island": "Maui", "st_lengthshape": 114.16535428549437 }, "geometry": { "type": "LineString", "coordinates": [ [ -156.638468860587807, 21.012727154305203 ], [ -156.638167541101154, 21.012625511337731 ], [ -156.637993118070483, 21.012705108441551 ], [ -156.637839498876644, 21.012814419109436 ], [ -156.637688176172333, 21.012927010472772 ], [ -156.637560978970214, 21.013069306531467 ] ] } },
{ "type": "Feature", "properties": { "objectid": 276, "island": "Maui", "st_lengthshape": 1913.4144282175921 }, "geometry": { "type": "LineString", "coordinates": [ [ -156.507805773052752, 20.937219264942705 ], [ -156.507806302902537, 20.936966829464236 ], [ -156.507750233586194, 20.936766137410704 ], [ -156.507679477417554, 20.936578871317451 ], [ -156.507573106708719, 20.936424163655047 ], [ -156.507430713581215, 20.936302388534902 ], [ -156.507318897884545, 20.936152660298863 ], [ -156.507201386223613, 20.936008138129388 ], [ -156.507077503248468, 20.935869442390381 ], [ -156.50695673845118, 20.935727894649961 ], [ -156.506834458323596, 20.935587733263969 ], [ -156.506715499340714, 20.935444535040332 ], [ -156.506579173875735, 20.935317213741136 ], [ -156.506408717372551, 20.935221094377322 ], [ -156.506270717766313, 20.935095304142699 ], [ -156.506120020289586, 20.934981122240394 ], [ -156.505955704701023, 20.934879389353284 ], [ -156.50578392192773, 20.934784483446691 ], [ -156.505453327723586, 20.934579723242177 ], [ -156.50510465815529, 20.93436817984804 ], [ -156.504941574421792, 20.934264576082963 ], [ -156.50475825855338, 20.934209071444066 ], [ -156.504553185718208, 20.934205285060965 ], [ -156.504331045080903, 20.934242072865697 ], [ -156.504165953031645, 20.934143245323021 ], [ -156.504045817593948, 20.933937547419866 ], [ -156.503837665601168, 20.933941083054563 ], [ -156.503663892686973, 20.933862892707616 ], [ -156.503536601415163, 20.933674206622563 ], [ -156.503395197027885, 20.933519070813357 ], [ -156.503219114633424, 20.933446372194343 ], [ -156.50305001715418, 20.933357067855919 ], [ -156.502882892899919, 20.933263075351537 ], [ -156.502702023573789, 20.933201755303717 ], [ -156.502514718921503, 20.933155735789928 ], [ -156.502341476993678, 20.933076286091495 ], [ -156.502166321262479, 20.933001384249611 ], [ -156.501982243857924, 20.932947692305689 ], [ -156.501799134148769, 20.932891699237381 ], [ -156.501625400685526, 20.932813419989124 ], [ -156.501451981617805, 20.93273439214126 ], [ -156.501278937926031, 20.932654473925549 ], [ -156.501095883928144, 20.932598350043392 ], [ -156.500923094768126, 20.932517826649619 ], [ -156.500742566521239, 20.932455698827404 ], [ -156.500557542913981, 20.932404257925899 ], [ -156.500364571985699, 20.9323717088126 ], [ -156.500180262061519, 20.93231857144503 ], [ -156.499987700588434, 20.932285050050286 ], [ -156.499799994972761, 20.932239987066065 ], [ -156.499605675661485, 20.93221064803485 ], [ -156.499416209266059, 20.932169771894028 ], [ -156.499240093717845, 20.932097159254859 ], [ -156.499046618239817, 20.932065815744327 ], [ -156.498874041076363, 20.931984793298707 ], [ -156.498677535137858, 20.931960650942756 ], [ -156.498483464702304, 20.931930720202306 ], [ -156.498294578431, 20.931888466285333 ], [ -156.498103480969093, 20.931851469081341 ], [ -156.497897219481388, 20.931819696615655 ], [ -156.497691887532028, 20.931762068708458 ], [ -156.497500119620241, 20.931690720935876 ], [ -156.497325883506761, 20.931601637552188 ], [ -156.497182040227017, 20.931481811035599 ], [ -156.497036224586708, 20.931363978934591 ], [ -156.496933561179617, 20.931202495878154 ], [ -156.496836172583556, 20.931035678035165 ], [ -156.496754858493489, 20.930872821487306 ], [ -156.496676591289969, 20.930706487308459 ], [ -156.496604899535953, 20.930538264059191 ], [ -156.496606449555287, 20.930349001076678 ], [ -156.496566009142242, 20.930171800819139 ], [ -156.496534690556899, 20.929991979583832 ], [ -156.496499844418707, 20.929813172035228 ], [ -156.496405944683261, 20.929651328891417 ], [ -156.496361398594757, 20.929475307175849 ], [ -156.496300510563401, 20.929303981031122 ], [ -156.49626398644881, 20.929125655377607 ], [ -156.496203599815317, 20.92895418488072 ], [ -156.496102992375995, 20.92879426845554 ], [ -156.496078499760813, 20.928612486884234 ], [ -156.496024048455524, 20.928439311148828 ], [ -156.495935656166466, 20.928275885480115 ], [ -156.495843539088213, 20.92806789269083 ], [ -156.495724354147939, 20.927808009650121 ], [ -156.495625001509211, 20.927653442323489 ], [ -156.495519981175647, 20.927502090147843 ], [ -156.495400593475296, 20.927358884501782 ], [ -156.495280292072863, 20.927216197199712 ], [ -156.495102941692949, 20.927105860243891 ], [ -156.494979599778077, 20.927006294272907 ] ] } },
{ "type": "Feature", "properties": { "objectid": 277, "island": "Maui", "st_lengthshape": 4022.6721971800257 }, "geometry": { "type": "LineString", "coordinates": [ [ -156.49457324806022, 20.926259073583072 ], [ -156.494469041973247, 20.926106551843656 ], [ -156.494404076326134, 20.925925590778252 ], [ -156.494296853112075, 20.925775255787173 ], [ -156.494198811997904, 20.925618265590309 ], [ -156.494093977331971, 20.925466198555558 ], [ -156.494002379189226, 20.925304539063728 ], [ -156.493916988379794, 20.925138382037506 ], [ -156.49383080690103, 20.924972797561896 ], [ -156.49376484434012, 20.924792559389356 ], [ -156.493747793956686, 20.924730458625763 ], [ -156.493668471585494, 20.924576605410788 ], [ -156.49369052922512, 20.924388759880166 ], [ -156.493890081320444, 20.924168888547438 ], [ -156.493860453447439, 20.92399036956909 ], [ -156.493803613383221, 20.923816760140056 ], [ -156.493718824779364, 20.923648193894323 ], [ -156.493654170517885, 20.923475995612993 ], [ -156.493598811393127, 20.923302118958922 ], [ -156.493518688572976, 20.923132711029123 ], [ -156.49343186289039, 20.922964512960284 ], [ -156.493341086342156, 20.922797027023631 ], [ -156.493281434509555, 20.9226239251688 ], [ -156.493220115228524, 20.922451124764688 ], [ -156.49312612261204, 20.922284219947123 ], [ -156.493126913666941, 20.922100211925532 ], [ -156.493079865280265, 20.921924836505042 ], [ -156.493024836856563, 20.921750900495333 ], [ -156.492974826593382, 20.921576059422392 ], [ -156.492939187191439, 20.921398624967829 ], [ -156.492931871968892, 20.92121607979373 ], [ -156.492936310470185, 20.921031414753372 ], [ -156.492878987392288, 20.920857892866881 ], [ -156.492888142240616, 20.920672376126262 ], [ -156.492819555265072, 20.920500886483456 ], [ -156.492793760376173, 20.920321676114742 ], [ -156.492733309820125, 20.9201487186387 ], [ -156.492691618578448, 20.919972377185836 ], [ -156.49263902971029, 20.919798001116824 ], [ -156.492598789304225, 20.919621396546017 ], [ -156.492550861969306, 20.919446179701158 ], [ -156.492521764207424, 20.919267565481668 ], [ -156.492480466625238, 20.919091152136641 ], [ -156.492435942990909, 20.918915321632472 ], [ -156.49237294185258, 20.918742824129087 ], [ -156.49222873778001, 20.918584978968088 ], [ -156.492065212073868, 20.918430620419443 ], [ -156.491868510002575, 20.918282248198228 ], [ -156.491733448300153, 20.918122753761285 ], [ -156.491617052636315, 20.918069385159022 ], [ -156.491462565944744, 20.917875034821282 ], [ -156.491450707440094, 20.917692738041556 ], [ -156.491643271861591, 20.917527718896228 ], [ -156.491993323286806, 20.917376009386278 ], [ -156.492187125614436, 20.917211094404095 ], [ -156.492242034096051, 20.917034440322919 ], [ -156.492244917311183, 20.916853389420559 ], [ -156.49223478414774, 20.916671238942669 ], [ -156.492232619453517, 20.916289162582693 ], [ -156.492263156153541, 20.915864310213415 ], [ -156.492236041551905, 20.915684302098654 ], [ -156.49219948798995, 20.915506627521935 ], [ -156.492139576312866, 20.915334728000019 ], [ -156.492128268458089, 20.915150812189665 ], [ -156.492078575606484, 20.914976385614217 ], [ -156.491978413036804, 20.914814439066095 ], [ -156.491902576588814, 20.914646477041703 ], [ -156.491764705480449, 20.914320885626882 ], [ -156.491557795412149, 20.913940072630581 ], [ -156.491491860855746, 20.913762851123018 ], [ -156.491399082490176, 20.913603394758354 ], [ -156.491313590749371, 20.913439116370977 ], [ -156.491222483027201, 20.913278554027453 ], [ -156.491136147260221, 20.913114834726279 ], [ -156.491035385553857, 20.912960661288913 ], [ -156.490909052093798, 20.912823411105048 ], [ -156.490828389393414, 20.912655937641706 ], [ -156.490737043571784, 20.912495533236122 ], [ -156.490631356374365, 20.912344619920649 ], [ -156.490560801297732, 20.912170457092465 ], [ -156.490450044411858, 20.912022899385601 ], [ -156.490333448147481, 20.911879205174795 ], [ -156.490226234306135, 20.911729303077919 ], [ -156.490109220660457, 20.911585885227211 ], [ -156.489994843292351, 20.911440723699272 ], [ -156.489874544933485, 20.911299480429786 ], [ -156.489745915919571, 20.911163749755225 ], [ -156.489617039374792, 20.911028182403069 ], [ -156.48923292334436, 20.910610843376059 ], [ -156.488763354488071, 20.910223578258112 ], [ -156.488612371023748, 20.910103613596956 ], [ -156.488464294210701, 20.909978193678146 ], [ -156.488280306270525, 20.909920168667909 ], [ -156.488099741673778, 20.909855720779365 ], [ -156.487923400010772, 20.909783345781545 ], [ -156.487745549770636, 20.909713802557434 ], [ -156.48716536534954, 20.909540000198753 ], [ -156.486475053441893, 20.909511803506135 ], [ -156.48628499068397, 20.909541802291464 ], [ -156.486100205075047, 20.909626670572553 ], [ -156.485920367373893, 20.909762975106087 ], [ -156.485737022586648, 20.9098628300945 ], [ -156.485557114590534, 20.909998416233503 ], [ -156.485385545046483, 20.910220708821733 ], [ -156.485209995208407, 20.910401619457616 ], [ -156.485039769997712, 20.910020230027804 ], [ -156.484998344652325, 20.910017279459538 ], [ -156.484871541311804, 20.909875043428997 ], [ -156.484578939301173, 20.90994150388121 ], [ -156.484457094196159, 20.909793028306044 ], [ -156.484396810636326, 20.909567061754252 ], [ -156.484299493703674, 20.909387711829961 ], [ -156.484203508940283, 20.909206684907026 ], [ -156.484181338345962, 20.909144683310924 ], [ -156.484030236143127, 20.909035877852471 ], [ -156.483857387767614, 20.908913301913245 ], [ -156.483660485650518, 20.908801510670695 ], [ -156.483552854230396, 20.908649699193159 ], [ -156.483531738849564, 20.908459103764521 ], [ -156.483536379427022, 20.908256963045122 ], [ -156.483494804941159, 20.908075539537293 ], [ -156.483461871347117, 20.907890241628973 ], [ -156.483421777312174, 20.907708154615321 ], [ -156.483405734255626, 20.907515285438517 ], [ -156.483348520467672, 20.907340873749494 ], [ -156.483289203023674, 20.907167403490782 ], [ -156.483229779178146, 20.906993982215724 ], [ -156.483176751054572, 20.906817693615505 ], [ -156.483079438915837, 20.906661256716475 ], [ -156.482999839245878, 20.906496879628424 ], [ -156.48285693639815, 20.90636088181671 ], [ -156.482741720896911, 20.906212471483407 ], [ -156.482579531140914, 20.906085119051042 ], [ -156.482467412249235, 20.905935320382692 ], [ -156.482345717641891, 20.905789814722819 ], [ -156.482216194854061, 20.905647817898522 ], [ -156.482126009914083, 20.905488187303735 ], [ -156.482023353543838, 20.905334146961057 ], [ -156.48195999135973, 20.905162491230836 ], [ -156.481892789638778, 20.904992557623938 ], [ -156.481780384639592, 20.904842887128087 ], [ -156.481696380219603, 20.904680485256108 ], [ -156.481675994810018, 20.904624106981572 ], [ -156.481681818275604, 20.904441172747894 ], [ -156.481542321900349, 20.904276640570121 ], [ -156.481644429151316, 20.904081514692969 ], [ -156.48158674685385, 20.903906622606534 ], [ -156.481476184875987, 20.903738426869825 ], [ -156.481424239955544, 20.903562807635335 ], [ -156.481335969952994, 20.903391789393535 ], [ -156.481314967668254, 20.903212252729769 ], [ -156.481336476272389, 20.903027332264429 ], [ -156.481333806930564, 20.902845474584371 ], [ -156.481296412004838, 20.902668013059234 ], [ -156.481257117308189, 20.902490792583404 ], [ -156.481249587218201, 20.902309550339531 ], [ -156.481265834297091, 20.902125296274452 ], [ -156.48131418952903, 20.901936976726663 ], [ -156.481372246878038, 20.901747428689465 ], [ -156.481474317588521, 20.901552306713921 ], [ -156.481589822467612, 20.901355483898506 ], [ -156.481625014040873, 20.90116883101199 ], [ -156.481571667889995, 20.900868325415388 ], [ -156.481458816305008, 20.900553561107131 ], [ -156.481452326805822, 20.900365965872808 ], [ -156.481388048862584, 20.900195706042663 ], [ -156.481373229294206, 20.900010610057034 ], [ -156.481266625018208, 20.899853047752693 ], [ -156.48124942225806, 20.899668666047333 ], [ -156.481188126820399, 20.899497512022272 ], [ -156.481150642629757, 20.899319214881398 ], [ -156.481109535223254, 20.899142004694941 ], [ -156.481014781753061, 20.8989808879953 ], [ -156.480955015472858, 20.89880927521672 ], [ -156.480872560429503, 20.898644468111787 ], [ -156.480802959829163, 20.898475805476682 ], [ -156.480766788582315, 20.898297115024558 ], [ -156.48076932792759, 20.898106811475717 ], [ -156.480735307347004, 20.897927475549661 ] ] } },
{ "type": "Feature", "properties": { "objectid": 278, "island": "Maui", "st_lengthshape": 1637.6802746489493 }, "geometry": { "type": "LineString", "coordinates": [ [ -156.47901651087443, 20.895412789644208 ], [ -156.478944311679641, 20.895235784010822 ], [ -156.478890016158374, 20.895045299232606 ], [ -156.478816972636565, 20.894868928500657 ], [ -156.478765237479109, 20.894676517636416 ], [ -156.478667064789022, 20.89451906507804 ], [ -156.478558599202103, 20.894369361111799 ], [ -156.478442390164787, 20.894225486721929 ], [ -156.478361003435651, 20.89405539802965 ], [ -156.478222682903862, 20.893928169333805 ], [ -156.478073695889833, 20.893808969860679 ], [ -156.4778952593214, 20.893711941015621 ], [ -156.477704082601349, 20.893550423439507 ], [ -156.47742499978429, 20.893338130526395 ], [ -156.47724662779811, 20.89325540065828 ], [ -156.477097648226675, 20.893141187379104 ], [ -156.476938226096109, 20.893038160435001 ], [ -156.476775844738683, 20.892938302240626 ], [ -156.476610870004237, 20.89284122361526 ], [ -156.476446323055029, 20.892743685260371 ], [ -156.476290765313166, 20.892636518095426 ], [ -156.47615238936541, 20.892510948518147 ], [ -156.476008234634975, 20.892391566954782 ], [ -156.475883335785284, 20.892251560887104 ], [ -156.475774684458912, 20.892094149960357 ], [ -156.475682399966502, 20.891919207752043 ], [ -156.475579409724418, 20.891755733306994 ], [ -156.47543363894971, 20.891638084553058 ], [ -156.475277647718457, 20.891531383337885 ], [ -156.475133070985407, 20.891412455417314 ], [ -156.475031709599222, 20.891247237775122 ], [ -156.474977613806459, 20.891031391320894 ], [ -156.474091895614521, 20.890318899204818 ], [ -156.472950182890543, 20.890763442534482 ], [ -156.472768832988635, 20.890835118226001 ], [ -156.472600174263903, 20.890971778340614 ], [ -156.472413079114034, 20.891014042808301 ], [ -156.472222386012419, 20.891037876775812 ], [ -156.472038478987287, 20.891096465755631 ], [ -156.471865393141059, 20.89121046227266 ], [ -156.471719905649564, 20.891465774249014 ], [ -156.471508381922888, 20.891382950064003 ], [ -156.471321118036286, 20.891424347575242 ], [ -156.471130597744946, 20.8914490721892 ], [ -156.470941136536482, 20.891479223434601 ], [ -156.470754966114754, 20.89152622101739 ], [ -156.470569720261835, 20.891577953418803 ], [ -156.470389544418566, 20.891655649962324 ], [ -156.469719874100576, 20.89156296652596 ], [ -156.469062841013766, 20.891984517808766 ], [ -156.468919502485107, 20.892107274756604 ], [ -156.468766032825158, 20.89222208119094 ], [ -156.468593467556985, 20.89232190329162 ], [ -156.46841772329779, 20.892419231195213 ], [ -156.468253041923333, 20.89252524001899 ], [ -156.468095780930383, 20.892637071364167 ], [ -156.467968956964938, 20.892772786950285 ], [ -156.467858306338684, 20.892921195111462 ], [ -156.467766558361262, 20.893084435607449 ], [ -156.467691896056095, 20.893261083829337 ], [ -156.467567942693648, 20.893399051912393 ], [ -156.46746760037442, 20.893555549145827 ], [ -156.467411496219569, 20.89374383364472 ] ] } },
{ "type": "Feature", "properties": { "objectid": 279, "island": "Maui", "st_lengthshape": 659.05607130632154 }, "geometry": { "type": "LineString", "coordinates": [ [ -156.460975392526819, 20.896751447664045 ], [ -156.460764820304689, 20.896676035276037 ], [ -156.460556829741762, 20.896613541032099 ], [ -156.460334640347611, 20.896479987744133 ], [ -156.460125152675602, 20.896409998274159 ], [ -156.459941126152955, 20.896467430128236 ], [ -156.459758179687697, 20.896530270006608 ], [ -156.459581741779601, 20.8966256850163 ], [ -156.459505012531082, 20.896687044205652 ], [ -156.459352483358344, 20.896802209003383 ], [ -156.459150666435704, 20.896891411453272 ], [ -156.458955338604767, 20.896915140020415 ], [ -156.458760593031627, 20.896932991860343 ], [ -156.45856928331537, 20.896916171429833 ], [ -156.458376987428892, 20.896909298809074 ], [ -156.458184390573905, 20.896905464296189 ], [ -156.457992595826056, 20.896893546025503 ], [ -156.457801317696493, 20.896876403778993 ], [ -156.457607797055175, 20.896881894554053 ], [ -156.457420496803081, 20.896824623550238 ], [ -156.457232418686459, 20.896775204200029 ], [ -156.457046504602516, 20.896703948436862 ], [ -156.456858321310307, 20.896655599785849 ], [ -156.45666896338733, 20.896619085918978 ], [ -156.456477622104217, 20.896602593188454 ], [ -156.456288532739592, 20.896563384120451 ], [ -156.456097578441842, 20.896542982631427 ], [ -156.455909488449691, 20.896493695341562 ], [ -156.45572100036722, 20.896448422571503 ], [ -156.455534096554942, 20.896387158335742 ], [ -156.45534254858029, 20.896372755129459 ], [ -156.455155329951623, 20.896314677586059 ], [ -156.454957176411995, 20.896366912109446 ] ] } },
{ "type": "Feature", "properties": { "objectid": 280, "island": "Maui", "st_lengthshape": 760.85651893478985 }, "geometry": { "type": "LineString", "coordinates": [ [ -156.453359466339947, 20.895564926308637 ], [ -156.453173782512067, 20.895663225851191 ], [ -156.452984295307203, 20.895707134294284 ], [ -156.452792453765966, 20.895717369656527 ], [ -156.452600367015151, 20.895724088840748 ], [ -156.452409025368524, 20.895741476816188 ], [ -156.452217614157377, 20.89575786221312 ], [ -156.452030565222287, 20.89583664182031 ], [ -156.451840710104364, 20.895875286740168 ], [ -156.451649577188675, 20.895895663761642 ], [ -156.451458781654395, 20.895920865304625 ], [ -156.451268889291299, 20.895958973586396 ], [ -156.451079334937816, 20.896001922649802 ], [ -156.450889908030604, 20.896046706291063 ], [ -156.450699164307082, 20.896072637275036 ], [ -156.450508570372421, 20.896100731828607 ], [ -156.450315823266351, 20.896098010400916 ], [ -156.45012140326989, 20.89607136571264 ], [ -156.449928641533091, 20.896068435061505 ], [ -156.449738671289623, 20.896105442492569 ], [ -156.449547979225599, 20.896132116927589 ], [ -156.448939636943123, 20.896292802692237 ], [ -156.448325347594448, 20.896534910548844 ], [ -156.448144676209893, 20.896602822346761 ], [ -156.447977527346353, 20.896691970893666 ], [ -156.447840784647354, 20.896828869409866 ], [ -156.447786577875945, 20.89709538565079 ], [ -156.447478104239593, 20.897481798463652 ], [ -156.447112336322533, 20.897830422870836 ], [ -156.44710245923693, 20.898018890708183 ] ] } },
{ "type": "Feature", "properties": { "objectid": 281, "island": "Maui", "st_lengthshape": 717.92411471240632 }, "geometry": { "type": "LineString", "coordinates": [ [ -156.446598875932352, 20.898826360353389 ], [ -156.446402969311464, 20.898819904932324 ], [ -156.446214855611629, 20.898857626518076 ], [ -156.446028968522882, 20.898907976662802 ], [ -156.445606279214275, 20.898720016547465 ], [ -156.445413360555733, 20.898730497977667 ], [ -156.445227761960922, 20.898782477679138 ], [ -156.445045313041504, 20.898852314913533 ], [ -156.444864486632412, 20.898931351491864 ], [ -156.444670920813337, 20.898938162912906 ], [ -156.444477653918256, 20.898946669718555 ], [ -156.444280846309027, 20.898935105106226 ], [ -156.444087232353525, 20.898941640659064 ], [ -156.443854357783721, 20.898932641840439 ], [ -156.443456345240804, 20.898875268552409 ], [ -156.443299928078204, 20.899003168034209 ], [ -156.443132025284513, 20.899099640614857 ], [ -156.442958934214943, 20.899181918493291 ], [ -156.4427826263653, 20.899255396206886 ], [ -156.442601517873669, 20.899315735976877 ], [ -156.442422783766915, 20.899382574955602 ], [ -156.442236955280862, 20.899430002592791 ], [ -156.442048323357, 20.899469759432233 ], [ -156.44184585279703, 20.899471652456825 ], [ -156.441665706028317, 20.899534626695935 ], [ -156.441497268261884, 20.899629637640473 ], [ -156.441307022690324, 20.899664978647944 ], [ -156.441129711899976, 20.899735711843142 ], [ -156.44104816937471, 20.900068487983635 ], [ -156.4408842298661, 20.900175809838963 ], [ -156.440720618831904, 20.900284032112573 ], [ -156.440416227907349, 20.900442879252431 ] ] } },
{ "type": "Feature", "properties": { "objectid": 282, "island": "Maui", "st_lengthshape": 2649.7710962697192 }, "geometry": { "type": "LineString", "coordinates": [ [ -156.440874969192322, 20.901771565053224 ], [ -156.440693325632395, 20.901840228185282 ], [ -156.440520524450562, 20.90192169671052 ], [ -156.440351597184758, 20.902008773221226 ], [ -156.440203117523907, 20.902125460498489 ], [ -156.439866629345914, 20.902301592400409 ], [ -156.439726517023303, 20.902430396022641 ], [ -156.439575749195228, 20.902543770845792 ], [ -156.439397407154843, 20.902617214945455 ], [ -156.43922401087346, 20.902697821653462 ], [ -156.439059151162525, 20.902790789541232 ], [ -156.438882846440436, 20.902867184477241 ], [ -156.438682946763464, 20.902909410924128 ], [ -156.438470911059625, 20.902934064388653 ], [ -156.437959846043185, 20.902525693272125 ], [ -156.43777302965816, 20.9025868645051 ], [ -156.437574067043471, 20.902630446323478 ], [ -156.437375476604643, 20.902674568901592 ], [ -156.437175765453787, 20.902717067263275 ], [ -156.437020679108372, 20.90282418726888 ], [ -156.43666878110011, 20.90311278789784 ], [ -156.436459887471699, 20.903096323813713 ], [ -156.436278114077737, 20.90315485758839 ], [ -156.436093994897874, 20.903206904744636 ], [ -156.435891162676654, 20.903207204741541 ], [ -156.435689820887831, 20.903211622413014 ], [ -156.435522549479572, 20.903310263041103 ], [ -156.435336063239959, 20.903355762107029 ], [ -156.4351452783946, 20.903389376590059 ], [ -156.434953915326673, 20.903421393070449 ], [ -156.434760188303216, 20.903446868456736 ], [ -156.434562305914994, 20.903460855954624 ], [ -156.434369052339861, 20.903487640875785 ], [ -156.434189804218846, 20.90355316163464 ], [ -156.434017930449983, 20.903639072019814 ], [ -156.433840826658354, 20.903710521408428 ], [ -156.433661393661822, 20.903775530458017 ], [ -156.433487458254149, 20.903855743609828 ], [ -156.433305883212313, 20.903914825062813 ], [ -156.433148167088603, 20.904039895441546 ], [ -156.432515868052178, 20.904230609894487 ], [ -156.432359098973308, 20.904335162776935 ], [ -156.432190478212846, 20.904425000690182 ], [ -156.432014910108393, 20.904506213334876 ], [ -156.431840576377397, 20.904588958497769 ], [ -156.431674993445569, 20.904682567774195 ], [ -156.431504213369351, 20.904769725174202 ], [ -156.431357197097014, 20.904886387951965 ], [ -156.431258271289124, 20.905062759121197 ], [ -156.431176213888591, 20.905260072865097 ], [ -156.431097197414431, 20.905461163952143 ], [ -156.431111375699345, 20.905777963309287 ], [ -156.430946227597133, 20.905872114571075 ], [ -156.430830885447875, 20.90602810387319 ], [ -156.430487315909772, 20.906199926694974 ], [ -156.430298609106558, 20.906264827459424 ], [ -156.430137790324494, 20.906364353807817 ], [ -156.429997759944797, 20.906489691461086 ], [ -156.429896091301202, 20.906662658826985 ], [ -156.429755038552855, 20.906786727631651 ], [ -156.429590194394621, 20.906881256671902 ], [ -156.429426487649351, 20.906977198528146 ], [ -156.429272650392761, 20.907085394776821 ], [ -156.429084599789491, 20.907151111110871 ], [ -156.428901777928871, 20.907223319197428 ], [ -156.428730357434063, 20.907309683655775 ], [ -156.428416676262714, 20.907219414384659 ], [ -156.428269728701935, 20.907336164467782 ], [ -156.428139771623705, 20.90747401086378 ], [ -156.428010822075976, 20.907613107469945 ], [ -156.427879372197111, 20.907749099168257 ], [ -156.42780711232416, 20.907732131490743 ], [ -156.427648153734992, 20.907839871534847 ], [ -156.427434917585288, 20.9078353858783 ], [ -156.427215391514466, 20.907817895641873 ], [ -156.427036906475394, 20.90788526241186 ], [ -156.426929296737399, 20.907935296128951 ], [ -156.426779306276529, 20.907965008058795 ], [ -156.426591495395343, 20.908009416827522 ], [ -156.426411560382149, 20.908072817215508 ], [ -156.426242122074513, 20.908161535575836 ], [ -156.42606695709128, 20.908236443483887 ], [ -156.425910886309993, 20.908357402963659 ], [ -156.425748386565914, 20.908462854815454 ], [ -156.425607105307932, 20.908619484423085 ], [ -156.425402743553519, 20.908623974646513 ], [ -156.425170333930225, 20.908560821490088 ], [ -156.424909595390801, 20.908429341656735 ], [ -156.424673453385537, 20.90835718393711 ], [ -156.4244706082834, 20.90836533368925 ], [ -156.424308803517278, 20.908472462197167 ], [ -156.424157198782893, 20.90860419465843 ], [ -156.423977626780868, 20.908668474498864 ], [ -156.423905233014409, 20.90869325997668 ], [ -156.423741078518873, 20.908816054571062 ], [ -156.423576341152966, 20.908936787016554 ], [ -156.423406760193217, 20.909040343658379 ], [ -156.423237148170585, 20.909143793099901 ], [ -156.423067426323968, 20.909246852450948 ], [ -156.422894129284941, 20.909337236164426 ], [ -156.422794550671625, 20.909345547500131 ], [ -156.422627138167826, 20.909379318331698 ], [ -156.422432318080155, 20.909433663777346 ], [ -156.422245564147801, 20.909311698233974 ], [ -156.421854599606206, 20.908709485226112 ], [ -156.421708839814386, 20.908590239218999 ], [ -156.421560390259145, 20.90847461731062 ], [ -156.421390798856947, 20.908387466397745 ], [ -156.421240391561867, 20.908274480006959 ], [ -156.421076595590307, 20.908179525103382 ], [ -156.420914280052642, 20.908082577175684 ], [ -156.420748062073358, 20.907990883656346 ], [ -156.420578280953663, 20.907903988283238 ], [ -156.420399234072875, 20.90782957333672 ], [ -156.420206116846401, 20.907774106710853 ], [ -156.420010637335082, 20.907721820269391 ], [ -156.419807501072626, 20.907679846262244 ], [ -156.41951205221855, 20.907762189537813 ] ] } },
{ "type": "Feature", "properties": { "objectid": 283, "island": "Maui", "st_lengthshape": 632.63568396277208 }, "geometry": { "type": "LineString", "coordinates": [ [ -156.417528622343013, 20.90724143712837 ], [ -156.41732155219043, 20.907166861665289 ], [ -156.417119459681231, 20.907121893758919 ], [ -156.416916617413392, 20.907072463956787 ], [ -156.416713933154369, 20.90702397170471 ], [ -156.416514569467836, 20.906995237650591 ], [ -156.416316941112285, 20.906976826133814 ], [ -156.416121088956658, 20.906968985165847 ], [ -156.415929488521215, 20.906986437642029 ], [ -156.415740873586145, 20.907021654205213 ], [ -156.415550860029953, 20.907048547353774 ], [ -156.415362388855044, 20.907084618884888 ], [ -156.415166805279597, 20.907078375371434 ], [ -156.414984880390023, 20.907153396703507 ], [ -156.414806675775367, 20.907250555098337 ], [ -156.414620521703654, 20.907300419908896 ], [ -156.41444746701842, 20.907428223021324 ], [ -156.414229034417474, 20.907286020976045 ], [ -156.413989836681537, 20.907020254176853 ], [ -156.41378087542256, 20.906934403234828 ], [ -156.4135881765406, 20.906945314887288 ], [ -156.413408375900559, 20.907032980848388 ], [ -156.413228568993617, 20.907120608584204 ], [ -156.413042657271063, 20.907171906380142 ], [ -156.412845502129642, 20.907156302377331 ], [ -156.41265146732988, 20.907159267184891 ], [ -156.412466075818514, 20.907213667296407 ], [ -156.412277132398685, 20.907246931038483 ], [ -156.41209491157403, 20.907320193959528 ], [ -156.411920991868783, 20.907442861852939 ] ] } },
{ "type": "Feature", "properties": { "objectid": 284, "island": "Maui", "st_lengthshape": 334.32300644777001 }, "geometry": { "type": "LineString", "coordinates": [ [ -156.410706964495006, 20.909202588397097 ], [ -156.410259195530614, 20.909244584464545 ], [ -156.409937938643623, 20.909041467350999 ], [ -156.409704575454413, 20.909005363787269 ], [ -156.409487702617895, 20.909000595426626 ], [ -156.409273585962723, 20.909001062890106 ], [ -156.409076504696458, 20.909033903185467 ], [ -156.408881511435766, 20.909070707883796 ], [ -156.408690159041413, 20.909114434020182 ], [ -156.408491477186345, 20.909144230086344 ], [ -156.408393837133247, 20.90936603234875 ], [ -156.408258713242333, 20.909516606058574 ], [ -156.408127931652274, 20.909675430170051 ], [ -156.408012766938185, 20.909863931478938 ] ] } },
{ "type": "Feature", "properties": { "objectid": 285, "island": "Maui", "st_lengthshape": 25.378630948940632 }, "geometry": { "type": "LineString", "coordinates": [ [ -156.407076877129612, 20.910122224380853 ], [ -156.406838100911443, 20.910075832048136 ] ] } },
{ "type": "Feature", "properties": { "objectid": 286, "island": "Maui", "st_lengthshape": 1417.5725303062284 }, "geometry": { "type": "LineString", "coordinates": [ [ -156.403223384545981, 20.912525169362159 ], [ -156.403020499155701, 20.912498046689429 ], [ -156.402814480797446, 20.912457349201777 ], [ -156.402616703869938, 20.912452355666176 ], [ -156.40243176579483, 20.912502989428912 ], [ -156.402223677770536, 20.912453323066323 ], [ -156.402052732700696, 20.912564579060628 ], [ -156.401880061726956, 20.912668358951805 ], [ -156.401687506262533, 20.912685990431065 ], [ -156.401488737621321, 20.912676701732575 ], [ -156.401289739297027, 20.912666414337313 ], [ -156.401093062931324, 20.912666191217554 ], [ -156.400869685451966, 20.912550275716193 ], [ -156.400655639849788, 20.912474795621723 ], [ -156.40045821018532, 20.912471301839378 ], [ -156.400270068143612, 20.9125080541362 ], [ -156.400079141942484, 20.91253274021021 ], [ -156.399877334901475, 20.912510281882213 ], [ -156.399663479577271, 20.91243561968756 ], [ -156.399455852510812, 20.912387940670985 ], [ -156.399258754785961, 20.912385886139319 ], [ -156.39906411756894, 20.912394488492755 ], [ -156.398867575078782, 20.91239484000511 ], [ -156.398672391605089, 20.912401076176149 ], [ -156.398486882388539, 20.912449233792557 ], [ -156.398283723294497, 20.912420910495523 ], [ -156.398040146575227, 20.91221745778526 ], [ -156.397807983473626, 20.912063457684329 ], [ -156.397593220870903, 20.911984854406874 ], [ -156.397392369186633, 20.911966525806641 ], [ -156.397200972470927, 20.911989166419755 ], [ -156.397015222113737, 20.912036276843445 ], [ -156.39683653153304, 20.912113974850396 ], [ -156.396659923680829, 20.912200703364157 ], [ -156.396483295183373, 20.912287336559068 ], [ -156.39630844542819, 20.912381682850086 ], [ -156.396134533271237, 20.912480090827323 ], [ -156.395958014980749, 20.912567207234222 ], [ -156.395773687781315, 20.912620484677028 ], [ -156.395580050792773, 20.912633422123093 ], [ -156.395388058707425, 20.912653484642494 ], [ -156.39509390607185, 20.91267011464064 ], [ -156.39462953222008, 20.912875012878693 ], [ -156.394281730683161, 20.913019577775778 ], [ -156.394113913380835, 20.913109323174819 ], [ -156.393939440499963, 20.913185021911406 ], [ -156.393772013111004, 20.913275591795358 ], [ -156.393605380067271, 20.913367835812839 ], [ -156.393443042752324, 20.913469150492887 ], [ -156.393226029445117, 20.913455060960075 ], [ -156.393032544772893, 20.913490631827958 ], [ -156.392843799085455, 20.913536206441183 ], [ -156.392658892213461, 20.913589883157393 ], [ -156.392461923468716, 20.913618100411703 ], [ -156.392262265336285, 20.91364064062024 ], [ -156.392042118681303, 20.913619936015365 ], [ -156.391576549083936, 20.913699290681315 ], [ -156.391403818128936, 20.913883154702162 ], [ -156.3912335499856, 20.914089141284116 ], [ -156.391066034114601, 20.914319841577992 ], [ -156.390912491293619, 20.914676025910218 ] ] } },
{ "type": "Feature", "properties": { "objectid": 287, "island": "Maui", "st_lengthshape": 819.33044324072102 }, "geometry": { "type": "LineString", "coordinates": [ [ -156.389375450744552, 20.914753442294884 ], [ -156.389177774260389, 20.914713308280128 ], [ -156.388982391315665, 20.914693765676521 ], [ -156.388790747606265, 20.914707813552152 ], [ -156.388602997877399, 20.914756828443597 ], [ -156.3884186521949, 20.914836414908351 ], [ -156.388235158596956, 20.91492365608277 ], [ -156.388049038197096, 20.914987305488872 ], [ -156.387860029126699, 20.915025013463488 ], [ -156.387668684462966, 20.915041742515044 ], [ -156.387475232772545, 20.915039555586198 ], [ -156.387287789158194, 20.91509132467738 ], [ -156.387098015890473, 20.915122162788119 ], [ -156.386907207284878, 20.915143713268225 ], [ -156.386623304743637, 20.91514999999869 ], [ -156.386274930385326, 20.914971128283167 ], [ -156.386084282022182, 20.914996136482358 ], [ -156.385900980663422, 20.915055546118104 ], [ -156.38571803825181, 20.915116634958611 ], [ -156.385536669676924, 20.915185089819769 ], [ -156.385334757479171, 20.915157362340604 ], [ -156.385148439476779, 20.915202647392746 ], [ -156.384968484564496, 20.915277719624683 ], [ -156.384778593762348, 20.915306278959822 ], [ -156.384584760798361, 20.915316373616545 ], [ -156.384392516695101, 20.915333913969341 ], [ -156.384212701728359, 20.915409643882345 ], [ -156.384024780901115, 20.915447427339515 ], [ -156.383853750115691, 20.915564289771801 ], [ -156.38367683078738, 20.915653581177409 ], [ -156.383491179296357, 20.915701986712293 ], [ -156.383301047058239, 20.915729415650983 ], [ -156.382751681749824, 20.915946346736632 ], [ -156.382244393171135, 20.916351623541008 ], [ -156.382168748416262, 20.916567841119829 ] ] } },
{ "type": "Feature", "properties": { "objectid": 288, "island": "Maui", "st_lengthshape": 207.98698203256043 }, "geometry": { "type": "LineString", "coordinates": [ [ -156.378894756515962, 20.91894329237055 ], [ -156.378595181335413, 20.918829482643925 ], [ -156.37836788242069, 20.918826512256135 ], [ -156.378181361859447, 20.918886074682014 ], [ -156.378030446397162, 20.91900024106284 ], [ -156.377886869479369, 20.919125660473181 ], [ -156.377805922966644, 20.91934712712796 ], [ -156.377687572977749, 20.919511234298298 ], [ -156.377532355834518, 20.91961880543699 ], [ -156.377410099634375, 20.919776922332293 ] ] } },
{ "type": "Feature", "properties": { "objectid": 289, "island": "Maui", "st_lengthshape": 262.23203101750266 }, "geometry": { "type": "LineString", "coordinates": [ [ -156.375757806582271, 20.92211455867713 ], [ -156.37557575447903, 20.922173720607226 ], [ -156.375376052316625, 20.922193960235404 ], [ -156.375309319846565, 20.922126440758948 ], [ -156.37522913050438, 20.921876253053959 ], [ -156.374986671685207, 20.921693661219823 ], [ -156.374780801059728, 20.921658970896019 ], [ -156.374578887691939, 20.921640271307584 ], [ -156.374381045403993, 20.921638030090708 ], [ -156.374187540776546, 20.921653323052343 ], [ -156.374009114523915, 20.921729568868944 ], [ -156.373831174668311, 20.921807780273284 ], [ -156.373677527568674, 20.921984193081208 ] ] } },
{ "type": "Feature", "properties": { "objectid": 290, "island": "Maui", "st_lengthshape": 40.16465636733448 }, "geometry": { "type": "LineString", "coordinates": [ [ -156.37112427756054, 20.923509554111 ], [ -156.370975824984328, 20.92362420717151 ], [ -156.370843987774663, 20.92375759040377 ] ] } },
{ "type": "Feature", "properties": { "objectid": 291, "island": "Maui", "st_lengthshape": 161.6521065308836 }, "geometry": { "type": "LineString", "coordinates": [ [ -156.370567046229155, 20.924573375009768 ], [ -156.37041214792896, 20.924680763915688 ], [ -156.370240551772753, 20.924769332525806 ], [ -156.370109763655705, 20.924903898591001 ], [ -156.369968772773888, 20.925026964651053 ], [ -156.369809023958481, 20.925128887186261 ], [ -156.369663264987253, 20.92524657876513 ], [ -156.369539314043095, 20.925388852676086 ], [ -156.369420960780587, 20.92553743527743 ] ] } },
{ "type": "Feature", "properties": { "objectid": 292, "island": "Maui", "st_lengthshape": 201.28892748028468 }, "geometry": { "type": "LineString", "coordinates": [ [ -156.369936407606332, 20.928184517359927 ], [ -156.369899714251943, 20.928367049649722 ], [ -156.36985650599749, 20.92852599451621 ], [ -156.369659749574652, 20.928575870418371 ], [ -156.369474026306563, 20.928640806142532 ], [ -156.369304022577921, 20.928727198507659 ], [ -156.369132929901809, 20.928812104038581 ], [ -156.368974311027472, 20.928914035541638 ], [ -156.368811039311311, 20.92900961664035 ], [ -156.368635080376833, 20.929087880978038 ], [ -156.368462561241188, 20.929170839768481 ] ] } },
{ "type": "Feature", "properties": { "objectid": 293, "island": "Maui", "st_lengthshape": 61.279841578428687 }, "geometry": { "type": "LineString", "coordinates": [ [ -156.367811830510135, 20.928962902672925 ], [ -156.367621159761256, 20.928986455095473 ], [ -156.367423536248367, 20.92897163962315 ], [ -156.36724225891092, 20.929047034172306 ] ] } },
{ "type": "Feature", "properties": { "objectid": 294, "island": "Maui", "st_lengthshape": 221.98706883751998 }, "geometry": { "type": "LineString", "coordinates": [ [ -156.364220238135658, 20.930422355840022 ], [ -156.364023348111004, 20.930459611671196 ], [ -156.363851722726565, 20.930540982963741 ], [ -156.36370263342306, 20.930661704780583 ], [ -156.363541447746599, 20.930761304090627 ], [ -156.363365876460762, 20.930835786462254 ], [ -156.363202572734963, 20.930931687987524 ], [ -156.363046334170718, 20.931039927718469 ], [ -156.362871277128107, 20.93111530588417 ], [ -156.362698686286933, 20.931194992483515 ], [ -156.362527790539303, 20.931277637570279 ], [ -156.362346940473572, 20.931342902088691 ] ] } },
{ "type": "Feature", "properties": { "objectid": 295, "island": "Maui", "st_lengthshape": 421.2836547866039 }, "geometry": { "type": "LineString", "coordinates": [ [ -156.359371009197815, 20.933126862535598 ], [ -156.35917349858849, 20.933131154908022 ], [ -156.358974190187581, 20.933129024310666 ], [ -156.35876664256989, 20.933097454800397 ], [ -156.358563145443469, 20.933080359998733 ], [ -156.358361594532994, 20.933070214556835 ], [ -156.358161013075147, 20.933063533690817 ], [ -156.357955349420024, 20.933038697873492 ], [ -156.357755614520386, 20.933035039755005 ], [ -156.35756418110455, 20.933061040477234 ], [ -156.357383631764634, 20.933125924777993 ], [ -156.357219258197631, 20.933248603634492 ], [ -156.357057164143811, 20.933379423426128 ], [ -156.3568932322774, 20.933503679720495 ], [ -156.356732552843738, 20.933639557173304 ], [ -156.356563919085744, 20.93374701672278 ], [ -156.356393368942463, 20.933847629855649 ], [ -156.356222300411446, 20.933946392945142 ], [ -156.356045618894939, 20.934025101387292 ], [ -156.355852560061038, 20.934045298405024 ], [ -156.355673418686422, 20.934115218773897 ] ] } }
]
}
